case_folder,mode_id,n,opt_rate,time_limit_rate,runtime_median_sec,runtime_mean_sec,root_constraints_mean,lazy_added_mean,mip_gap_mean
matpower/case300,STREDUCE_LAZY,6,1.0,0.0,14.872,15.442,126802.0,6273.5,0.0113836466666666
matpower/case300,WARM_LAZY,6,1.0,0.0,22.7545,23.191166666666664,71784.0,7906.0,0.0173598583333333
matpower/case300,ACTIVESET_LAZY,6,1.0,0.0,26.3835,28.722166666666663,71784.0,25946.666666666668,0.00982401
matpower/case300,SHRINK_LAZY,6,1.0,0.0,26.511065,25.485826833333338,15959.166666666666,0.0,0.0280561783333333
matpower/case300,LAZY_ALL,6,1.0,0.0,26.7775,28.113,71784.0,8264.0,0.0111361966666666
matpower/case300,WARM_SR_LAZY,6,1.0,0.0,433.175,513.8919999999999,3385032.0,2211.6666666666665,0.0152978466666666
