mode_id,n,opt_rate,time_limit_rate,runtime_median_sec,runtime_mean_sec,root_constraints_mean,lazy_added_mean,mip_gap_mean
SHRINK_LAZY,8,0.25,0.0,325.5651275,325.5651275,81416.0,0.0,0.0463795449999999
ACTIVESET_LAZY,8,0.25,0.0,916.7055,916.7055,366264.0,775670.0,0.044987465
LAZY_ALL,12,0.3333333333333333,0.1666666666666666,1154.1165,1846.8065,366264.0,2561795.833333333,0.33509645
WARM_LAZY,12,0.25,0.1666666666666666,2654.193,2411.0312,366264.0,3212738.8,0.392735244
WARM_SR_LAZY,12,0.0,0.3333333333333333,3602.938,3602.9585,9245412.0,0.0,
STREDUCE_LAZY,8,0.0,0.0,,,,,
