case_folder,mode,instance_name,time_sec,case_label,case_size,date,status,is_verified,time_limit_sec,time_budget_pct,incumbent,best_bound,gap_pct,source,is_incumbent_update,gurobi_log_path
matpower/case1354pegase,LAZY_ALL,matpower/case1354pegase/2017-01-15,921.0,case1354pegase,1354,2017-01-15,TIME_LIMIT,True,1800.0,51.166666666666664,308062500.0,155710000.0,49.5,mip_progress,True,results/paper_m4pro_fullmodes_2026-04-29/logs/gurobi/test/matpower_case1354pegase_2017-01-15__lazy_all.log
matpower/case1354pegase,LAZY_ALL,matpower/case1354pegase/2017-01-15,993.0,case1354pegase,1354,2017-01-15,TIME_LIMIT,True,1800.0,55.166666666666664,308060000.0,155710000.0,49.5,mip_progress,False,results/paper_m4pro_fullmodes_2026-04-29/logs/gurobi/test/matpower_case1354pegase_2017-01-15__lazy_all.log
matpower/case1354pegase,LAZY_ALL,matpower/case1354pegase/2017-01-15,1064.0,case1354pegase,1354,2017-01-15,TIME_LIMIT,True,1800.0,59.111111111111114,306652900.0,155710000.0,49.2,mip_progress,True,results/paper_m4pro_fullmodes_2026-04-29/logs/gurobi/test/matpower_case1354pegase_2017-01-15__lazy_all.log
matpower/case1354pegase,LAZY_ALL,matpower/case1354pegase/2017-01-15,1229.0,case1354pegase,1354,2017-01-15,TIME_LIMIT,True,1800.0,68.27777777777777,306650000.0,185950000.0,39.4,mip_progress,False,results/paper_m4pro_fullmodes_2026-04-29/logs/gurobi/test/matpower_case1354pegase_2017-01-15__lazy_all.log
matpower/case1354pegase,LAZY_ALL,matpower/case1354pegase/2017-01-15,1306.0,case1354pegase,1354,2017-01-15,TIME_LIMIT,True,1800.0,72.55555555555556,306650000.0,185950000.0,39.4,mip_progress,False,results/paper_m4pro_fullmodes_2026-04-29/logs/gurobi/test/matpower_case1354pegase_2017-01-15__lazy_all.log
matpower/case1354pegase,LAZY_ALL,matpower/case1354pegase/2017-01-15,1394.0,case1354pegase,1354,2017-01-15,TIME_LIMIT,True,1800.0,77.44444444444444,222583400.0,185950000.0,16.5,mip_progress,True,results/paper_m4pro_fullmodes_2026-04-29/logs/gurobi/test/matpower_case1354pegase_2017-01-15__lazy_all.log
matpower/case1354pegase,LAZY_ALL,matpower/case1354pegase/2017-01-15,1401.0,case1354pegase,1354,2017-01-15,TIME_LIMIT,True,1800.0,77.83333333333333,222581700.0,185950000.0,16.5,mip_progress,True,results/paper_m4pro_fullmodes_2026-04-29/logs/gurobi/test/matpower_case1354pegase_2017-01-15__lazy_all.log
matpower/case1354pegase,LAZY_ALL,matpower/case1354pegase/2017-01-15,1458.0,case1354pegase,1354,2017-01-15,TIME_LIMIT,True,1800.0,81.0,220741700.0,185950000.0,15.8,mip_progress,True,results/paper_m4pro_fullmodes_2026-04-29/logs/gurobi/test/matpower_case1354pegase_2017-01-15__lazy_all.log
matpower/case1354pegase,LAZY_ALL,matpower/case1354pegase/2017-01-15,1523.0,case1354pegase,1354,2017-01-15,TIME_LIMIT,True,1800.0,84.61111111111111,220740100.0,185950000.0,15.8,mip_progress,True,results/paper_m4pro_fullmodes_2026-04-29/logs/gurobi/test/matpower_case1354pegase_2017-01-15__lazy_all.log
matpower/case1354pegase,LAZY_ALL,matpower/case1354pegase/2017-01-15,1574.0,case1354pegase,1354,2017-01-15,TIME_LIMIT,True,1800.0,87.44444444444444,220740000.0,186110000.0,15.7,mip_progress,False,results/paper_m4pro_fullmodes_2026-04-29/logs/gurobi/test/matpower_case1354pegase_2017-01-15__lazy_all.log
matpower/case1354pegase,LAZY_ALL,matpower/case1354pegase/2017-01-15,1608.0,case1354pegase,1354,2017-01-15,TIME_LIMIT,True,1800.0,89.33333333333333,220740000.0,186110000.0,15.7,mip_progress,False,results/paper_m4pro_fullmodes_2026-04-29/logs/gurobi/test/matpower_case1354pegase_2017-01-15__lazy_all.log
matpower/case1354pegase,LAZY_ALL,matpower/case1354pegase/2017-01-15,1646.0,case1354pegase,1354,2017-01-15,TIME_LIMIT,True,1800.0,91.44444444444444,220740000.0,186180000.0,15.7,mip_progress,False,results/paper_m4pro_fullmodes_2026-04-29/logs/gurobi/test/matpower_case1354pegase_2017-01-15__lazy_all.log
matpower/case1354pegase,LAZY_ALL,matpower/case1354pegase/2017-01-15,1671.0,case1354pegase,1354,2017-01-15,TIME_LIMIT,True,1800.0,92.83333333333333,220740000.0,186180000.0,15.7,mip_progress,False,results/paper_m4pro_fullmodes_2026-04-29/logs/gurobi/test/matpower_case1354pegase_2017-01-15__lazy_all.log
matpower/case1354pegase,LAZY_ALL,matpower/case1354pegase/2017-01-15,1719.0,case1354pegase,1354,2017-01-15,TIME_LIMIT,True,1800.0,95.5,220740000.0,186210000.0,15.6,mip_progress,False,results/paper_m4pro_fullmodes_2026-04-29/logs/gurobi/test/matpower_case1354pegase_2017-01-15__lazy_all.log
matpower/case1354pegase,LAZY_ALL,matpower/case1354pegase/2017-01-15,1790.0,case1354pegase,1354,2017-01-15,TIME_LIMIT,True,1800.0,99.44444444444444,220740000.0,186300000.0,15.6,mip_progress,False,results/paper_m4pro_fullmodes_2026-04-29/logs/gurobi/test/matpower_case1354pegase_2017-01-15__lazy_all.log
matpower/case1354pegase,LAZY_ALL,matpower/case1354pegase/2017-01-15,1806.091874,case1354pegase,1354,2017-01-15,TIME_LIMIT,True,1800.0,100.33843744444444,,,15.590275,result_final,False,results/paper_m4pro_fullmodes_2026-04-29/logs/gurobi/test/matpower_case1354pegase_2017-01-15__lazy_all.log
matpower/case1354pegase,LAZY_ALL,matpower/case1354pegase/2017-03-15,317.0,case1354pegase,1354,2017-03-15,TIME_LIMIT,True,1800.0,17.61111111111111,2573052000.0,49238600.0,98.08637369163158,norel_heuristic,True,results/paper_m4pro_fullmodes_2026-04-29/logs/gurobi/test/matpower_case1354pegase_2017-03-15__lazy_all.log
matpower/case1354pegase,LAZY_ALL,matpower/case1354pegase/2017-03-15,387.0,case1354pegase,1354,2017-03-15,TIME_LIMIT,True,1800.0,21.5,2557999000.0,49238600.0,98.07511261732316,norel_heuristic,True,results/paper_m4pro_fullmodes_2026-04-29/logs/gurobi/test/matpower_case1354pegase_2017-03-15__lazy_all.log
matpower/case1354pegase,LAZY_ALL,matpower/case1354pegase/2017-03-15,456.0,case1354pegase,1354,2017-03-15,TIME_LIMIT,True,1800.0,25.333333333333332,2557812000.0,49238600.0,98.07497189003726,norel_heuristic,True,results/paper_m4pro_fullmodes_2026-04-29/logs/gurobi/test/matpower_case1354pegase_2017-03-15__lazy_all.log
matpower/case1354pegase,LAZY_ALL,matpower/case1354pegase/2017-03-15,1043.0,case1354pegase,1354,2017-03-15,TIME_LIMIT,True,1800.0,57.94444444444444,2557800000.0,245030000.0,90.4,mip_progress,False,results/paper_m4pro_fullmodes_2026-04-29/logs/gurobi/test/matpower_case1354pegase_2017-03-15__lazy_all.log
matpower/case1354pegase,LAZY_ALL,matpower/case1354pegase/2017-03-15,1084.0,case1354pegase,1354,2017-03-15,TIME_LIMIT,True,1800.0,60.22222222222222,2557800000.0,245030000.0,90.4,mip_progress,False,results/paper_m4pro_fullmodes_2026-04-29/logs/gurobi/test/matpower_case1354pegase_2017-03-15__lazy_all.log
matpower/case1354pegase,LAZY_ALL,matpower/case1354pegase/2017-03-15,1178.0,case1354pegase,1354,2017-03-15,TIME_LIMIT,True,1800.0,65.44444444444444,2557800000.0,245030000.0,90.4,mip_progress,False,results/paper_m4pro_fullmodes_2026-04-29/logs/gurobi/test/matpower_case1354pegase_2017-03-15__lazy_all.log
matpower/case1354pegase,LAZY_ALL,matpower/case1354pegase/2017-03-15,1397.0,case1354pegase,1354,2017-03-15,TIME_LIMIT,True,1800.0,77.61111111111111,2557800000.0,245030000.0,90.4,mip_progress,False,results/paper_m4pro_fullmodes_2026-04-29/logs/gurobi/test/matpower_case1354pegase_2017-03-15__lazy_all.log
matpower/case1354pegase,LAZY_ALL,matpower/case1354pegase/2017-03-15,1607.0,case1354pegase,1354,2017-03-15,TIME_LIMIT,True,1800.0,89.27777777777777,2557800000.0,245030000.0,90.4,mip_progress,False,results/paper_m4pro_fullmodes_2026-04-29/logs/gurobi/test/matpower_case1354pegase_2017-03-15__lazy_all.log
matpower/case1354pegase,LAZY_ALL,matpower/case1354pegase/2017-03-15,1805.506677,case1354pegase,1354,2017-03-15,TIME_LIMIT,True,1800.0,100.30592650000001,,,90.4,result_final,False,results/paper_m4pro_fullmodes_2026-04-29/logs/gurobi/test/matpower_case1354pegase_2017-03-15__lazy_all.log
matpower/case1354pegase,LAZY_ALL,matpower/case1354pegase/2017-05-15,427.0,case1354pegase,1354,2017-05-15,TIME_LIMIT,True,1800.0,23.72222222222222,1641612000.0,21388000.0,98.69713428020751,norel_heuristic,True,results/paper_m4pro_fullmodes_2026-04-29/logs/gurobi/test/matpower_case1354pegase_2017-05-15__lazy_all.log
matpower/case1354pegase,LAZY_ALL,matpower/case1354pegase/2017-05-15,537.0,case1354pegase,1354,2017-05-15,TIME_LIMIT,True,1800.0,29.833333333333332,1630996000.0,21388000.0,98.68865404942747,norel_heuristic,True,results/paper_m4pro_fullmodes_2026-04-29/logs/gurobi/test/matpower_case1354pegase_2017-05-15__lazy_all.log
matpower/case1354pegase,LAZY_ALL,matpower/case1354pegase/2017-05-15,901.0,case1354pegase,1354,2017-05-15,TIME_LIMIT,True,1800.0,50.05555555555556,1631000000.0,81494000.0,95.0,mip_progress,False,results/paper_m4pro_fullmodes_2026-04-29/logs/gurobi/test/matpower_case1354pegase_2017-05-15__lazy_all.log
matpower/case1354pegase,LAZY_ALL,matpower/case1354pegase/2017-05-15,912.0,case1354pegase,1354,2017-05-15,TIME_LIMIT,True,1800.0,50.666666666666664,1630873000.0,81494000.0,95.0,mip_progress,True,results/paper_m4pro_fullmodes_2026-04-29/logs/gurobi/test/matpower_case1354pegase_2017-05-15__lazy_all.log
matpower/case1354pegase,LAZY_ALL,matpower/case1354pegase/2017-05-15,1040.0,case1354pegase,1354,2017-05-15,TIME_LIMIT,True,1800.0,57.77777777777778,1630900000.0,81517000.0,95.0,mip_progress,False,results/paper_m4pro_fullmodes_2026-04-29/logs/gurobi/test/matpower_case1354pegase_2017-05-15__lazy_all.log
matpower/case1354pegase,LAZY_ALL,matpower/case1354pegase/2017-05-15,1126.0,case1354pegase,1354,2017-05-15,TIME_LIMIT,True,1800.0,62.55555555555556,1630900000.0,81517000.0,95.0,mip_progress,False,results/paper_m4pro_fullmodes_2026-04-29/logs/gurobi/test/matpower_case1354pegase_2017-05-15__lazy_all.log
matpower/case1354pegase,LAZY_ALL,matpower/case1354pegase/2017-05-15,1262.0,case1354pegase,1354,2017-05-15,TIME_LIMIT,True,1800.0,70.11111111111111,1630900000.0,81517000.0,95.0,mip_progress,False,results/paper_m4pro_fullmodes_2026-04-29/logs/gurobi/test/matpower_case1354pegase_2017-05-15__lazy_all.log
matpower/case1354pegase,LAZY_ALL,matpower/case1354pegase/2017-05-15,1408.0,case1354pegase,1354,2017-05-15,TIME_LIMIT,True,1800.0,78.22222222222223,151057700.0,81517000.0,46.0,mip_progress,True,results/paper_m4pro_fullmodes_2026-04-29/logs/gurobi/test/matpower_case1354pegase_2017-05-15__lazy_all.log
matpower/case1354pegase,LAZY_ALL,matpower/case1354pegase/2017-05-15,1678.0,case1354pegase,1354,2017-05-15,TIME_LIMIT,True,1800.0,93.22222222222223,151060000.0,88060000.0,41.7,mip_progress,False,results/paper_m4pro_fullmodes_2026-04-29/logs/gurobi/test/matpower_case1354pegase_2017-05-15__lazy_all.log
matpower/case1354pegase,LAZY_ALL,matpower/case1354pegase/2017-05-15,1710.0,case1354pegase,1354,2017-05-15,TIME_LIMIT,True,1800.0,95.0,151060000.0,88060000.0,41.7,mip_progress,False,results/paper_m4pro_fullmodes_2026-04-29/logs/gurobi/test/matpower_case1354pegase_2017-05-15__lazy_all.log
matpower/case1354pegase,LAZY_ALL,matpower/case1354pegase/2017-05-15,1754.0,case1354pegase,1354,2017-05-15,TIME_LIMIT,True,1800.0,97.44444444444444,151060000.0,88062000.0,41.7,mip_progress,False,results/paper_m4pro_fullmodes_2026-04-29/logs/gurobi/test/matpower_case1354pegase_2017-05-15__lazy_all.log
matpower/case1354pegase,LAZY_ALL,matpower/case1354pegase/2017-05-15,1800.0,case1354pegase,1354,2017-05-15,TIME_LIMIT,True,1800.0,100.0,151060000.0,88062000.0,41.7,mip_progress,False,results/paper_m4pro_fullmodes_2026-04-29/logs/gurobi/test/matpower_case1354pegase_2017-05-15__lazy_all.log
matpower/case1354pegase,LAZY_ALL,matpower/case1354pegase/2017-05-15,1805.550299,case1354pegase,1354,2017-05-15,TIME_LIMIT,True,1800.0,100.30834994444444,,,41.7,result_final,False,results/paper_m4pro_fullmodes_2026-04-29/logs/gurobi/test/matpower_case1354pegase_2017-05-15__lazy_all.log
matpower/case1354pegase,LAZY_ALL,matpower/case1354pegase/2017-07-15,357.0,case1354pegase,1354,2017-07-15,TIME_LIMIT,True,1800.0,19.833333333333332,2420028000.0,45132200.0,98.13505463573149,norel_heuristic,True,results/paper_m4pro_fullmodes_2026-04-29/logs/gurobi/test/matpower_case1354pegase_2017-07-15__lazy_all.log
matpower/case1354pegase,LAZY_ALL,matpower/case1354pegase/2017-07-15,386.0,case1354pegase,1354,2017-07-15,TIME_LIMIT,True,1800.0,21.444444444444443,2413291000.0,45132200.0,98.12984841032433,norel_heuristic,True,results/paper_m4pro_fullmodes_2026-04-29/logs/gurobi/test/matpower_case1354pegase_2017-07-15__lazy_all.log
matpower/case1354pegase,LAZY_ALL,matpower/case1354pegase/2017-07-15,428.0,case1354pegase,1354,2017-07-15,TIME_LIMIT,True,1800.0,23.77777777777778,2412997000.0,45132200.0,98.12962055070935,norel_heuristic,True,results/paper_m4pro_fullmodes_2026-04-29/logs/gurobi/test/matpower_case1354pegase_2017-07-15__lazy_all.log
matpower/case1354pegase,LAZY_ALL,matpower/case1354pegase/2017-07-15,512.0,case1354pegase,1354,2017-07-15,TIME_LIMIT,True,1800.0,28.444444444444443,2401685000.0,45132200.0,98.12081101393397,norel_heuristic,True,results/paper_m4pro_fullmodes_2026-04-29/logs/gurobi/test/matpower_case1354pegase_2017-07-15__lazy_all.log
matpower/case1354pegase,LAZY_ALL,matpower/case1354pegase/2017-07-15,1393.0,case1354pegase,1354,2017-07-15,TIME_LIMIT,True,1800.0,77.38888888888889,2401700000.0,206030000.0,91.4,mip_progress,False,results/paper_m4pro_fullmodes_2026-04-29/logs/gurobi/test/matpower_case1354pegase_2017-07-15__lazy_all.log
matpower/case1354pegase,LAZY_ALL,matpower/case1354pegase/2017-07-15,1405.0,case1354pegase,1354,2017-07-15,TIME_LIMIT,True,1800.0,78.05555555555556,2401431000.0,206030000.0,91.4,mip_progress,True,results/paper_m4pro_fullmodes_2026-04-29/logs/gurobi/test/matpower_case1354pegase_2017-07-15__lazy_all.log
matpower/case1354pegase,LAZY_ALL,matpower/case1354pegase/2017-07-15,1679.0,case1354pegase,1354,2017-07-15,TIME_LIMIT,True,1800.0,93.27777777777777,2401400000.0,206030000.0,91.4,mip_progress,False,results/paper_m4pro_fullmodes_2026-04-29/logs/gurobi/test/matpower_case1354pegase_2017-07-15__lazy_all.log
matpower/case1354pegase,LAZY_ALL,matpower/case1354pegase/2017-07-15,1805.248151,case1354pegase,1354,2017-07-15,TIME_LIMIT,True,1800.0,100.29156394444445,,,91.4,result_final,False,results/paper_m4pro_fullmodes_2026-04-29/logs/gurobi/test/matpower_case1354pegase_2017-07-15__lazy_all.log
matpower/case1354pegase,LAZY_ALL,matpower/case1354pegase/2017-09-15,441.0,case1354pegase,1354,2017-09-15,TIME_LIMIT,True,1800.0,24.5,2271983000.0,37132100.0,98.36565238384266,norel_heuristic,True,results/paper_m4pro_fullmodes_2026-04-29/logs/gurobi/test/matpower_case1354pegase_2017-09-15__lazy_all.log
matpower/case1354pegase,LAZY_ALL,matpower/case1354pegase/2017-09-15,506.0,case1354pegase,1354,2017-09-15,TIME_LIMIT,True,1800.0,28.11111111111111,2258086000.0,37132100.0,98.35559407391924,norel_heuristic,True,results/paper_m4pro_fullmodes_2026-04-29/logs/gurobi/test/matpower_case1354pegase_2017-09-15__lazy_all.log
matpower/case1354pegase,LAZY_ALL,matpower/case1354pegase/2017-09-15,1133.0,case1354pegase,1354,2017-09-15,TIME_LIMIT,True,1800.0,62.94444444444444,2258100000.0,154920000.0,93.1,mip_progress,False,results/paper_m4pro_fullmodes_2026-04-29/logs/gurobi/test/matpower_case1354pegase_2017-09-15__lazy_all.log
matpower/case1354pegase,LAZY_ALL,matpower/case1354pegase/2017-09-15,1145.0,case1354pegase,1354,2017-09-15,TIME_LIMIT,True,1800.0,63.611111111111114,2257735000.0,154920000.0,93.1,mip_progress,True,results/paper_m4pro_fullmodes_2026-04-29/logs/gurobi/test/matpower_case1354pegase_2017-09-15__lazy_all.log
matpower/case1354pegase,LAZY_ALL,matpower/case1354pegase/2017-09-15,1181.0,case1354pegase,1354,2017-09-15,TIME_LIMIT,True,1800.0,65.61111111111111,2257700000.0,154920000.0,93.1,mip_progress,False,results/paper_m4pro_fullmodes_2026-04-29/logs/gurobi/test/matpower_case1354pegase_2017-09-15__lazy_all.log
matpower/case1354pegase,LAZY_ALL,matpower/case1354pegase/2017-09-15,1382.0,case1354pegase,1354,2017-09-15,TIME_LIMIT,True,1800.0,76.77777777777777,2257700000.0,154960000.0,93.1,mip_progress,False,results/paper_m4pro_fullmodes_2026-04-29/logs/gurobi/test/matpower_case1354pegase_2017-09-15__lazy_all.log
matpower/case1354pegase,LAZY_ALL,matpower/case1354pegase/2017-09-15,1711.0,case1354pegase,1354,2017-09-15,TIME_LIMIT,True,1800.0,95.05555555555556,2257700000.0,154960000.0,93.1,mip_progress,False,results/paper_m4pro_fullmodes_2026-04-29/logs/gurobi/test/matpower_case1354pegase_2017-09-15__lazy_all.log
matpower/case1354pegase,LAZY_ALL,matpower/case1354pegase/2017-09-15,1805.232604,case1354pegase,1354,2017-09-15,TIME_LIMIT,True,1800.0,100.29070022222223,,,93.1,result_final,False,results/paper_m4pro_fullmodes_2026-04-29/logs/gurobi/test/matpower_case1354pegase_2017-09-15__lazy_all.log
matpower/case1354pegase,LAZY_ALL,matpower/case1354pegase/2017-11-15,1189.0,case1354pegase,1354,2017-11-15,TIME_LIMIT,True,1800.0,66.05555555555556,348371200.0,132400000.0,62.0,mip_progress,True,results/paper_m4pro_fullmodes_2026-04-29/logs/gurobi/test/matpower_case1354pegase_2017-11-15__lazy_all.log
matpower/case1354pegase,LAZY_ALL,matpower/case1354pegase/2017-11-15,1384.0,case1354pegase,1354,2017-11-15,TIME_LIMIT,True,1800.0,76.88888888888889,348370000.0,154250000.0,55.7,mip_progress,False,results/paper_m4pro_fullmodes_2026-04-29/logs/gurobi/test/matpower_case1354pegase_2017-11-15__lazy_all.log
matpower/case1354pegase,LAZY_ALL,matpower/case1354pegase/2017-11-15,1510.0,case1354pegase,1354,2017-11-15,TIME_LIMIT,True,1800.0,83.88888888888889,348370000.0,154250000.0,55.7,mip_progress,False,results/paper_m4pro_fullmodes_2026-04-29/logs/gurobi/test/matpower_case1354pegase_2017-11-15__lazy_all.log
matpower/case1354pegase,LAZY_ALL,matpower/case1354pegase/2017-11-15,1602.0,case1354pegase,1354,2017-11-15,TIME_LIMIT,True,1800.0,89.0,348370000.0,154250000.0,55.7,mip_progress,False,results/paper_m4pro_fullmodes_2026-04-29/logs/gurobi/test/matpower_case1354pegase_2017-11-15__lazy_all.log
matpower/case1354pegase,LAZY_ALL,matpower/case1354pegase/2017-11-15,1696.0,case1354pegase,1354,2017-11-15,TIME_LIMIT,True,1800.0,94.22222222222223,288486400.0,154250000.0,46.5,mip_progress,True,results/paper_m4pro_fullmodes_2026-04-29/logs/gurobi/test/matpower_case1354pegase_2017-11-15__lazy_all.log
matpower/case1354pegase,LAZY_ALL,matpower/case1354pegase/2017-11-15,1761.0,case1354pegase,1354,2017-11-15,TIME_LIMIT,True,1800.0,97.83333333333333,283797900.0,154250000.0,45.6,mip_progress,True,results/paper_m4pro_fullmodes_2026-04-29/logs/gurobi/test/matpower_case1354pegase_2017-11-15__lazy_all.log
matpower/case1354pegase,LAZY_ALL,matpower/case1354pegase/2017-11-15,1784.0,case1354pegase,1354,2017-11-15,TIME_LIMIT,True,1800.0,99.11111111111111,283800000.0,154270000.0,45.6,mip_progress,False,results/paper_m4pro_fullmodes_2026-04-29/logs/gurobi/test/matpower_case1354pegase_2017-11-15__lazy_all.log
matpower/case1354pegase,LAZY_ALL,matpower/case1354pegase/2017-11-15,1805.045629,case1354pegase,1354,2017-11-15,TIME_LIMIT,True,1800.0,100.28031272222222,,,45.6,result_final,False,results/paper_m4pro_fullmodes_2026-04-29/logs/gurobi/test/matpower_case1354pegase_2017-11-15__lazy_all.log
matpower/case1354pegase,LAZY_BANDIT,matpower/case1354pegase/2017-01-15,360.0,case1354pegase,1354,2017-01-15,OPTIMAL,False,1800.0,20.0,700813100.0,36511600.0,94.79010880361683,norel_heuristic,True,results/paper_m4pro_fullmodes_2026-04-29/logs/gurobi/test/matpower_case1354pegase_2017-01-15__lazy_bandit.log
matpower/case1354pegase,LAZY_BANDIT,matpower/case1354pegase/2017-01-15,378.0,case1354pegase,1354,2017-01-15,OPTIMAL,False,1800.0,21.0,698000700.0,36511600.0,94.7691169937222,norel_heuristic,True,results/paper_m4pro_fullmodes_2026-04-29/logs/gurobi/test/matpower_case1354pegase_2017-01-15__lazy_bandit.log
matpower/case1354pegase,LAZY_BANDIT,matpower/case1354pegase/2017-01-15,406.0,case1354pegase,1354,2017-01-15,OPTIMAL,False,1800.0,22.555555555555557,697824200.0,36511600.0,94.76779395154253,norel_heuristic,True,results/paper_m4pro_fullmodes_2026-04-29/logs/gurobi/test/matpower_case1354pegase_2017-01-15__lazy_bandit.log
matpower/case1354pegase,LAZY_BANDIT,matpower/case1354pegase/2017-01-15,435.0,case1354pegase,1354,2017-01-15,OPTIMAL,False,1800.0,24.166666666666668,687748900.0,36511600.0,94.69114381716932,norel_heuristic,True,results/paper_m4pro_fullmodes_2026-04-29/logs/gurobi/test/matpower_case1354pegase_2017-01-15__lazy_bandit.log
matpower/case1354pegase,LAZY_BANDIT,matpower/case1354pegase/2017-01-15,468.0,case1354pegase,1354,2017-01-15,OPTIMAL,False,1800.0,26.0,687602700.0,36511600.0,94.69001503339065,norel_heuristic,True,results/paper_m4pro_fullmodes_2026-04-29/logs/gurobi/test/matpower_case1354pegase_2017-01-15__lazy_bandit.log
matpower/case1354pegase,LAZY_BANDIT,matpower/case1354pegase/2017-01-15,476.0,case1354pegase,1354,2017-01-15,OPTIMAL,False,1800.0,26.444444444444443,687599500.0,36511600.0,94.68999032140076,norel_heuristic,True,results/paper_m4pro_fullmodes_2026-04-29/logs/gurobi/test/matpower_case1354pegase_2017-01-15__lazy_bandit.log
matpower/case1354pegase,LAZY_BANDIT,matpower/case1354pegase/2017-01-15,484.0,case1354pegase,1354,2017-01-15,OPTIMAL,False,1800.0,26.88888888888889,687597200.0,36511600.0,94.68997255951595,norel_heuristic,True,results/paper_m4pro_fullmodes_2026-04-29/logs/gurobi/test/matpower_case1354pegase_2017-01-15__lazy_bandit.log
matpower/case1354pegase,LAZY_BANDIT,matpower/case1354pegase/2017-01-15,491.0,case1354pegase,1354,2017-01-15,OPTIMAL,False,1800.0,27.27777777777778,687595800.0,36511600.0,94.68996174787571,norel_heuristic,True,results/paper_m4pro_fullmodes_2026-04-29/logs/gurobi/test/matpower_case1354pegase_2017-01-15__lazy_bandit.log
matpower/case1354pegase,LAZY_BANDIT,matpower/case1354pegase/2017-01-15,499.0,case1354pegase,1354,2017-01-15,OPTIMAL,False,1800.0,27.72222222222222,687370100.0,36511600.0,94.68821818115161,norel_heuristic,True,results/paper_m4pro_fullmodes_2026-04-29/logs/gurobi/test/matpower_case1354pegase_2017-01-15__lazy_bandit.log
matpower/case1354pegase,LAZY_BANDIT,matpower/case1354pegase/2017-01-15,508.0,case1354pegase,1354,2017-01-15,OPTIMAL,False,1800.0,28.22222222222222,687223400.0,36511600.0,94.68708428729289,norel_heuristic,True,results/paper_m4pro_fullmodes_2026-04-29/logs/gurobi/test/matpower_case1354pegase_2017-01-15__lazy_bandit.log
matpower/case1354pegase,LAZY_BANDIT,matpower/case1354pegase/2017-01-15,516.0,case1354pegase,1354,2017-01-15,OPTIMAL,False,1800.0,28.666666666666668,687220200.0,36511600.0,94.68705954801678,norel_heuristic,True,results/paper_m4pro_fullmodes_2026-04-29/logs/gurobi/test/matpower_case1354pegase_2017-01-15__lazy_bandit.log
matpower/case1354pegase,LAZY_BANDIT,matpower/case1354pegase/2017-01-15,524.0,case1354pegase,1354,2017-01-15,OPTIMAL,False,1800.0,29.11111111111111,687217800.0,36511600.0,94.68704099340849,norel_heuristic,True,results/paper_m4pro_fullmodes_2026-04-29/logs/gurobi/test/matpower_case1354pegase_2017-01-15__lazy_bandit.log
matpower/case1354pegase,LAZY_BANDIT,matpower/case1354pegase/2017-01-15,531.0,case1354pegase,1354,2017-01-15,OPTIMAL,False,1800.0,29.5,687216500.0,36511600.0,94.68703094294156,norel_heuristic,True,results/paper_m4pro_fullmodes_2026-04-29/logs/gurobi/test/matpower_case1354pegase_2017-01-15__lazy_bandit.log
matpower/case1354pegase,LAZY_BANDIT,matpower/case1354pegase/2017-01-15,565.0,case1354pegase,1354,2017-01-15,OPTIMAL,False,1800.0,31.38888888888889,687220000.0,36729000.0,94.68703094294156,mip_progress,False,results/paper_m4pro_fullmodes_2026-04-29/logs/gurobi/test/matpower_case1354pegase_2017-01-15__lazy_bandit.log
matpower/case1354pegase,LAZY_BANDIT,matpower/case1354pegase/2017-01-15,583.0,case1354pegase,1354,2017-01-15,OPTIMAL,False,1800.0,32.388888888888886,687220000.0,40150000.0,94.2,mip_progress,False,results/paper_m4pro_fullmodes_2026-04-29/logs/gurobi/test/matpower_case1354pegase_2017-01-15__lazy_bandit.log
matpower/case1354pegase,LAZY_BANDIT,matpower/case1354pegase/2017-01-15,593.0,case1354pegase,1354,2017-01-15,OPTIMAL,False,1800.0,32.94444444444444,687220000.0,40170000.0,94.2,mip_progress,False,results/paper_m4pro_fullmodes_2026-04-29/logs/gurobi/test/matpower_case1354pegase_2017-01-15__lazy_bandit.log
matpower/case1354pegase,LAZY_BANDIT,matpower/case1354pegase/2017-01-15,604.0,case1354pegase,1354,2017-01-15,OPTIMAL,False,1800.0,33.55555555555556,687220000.0,40170000.0,94.2,mip_progress,False,results/paper_m4pro_fullmodes_2026-04-29/logs/gurobi/test/matpower_case1354pegase_2017-01-15__lazy_bandit.log
matpower/case1354pegase,LAZY_BANDIT,matpower/case1354pegase/2017-01-15,614.0,case1354pegase,1354,2017-01-15,OPTIMAL,False,1800.0,34.111111111111114,687220000.0,40170000.0,94.2,mip_progress,False,results/paper_m4pro_fullmodes_2026-04-29/logs/gurobi/test/matpower_case1354pegase_2017-01-15__lazy_bandit.log
matpower/case1354pegase,LAZY_BANDIT,matpower/case1354pegase/2017-01-15,626.0,case1354pegase,1354,2017-01-15,OPTIMAL,False,1800.0,34.77777777777778,687220000.0,40170000.0,94.2,mip_progress,False,results/paper_m4pro_fullmodes_2026-04-29/logs/gurobi/test/matpower_case1354pegase_2017-01-15__lazy_bandit.log
matpower/case1354pegase,LAZY_BANDIT,matpower/case1354pegase/2017-01-15,638.0,case1354pegase,1354,2017-01-15,OPTIMAL,False,1800.0,35.44444444444444,687220000.0,40170000.0,94.2,mip_progress,False,results/paper_m4pro_fullmodes_2026-04-29/logs/gurobi/test/matpower_case1354pegase_2017-01-15__lazy_bandit.log
matpower/case1354pegase,LAZY_BANDIT,matpower/case1354pegase/2017-01-15,653.0,case1354pegase,1354,2017-01-15,OPTIMAL,False,1800.0,36.27777777777778,687220000.0,132190000.0,80.8,mip_progress,False,results/paper_m4pro_fullmodes_2026-04-29/logs/gurobi/test/matpower_case1354pegase_2017-01-15__lazy_bandit.log
matpower/case1354pegase,LAZY_BANDIT,matpower/case1354pegase/2017-01-15,659.0,case1354pegase,1354,2017-01-15,OPTIMAL,False,1800.0,36.611111111111114,687220000.0,132500000.0,80.7,mip_progress,False,results/paper_m4pro_fullmodes_2026-04-29/logs/gurobi/test/matpower_case1354pegase_2017-01-15__lazy_bandit.log
matpower/case1354pegase,LAZY_BANDIT,matpower/case1354pegase/2017-01-15,663.0,case1354pegase,1354,2017-01-15,OPTIMAL,False,1800.0,36.833333333333336,687220000.0,132500000.0,80.7,mip_progress,False,results/paper_m4pro_fullmodes_2026-04-29/logs/gurobi/test/matpower_case1354pegase_2017-01-15__lazy_bandit.log
matpower/case1354pegase,LAZY_BANDIT,matpower/case1354pegase/2017-01-15,666.0,case1354pegase,1354,2017-01-15,OPTIMAL,False,1800.0,37.0,687220000.0,132500000.0,80.7,mip_progress,False,results/paper_m4pro_fullmodes_2026-04-29/logs/gurobi/test/matpower_case1354pegase_2017-01-15__lazy_bandit.log
matpower/case1354pegase,LAZY_BANDIT,matpower/case1354pegase/2017-01-15,667.0,case1354pegase,1354,2017-01-15,OPTIMAL,False,1800.0,37.05555555555556,687220000.0,132500000.0,80.7,mip_progress,False,results/paper_m4pro_fullmodes_2026-04-29/logs/gurobi/test/matpower_case1354pegase_2017-01-15__lazy_bandit.log
matpower/case1354pegase,LAZY_BANDIT,matpower/case1354pegase/2017-01-15,668.0,case1354pegase,1354,2017-01-15,OPTIMAL,False,1800.0,37.111111111111114,687220000.0,132500000.0,80.7,mip_progress,False,results/paper_m4pro_fullmodes_2026-04-29/logs/gurobi/test/matpower_case1354pegase_2017-01-15__lazy_bandit.log
matpower/case1354pegase,LAZY_BANDIT,matpower/case1354pegase/2017-01-15,669.0,case1354pegase,1354,2017-01-15,OPTIMAL,False,1800.0,37.166666666666664,687220000.0,132500000.0,80.7,mip_progress,False,results/paper_m4pro_fullmodes_2026-04-29/logs/gurobi/test/matpower_case1354pegase_2017-01-15__lazy_bandit.log
matpower/case1354pegase,LAZY_BANDIT,matpower/case1354pegase/2017-01-15,671.0,case1354pegase,1354,2017-01-15,OPTIMAL,False,1800.0,37.27777777777778,687220000.0,132500000.0,80.7,mip_progress,False,results/paper_m4pro_fullmodes_2026-04-29/logs/gurobi/test/matpower_case1354pegase_2017-01-15__lazy_bandit.log
matpower/case1354pegase,LAZY_BANDIT,matpower/case1354pegase/2017-01-15,672.0,case1354pegase,1354,2017-01-15,OPTIMAL,False,1800.0,37.333333333333336,687220000.0,132500000.0,80.7,mip_progress,False,results/paper_m4pro_fullmodes_2026-04-29/logs/gurobi/test/matpower_case1354pegase_2017-01-15__lazy_bandit.log
matpower/case1354pegase,LAZY_BANDIT,matpower/case1354pegase/2017-01-15,673.0,case1354pegase,1354,2017-01-15,OPTIMAL,False,1800.0,37.388888888888886,687220000.0,132500000.0,80.7,mip_progress,False,results/paper_m4pro_fullmodes_2026-04-29/logs/gurobi/test/matpower_case1354pegase_2017-01-15__lazy_bandit.log
matpower/case1354pegase,LAZY_BANDIT,matpower/case1354pegase/2017-01-15,682.0,case1354pegase,1354,2017-01-15,OPTIMAL,False,1800.0,37.888888888888886,687220000.0,132500000.0,80.7,mip_progress,False,results/paper_m4pro_fullmodes_2026-04-29/logs/gurobi/test/matpower_case1354pegase_2017-01-15__lazy_bandit.log
matpower/case1354pegase,LAZY_BANDIT,matpower/case1354pegase/2017-01-15,691.0,case1354pegase,1354,2017-01-15,OPTIMAL,False,1800.0,38.388888888888886,687220000.0,132500000.0,80.7,mip_progress,False,results/paper_m4pro_fullmodes_2026-04-29/logs/gurobi/test/matpower_case1354pegase_2017-01-15__lazy_bandit.log
matpower/case1354pegase,LAZY_BANDIT,matpower/case1354pegase/2017-01-15,700.0,case1354pegase,1354,2017-01-15,OPTIMAL,False,1800.0,38.888888888888886,136126100.0,132500000.0,2.66,mip_progress,True,results/paper_m4pro_fullmodes_2026-04-29/logs/gurobi/test/matpower_case1354pegase_2017-01-15__lazy_bandit.log
matpower/case1354pegase,LAZY_BANDIT,matpower/case1354pegase/2017-01-15,707.815415,case1354pegase,1354,2017-01-15,OPTIMAL,False,1800.0,39.323078611111114,,,2.66,result_final,False,results/paper_m4pro_fullmodes_2026-04-29/logs/gurobi/test/matpower_case1354pegase_2017-01-15__lazy_bandit.log
matpower/case1354pegase,LAZY_BANDIT,matpower/case1354pegase/2017-03-15,325.0,case1354pegase,1354,2017-03-15,OPTIMAL,False,1800.0,18.055555555555557,679405800.0,49238600.0,92.75269654748311,norel_heuristic,True,results/paper_m4pro_fullmodes_2026-04-29/logs/gurobi/test/matpower_case1354pegase_2017-03-15__lazy_bandit.log
matpower/case1354pegase,LAZY_BANDIT,matpower/case1354pegase/2017-03-15,341.0,case1354pegase,1354,2017-03-15,OPTIMAL,False,1800.0,18.944444444444443,674756700.0,49238600.0,92.70276234381963,norel_heuristic,True,results/paper_m4pro_fullmodes_2026-04-29/logs/gurobi/test/matpower_case1354pegase_2017-03-15__lazy_bandit.log
matpower/case1354pegase,LAZY_BANDIT,matpower/case1354pegase/2017-03-15,356.0,case1354pegase,1354,2017-03-15,OPTIMAL,False,1800.0,19.77777777777778,674602500.0,49238600.0,92.70109434815318,norel_heuristic,True,results/paper_m4pro_fullmodes_2026-04-29/logs/gurobi/test/matpower_case1354pegase_2017-03-15__lazy_bandit.log
matpower/case1354pegase,LAZY_BANDIT,matpower/case1354pegase/2017-03-15,587.0,case1354pegase,1354,2017-03-15,OPTIMAL,False,1800.0,32.611111111111114,674600000.0,115100000.0,82.9,mip_progress,False,results/paper_m4pro_fullmodes_2026-04-29/logs/gurobi/test/matpower_case1354pegase_2017-03-15__lazy_bandit.log
matpower/case1354pegase,LAZY_BANDIT,matpower/case1354pegase/2017-03-15,602.0,case1354pegase,1354,2017-03-15,OPTIMAL,False,1800.0,33.44444444444444,674600000.0,120590000.0,82.1,mip_progress,False,results/paper_m4pro_fullmodes_2026-04-29/logs/gurobi/test/matpower_case1354pegase_2017-03-15__lazy_bandit.log
matpower/case1354pegase,LAZY_BANDIT,matpower/case1354pegase/2017-03-15,612.0,case1354pegase,1354,2017-03-15,OPTIMAL,False,1800.0,34.0,674600000.0,120610000.0,82.1,mip_progress,False,results/paper_m4pro_fullmodes_2026-04-29/logs/gurobi/test/matpower_case1354pegase_2017-03-15__lazy_bandit.log
matpower/case1354pegase,LAZY_BANDIT,matpower/case1354pegase/2017-03-15,621.0,case1354pegase,1354,2017-03-15,OPTIMAL,False,1800.0,34.5,674600000.0,120610000.0,82.1,mip_progress,False,results/paper_m4pro_fullmodes_2026-04-29/logs/gurobi/test/matpower_case1354pegase_2017-03-15__lazy_bandit.log
matpower/case1354pegase,LAZY_BANDIT,matpower/case1354pegase/2017-03-15,630.0,case1354pegase,1354,2017-03-15,OPTIMAL,False,1800.0,35.0,674600000.0,120610000.0,82.1,mip_progress,False,results/paper_m4pro_fullmodes_2026-04-29/logs/gurobi/test/matpower_case1354pegase_2017-03-15__lazy_bandit.log
matpower/case1354pegase,LAZY_BANDIT,matpower/case1354pegase/2017-03-15,640.0,case1354pegase,1354,2017-03-15,OPTIMAL,False,1800.0,35.55555555555556,674600000.0,120610000.0,82.1,mip_progress,False,results/paper_m4pro_fullmodes_2026-04-29/logs/gurobi/test/matpower_case1354pegase_2017-03-15__lazy_bandit.log
matpower/case1354pegase,LAZY_BANDIT,matpower/case1354pegase/2017-03-15,649.0,case1354pegase,1354,2017-03-15,OPTIMAL,False,1800.0,36.05555555555556,185873900.0,120610000.0,35.1,mip_progress,True,results/paper_m4pro_fullmodes_2026-04-29/logs/gurobi/test/matpower_case1354pegase_2017-03-15__lazy_bandit.log
matpower/case1354pegase,LAZY_BANDIT,matpower/case1354pegase/2017-03-15,662.0,case1354pegase,1354,2017-03-15,OPTIMAL,False,1800.0,36.77777777777778,185870000.0,172400000.0,7.25,mip_progress,False,results/paper_m4pro_fullmodes_2026-04-29/logs/gurobi/test/matpower_case1354pegase_2017-03-15__lazy_bandit.log
matpower/case1354pegase,LAZY_BANDIT,matpower/case1354pegase/2017-03-15,663.0,case1354pegase,1354,2017-03-15,OPTIMAL,False,1800.0,36.833333333333336,185870000.0,172480000.0,7.2,mip_progress,False,results/paper_m4pro_fullmodes_2026-04-29/logs/gurobi/test/matpower_case1354pegase_2017-03-15__lazy_bandit.log
matpower/case1354pegase,LAZY_BANDIT,matpower/case1354pegase/2017-03-15,668.0,case1354pegase,1354,2017-03-15,OPTIMAL,False,1800.0,37.111111111111114,185870000.0,173520000.0,6.65,mip_progress,False,results/paper_m4pro_fullmodes_2026-04-29/logs/gurobi/test/matpower_case1354pegase_2017-03-15__lazy_bandit.log
matpower/case1354pegase,LAZY_BANDIT,matpower/case1354pegase/2017-03-15,671.0,case1354pegase,1354,2017-03-15,OPTIMAL,False,1800.0,37.27777777777778,185870000.0,173520000.0,6.65,mip_progress,False,results/paper_m4pro_fullmodes_2026-04-29/logs/gurobi/test/matpower_case1354pegase_2017-03-15__lazy_bandit.log
matpower/case1354pegase,LAZY_BANDIT,matpower/case1354pegase/2017-03-15,679.0,case1354pegase,1354,2017-03-15,OPTIMAL,False,1800.0,37.72222222222222,185870000.0,173520000.0,6.65,mip_progress,False,results/paper_m4pro_fullmodes_2026-04-29/logs/gurobi/test/matpower_case1354pegase_2017-03-15__lazy_bandit.log
matpower/case1354pegase,LAZY_BANDIT,matpower/case1354pegase/2017-03-15,688.0,case1354pegase,1354,2017-03-15,OPTIMAL,False,1800.0,38.22222222222222,181523600.0,173520000.0,4.41,mip_progress,True,results/paper_m4pro_fullmodes_2026-04-29/logs/gurobi/test/matpower_case1354pegase_2017-03-15__lazy_bandit.log
matpower/case1354pegase,LAZY_BANDIT,matpower/case1354pegase/2017-03-15,695.07076,case1354pegase,1354,2017-03-15,OPTIMAL,False,1800.0,38.61504222222222,,,4.41,result_final,False,results/paper_m4pro_fullmodes_2026-04-29/logs/gurobi/test/matpower_case1354pegase_2017-03-15__lazy_bandit.log
matpower/case1354pegase,LAZY_BANDIT,matpower/case1354pegase/2017-05-15,327.0,case1354pegase,1354,2017-05-15,OPTIMAL,False,1800.0,18.166666666666668,363017300.0,21388000.0,94.10826977116517,norel_heuristic,True,results/paper_m4pro_fullmodes_2026-04-29/logs/gurobi/test/matpower_case1354pegase_2017-05-15__lazy_bandit.log
matpower/case1354pegase,LAZY_BANDIT,matpower/case1354pegase/2017-05-15,346.0,case1354pegase,1354,2017-05-15,OPTIMAL,False,1800.0,19.22222222222222,362711100.0,21388000.0,94.10329598404901,norel_heuristic,True,results/paper_m4pro_fullmodes_2026-04-29/logs/gurobi/test/matpower_case1354pegase_2017-05-15__lazy_bandit.log
matpower/case1354pegase,LAZY_BANDIT,matpower/case1354pegase/2017-05-15,353.0,case1354pegase,1354,2017-05-15,OPTIMAL,False,1800.0,19.61111111111111,362701900.0,21388000.0,94.10314641307366,norel_heuristic,True,results/paper_m4pro_fullmodes_2026-04-29/logs/gurobi/test/matpower_case1354pegase_2017-05-15__lazy_bandit.log
matpower/case1354pegase,LAZY_BANDIT,matpower/case1354pegase/2017-05-15,384.0,case1354pegase,1354,2017-05-15,OPTIMAL,False,1800.0,21.333333333333332,360002000.0,21388000.0,94.05892189487837,norel_heuristic,True,results/paper_m4pro_fullmodes_2026-04-29/logs/gurobi/test/matpower_case1354pegase_2017-05-15__lazy_bandit.log
matpower/case1354pegase,LAZY_BANDIT,matpower/case1354pegase/2017-05-15,419.0,case1354pegase,1354,2017-05-15,OPTIMAL,False,1800.0,23.27777777777778,359838900.0,21388000.0,94.05622905138938,norel_heuristic,True,results/paper_m4pro_fullmodes_2026-04-29/logs/gurobi/test/matpower_case1354pegase_2017-05-15__lazy_bandit.log
matpower/case1354pegase,LAZY_BANDIT,matpower/case1354pegase/2017-05-15,427.0,case1354pegase,1354,2017-05-15,OPTIMAL,False,1800.0,23.72222222222222,359819000.0,21388000.0,94.05590032766474,norel_heuristic,True,results/paper_m4pro_fullmodes_2026-04-29/logs/gurobi/test/matpower_case1354pegase_2017-05-15__lazy_bandit.log
matpower/case1354pegase,LAZY_BANDIT,matpower/case1354pegase/2017-05-15,441.0,case1354pegase,1354,2017-05-15,OPTIMAL,False,1800.0,24.5,359655800.0,21388000.0,94.053203090288,norel_heuristic,True,results/paper_m4pro_fullmodes_2026-04-29/logs/gurobi/test/matpower_case1354pegase_2017-05-15__lazy_bandit.log
matpower/case1354pegase,LAZY_BANDIT,matpower/case1354pegase/2017-05-15,449.0,case1354pegase,1354,2017-05-15,OPTIMAL,False,1800.0,24.944444444444443,359647800.0,21388000.0,94.05307080983117,norel_heuristic,True,results/paper_m4pro_fullmodes_2026-04-29/logs/gurobi/test/matpower_case1354pegase_2017-05-15__lazy_bandit.log
matpower/case1354pegase,LAZY_BANDIT,matpower/case1354pegase/2017-05-15,457.0,case1354pegase,1354,2017-05-15,OPTIMAL,False,1800.0,25.38888888888889,359641500.0,21388000.0,94.0529666348294,norel_heuristic,True,results/paper_m4pro_fullmodes_2026-04-29/logs/gurobi/test/matpower_case1354pegase_2017-05-15__lazy_bandit.log
matpower/case1354pegase,LAZY_BANDIT,matpower/case1354pegase/2017-05-15,465.0,case1354pegase,1354,2017-05-15,OPTIMAL,False,1800.0,25.833333333333332,359635200.0,21388000.0,94.05286245617782,norel_heuristic,True,results/paper_m4pro_fullmodes_2026-04-29/logs/gurobi/test/matpower_case1354pegase_2017-05-15__lazy_bandit.log
matpower/case1354pegase,LAZY_BANDIT,matpower/case1354pegase/2017-05-15,472.0,case1354pegase,1354,2017-05-15,OPTIMAL,False,1800.0,26.22222222222222,359630500.0,21388000.0,94.05278473321924,norel_heuristic,True,results/paper_m4pro_fullmodes_2026-04-29/logs/gurobi/test/matpower_case1354pegase_2017-05-15__lazy_bandit.log
matpower/case1354pegase,LAZY_BANDIT,matpower/case1354pegase/2017-05-15,480.0,case1354pegase,1354,2017-05-15,OPTIMAL,False,1800.0,26.666666666666668,359625800.0,21388000.0,94.0527070082291,norel_heuristic,True,results/paper_m4pro_fullmodes_2026-04-29/logs/gurobi/test/matpower_case1354pegase_2017-05-15__lazy_bandit.log
matpower/case1354pegase,LAZY_BANDIT,matpower/case1354pegase/2017-05-15,488.0,case1354pegase,1354,2017-05-15,OPTIMAL,False,1800.0,27.11111111111111,359620500.0,21388000.0,94.05261935846261,norel_heuristic,True,results/paper_m4pro_fullmodes_2026-04-29/logs/gurobi/test/matpower_case1354pegase_2017-05-15__lazy_bandit.log
matpower/case1354pegase,LAZY_BANDIT,matpower/case1354pegase/2017-05-15,495.0,case1354pegase,1354,2017-05-15,OPTIMAL,False,1800.0,27.5,359615300.0,21388000.0,94.05253335995437,norel_heuristic,True,results/paper_m4pro_fullmodes_2026-04-29/logs/gurobi/test/matpower_case1354pegase_2017-05-15__lazy_bandit.log
matpower/case1354pegase,LAZY_BANDIT,matpower/case1354pegase/2017-05-15,503.0,case1354pegase,1354,2017-05-15,OPTIMAL,False,1800.0,27.944444444444443,359612400.0,21388000.0,94.05248539816758,norel_heuristic,True,results/paper_m4pro_fullmodes_2026-04-29/logs/gurobi/test/matpower_case1354pegase_2017-05-15__lazy_bandit.log
matpower/case1354pegase,LAZY_BANDIT,matpower/case1354pegase/2017-05-15,511.0,case1354pegase,1354,2017-05-15,OPTIMAL,False,1800.0,28.38888888888889,359303400.0,21388000.0,94.04737055090489,norel_heuristic,True,results/paper_m4pro_fullmodes_2026-04-29/logs/gurobi/test/matpower_case1354pegase_2017-05-15__lazy_bandit.log
matpower/case1354pegase,LAZY_BANDIT,matpower/case1354pegase/2017-05-15,540.0,case1354pegase,1354,2017-05-15,OPTIMAL,False,1800.0,30.0,359123500.0,21388000.0,94.0443886295383,norel_heuristic,True,results/paper_m4pro_fullmodes_2026-04-29/logs/gurobi/test/matpower_case1354pegase_2017-05-15__lazy_bandit.log
matpower/case1354pegase,LAZY_BANDIT,matpower/case1354pegase/2017-05-15,576.0,case1354pegase,1354,2017-05-15,OPTIMAL,False,1800.0,32.0,359120000.0,21440000.0,94.0,mip_progress,False,results/paper_m4pro_fullmodes_2026-04-29/logs/gurobi/test/matpower_case1354pegase_2017-05-15__lazy_bandit.log
matpower/case1354pegase,LAZY_BANDIT,matpower/case1354pegase/2017-05-15,583.0,case1354pegase,1354,2017-05-15,OPTIMAL,False,1800.0,32.388888888888886,358961900.0,21440000.0,94.0,mip_progress,True,results/paper_m4pro_fullmodes_2026-04-29/logs/gurobi/test/matpower_case1354pegase_2017-05-15__lazy_bandit.log
matpower/case1354pegase,LAZY_BANDIT,matpower/case1354pegase/2017-05-15,594.0,case1354pegase,1354,2017-05-15,OPTIMAL,False,1800.0,33.0,358960000.0,22822000.0,93.6,mip_progress,False,results/paper_m4pro_fullmodes_2026-04-29/logs/gurobi/test/matpower_case1354pegase_2017-05-15__lazy_bandit.log
matpower/case1354pegase,LAZY_BANDIT,matpower/case1354pegase/2017-05-15,597.0,case1354pegase,1354,2017-05-15,OPTIMAL,False,1800.0,33.166666666666664,358960000.0,22909000.0,93.6,mip_progress,False,results/paper_m4pro_fullmodes_2026-04-29/logs/gurobi/test/matpower_case1354pegase_2017-05-15__lazy_bandit.log
matpower/case1354pegase,LAZY_BANDIT,matpower/case1354pegase/2017-05-15,598.0,case1354pegase,1354,2017-05-15,OPTIMAL,False,1800.0,33.22222222222222,358960000.0,22911000.0,93.6,mip_progress,False,results/paper_m4pro_fullmodes_2026-04-29/logs/gurobi/test/matpower_case1354pegase_2017-05-15__lazy_bandit.log
matpower/case1354pegase,LAZY_BANDIT,matpower/case1354pegase/2017-05-15,599.0,case1354pegase,1354,2017-05-15,OPTIMAL,False,1800.0,33.27777777777778,358960000.0,22912000.0,93.6,mip_progress,False,results/paper_m4pro_fullmodes_2026-04-29/logs/gurobi/test/matpower_case1354pegase_2017-05-15__lazy_bandit.log
matpower/case1354pegase,LAZY_BANDIT,matpower/case1354pegase/2017-05-15,602.0,case1354pegase,1354,2017-05-15,OPTIMAL,False,1800.0,33.44444444444444,358960000.0,22912000.0,93.6,mip_progress,False,results/paper_m4pro_fullmodes_2026-04-29/logs/gurobi/test/matpower_case1354pegase_2017-05-15__lazy_bandit.log
matpower/case1354pegase,LAZY_BANDIT,matpower/case1354pegase/2017-05-15,610.0,case1354pegase,1354,2017-05-15,OPTIMAL,False,1800.0,33.888888888888886,358960000.0,22912000.0,93.6,mip_progress,False,results/paper_m4pro_fullmodes_2026-04-29/logs/gurobi/test/matpower_case1354pegase_2017-05-15__lazy_bandit.log
matpower/case1354pegase,LAZY_BANDIT,matpower/case1354pegase/2017-05-15,618.0,case1354pegase,1354,2017-05-15,OPTIMAL,False,1800.0,34.333333333333336,358960000.0,22912000.0,93.6,mip_progress,False,results/paper_m4pro_fullmodes_2026-04-29/logs/gurobi/test/matpower_case1354pegase_2017-05-15__lazy_bandit.log
matpower/case1354pegase,LAZY_BANDIT,matpower/case1354pegase/2017-05-15,627.0,case1354pegase,1354,2017-05-15,OPTIMAL,False,1800.0,34.833333333333336,358960000.0,22912000.0,93.6,mip_progress,False,results/paper_m4pro_fullmodes_2026-04-29/logs/gurobi/test/matpower_case1354pegase_2017-05-15__lazy_bandit.log
matpower/case1354pegase,LAZY_BANDIT,matpower/case1354pegase/2017-05-15,635.0,case1354pegase,1354,2017-05-15,OPTIMAL,False,1800.0,35.27777777777778,358960000.0,22912000.0,93.6,mip_progress,False,results/paper_m4pro_fullmodes_2026-04-29/logs/gurobi/test/matpower_case1354pegase_2017-05-15__lazy_bandit.log
matpower/case1354pegase,LAZY_BANDIT,matpower/case1354pegase/2017-05-15,644.0,case1354pegase,1354,2017-05-15,OPTIMAL,False,1800.0,35.77777777777778,358960000.0,22912000.0,93.6,mip_progress,False,results/paper_m4pro_fullmodes_2026-04-29/logs/gurobi/test/matpower_case1354pegase_2017-05-15__lazy_bandit.log
matpower/case1354pegase,LAZY_BANDIT,matpower/case1354pegase/2017-05-15,656.0,case1354pegase,1354,2017-05-15,OPTIMAL,False,1800.0,36.44444444444444,358960000.0,68375000.0,81.0,mip_progress,False,results/paper_m4pro_fullmodes_2026-04-29/logs/gurobi/test/matpower_case1354pegase_2017-05-15__lazy_bandit.log
matpower/case1354pegase,LAZY_BANDIT,matpower/case1354pegase/2017-05-15,659.0,case1354pegase,1354,2017-05-15,OPTIMAL,False,1800.0,36.611111111111114,358960000.0,68376000.0,81.0,mip_progress,False,results/paper_m4pro_fullmodes_2026-04-29/logs/gurobi/test/matpower_case1354pegase_2017-05-15__lazy_bandit.log
matpower/case1354pegase,LAZY_BANDIT,matpower/case1354pegase/2017-05-15,661.0,case1354pegase,1354,2017-05-15,OPTIMAL,False,1800.0,36.72222222222222,358960000.0,68376000.0,81.0,mip_progress,False,results/paper_m4pro_fullmodes_2026-04-29/logs/gurobi/test/matpower_case1354pegase_2017-05-15__lazy_bandit.log
matpower/case1354pegase,LAZY_BANDIT,matpower/case1354pegase/2017-05-15,671.0,case1354pegase,1354,2017-05-15,OPTIMAL,False,1800.0,37.27777777777778,73021020.0,68376000.0,6.36,mip_progress,True,results/paper_m4pro_fullmodes_2026-04-29/logs/gurobi/test/matpower_case1354pegase_2017-05-15__lazy_bandit.log
matpower/case1354pegase,LAZY_BANDIT,matpower/case1354pegase/2017-05-15,673.0,case1354pegase,1354,2017-05-15,OPTIMAL,False,1800.0,37.388888888888886,73021000.0,68376000.0,6.36,mip_progress,False,results/paper_m4pro_fullmodes_2026-04-29/logs/gurobi/test/matpower_case1354pegase_2017-05-15__lazy_bandit.log
matpower/case1354pegase,LAZY_BANDIT,matpower/case1354pegase/2017-05-15,674.0,case1354pegase,1354,2017-05-15,OPTIMAL,False,1800.0,37.44444444444444,73021000.0,68376000.0,6.36,mip_progress,False,results/paper_m4pro_fullmodes_2026-04-29/logs/gurobi/test/matpower_case1354pegase_2017-05-15__lazy_bandit.log
matpower/case1354pegase,LAZY_BANDIT,matpower/case1354pegase/2017-05-15,676.0,case1354pegase,1354,2017-05-15,OPTIMAL,False,1800.0,37.55555555555556,73021000.0,68376000.0,6.36,mip_progress,False,results/paper_m4pro_fullmodes_2026-04-29/logs/gurobi/test/matpower_case1354pegase_2017-05-15__lazy_bandit.log
matpower/case1354pegase,LAZY_BANDIT,matpower/case1354pegase/2017-05-15,677.0,case1354pegase,1354,2017-05-15,OPTIMAL,False,1800.0,37.611111111111114,73021000.0,68376000.0,6.36,mip_progress,False,results/paper_m4pro_fullmodes_2026-04-29/logs/gurobi/test/matpower_case1354pegase_2017-05-15__lazy_bandit.log
matpower/case1354pegase,LAZY_BANDIT,matpower/case1354pegase/2017-05-15,678.0,case1354pegase,1354,2017-05-15,OPTIMAL,False,1800.0,37.666666666666664,73021000.0,68376000.0,6.36,mip_progress,False,results/paper_m4pro_fullmodes_2026-04-29/logs/gurobi/test/matpower_case1354pegase_2017-05-15__lazy_bandit.log
matpower/case1354pegase,LAZY_BANDIT,matpower/case1354pegase/2017-05-15,687.0,case1354pegase,1354,2017-05-15,OPTIMAL,False,1800.0,38.166666666666664,73000160.0,68376000.0,6.33,mip_progress,True,results/paper_m4pro_fullmodes_2026-04-29/logs/gurobi/test/matpower_case1354pegase_2017-05-15__lazy_bandit.log
matpower/case1354pegase,LAZY_BANDIT,matpower/case1354pegase/2017-05-15,696.0,case1354pegase,1354,2017-05-15,OPTIMAL,False,1800.0,38.666666666666664,72983460.0,68376000.0,6.31,mip_progress,True,results/paper_m4pro_fullmodes_2026-04-29/logs/gurobi/test/matpower_case1354pegase_2017-05-15__lazy_bandit.log
matpower/case1354pegase,LAZY_BANDIT,matpower/case1354pegase/2017-05-15,698.0,case1354pegase,1354,2017-05-15,OPTIMAL,False,1800.0,38.77777777777778,72983000.0,68376000.0,6.31,mip_progress,False,results/paper_m4pro_fullmodes_2026-04-29/logs/gurobi/test/matpower_case1354pegase_2017-05-15__lazy_bandit.log
matpower/case1354pegase,LAZY_BANDIT,matpower/case1354pegase/2017-05-15,700.0,case1354pegase,1354,2017-05-15,OPTIMAL,False,1800.0,38.888888888888886,72983000.0,68383000.0,6.3,mip_progress,False,results/paper_m4pro_fullmodes_2026-04-29/logs/gurobi/test/matpower_case1354pegase_2017-05-15__lazy_bandit.log
matpower/case1354pegase,LAZY_BANDIT,matpower/case1354pegase/2017-05-15,705.0,case1354pegase,1354,2017-05-15,OPTIMAL,False,1800.0,39.166666666666664,72983000.0,68385000.0,6.3,mip_progress,False,results/paper_m4pro_fullmodes_2026-04-29/logs/gurobi/test/matpower_case1354pegase_2017-05-15__lazy_bandit.log
matpower/case1354pegase,LAZY_BANDIT,matpower/case1354pegase/2017-05-15,710.0,case1354pegase,1354,2017-05-15,OPTIMAL,False,1800.0,39.44444444444444,72983000.0,68386000.0,6.3,mip_progress,False,results/paper_m4pro_fullmodes_2026-04-29/logs/gurobi/test/matpower_case1354pegase_2017-05-15__lazy_bandit.log
matpower/case1354pegase,LAZY_BANDIT,matpower/case1354pegase/2017-05-15,715.0,case1354pegase,1354,2017-05-15,OPTIMAL,False,1800.0,39.72222222222222,72983000.0,68386000.0,6.3,mip_progress,False,results/paper_m4pro_fullmodes_2026-04-29/logs/gurobi/test/matpower_case1354pegase_2017-05-15__lazy_bandit.log
matpower/case1354pegase,LAZY_BANDIT,matpower/case1354pegase/2017-05-15,720.0,case1354pegase,1354,2017-05-15,OPTIMAL,False,1800.0,40.0,72983000.0,68386000.0,6.3,mip_progress,False,results/paper_m4pro_fullmodes_2026-04-29/logs/gurobi/test/matpower_case1354pegase_2017-05-15__lazy_bandit.log
matpower/case1354pegase,LAZY_BANDIT,matpower/case1354pegase/2017-05-15,725.0,case1354pegase,1354,2017-05-15,OPTIMAL,False,1800.0,40.27777777777778,72983000.0,68386000.0,6.3,mip_progress,False,results/paper_m4pro_fullmodes_2026-04-29/logs/gurobi/test/matpower_case1354pegase_2017-05-15__lazy_bandit.log
matpower/case1354pegase,LAZY_BANDIT,matpower/case1354pegase/2017-05-15,735.0,case1354pegase,1354,2017-05-15,OPTIMAL,False,1800.0,40.833333333333336,72974480.0,68386000.0,6.29,mip_progress,True,results/paper_m4pro_fullmodes_2026-04-29/logs/gurobi/test/matpower_case1354pegase_2017-05-15__lazy_bandit.log
matpower/case1354pegase,LAZY_BANDIT,matpower/case1354pegase/2017-05-15,742.0,case1354pegase,1354,2017-05-15,OPTIMAL,False,1800.0,41.22222222222222,72974000.0,68386000.0,6.29,mip_progress,False,results/paper_m4pro_fullmodes_2026-04-29/logs/gurobi/test/matpower_case1354pegase_2017-05-15__lazy_bandit.log
matpower/case1354pegase,LAZY_BANDIT,matpower/case1354pegase/2017-05-15,745.0,case1354pegase,1354,2017-05-15,OPTIMAL,False,1800.0,41.388888888888886,72974000.0,68386000.0,6.29,mip_progress,False,results/paper_m4pro_fullmodes_2026-04-29/logs/gurobi/test/matpower_case1354pegase_2017-05-15__lazy_bandit.log
matpower/case1354pegase,LAZY_BANDIT,matpower/case1354pegase/2017-05-15,751.0,case1354pegase,1354,2017-05-15,OPTIMAL,False,1800.0,41.72222222222222,72974000.0,68386000.0,6.29,mip_progress,False,results/paper_m4pro_fullmodes_2026-04-29/logs/gurobi/test/matpower_case1354pegase_2017-05-15__lazy_bandit.log
matpower/case1354pegase,LAZY_BANDIT,matpower/case1354pegase/2017-05-15,755.0,case1354pegase,1354,2017-05-15,OPTIMAL,False,1800.0,41.94444444444444,72974000.0,68386000.0,6.29,mip_progress,False,results/paper_m4pro_fullmodes_2026-04-29/logs/gurobi/test/matpower_case1354pegase_2017-05-15__lazy_bandit.log
matpower/case1354pegase,LAZY_BANDIT,matpower/case1354pegase/2017-05-15,761.0,case1354pegase,1354,2017-05-15,OPTIMAL,False,1800.0,42.27777777777778,72974000.0,68386000.0,6.29,mip_progress,False,results/paper_m4pro_fullmodes_2026-04-29/logs/gurobi/test/matpower_case1354pegase_2017-05-15__lazy_bandit.log
matpower/case1354pegase,LAZY_BANDIT,matpower/case1354pegase/2017-05-15,768.0,case1354pegase,1354,2017-05-15,OPTIMAL,False,1800.0,42.666666666666664,72974000.0,68386000.0,6.29,mip_progress,False,results/paper_m4pro_fullmodes_2026-04-29/logs/gurobi/test/matpower_case1354pegase_2017-05-15__lazy_bandit.log
matpower/case1354pegase,LAZY_BANDIT,matpower/case1354pegase/2017-05-15,770.0,case1354pegase,1354,2017-05-15,OPTIMAL,False,1800.0,42.77777777777778,72974000.0,68386000.0,6.29,mip_progress,False,results/paper_m4pro_fullmodes_2026-04-29/logs/gurobi/test/matpower_case1354pegase_2017-05-15__lazy_bandit.log
matpower/case1354pegase,LAZY_BANDIT,matpower/case1354pegase/2017-05-15,780.0,case1354pegase,1354,2017-05-15,OPTIMAL,False,1800.0,43.333333333333336,72866380.0,68386000.0,6.15,mip_progress,True,results/paper_m4pro_fullmodes_2026-04-29/logs/gurobi/test/matpower_case1354pegase_2017-05-15__lazy_bandit.log
matpower/case1354pegase,LAZY_BANDIT,matpower/case1354pegase/2017-05-15,785.0,case1354pegase,1354,2017-05-15,OPTIMAL,False,1800.0,43.611111111111114,72866000.0,68386000.0,6.15,mip_progress,False,results/paper_m4pro_fullmodes_2026-04-29/logs/gurobi/test/matpower_case1354pegase_2017-05-15__lazy_bandit.log
matpower/case1354pegase,LAZY_BANDIT,matpower/case1354pegase/2017-05-15,791.0,case1354pegase,1354,2017-05-15,OPTIMAL,False,1800.0,43.94444444444444,72866000.0,68386000.0,6.15,mip_progress,False,results/paper_m4pro_fullmodes_2026-04-29/logs/gurobi/test/matpower_case1354pegase_2017-05-15__lazy_bandit.log
matpower/case1354pegase,LAZY_BANDIT,matpower/case1354pegase/2017-05-15,798.0,case1354pegase,1354,2017-05-15,OPTIMAL,False,1800.0,44.333333333333336,72866000.0,68386000.0,6.15,mip_progress,False,results/paper_m4pro_fullmodes_2026-04-29/logs/gurobi/test/matpower_case1354pegase_2017-05-15__lazy_bandit.log
matpower/case1354pegase,LAZY_BANDIT,matpower/case1354pegase/2017-05-15,802.0,case1354pegase,1354,2017-05-15,OPTIMAL,False,1800.0,44.55555555555556,72866000.0,68386000.0,6.15,mip_progress,False,results/paper_m4pro_fullmodes_2026-04-29/logs/gurobi/test/matpower_case1354pegase_2017-05-15__lazy_bandit.log
matpower/case1354pegase,LAZY_BANDIT,matpower/case1354pegase/2017-05-15,806.0,case1354pegase,1354,2017-05-15,OPTIMAL,False,1800.0,44.77777777777778,72866000.0,68386000.0,6.15,mip_progress,False,results/paper_m4pro_fullmodes_2026-04-29/logs/gurobi/test/matpower_case1354pegase_2017-05-15__lazy_bandit.log
matpower/case1354pegase,LAZY_BANDIT,matpower/case1354pegase/2017-05-15,810.0,case1354pegase,1354,2017-05-15,OPTIMAL,False,1800.0,45.0,72866000.0,68386000.0,6.15,mip_progress,False,results/paper_m4pro_fullmodes_2026-04-29/logs/gurobi/test/matpower_case1354pegase_2017-05-15__lazy_bandit.log
matpower/case1354pegase,LAZY_BANDIT,matpower/case1354pegase/2017-05-15,816.0,case1354pegase,1354,2017-05-15,OPTIMAL,False,1800.0,45.333333333333336,72866000.0,68386000.0,6.15,mip_progress,False,results/paper_m4pro_fullmodes_2026-04-29/logs/gurobi/test/matpower_case1354pegase_2017-05-15__lazy_bandit.log
matpower/case1354pegase,LAZY_BANDIT,matpower/case1354pegase/2017-05-15,824.0,case1354pegase,1354,2017-05-15,OPTIMAL,False,1800.0,45.77777777777778,72866000.0,68386000.0,6.15,mip_progress,False,results/paper_m4pro_fullmodes_2026-04-29/logs/gurobi/test/matpower_case1354pegase_2017-05-15__lazy_bandit.log
matpower/case1354pegase,LAZY_BANDIT,matpower/case1354pegase/2017-05-15,828.0,case1354pegase,1354,2017-05-15,OPTIMAL,False,1800.0,46.0,72866000.0,68386000.0,6.15,mip_progress,False,results/paper_m4pro_fullmodes_2026-04-29/logs/gurobi/test/matpower_case1354pegase_2017-05-15__lazy_bandit.log
matpower/case1354pegase,LAZY_BANDIT,matpower/case1354pegase/2017-05-15,834.0,case1354pegase,1354,2017-05-15,OPTIMAL,False,1800.0,46.333333333333336,72866000.0,68386000.0,6.15,mip_progress,False,results/paper_m4pro_fullmodes_2026-04-29/logs/gurobi/test/matpower_case1354pegase_2017-05-15__lazy_bandit.log
matpower/case1354pegase,LAZY_BANDIT,matpower/case1354pegase/2017-05-15,839.0,case1354pegase,1354,2017-05-15,OPTIMAL,False,1800.0,46.611111111111114,72866000.0,68386000.0,6.15,mip_progress,False,results/paper_m4pro_fullmodes_2026-04-29/logs/gurobi/test/matpower_case1354pegase_2017-05-15__lazy_bandit.log
matpower/case1354pegase,LAZY_BANDIT,matpower/case1354pegase/2017-05-15,845.0,case1354pegase,1354,2017-05-15,OPTIMAL,False,1800.0,46.94444444444444,72866000.0,68386000.0,6.15,mip_progress,False,results/paper_m4pro_fullmodes_2026-04-29/logs/gurobi/test/matpower_case1354pegase_2017-05-15__lazy_bandit.log
matpower/case1354pegase,LAZY_BANDIT,matpower/case1354pegase/2017-05-15,850.0,case1354pegase,1354,2017-05-15,OPTIMAL,False,1800.0,47.22222222222222,72866000.0,68386000.0,6.15,mip_progress,False,results/paper_m4pro_fullmodes_2026-04-29/logs/gurobi/test/matpower_case1354pegase_2017-05-15__lazy_bandit.log
matpower/case1354pegase,LAZY_BANDIT,matpower/case1354pegase/2017-05-15,855.0,case1354pegase,1354,2017-05-15,OPTIMAL,False,1800.0,47.5,72866000.0,68386000.0,6.15,mip_progress,False,results/paper_m4pro_fullmodes_2026-04-29/logs/gurobi/test/matpower_case1354pegase_2017-05-15__lazy_bandit.log
matpower/case1354pegase,LAZY_BANDIT,matpower/case1354pegase/2017-05-15,861.0,case1354pegase,1354,2017-05-15,OPTIMAL,False,1800.0,47.833333333333336,72866000.0,68386000.0,6.15,mip_progress,False,results/paper_m4pro_fullmodes_2026-04-29/logs/gurobi/test/matpower_case1354pegase_2017-05-15__lazy_bandit.log
matpower/case1354pegase,LAZY_BANDIT,matpower/case1354pegase/2017-05-15,868.0,case1354pegase,1354,2017-05-15,OPTIMAL,False,1800.0,48.22222222222222,72866000.0,68386000.0,6.15,mip_progress,False,results/paper_m4pro_fullmodes_2026-04-29/logs/gurobi/test/matpower_case1354pegase_2017-05-15__lazy_bandit.log
matpower/case1354pegase,LAZY_BANDIT,matpower/case1354pegase/2017-05-15,874.0,case1354pegase,1354,2017-05-15,OPTIMAL,False,1800.0,48.55555555555556,72866000.0,68386000.0,6.15,mip_progress,False,results/paper_m4pro_fullmodes_2026-04-29/logs/gurobi/test/matpower_case1354pegase_2017-05-15__lazy_bandit.log
matpower/case1354pegase,LAZY_BANDIT,matpower/case1354pegase/2017-05-15,881.0,case1354pegase,1354,2017-05-15,OPTIMAL,False,1800.0,48.94444444444444,72866000.0,68386000.0,6.15,mip_progress,False,results/paper_m4pro_fullmodes_2026-04-29/logs/gurobi/test/matpower_case1354pegase_2017-05-15__lazy_bandit.log
matpower/case1354pegase,LAZY_BANDIT,matpower/case1354pegase/2017-05-15,886.0,case1354pegase,1354,2017-05-15,OPTIMAL,False,1800.0,49.22222222222222,72866000.0,68386000.0,6.15,mip_progress,False,results/paper_m4pro_fullmodes_2026-04-29/logs/gurobi/test/matpower_case1354pegase_2017-05-15__lazy_bandit.log
matpower/case1354pegase,LAZY_BANDIT,matpower/case1354pegase/2017-05-15,895.0,case1354pegase,1354,2017-05-15,OPTIMAL,False,1800.0,49.72222222222222,72866000.0,68386000.0,6.15,mip_progress,False,results/paper_m4pro_fullmodes_2026-04-29/logs/gurobi/test/matpower_case1354pegase_2017-05-15__lazy_bandit.log
matpower/case1354pegase,LAZY_BANDIT,matpower/case1354pegase/2017-05-15,902.0,case1354pegase,1354,2017-05-15,OPTIMAL,False,1800.0,50.111111111111114,72852690.0,68386000.0,6.13,mip_progress,True,results/paper_m4pro_fullmodes_2026-04-29/logs/gurobi/test/matpower_case1354pegase_2017-05-15__lazy_bandit.log
matpower/case1354pegase,LAZY_BANDIT,matpower/case1354pegase/2017-05-15,908.0,case1354pegase,1354,2017-05-15,OPTIMAL,False,1800.0,50.44444444444444,72136970.0,68386000.0,5.2,mip_progress,True,results/paper_m4pro_fullmodes_2026-04-29/logs/gurobi/test/matpower_case1354pegase_2017-05-15__lazy_bandit.log
matpower/case1354pegase,LAZY_BANDIT,matpower/case1354pegase/2017-05-15,915.0,case1354pegase,1354,2017-05-15,OPTIMAL,False,1800.0,50.833333333333336,72137000.0,68386000.0,5.2,mip_progress,False,results/paper_m4pro_fullmodes_2026-04-29/logs/gurobi/test/matpower_case1354pegase_2017-05-15__lazy_bandit.log
matpower/case1354pegase,LAZY_BANDIT,matpower/case1354pegase/2017-05-15,922.0,case1354pegase,1354,2017-05-15,OPTIMAL,False,1800.0,51.22222222222222,71991080.0,68386000.0,5.01,mip_progress,True,results/paper_m4pro_fullmodes_2026-04-29/logs/gurobi/test/matpower_case1354pegase_2017-05-15__lazy_bandit.log
matpower/case1354pegase,LAZY_BANDIT,matpower/case1354pegase/2017-05-15,928.0,case1354pegase,1354,2017-05-15,OPTIMAL,False,1800.0,51.55555555555556,71975710.0,68386000.0,4.99,mip_progress,True,results/paper_m4pro_fullmodes_2026-04-29/logs/gurobi/test/matpower_case1354pegase_2017-05-15__lazy_bandit.log
matpower/case1354pegase,LAZY_BANDIT,matpower/case1354pegase/2017-05-15,935.0,case1354pegase,1354,2017-05-15,OPTIMAL,False,1800.0,51.94444444444444,71900760.0,68386000.0,4.89,mip_progress,True,results/paper_m4pro_fullmodes_2026-04-29/logs/gurobi/test/matpower_case1354pegase_2017-05-15__lazy_bandit.log
matpower/case1354pegase,LAZY_BANDIT,matpower/case1354pegase/2017-05-15,940.224633,case1354pegase,1354,2017-05-15,OPTIMAL,False,1800.0,52.23470183333333,,,4.888966,result_final,False,results/paper_m4pro_fullmodes_2026-04-29/logs/gurobi/test/matpower_case1354pegase_2017-05-15__lazy_bandit.log
matpower/case1354pegase,LAZY_BANDIT,matpower/case1354pegase/2017-07-15,337.0,case1354pegase,1354,2017-07-15,OPTIMAL,False,1800.0,18.72222222222222,750333700.0,45132200.0,93.9850495852712,norel_heuristic,True,results/paper_m4pro_fullmodes_2026-04-29/logs/gurobi/test/matpower_case1354pegase_2017-07-15__lazy_bandit.log
matpower/case1354pegase,LAZY_BANDIT,matpower/case1354pegase/2017-07-15,353.0,case1354pegase,1354,2017-07-15,OPTIMAL,False,1800.0,19.61111111111111,745255200.0,45132200.0,93.94406104110377,norel_heuristic,True,results/paper_m4pro_fullmodes_2026-04-29/logs/gurobi/test/matpower_case1354pegase_2017-07-15__lazy_bandit.log
matpower/case1354pegase,LAZY_BANDIT,matpower/case1354pegase/2017-07-15,367.0,case1354pegase,1354,2017-07-15,OPTIMAL,False,1800.0,20.38888888888889,744990900.0,45132200.0,93.9419125790664,norel_heuristic,True,results/paper_m4pro_fullmodes_2026-04-29/logs/gurobi/test/matpower_case1354pegase_2017-07-15__lazy_bandit.log
matpower/case1354pegase,LAZY_BANDIT,matpower/case1354pegase/2017-07-15,398.0,case1354pegase,1354,2017-07-15,OPTIMAL,False,1800.0,22.11111111111111,714891900.0,45132200.0,93.68684971811822,norel_heuristic,True,results/paper_m4pro_fullmodes_2026-04-29/logs/gurobi/test/matpower_case1354pegase_2017-07-15__lazy_bandit.log
matpower/case1354pegase,LAZY_BANDIT,matpower/case1354pegase/2017-07-15,425.0,case1354pegase,1354,2017-07-15,OPTIMAL,False,1800.0,23.61111111111111,714681200.0,45132200.0,93.68498849556977,norel_heuristic,True,results/paper_m4pro_fullmodes_2026-04-29/logs/gurobi/test/matpower_case1354pegase_2017-07-15__lazy_bandit.log
matpower/case1354pegase,LAZY_BANDIT,matpower/case1354pegase/2017-07-15,433.0,case1354pegase,1354,2017-07-15,OPTIMAL,False,1800.0,24.055555555555557,714632600.0,45132200.0,93.68455903075231,norel_heuristic,True,results/paper_m4pro_fullmodes_2026-04-29/logs/gurobi/test/matpower_case1354pegase_2017-07-15__lazy_bandit.log
matpower/case1354pegase,LAZY_BANDIT,matpower/case1354pegase/2017-07-15,447.0,case1354pegase,1354,2017-07-15,OPTIMAL,False,1800.0,24.833333333333332,714422600.0,45132200.0,93.68270264686475,norel_heuristic,True,results/paper_m4pro_fullmodes_2026-04-29/logs/gurobi/test/matpower_case1354pegase_2017-07-15__lazy_bandit.log
matpower/case1354pegase,LAZY_BANDIT,matpower/case1354pegase/2017-07-15,455.0,case1354pegase,1354,2017-07-15,OPTIMAL,False,1800.0,25.27777777777778,714415600.0,45132200.0,93.68264074860627,norel_heuristic,True,results/paper_m4pro_fullmodes_2026-04-29/logs/gurobi/test/matpower_case1354pegase_2017-07-15__lazy_bandit.log
matpower/case1354pegase,LAZY_BANDIT,matpower/case1354pegase/2017-07-15,463.0,case1354pegase,1354,2017-07-15,OPTIMAL,False,1800.0,25.72222222222222,714408700.0,45132200.0,93.6825797334215,norel_heuristic,True,results/paper_m4pro_fullmodes_2026-04-29/logs/gurobi/test/matpower_case1354pegase_2017-07-15__lazy_bandit.log
matpower/case1354pegase,LAZY_BANDIT,matpower/case1354pegase/2017-07-15,471.0,case1354pegase,1354,2017-07-15,OPTIMAL,False,1800.0,26.166666666666668,714012800.0,45132200.0,93.6790769017026,norel_heuristic,True,results/paper_m4pro_fullmodes_2026-04-29/logs/gurobi/test/matpower_case1354pegase_2017-07-15__lazy_bandit.log
matpower/case1354pegase,LAZY_BANDIT,matpower/case1354pegase/2017-07-15,485.0,case1354pegase,1354,2017-07-15,OPTIMAL,False,1800.0,26.944444444444443,713820600.0,45132200.0,93.67737495947861,norel_heuristic,True,results/paper_m4pro_fullmodes_2026-04-29/logs/gurobi/test/matpower_case1354pegase_2017-07-15__lazy_bandit.log
matpower/case1354pegase,LAZY_BANDIT,matpower/case1354pegase/2017-07-15,493.0,case1354pegase,1354,2017-07-15,OPTIMAL,False,1800.0,27.38888888888889,713742000.0,45132200.0,93.67667868781717,norel_heuristic,True,results/paper_m4pro_fullmodes_2026-04-29/logs/gurobi/test/matpower_case1354pegase_2017-07-15__lazy_bandit.log
matpower/case1354pegase,LAZY_BANDIT,matpower/case1354pegase/2017-07-15,507.0,case1354pegase,1354,2017-07-15,OPTIMAL,False,1800.0,28.166666666666668,713557300.0,45132200.0,93.67504193426372,norel_heuristic,True,results/paper_m4pro_fullmodes_2026-04-29/logs/gurobi/test/matpower_case1354pegase_2017-07-15__lazy_bandit.log
matpower/case1354pegase,LAZY_BANDIT,matpower/case1354pegase/2017-07-15,522.0,case1354pegase,1354,2017-07-15,OPTIMAL,False,1800.0,29.0,713268300.0,45132200.0,93.67247920593134,norel_heuristic,True,results/paper_m4pro_fullmodes_2026-04-29/logs/gurobi/test/matpower_case1354pegase_2017-07-15__lazy_bandit.log
matpower/case1354pegase,LAZY_BANDIT,matpower/case1354pegase/2017-07-15,582.0,case1354pegase,1354,2017-07-15,OPTIMAL,False,1800.0,32.333333333333336,713270000.0,45397000.0,93.6,mip_progress,False,results/paper_m4pro_fullmodes_2026-04-29/logs/gurobi/test/matpower_case1354pegase_2017-07-15__lazy_bandit.log
matpower/case1354pegase,LAZY_BANDIT,matpower/case1354pegase/2017-07-15,589.0,case1354pegase,1354,2017-07-15,OPTIMAL,False,1800.0,32.72222222222222,713091000.0,45397000.0,93.6,mip_progress,True,results/paper_m4pro_fullmodes_2026-04-29/logs/gurobi/test/matpower_case1354pegase_2017-07-15__lazy_bandit.log
matpower/case1354pegase,LAZY_BANDIT,matpower/case1354pegase/2017-07-15,606.0,case1354pegase,1354,2017-07-15,OPTIMAL,False,1800.0,33.666666666666664,713090000.0,50044000.0,93.0,mip_progress,False,results/paper_m4pro_fullmodes_2026-04-29/logs/gurobi/test/matpower_case1354pegase_2017-07-15__lazy_bandit.log
matpower/case1354pegase,LAZY_BANDIT,matpower/case1354pegase/2017-07-15,615.0,case1354pegase,1354,2017-07-15,OPTIMAL,False,1800.0,34.166666666666664,713090000.0,50066000.0,93.0,mip_progress,False,results/paper_m4pro_fullmodes_2026-04-29/logs/gurobi/test/matpower_case1354pegase_2017-07-15__lazy_bandit.log
matpower/case1354pegase,LAZY_BANDIT,matpower/case1354pegase/2017-07-15,625.0,case1354pegase,1354,2017-07-15,OPTIMAL,False,1800.0,34.72222222222222,713090000.0,50066000.0,93.0,mip_progress,False,results/paper_m4pro_fullmodes_2026-04-29/logs/gurobi/test/matpower_case1354pegase_2017-07-15__lazy_bandit.log
matpower/case1354pegase,LAZY_BANDIT,matpower/case1354pegase/2017-07-15,635.0,case1354pegase,1354,2017-07-15,OPTIMAL,False,1800.0,35.27777777777778,713090000.0,50066000.0,93.0,mip_progress,False,results/paper_m4pro_fullmodes_2026-04-29/logs/gurobi/test/matpower_case1354pegase_2017-07-15__lazy_bandit.log
matpower/case1354pegase,LAZY_BANDIT,matpower/case1354pegase/2017-07-15,645.0,case1354pegase,1354,2017-07-15,OPTIMAL,False,1800.0,35.833333333333336,713090000.0,50066000.0,93.0,mip_progress,False,results/paper_m4pro_fullmodes_2026-04-29/logs/gurobi/test/matpower_case1354pegase_2017-07-15__lazy_bandit.log
matpower/case1354pegase,LAZY_BANDIT,matpower/case1354pegase/2017-07-15,654.0,case1354pegase,1354,2017-07-15,OPTIMAL,False,1800.0,36.333333333333336,713090000.0,50066000.0,93.0,mip_progress,False,results/paper_m4pro_fullmodes_2026-04-29/logs/gurobi/test/matpower_case1354pegase_2017-07-15__lazy_bandit.log
matpower/case1354pegase,LAZY_BANDIT,matpower/case1354pegase/2017-07-15,664.0,case1354pegase,1354,2017-07-15,OPTIMAL,False,1800.0,36.888888888888886,713090000.0,111610000.0,84.3,mip_progress,False,results/paper_m4pro_fullmodes_2026-04-29/logs/gurobi/test/matpower_case1354pegase_2017-07-15__lazy_bandit.log
matpower/case1354pegase,LAZY_BANDIT,matpower/case1354pegase/2017-07-15,668.0,case1354pegase,1354,2017-07-15,OPTIMAL,False,1800.0,37.111111111111114,713090000.0,112480000.0,84.2,mip_progress,False,results/paper_m4pro_fullmodes_2026-04-29/logs/gurobi/test/matpower_case1354pegase_2017-07-15__lazy_bandit.log
matpower/case1354pegase,LAZY_BANDIT,matpower/case1354pegase/2017-07-15,680.0,case1354pegase,1354,2017-07-15,OPTIMAL,False,1800.0,37.77777777777778,713090000.0,112480000.0,84.2,mip_progress,False,results/paper_m4pro_fullmodes_2026-04-29/logs/gurobi/test/matpower_case1354pegase_2017-07-15__lazy_bandit.log
matpower/case1354pegase,LAZY_BANDIT,matpower/case1354pegase/2017-07-15,691.0,case1354pegase,1354,2017-07-15,OPTIMAL,False,1800.0,38.388888888888886,713090000.0,112480000.0,84.2,mip_progress,False,results/paper_m4pro_fullmodes_2026-04-29/logs/gurobi/test/matpower_case1354pegase_2017-07-15__lazy_bandit.log
matpower/case1354pegase,LAZY_BANDIT,matpower/case1354pegase/2017-07-15,702.0,case1354pegase,1354,2017-07-15,OPTIMAL,False,1800.0,39.0,713090000.0,112480000.0,84.2,mip_progress,False,results/paper_m4pro_fullmodes_2026-04-29/logs/gurobi/test/matpower_case1354pegase_2017-07-15__lazy_bandit.log
matpower/case1354pegase,LAZY_BANDIT,matpower/case1354pegase/2017-07-15,714.0,case1354pegase,1354,2017-07-15,OPTIMAL,False,1800.0,39.666666666666664,347581200.0,112480000.0,67.6,mip_progress,True,results/paper_m4pro_fullmodes_2026-04-29/logs/gurobi/test/matpower_case1354pegase_2017-07-15__lazy_bandit.log
matpower/case1354pegase,LAZY_BANDIT,matpower/case1354pegase/2017-07-15,726.0,case1354pegase,1354,2017-07-15,OPTIMAL,False,1800.0,40.333333333333336,347567200.0,112480000.0,67.6,mip_progress,True,results/paper_m4pro_fullmodes_2026-04-29/logs/gurobi/test/matpower_case1354pegase_2017-07-15__lazy_bandit.log
matpower/case1354pegase,LAZY_BANDIT,matpower/case1354pegase/2017-07-15,730.0,case1354pegase,1354,2017-07-15,OPTIMAL,False,1800.0,40.55555555555556,347570000.0,114170000.0,67.2,mip_progress,False,results/paper_m4pro_fullmodes_2026-04-29/logs/gurobi/test/matpower_case1354pegase_2017-07-15__lazy_bandit.log
matpower/case1354pegase,LAZY_BANDIT,matpower/case1354pegase/2017-07-15,731.0,case1354pegase,1354,2017-07-15,OPTIMAL,False,1800.0,40.611111111111114,347570000.0,114170000.0,67.2,mip_progress,False,results/paper_m4pro_fullmodes_2026-04-29/logs/gurobi/test/matpower_case1354pegase_2017-07-15__lazy_bandit.log
matpower/case1354pegase,LAZY_BANDIT,matpower/case1354pegase/2017-07-15,734.0,case1354pegase,1354,2017-07-15,OPTIMAL,False,1800.0,40.77777777777778,347570000.0,114170000.0,67.2,mip_progress,False,results/paper_m4pro_fullmodes_2026-04-29/logs/gurobi/test/matpower_case1354pegase_2017-07-15__lazy_bandit.log
matpower/case1354pegase,LAZY_BANDIT,matpower/case1354pegase/2017-07-15,743.0,case1354pegase,1354,2017-07-15,OPTIMAL,False,1800.0,41.27777777777778,347570000.0,114170000.0,67.2,mip_progress,False,results/paper_m4pro_fullmodes_2026-04-29/logs/gurobi/test/matpower_case1354pegase_2017-07-15__lazy_bandit.log
matpower/case1354pegase,LAZY_BANDIT,matpower/case1354pegase/2017-07-15,753.0,case1354pegase,1354,2017-07-15,OPTIMAL,False,1800.0,41.833333333333336,347570000.0,114170000.0,67.2,mip_progress,False,results/paper_m4pro_fullmodes_2026-04-29/logs/gurobi/test/matpower_case1354pegase_2017-07-15__lazy_bandit.log
matpower/case1354pegase,LAZY_BANDIT,matpower/case1354pegase/2017-07-15,764.0,case1354pegase,1354,2017-07-15,OPTIMAL,False,1800.0,42.44444444444444,144861800.0,114170000.0,21.2,mip_progress,True,results/paper_m4pro_fullmodes_2026-04-29/logs/gurobi/test/matpower_case1354pegase_2017-07-15__lazy_bandit.log
matpower/case1354pegase,LAZY_BANDIT,matpower/case1354pegase/2017-07-15,773.0,case1354pegase,1354,2017-07-15,OPTIMAL,False,1800.0,42.94444444444444,144859200.0,114170000.0,21.2,mip_progress,True,results/paper_m4pro_fullmodes_2026-04-29/logs/gurobi/test/matpower_case1354pegase_2017-07-15__lazy_bandit.log
matpower/case1354pegase,LAZY_BANDIT,matpower/case1354pegase/2017-07-15,779.0,case1354pegase,1354,2017-07-15,OPTIMAL,False,1800.0,43.27777777777778,144860000.0,122190000.0,15.7,mip_progress,False,results/paper_m4pro_fullmodes_2026-04-29/logs/gurobi/test/matpower_case1354pegase_2017-07-15__lazy_bandit.log
matpower/case1354pegase,LAZY_BANDIT,matpower/case1354pegase/2017-07-15,782.0,case1354pegase,1354,2017-07-15,OPTIMAL,False,1800.0,43.44444444444444,144860000.0,122220000.0,15.6,mip_progress,False,results/paper_m4pro_fullmodes_2026-04-29/logs/gurobi/test/matpower_case1354pegase_2017-07-15__lazy_bandit.log
matpower/case1354pegase,LAZY_BANDIT,matpower/case1354pegase/2017-07-15,783.0,case1354pegase,1354,2017-07-15,OPTIMAL,False,1800.0,43.5,144860000.0,122220000.0,15.6,mip_progress,False,results/paper_m4pro_fullmodes_2026-04-29/logs/gurobi/test/matpower_case1354pegase_2017-07-15__lazy_bandit.log
matpower/case1354pegase,LAZY_BANDIT,matpower/case1354pegase/2017-07-15,784.0,case1354pegase,1354,2017-07-15,OPTIMAL,False,1800.0,43.55555555555556,144860000.0,122220000.0,15.6,mip_progress,False,results/paper_m4pro_fullmodes_2026-04-29/logs/gurobi/test/matpower_case1354pegase_2017-07-15__lazy_bandit.log
matpower/case1354pegase,LAZY_BANDIT,matpower/case1354pegase/2017-07-15,785.0,case1354pegase,1354,2017-07-15,OPTIMAL,False,1800.0,43.611111111111114,144860000.0,122220000.0,15.6,mip_progress,False,results/paper_m4pro_fullmodes_2026-04-29/logs/gurobi/test/matpower_case1354pegase_2017-07-15__lazy_bandit.log
matpower/case1354pegase,LAZY_BANDIT,matpower/case1354pegase/2017-07-15,786.0,case1354pegase,1354,2017-07-15,OPTIMAL,False,1800.0,43.666666666666664,144860000.0,122220000.0,15.6,mip_progress,False,results/paper_m4pro_fullmodes_2026-04-29/logs/gurobi/test/matpower_case1354pegase_2017-07-15__lazy_bandit.log
matpower/case1354pegase,LAZY_BANDIT,matpower/case1354pegase/2017-07-15,795.0,case1354pegase,1354,2017-07-15,OPTIMAL,False,1800.0,44.166666666666664,144860000.0,122220000.0,15.6,mip_progress,False,results/paper_m4pro_fullmodes_2026-04-29/logs/gurobi/test/matpower_case1354pegase_2017-07-15__lazy_bandit.log
matpower/case1354pegase,LAZY_BANDIT,matpower/case1354pegase/2017-07-15,804.0,case1354pegase,1354,2017-07-15,OPTIMAL,False,1800.0,44.666666666666664,144860000.0,122220000.0,15.6,mip_progress,False,results/paper_m4pro_fullmodes_2026-04-29/logs/gurobi/test/matpower_case1354pegase_2017-07-15__lazy_bandit.log
matpower/case1354pegase,LAZY_BANDIT,matpower/case1354pegase/2017-07-15,812.0,case1354pegase,1354,2017-07-15,OPTIMAL,False,1800.0,45.111111111111114,136241200.0,122220000.0,10.3,mip_progress,True,results/paper_m4pro_fullmodes_2026-04-29/logs/gurobi/test/matpower_case1354pegase_2017-07-15__lazy_bandit.log
matpower/case1354pegase,LAZY_BANDIT,matpower/case1354pegase/2017-07-15,879.138344,case1354pegase,1354,2017-07-15,OPTIMAL,False,1800.0,48.84101911111111,,,4.2730619999999995,result_final,False,results/paper_m4pro_fullmodes_2026-04-29/logs/gurobi/test/matpower_case1354pegase_2017-07-15__lazy_bandit.log
matpower/case1354pegase,LAZY_BANDIT,matpower/case1354pegase/2017-09-15,406.0,case1354pegase,1354,2017-09-15,OPTIMAL,False,1800.0,22.555555555555557,664870200.0,37132100.0,94.41513546553898,norel_heuristic,True,results/paper_m4pro_fullmodes_2026-04-29/logs/gurobi/test/matpower_case1354pegase_2017-09-15__lazy_bandit.log
matpower/case1354pegase,LAZY_BANDIT,matpower/case1354pegase/2017-09-15,462.0,case1354pegase,1354,2017-09-15,OPTIMAL,False,1800.0,25.666666666666668,640920400.0,37132100.0,94.20644123669648,norel_heuristic,True,results/paper_m4pro_fullmodes_2026-04-29/logs/gurobi/test/matpower_case1354pegase_2017-09-15__lazy_bandit.log
matpower/case1354pegase,LAZY_BANDIT,matpower/case1354pegase/2017-09-15,519.0,case1354pegase,1354,2017-09-15,OPTIMAL,False,1800.0,28.833333333333332,640738400.0,37132100.0,94.20479559208563,norel_heuristic,True,results/paper_m4pro_fullmodes_2026-04-29/logs/gurobi/test/matpower_case1354pegase_2017-09-15__lazy_bandit.log
matpower/case1354pegase,LAZY_BANDIT,matpower/case1354pegase/2017-09-15,527.0,case1354pegase,1354,2017-09-15,OPTIMAL,False,1800.0,29.27777777777778,640735000.0,37132100.0,94.20476484037863,norel_heuristic,True,results/paper_m4pro_fullmodes_2026-04-29/logs/gurobi/test/matpower_case1354pegase_2017-09-15__lazy_bandit.log
matpower/case1354pegase,LAZY_BANDIT,matpower/case1354pegase/2017-09-15,534.0,case1354pegase,1354,2017-09-15,OPTIMAL,False,1800.0,29.666666666666668,640731800.0,37132100.0,94.20473589729744,norel_heuristic,True,results/paper_m4pro_fullmodes_2026-04-29/logs/gurobi/test/matpower_case1354pegase_2017-09-15__lazy_bandit.log
matpower/case1354pegase,LAZY_BANDIT,matpower/case1354pegase/2017-09-15,559.0,case1354pegase,1354,2017-09-15,OPTIMAL,False,1800.0,31.055555555555557,640730000.0,37362000.0,94.2,mip_progress,False,results/paper_m4pro_fullmodes_2026-04-29/logs/gurobi/test/matpower_case1354pegase_2017-09-15__lazy_bandit.log
matpower/case1354pegase,LAZY_BANDIT,matpower/case1354pegase/2017-09-15,576.0,case1354pegase,1354,2017-09-15,OPTIMAL,False,1800.0,32.0,640730000.0,41929000.0,93.5,mip_progress,False,results/paper_m4pro_fullmodes_2026-04-29/logs/gurobi/test/matpower_case1354pegase_2017-09-15__lazy_bandit.log
matpower/case1354pegase,LAZY_BANDIT,matpower/case1354pegase/2017-09-15,585.0,case1354pegase,1354,2017-09-15,OPTIMAL,False,1800.0,32.5,640730000.0,41965000.0,93.5,mip_progress,False,results/paper_m4pro_fullmodes_2026-04-29/logs/gurobi/test/matpower_case1354pegase_2017-09-15__lazy_bandit.log
matpower/case1354pegase,LAZY_BANDIT,matpower/case1354pegase/2017-09-15,595.0,case1354pegase,1354,2017-09-15,OPTIMAL,False,1800.0,33.05555555555556,640730000.0,41965000.0,93.5,mip_progress,False,results/paper_m4pro_fullmodes_2026-04-29/logs/gurobi/test/matpower_case1354pegase_2017-09-15__lazy_bandit.log
matpower/case1354pegase,LAZY_BANDIT,matpower/case1354pegase/2017-09-15,605.0,case1354pegase,1354,2017-09-15,OPTIMAL,False,1800.0,33.611111111111114,640730000.0,41965000.0,93.5,mip_progress,False,results/paper_m4pro_fullmodes_2026-04-29/logs/gurobi/test/matpower_case1354pegase_2017-09-15__lazy_bandit.log
matpower/case1354pegase,LAZY_BANDIT,matpower/case1354pegase/2017-09-15,615.0,case1354pegase,1354,2017-09-15,OPTIMAL,False,1800.0,34.166666666666664,640730000.0,41965000.0,93.5,mip_progress,False,results/paper_m4pro_fullmodes_2026-04-29/logs/gurobi/test/matpower_case1354pegase_2017-09-15__lazy_bandit.log
matpower/case1354pegase,LAZY_BANDIT,matpower/case1354pegase/2017-09-15,625.0,case1354pegase,1354,2017-09-15,OPTIMAL,False,1800.0,34.72222222222222,640730000.0,41965000.0,93.5,mip_progress,False,results/paper_m4pro_fullmodes_2026-04-29/logs/gurobi/test/matpower_case1354pegase_2017-09-15__lazy_bandit.log
matpower/case1354pegase,LAZY_BANDIT,matpower/case1354pegase/2017-09-15,640.0,case1354pegase,1354,2017-09-15,OPTIMAL,False,1800.0,35.55555555555556,640730000.0,102830000.0,84.0,mip_progress,False,results/paper_m4pro_fullmodes_2026-04-29/logs/gurobi/test/matpower_case1354pegase_2017-09-15__lazy_bandit.log
matpower/case1354pegase,LAZY_BANDIT,matpower/case1354pegase/2017-09-15,645.0,case1354pegase,1354,2017-09-15,OPTIMAL,False,1800.0,35.833333333333336,640730000.0,102870000.0,83.9,mip_progress,False,results/paper_m4pro_fullmodes_2026-04-29/logs/gurobi/test/matpower_case1354pegase_2017-09-15__lazy_bandit.log
matpower/case1354pegase,LAZY_BANDIT,matpower/case1354pegase/2017-09-15,654.0,case1354pegase,1354,2017-09-15,OPTIMAL,False,1800.0,36.333333333333336,640730000.0,102870000.0,83.9,mip_progress,False,results/paper_m4pro_fullmodes_2026-04-29/logs/gurobi/test/matpower_case1354pegase_2017-09-15__lazy_bandit.log
matpower/case1354pegase,LAZY_BANDIT,matpower/case1354pegase/2017-09-15,664.0,case1354pegase,1354,2017-09-15,OPTIMAL,False,1800.0,36.888888888888886,640730000.0,102870000.0,83.9,mip_progress,False,results/paper_m4pro_fullmodes_2026-04-29/logs/gurobi/test/matpower_case1354pegase_2017-09-15__lazy_bandit.log
matpower/case1354pegase,LAZY_BANDIT,matpower/case1354pegase/2017-09-15,674.0,case1354pegase,1354,2017-09-15,OPTIMAL,False,1800.0,37.44444444444444,640730000.0,102870000.0,83.9,mip_progress,False,results/paper_m4pro_fullmodes_2026-04-29/logs/gurobi/test/matpower_case1354pegase_2017-09-15__lazy_bandit.log
matpower/case1354pegase,LAZY_BANDIT,matpower/case1354pegase/2017-09-15,683.0,case1354pegase,1354,2017-09-15,OPTIMAL,False,1800.0,37.94444444444444,640730000.0,102870000.0,83.9,mip_progress,False,results/paper_m4pro_fullmodes_2026-04-29/logs/gurobi/test/matpower_case1354pegase_2017-09-15__lazy_bandit.log
matpower/case1354pegase,LAZY_BANDIT,matpower/case1354pegase/2017-09-15,693.0,case1354pegase,1354,2017-09-15,OPTIMAL,False,1800.0,38.5,148171400.0,102870000.0,30.6,mip_progress,True,results/paper_m4pro_fullmodes_2026-04-29/logs/gurobi/test/matpower_case1354pegase_2017-09-15__lazy_bandit.log
matpower/case1354pegase,LAZY_BANDIT,matpower/case1354pegase/2017-09-15,699.0,case1354pegase,1354,2017-09-15,OPTIMAL,False,1800.0,38.833333333333336,148170700.0,102870000.0,30.6,mip_progress,True,results/paper_m4pro_fullmodes_2026-04-29/logs/gurobi/test/matpower_case1354pegase_2017-09-15__lazy_bandit.log
matpower/case1354pegase,LAZY_BANDIT,matpower/case1354pegase/2017-09-15,711.0,case1354pegase,1354,2017-09-15,OPTIMAL,False,1800.0,39.5,148170000.0,110130000.0,25.7,mip_progress,False,results/paper_m4pro_fullmodes_2026-04-29/logs/gurobi/test/matpower_case1354pegase_2017-09-15__lazy_bandit.log
matpower/case1354pegase,LAZY_BANDIT,matpower/case1354pegase/2017-09-15,716.0,case1354pegase,1354,2017-09-15,OPTIMAL,False,1800.0,39.77777777777778,148170000.0,110180000.0,25.6,mip_progress,False,results/paper_m4pro_fullmodes_2026-04-29/logs/gurobi/test/matpower_case1354pegase_2017-09-15__lazy_bandit.log
matpower/case1354pegase,LAZY_BANDIT,matpower/case1354pegase/2017-09-15,717.0,case1354pegase,1354,2017-09-15,OPTIMAL,False,1800.0,39.833333333333336,148170000.0,110180000.0,25.6,mip_progress,False,results/paper_m4pro_fullmodes_2026-04-29/logs/gurobi/test/matpower_case1354pegase_2017-09-15__lazy_bandit.log
matpower/case1354pegase,LAZY_BANDIT,matpower/case1354pegase/2017-09-15,718.0,case1354pegase,1354,2017-09-15,OPTIMAL,False,1800.0,39.888888888888886,148170000.0,110190000.0,25.6,mip_progress,False,results/paper_m4pro_fullmodes_2026-04-29/logs/gurobi/test/matpower_case1354pegase_2017-09-15__lazy_bandit.log
matpower/case1354pegase,LAZY_BANDIT,matpower/case1354pegase/2017-09-15,719.0,case1354pegase,1354,2017-09-15,OPTIMAL,False,1800.0,39.94444444444444,148170000.0,110190000.0,25.6,mip_progress,False,results/paper_m4pro_fullmodes_2026-04-29/logs/gurobi/test/matpower_case1354pegase_2017-09-15__lazy_bandit.log
matpower/case1354pegase,LAZY_BANDIT,matpower/case1354pegase/2017-09-15,720.0,case1354pegase,1354,2017-09-15,OPTIMAL,False,1800.0,40.0,148170000.0,110190000.0,25.6,mip_progress,False,results/paper_m4pro_fullmodes_2026-04-29/logs/gurobi/test/matpower_case1354pegase_2017-09-15__lazy_bandit.log
matpower/case1354pegase,LAZY_BANDIT,matpower/case1354pegase/2017-09-15,721.0,case1354pegase,1354,2017-09-15,OPTIMAL,False,1800.0,40.05555555555556,148170000.0,110190000.0,25.6,mip_progress,False,results/paper_m4pro_fullmodes_2026-04-29/logs/gurobi/test/matpower_case1354pegase_2017-09-15__lazy_bandit.log
matpower/case1354pegase,LAZY_BANDIT,matpower/case1354pegase/2017-09-15,722.0,case1354pegase,1354,2017-09-15,OPTIMAL,False,1800.0,40.111111111111114,148170000.0,110190000.0,25.6,mip_progress,False,results/paper_m4pro_fullmodes_2026-04-29/logs/gurobi/test/matpower_case1354pegase_2017-09-15__lazy_bandit.log
matpower/case1354pegase,LAZY_BANDIT,matpower/case1354pegase/2017-09-15,732.0,case1354pegase,1354,2017-09-15,OPTIMAL,False,1800.0,40.666666666666664,148170000.0,110190000.0,25.6,mip_progress,False,results/paper_m4pro_fullmodes_2026-04-29/logs/gurobi/test/matpower_case1354pegase_2017-09-15__lazy_bandit.log
matpower/case1354pegase,LAZY_BANDIT,matpower/case1354pegase/2017-09-15,743.0,case1354pegase,1354,2017-09-15,OPTIMAL,False,1800.0,41.27777777777778,148170000.0,110190000.0,25.6,mip_progress,False,results/paper_m4pro_fullmodes_2026-04-29/logs/gurobi/test/matpower_case1354pegase_2017-09-15__lazy_bandit.log
matpower/case1354pegase,LAZY_BANDIT,matpower/case1354pegase/2017-09-15,753.0,case1354pegase,1354,2017-09-15,OPTIMAL,False,1800.0,41.833333333333336,148170000.0,110190000.0,25.6,mip_progress,False,results/paper_m4pro_fullmodes_2026-04-29/logs/gurobi/test/matpower_case1354pegase_2017-09-15__lazy_bandit.log
matpower/case1354pegase,LAZY_BANDIT,matpower/case1354pegase/2017-09-15,763.0,case1354pegase,1354,2017-09-15,OPTIMAL,False,1800.0,42.388888888888886,123923700.0,110190000.0,11.1,mip_progress,True,results/paper_m4pro_fullmodes_2026-04-29/logs/gurobi/test/matpower_case1354pegase_2017-09-15__lazy_bandit.log
matpower/case1354pegase,LAZY_BANDIT,matpower/case1354pegase/2017-09-15,774.0,case1354pegase,1354,2017-09-15,OPTIMAL,False,1800.0,43.0,123918700.0,110190000.0,11.1,mip_progress,True,results/paper_m4pro_fullmodes_2026-04-29/logs/gurobi/test/matpower_case1354pegase_2017-09-15__lazy_bandit.log
matpower/case1354pegase,LAZY_BANDIT,matpower/case1354pegase/2017-09-15,784.0,case1354pegase,1354,2017-09-15,OPTIMAL,False,1800.0,43.55555555555556,123920000.0,117240000.0,5.39,mip_progress,False,results/paper_m4pro_fullmodes_2026-04-29/logs/gurobi/test/matpower_case1354pegase_2017-09-15__lazy_bandit.log
matpower/case1354pegase,LAZY_BANDIT,matpower/case1354pegase/2017-09-15,787.0,case1354pegase,1354,2017-09-15,OPTIMAL,False,1800.0,43.72222222222222,123920000.0,117240000.0,5.39,mip_progress,False,results/paper_m4pro_fullmodes_2026-04-29/logs/gurobi/test/matpower_case1354pegase_2017-09-15__lazy_bandit.log
matpower/case1354pegase,LAZY_BANDIT,matpower/case1354pegase/2017-09-15,793.0,case1354pegase,1354,2017-09-15,OPTIMAL,False,1800.0,44.05555555555556,123920000.0,117330000.0,5.32,mip_progress,False,results/paper_m4pro_fullmodes_2026-04-29/logs/gurobi/test/matpower_case1354pegase_2017-09-15__lazy_bandit.log
matpower/case1354pegase,LAZY_BANDIT,matpower/case1354pegase/2017-09-15,796.0,case1354pegase,1354,2017-09-15,OPTIMAL,False,1800.0,44.22222222222222,123920000.0,117360000.0,5.29,mip_progress,False,results/paper_m4pro_fullmodes_2026-04-29/logs/gurobi/test/matpower_case1354pegase_2017-09-15__lazy_bandit.log
matpower/case1354pegase,LAZY_BANDIT,matpower/case1354pegase/2017-09-15,801.0,case1354pegase,1354,2017-09-15,OPTIMAL,False,1800.0,44.5,123920000.0,117370000.0,5.29,mip_progress,False,results/paper_m4pro_fullmodes_2026-04-29/logs/gurobi/test/matpower_case1354pegase_2017-09-15__lazy_bandit.log
matpower/case1354pegase,LAZY_BANDIT,matpower/case1354pegase/2017-09-15,806.0,case1354pegase,1354,2017-09-15,OPTIMAL,False,1800.0,44.77777777777778,123920000.0,117370000.0,5.29,mip_progress,False,results/paper_m4pro_fullmodes_2026-04-29/logs/gurobi/test/matpower_case1354pegase_2017-09-15__lazy_bandit.log
matpower/case1354pegase,LAZY_BANDIT,matpower/case1354pegase/2017-09-15,811.0,case1354pegase,1354,2017-09-15,OPTIMAL,False,1800.0,45.05555555555556,123920000.0,117370000.0,5.29,mip_progress,False,results/paper_m4pro_fullmodes_2026-04-29/logs/gurobi/test/matpower_case1354pegase_2017-09-15__lazy_bandit.log
matpower/case1354pegase,LAZY_BANDIT,matpower/case1354pegase/2017-09-15,817.0,case1354pegase,1354,2017-09-15,OPTIMAL,False,1800.0,45.388888888888886,123920000.0,117370000.0,5.29,mip_progress,False,results/paper_m4pro_fullmodes_2026-04-29/logs/gurobi/test/matpower_case1354pegase_2017-09-15__lazy_bandit.log
matpower/case1354pegase,LAZY_BANDIT,matpower/case1354pegase/2017-09-15,823.0,case1354pegase,1354,2017-09-15,OPTIMAL,False,1800.0,45.72222222222222,123920000.0,117370000.0,5.29,mip_progress,False,results/paper_m4pro_fullmodes_2026-04-29/logs/gurobi/test/matpower_case1354pegase_2017-09-15__lazy_bandit.log
matpower/case1354pegase,LAZY_BANDIT,matpower/case1354pegase/2017-09-15,829.0,case1354pegase,1354,2017-09-15,OPTIMAL,False,1800.0,46.05555555555556,123920000.0,117370000.0,5.29,mip_progress,False,results/paper_m4pro_fullmodes_2026-04-29/logs/gurobi/test/matpower_case1354pegase_2017-09-15__lazy_bandit.log
matpower/case1354pegase,LAZY_BANDIT,matpower/case1354pegase/2017-09-15,835.0,case1354pegase,1354,2017-09-15,OPTIMAL,False,1800.0,46.388888888888886,123920000.0,117370000.0,5.29,mip_progress,False,results/paper_m4pro_fullmodes_2026-04-29/logs/gurobi/test/matpower_case1354pegase_2017-09-15__lazy_bandit.log
matpower/case1354pegase,LAZY_BANDIT,matpower/case1354pegase/2017-09-15,842.0,case1354pegase,1354,2017-09-15,OPTIMAL,False,1800.0,46.77777777777778,123920000.0,117370000.0,5.29,mip_progress,False,results/paper_m4pro_fullmodes_2026-04-29/logs/gurobi/test/matpower_case1354pegase_2017-09-15__lazy_bandit.log
matpower/case1354pegase,LAZY_BANDIT,matpower/case1354pegase/2017-09-15,847.0,case1354pegase,1354,2017-09-15,OPTIMAL,False,1800.0,47.05555555555556,123920000.0,117370000.0,5.29,mip_progress,False,results/paper_m4pro_fullmodes_2026-04-29/logs/gurobi/test/matpower_case1354pegase_2017-09-15__lazy_bandit.log
matpower/case1354pegase,LAZY_BANDIT,matpower/case1354pegase/2017-09-15,854.0,case1354pegase,1354,2017-09-15,OPTIMAL,False,1800.0,47.44444444444444,123920000.0,117370000.0,5.29,mip_progress,False,results/paper_m4pro_fullmodes_2026-04-29/logs/gurobi/test/matpower_case1354pegase_2017-09-15__lazy_bandit.log
matpower/case1354pegase,LAZY_BANDIT,matpower/case1354pegase/2017-09-15,863.0,case1354pegase,1354,2017-09-15,OPTIMAL,False,1800.0,47.94444444444444,123920000.0,117370000.0,5.29,mip_progress,False,results/paper_m4pro_fullmodes_2026-04-29/logs/gurobi/test/matpower_case1354pegase_2017-09-15__lazy_bandit.log
matpower/case1354pegase,LAZY_BANDIT,matpower/case1354pegase/2017-09-15,871.0,case1354pegase,1354,2017-09-15,OPTIMAL,False,1800.0,48.388888888888886,123920000.0,117370000.0,5.29,mip_progress,False,results/paper_m4pro_fullmodes_2026-04-29/logs/gurobi/test/matpower_case1354pegase_2017-09-15__lazy_bandit.log
matpower/case1354pegase,LAZY_BANDIT,matpower/case1354pegase/2017-09-15,880.0,case1354pegase,1354,2017-09-15,OPTIMAL,False,1800.0,48.888888888888886,123920000.0,117370000.0,5.29,mip_progress,False,results/paper_m4pro_fullmodes_2026-04-29/logs/gurobi/test/matpower_case1354pegase_2017-09-15__lazy_bandit.log
matpower/case1354pegase,LAZY_BANDIT,matpower/case1354pegase/2017-09-15,888.0,case1354pegase,1354,2017-09-15,OPTIMAL,False,1800.0,49.333333333333336,123920000.0,117370000.0,5.29,mip_progress,False,results/paper_m4pro_fullmodes_2026-04-29/logs/gurobi/test/matpower_case1354pegase_2017-09-15__lazy_bandit.log
matpower/case1354pegase,LAZY_BANDIT,matpower/case1354pegase/2017-09-15,894.0,case1354pegase,1354,2017-09-15,OPTIMAL,False,1800.0,49.666666666666664,123920000.0,117370000.0,5.29,mip_progress,False,results/paper_m4pro_fullmodes_2026-04-29/logs/gurobi/test/matpower_case1354pegase_2017-09-15__lazy_bandit.log
matpower/case1354pegase,LAZY_BANDIT,matpower/case1354pegase/2017-09-15,908.0,case1354pegase,1354,2017-09-15,OPTIMAL,False,1800.0,50.44444444444444,122048100.0,117370000.0,3.84,mip_progress,True,results/paper_m4pro_fullmodes_2026-04-29/logs/gurobi/test/matpower_case1354pegase_2017-09-15__lazy_bandit.log
matpower/case1354pegase,LAZY_BANDIT,matpower/case1354pegase/2017-09-15,914.0,case1354pegase,1354,2017-09-15,OPTIMAL,False,1800.0,50.77777777777778,121716100.0,117370000.0,3.57,mip_progress,True,results/paper_m4pro_fullmodes_2026-04-29/logs/gurobi/test/matpower_case1354pegase_2017-09-15__lazy_bandit.log
matpower/case1354pegase,LAZY_BANDIT,matpower/case1354pegase/2017-09-15,920.0,case1354pegase,1354,2017-09-15,OPTIMAL,False,1800.0,51.111111111111114,121401900.0,117370000.0,3.32,mip_progress,True,results/paper_m4pro_fullmodes_2026-04-29/logs/gurobi/test/matpower_case1354pegase_2017-09-15__lazy_bandit.log
matpower/case1354pegase,LAZY_BANDIT,matpower/case1354pegase/2017-09-15,926.059552,case1354pegase,1354,2017-09-15,OPTIMAL,False,1800.0,51.44775288888889,,,3.32,result_final,False,results/paper_m4pro_fullmodes_2026-04-29/logs/gurobi/test/matpower_case1354pegase_2017-09-15__lazy_bandit.log
matpower/case1354pegase,LAZY_BANDIT,matpower/case1354pegase/2017-11-15,390.0,case1354pegase,1354,2017-11-15,TIME_LIMIT,False,1800.0,21.666666666666668,775087700.0,32532200.0,95.80277173795946,norel_heuristic,True,results/paper_m4pro_fullmodes_2026-04-29/logs/gurobi/test/matpower_case1354pegase_2017-11-15__lazy_bandit.log
matpower/case1354pegase,LAZY_BANDIT,matpower/case1354pegase/2017-11-15,419.0,case1354pegase,1354,2017-11-15,TIME_LIMIT,False,1800.0,23.27777777777778,766826400.0,32532200.0,95.75755346972926,norel_heuristic,True,results/paper_m4pro_fullmodes_2026-04-29/logs/gurobi/test/matpower_case1354pegase_2017-11-15__lazy_bandit.log
matpower/case1354pegase,LAZY_BANDIT,matpower/case1354pegase/2017-11-15,454.0,case1354pegase,1354,2017-11-15,TIME_LIMIT,False,1800.0,25.22222222222222,766579300.0,32532200.0,95.7561859549299,norel_heuristic,True,results/paper_m4pro_fullmodes_2026-04-29/logs/gurobi/test/matpower_case1354pegase_2017-11-15__lazy_bandit.log
matpower/case1354pegase,LAZY_BANDIT,matpower/case1354pegase/2017-11-15,478.0,case1354pegase,1354,2017-11-15,TIME_LIMIT,False,1800.0,26.555555555555557,754257100.0,32532200.0,95.68685531763639,norel_heuristic,True,results/paper_m4pro_fullmodes_2026-04-29/logs/gurobi/test/matpower_case1354pegase_2017-11-15__lazy_bandit.log
matpower/case1354pegase,LAZY_BANDIT,matpower/case1354pegase/2017-11-15,515.0,case1354pegase,1354,2017-11-15,TIME_LIMIT,False,1800.0,28.61111111111111,754081200.0,32532200.0,95.68584921623825,norel_heuristic,True,results/paper_m4pro_fullmodes_2026-04-29/logs/gurobi/test/matpower_case1354pegase_2017-11-15__lazy_bandit.log
matpower/case1354pegase,LAZY_BANDIT,matpower/case1354pegase/2017-11-15,522.0,case1354pegase,1354,2017-11-15,TIME_LIMIT,False,1800.0,29.0,754074000.0,32532200.0,95.68580802414617,norel_heuristic,True,results/paper_m4pro_fullmodes_2026-04-29/logs/gurobi/test/matpower_case1354pegase_2017-11-15__lazy_bandit.log
matpower/case1354pegase,LAZY_BANDIT,matpower/case1354pegase/2017-11-15,530.0,case1354pegase,1354,2017-11-15,TIME_LIMIT,False,1800.0,29.444444444444443,754068200.0,32532200.0,95.68577484105549,norel_heuristic,True,results/paper_m4pro_fullmodes_2026-04-29/logs/gurobi/test/matpower_case1354pegase_2017-11-15__lazy_bandit.log
matpower/case1354pegase,LAZY_BANDIT,matpower/case1354pegase/2017-11-15,538.0,case1354pegase,1354,2017-11-15,TIME_LIMIT,False,1800.0,29.88888888888889,754066300.0,32532200.0,95.68576397062168,norel_heuristic,True,results/paper_m4pro_fullmodes_2026-04-29/logs/gurobi/test/matpower_case1354pegase_2017-11-15__lazy_bandit.log
matpower/case1354pegase,LAZY_BANDIT,matpower/case1354pegase/2017-11-15,598.0,case1354pegase,1354,2017-11-15,TIME_LIMIT,False,1800.0,33.22222222222222,754070000.0,33250000.0,95.6,mip_progress,False,results/paper_m4pro_fullmodes_2026-04-29/logs/gurobi/test/matpower_case1354pegase_2017-11-15__lazy_bandit.log
matpower/case1354pegase,LAZY_BANDIT,matpower/case1354pegase/2017-11-15,613.0,case1354pegase,1354,2017-11-15,TIME_LIMIT,False,1800.0,34.05555555555556,754070000.0,36875000.0,95.1,mip_progress,False,results/paper_m4pro_fullmodes_2026-04-29/logs/gurobi/test/matpower_case1354pegase_2017-11-15__lazy_bandit.log
matpower/case1354pegase,LAZY_BANDIT,matpower/case1354pegase/2017-11-15,623.0,case1354pegase,1354,2017-11-15,TIME_LIMIT,False,1800.0,34.611111111111114,754070000.0,36887000.0,95.1,mip_progress,False,results/paper_m4pro_fullmodes_2026-04-29/logs/gurobi/test/matpower_case1354pegase_2017-11-15__lazy_bandit.log
matpower/case1354pegase,LAZY_BANDIT,matpower/case1354pegase/2017-11-15,635.0,case1354pegase,1354,2017-11-15,TIME_LIMIT,False,1800.0,35.27777777777778,754070000.0,36887000.0,95.1,mip_progress,False,results/paper_m4pro_fullmodes_2026-04-29/logs/gurobi/test/matpower_case1354pegase_2017-11-15__lazy_bandit.log
matpower/case1354pegase,LAZY_BANDIT,matpower/case1354pegase/2017-11-15,647.0,case1354pegase,1354,2017-11-15,TIME_LIMIT,False,1800.0,35.94444444444444,754070000.0,36887000.0,95.1,mip_progress,False,results/paper_m4pro_fullmodes_2026-04-29/logs/gurobi/test/matpower_case1354pegase_2017-11-15__lazy_bandit.log
matpower/case1354pegase,LAZY_BANDIT,matpower/case1354pegase/2017-11-15,658.0,case1354pegase,1354,2017-11-15,TIME_LIMIT,False,1800.0,36.55555555555556,754070000.0,36887000.0,95.1,mip_progress,False,results/paper_m4pro_fullmodes_2026-04-29/logs/gurobi/test/matpower_case1354pegase_2017-11-15__lazy_bandit.log
matpower/case1354pegase,LAZY_BANDIT,matpower/case1354pegase/2017-11-15,669.0,case1354pegase,1354,2017-11-15,TIME_LIMIT,False,1800.0,37.166666666666664,754070000.0,36887000.0,95.1,mip_progress,False,results/paper_m4pro_fullmodes_2026-04-29/logs/gurobi/test/matpower_case1354pegase_2017-11-15__lazy_bandit.log
matpower/case1354pegase,LAZY_BANDIT,matpower/case1354pegase/2017-11-15,682.0,case1354pegase,1354,2017-11-15,TIME_LIMIT,False,1800.0,37.888888888888886,754070000.0,95084000.0,87.4,mip_progress,False,results/paper_m4pro_fullmodes_2026-04-29/logs/gurobi/test/matpower_case1354pegase_2017-11-15__lazy_bandit.log
matpower/case1354pegase,LAZY_BANDIT,matpower/case1354pegase/2017-11-15,686.0,case1354pegase,1354,2017-11-15,TIME_LIMIT,False,1800.0,38.111111111111114,754070000.0,95131000.0,87.4,mip_progress,False,results/paper_m4pro_fullmodes_2026-04-29/logs/gurobi/test/matpower_case1354pegase_2017-11-15__lazy_bandit.log
matpower/case1354pegase,LAZY_BANDIT,matpower/case1354pegase/2017-11-15,690.0,case1354pegase,1354,2017-11-15,TIME_LIMIT,False,1800.0,38.333333333333336,754070000.0,95133000.0,87.4,mip_progress,False,results/paper_m4pro_fullmodes_2026-04-29/logs/gurobi/test/matpower_case1354pegase_2017-11-15__lazy_bandit.log
matpower/case1354pegase,LAZY_BANDIT,matpower/case1354pegase/2017-11-15,693.0,case1354pegase,1354,2017-11-15,TIME_LIMIT,False,1800.0,38.5,754070000.0,95134000.0,87.4,mip_progress,False,results/paper_m4pro_fullmodes_2026-04-29/logs/gurobi/test/matpower_case1354pegase_2017-11-15__lazy_bandit.log
matpower/case1354pegase,LAZY_BANDIT,matpower/case1354pegase/2017-11-15,694.0,case1354pegase,1354,2017-11-15,TIME_LIMIT,False,1800.0,38.55555555555556,754070000.0,95134000.0,87.4,mip_progress,False,results/paper_m4pro_fullmodes_2026-04-29/logs/gurobi/test/matpower_case1354pegase_2017-11-15__lazy_bandit.log
matpower/case1354pegase,LAZY_BANDIT,matpower/case1354pegase/2017-11-15,695.0,case1354pegase,1354,2017-11-15,TIME_LIMIT,False,1800.0,38.611111111111114,754070000.0,95134000.0,87.4,mip_progress,False,results/paper_m4pro_fullmodes_2026-04-29/logs/gurobi/test/matpower_case1354pegase_2017-11-15__lazy_bandit.log
matpower/case1354pegase,LAZY_BANDIT,matpower/case1354pegase/2017-11-15,696.0,case1354pegase,1354,2017-11-15,TIME_LIMIT,False,1800.0,38.666666666666664,754070000.0,95134000.0,87.4,mip_progress,False,results/paper_m4pro_fullmodes_2026-04-29/logs/gurobi/test/matpower_case1354pegase_2017-11-15__lazy_bandit.log
matpower/case1354pegase,LAZY_BANDIT,matpower/case1354pegase/2017-11-15,697.0,case1354pegase,1354,2017-11-15,TIME_LIMIT,False,1800.0,38.72222222222222,754070000.0,95134000.0,87.4,mip_progress,False,results/paper_m4pro_fullmodes_2026-04-29/logs/gurobi/test/matpower_case1354pegase_2017-11-15__lazy_bandit.log
matpower/case1354pegase,LAZY_BANDIT,matpower/case1354pegase/2017-11-15,709.0,case1354pegase,1354,2017-11-15,TIME_LIMIT,False,1800.0,39.388888888888886,754070000.0,95134000.0,87.4,mip_progress,False,results/paper_m4pro_fullmodes_2026-04-29/logs/gurobi/test/matpower_case1354pegase_2017-11-15__lazy_bandit.log
matpower/case1354pegase,LAZY_BANDIT,matpower/case1354pegase/2017-11-15,722.0,case1354pegase,1354,2017-11-15,TIME_LIMIT,False,1800.0,40.111111111111114,754070000.0,95134000.0,87.4,mip_progress,False,results/paper_m4pro_fullmodes_2026-04-29/logs/gurobi/test/matpower_case1354pegase_2017-11-15__lazy_bandit.log
matpower/case1354pegase,LAZY_BANDIT,matpower/case1354pegase/2017-11-15,734.0,case1354pegase,1354,2017-11-15,TIME_LIMIT,False,1800.0,40.77777777777778,754070000.0,95134000.0,87.4,mip_progress,False,results/paper_m4pro_fullmodes_2026-04-29/logs/gurobi/test/matpower_case1354pegase_2017-11-15__lazy_bandit.log
matpower/case1354pegase,LAZY_BANDIT,matpower/case1354pegase/2017-11-15,747.0,case1354pegase,1354,2017-11-15,TIME_LIMIT,False,1800.0,41.5,754070000.0,95134000.0,87.4,mip_progress,False,results/paper_m4pro_fullmodes_2026-04-29/logs/gurobi/test/matpower_case1354pegase_2017-11-15__lazy_bandit.log
matpower/case1354pegase,LAZY_BANDIT,matpower/case1354pegase/2017-11-15,760.0,case1354pegase,1354,2017-11-15,TIME_LIMIT,False,1800.0,42.22222222222222,754070000.0,95134000.0,87.4,mip_progress,False,results/paper_m4pro_fullmodes_2026-04-29/logs/gurobi/test/matpower_case1354pegase_2017-11-15__lazy_bandit.log
matpower/case1354pegase,LAZY_BANDIT,matpower/case1354pegase/2017-11-15,774.0,case1354pegase,1354,2017-11-15,TIME_LIMIT,False,1800.0,43.0,754070000.0,95134000.0,87.4,mip_progress,False,results/paper_m4pro_fullmodes_2026-04-29/logs/gurobi/test/matpower_case1354pegase_2017-11-15__lazy_bandit.log
matpower/case1354pegase,LAZY_BANDIT,matpower/case1354pegase/2017-11-15,786.0,case1354pegase,1354,2017-11-15,TIME_LIMIT,False,1800.0,43.666666666666664,754070000.0,95134000.0,87.4,mip_progress,False,results/paper_m4pro_fullmodes_2026-04-29/logs/gurobi/test/matpower_case1354pegase_2017-11-15__lazy_bandit.log
matpower/case1354pegase,LAZY_BANDIT,matpower/case1354pegase/2017-11-15,799.0,case1354pegase,1354,2017-11-15,TIME_LIMIT,False,1800.0,44.388888888888886,754070000.0,95134000.0,87.4,mip_progress,False,results/paper_m4pro_fullmodes_2026-04-29/logs/gurobi/test/matpower_case1354pegase_2017-11-15__lazy_bandit.log
matpower/case1354pegase,LAZY_BANDIT,matpower/case1354pegase/2017-11-15,812.0,case1354pegase,1354,2017-11-15,TIME_LIMIT,False,1800.0,45.111111111111114,754070000.0,95134000.0,87.4,mip_progress,False,results/paper_m4pro_fullmodes_2026-04-29/logs/gurobi/test/matpower_case1354pegase_2017-11-15__lazy_bandit.log
matpower/case1354pegase,LAZY_BANDIT,matpower/case1354pegase/2017-11-15,824.0,case1354pegase,1354,2017-11-15,TIME_LIMIT,False,1800.0,45.77777777777778,754070000.0,95134000.0,87.4,mip_progress,False,results/paper_m4pro_fullmodes_2026-04-29/logs/gurobi/test/matpower_case1354pegase_2017-11-15__lazy_bandit.log
matpower/case1354pegase,LAZY_BANDIT,matpower/case1354pegase/2017-11-15,838.0,case1354pegase,1354,2017-11-15,TIME_LIMIT,False,1800.0,46.55555555555556,754070000.0,104050000.0,86.2,mip_progress,False,results/paper_m4pro_fullmodes_2026-04-29/logs/gurobi/test/matpower_case1354pegase_2017-11-15__lazy_bandit.log
matpower/case1354pegase,LAZY_BANDIT,matpower/case1354pegase/2017-11-15,845.0,case1354pegase,1354,2017-11-15,TIME_LIMIT,False,1800.0,46.94444444444444,754070000.0,104060000.0,86.2,mip_progress,False,results/paper_m4pro_fullmodes_2026-04-29/logs/gurobi/test/matpower_case1354pegase_2017-11-15__lazy_bandit.log
matpower/case1354pegase,LAZY_BANDIT,matpower/case1354pegase/2017-11-15,854.0,case1354pegase,1354,2017-11-15,TIME_LIMIT,False,1800.0,47.44444444444444,754070000.0,104080000.0,86.2,mip_progress,False,results/paper_m4pro_fullmodes_2026-04-29/logs/gurobi/test/matpower_case1354pegase_2017-11-15__lazy_bandit.log
matpower/case1354pegase,LAZY_BANDIT,matpower/case1354pegase/2017-11-15,865.0,case1354pegase,1354,2017-11-15,TIME_LIMIT,False,1800.0,48.05555555555556,754070000.0,104160000.0,86.2,mip_progress,False,results/paper_m4pro_fullmodes_2026-04-29/logs/gurobi/test/matpower_case1354pegase_2017-11-15__lazy_bandit.log
matpower/case1354pegase,LAZY_BANDIT,matpower/case1354pegase/2017-11-15,874.0,case1354pegase,1354,2017-11-15,TIME_LIMIT,False,1800.0,48.55555555555556,754070000.0,104280000.0,86.2,mip_progress,False,results/paper_m4pro_fullmodes_2026-04-29/logs/gurobi/test/matpower_case1354pegase_2017-11-15__lazy_bandit.log
matpower/case1354pegase,LAZY_BANDIT,matpower/case1354pegase/2017-11-15,883.0,case1354pegase,1354,2017-11-15,TIME_LIMIT,False,1800.0,49.05555555555556,754070000.0,104320000.0,86.2,mip_progress,False,results/paper_m4pro_fullmodes_2026-04-29/logs/gurobi/test/matpower_case1354pegase_2017-11-15__lazy_bandit.log
matpower/case1354pegase,LAZY_BANDIT,matpower/case1354pegase/2017-11-15,892.0,case1354pegase,1354,2017-11-15,TIME_LIMIT,False,1800.0,49.55555555555556,754070000.0,104320000.0,86.2,mip_progress,False,results/paper_m4pro_fullmodes_2026-04-29/logs/gurobi/test/matpower_case1354pegase_2017-11-15__lazy_bandit.log
matpower/case1354pegase,LAZY_BANDIT,matpower/case1354pegase/2017-11-15,900.0,case1354pegase,1354,2017-11-15,TIME_LIMIT,False,1800.0,50.0,754070000.0,104320000.0,86.2,mip_progress,False,results/paper_m4pro_fullmodes_2026-04-29/logs/gurobi/test/matpower_case1354pegase_2017-11-15__lazy_bandit.log
matpower/case1354pegase,LAZY_BANDIT,matpower/case1354pegase/2017-11-15,917.0,case1354pegase,1354,2017-11-15,TIME_LIMIT,False,1800.0,50.94444444444444,754070000.0,104320000.0,86.2,mip_progress,False,results/paper_m4pro_fullmodes_2026-04-29/logs/gurobi/test/matpower_case1354pegase_2017-11-15__lazy_bandit.log
matpower/case1354pegase,LAZY_BANDIT,matpower/case1354pegase/2017-11-15,930.0,case1354pegase,1354,2017-11-15,TIME_LIMIT,False,1800.0,51.666666666666664,754070000.0,104320000.0,86.2,mip_progress,False,results/paper_m4pro_fullmodes_2026-04-29/logs/gurobi/test/matpower_case1354pegase_2017-11-15__lazy_bandit.log
matpower/case1354pegase,LAZY_BANDIT,matpower/case1354pegase/2017-11-15,936.0,case1354pegase,1354,2017-11-15,TIME_LIMIT,False,1800.0,52.0,754070000.0,104320000.0,86.2,mip_progress,False,results/paper_m4pro_fullmodes_2026-04-29/logs/gurobi/test/matpower_case1354pegase_2017-11-15__lazy_bandit.log
matpower/case1354pegase,LAZY_BANDIT,matpower/case1354pegase/2017-11-15,948.0,case1354pegase,1354,2017-11-15,TIME_LIMIT,False,1800.0,52.666666666666664,754070000.0,104320000.0,86.2,mip_progress,False,results/paper_m4pro_fullmodes_2026-04-29/logs/gurobi/test/matpower_case1354pegase_2017-11-15__lazy_bandit.log
matpower/case1354pegase,LAZY_BANDIT,matpower/case1354pegase/2017-11-15,954.0,case1354pegase,1354,2017-11-15,TIME_LIMIT,False,1800.0,53.0,754070000.0,104320000.0,86.2,mip_progress,False,results/paper_m4pro_fullmodes_2026-04-29/logs/gurobi/test/matpower_case1354pegase_2017-11-15__lazy_bandit.log
matpower/case1354pegase,LAZY_BANDIT,matpower/case1354pegase/2017-11-15,967.0,case1354pegase,1354,2017-11-15,TIME_LIMIT,False,1800.0,53.72222222222222,754070000.0,104320000.0,86.2,mip_progress,False,results/paper_m4pro_fullmodes_2026-04-29/logs/gurobi/test/matpower_case1354pegase_2017-11-15__lazy_bandit.log
matpower/case1354pegase,LAZY_BANDIT,matpower/case1354pegase/2017-11-15,977.0,case1354pegase,1354,2017-11-15,TIME_LIMIT,False,1800.0,54.27777777777778,754070000.0,104320000.0,86.2,mip_progress,False,results/paper_m4pro_fullmodes_2026-04-29/logs/gurobi/test/matpower_case1354pegase_2017-11-15__lazy_bandit.log
matpower/case1354pegase,LAZY_BANDIT,matpower/case1354pegase/2017-11-15,988.0,case1354pegase,1354,2017-11-15,TIME_LIMIT,False,1800.0,54.888888888888886,754070000.0,104320000.0,86.2,mip_progress,False,results/paper_m4pro_fullmodes_2026-04-29/logs/gurobi/test/matpower_case1354pegase_2017-11-15__lazy_bandit.log
matpower/case1354pegase,LAZY_BANDIT,matpower/case1354pegase/2017-11-15,999.0,case1354pegase,1354,2017-11-15,TIME_LIMIT,False,1800.0,55.5,754070000.0,104320000.0,86.2,mip_progress,False,results/paper_m4pro_fullmodes_2026-04-29/logs/gurobi/test/matpower_case1354pegase_2017-11-15__lazy_bandit.log
matpower/case1354pegase,LAZY_BANDIT,matpower/case1354pegase/2017-11-15,1006.0,case1354pegase,1354,2017-11-15,TIME_LIMIT,False,1800.0,55.888888888888886,280626900.0,104320000.0,62.8,mip_progress,True,results/paper_m4pro_fullmodes_2026-04-29/logs/gurobi/test/matpower_case1354pegase_2017-11-15__lazy_bandit.log
matpower/case1354pegase,LAZY_BANDIT,matpower/case1354pegase/2017-11-15,1024.0,case1354pegase,1354,2017-11-15,TIME_LIMIT,False,1800.0,56.888888888888886,280613900.0,104320000.0,62.8,mip_progress,True,results/paper_m4pro_fullmodes_2026-04-29/logs/gurobi/test/matpower_case1354pegase_2017-11-15__lazy_bandit.log
matpower/case1354pegase,LAZY_BANDIT,matpower/case1354pegase/2017-11-15,1032.0,case1354pegase,1354,2017-11-15,TIME_LIMIT,False,1800.0,57.333333333333336,280610000.0,104320000.0,62.8,mip_progress,False,results/paper_m4pro_fullmodes_2026-04-29/logs/gurobi/test/matpower_case1354pegase_2017-11-15__lazy_bandit.log
matpower/case1354pegase,LAZY_BANDIT,matpower/case1354pegase/2017-11-15,1041.0,case1354pegase,1354,2017-11-15,TIME_LIMIT,False,1800.0,57.833333333333336,280610000.0,104320000.0,62.8,mip_progress,False,results/paper_m4pro_fullmodes_2026-04-29/logs/gurobi/test/matpower_case1354pegase_2017-11-15__lazy_bandit.log
matpower/case1354pegase,LAZY_BANDIT,matpower/case1354pegase/2017-11-15,1047.0,case1354pegase,1354,2017-11-15,TIME_LIMIT,False,1800.0,58.166666666666664,280610000.0,104320000.0,62.8,mip_progress,False,results/paper_m4pro_fullmodes_2026-04-29/logs/gurobi/test/matpower_case1354pegase_2017-11-15__lazy_bandit.log
matpower/case1354pegase,LAZY_BANDIT,matpower/case1354pegase/2017-11-15,1064.0,case1354pegase,1354,2017-11-15,TIME_LIMIT,False,1800.0,59.111111111111114,280610000.0,104320000.0,62.8,mip_progress,False,results/paper_m4pro_fullmodes_2026-04-29/logs/gurobi/test/matpower_case1354pegase_2017-11-15__lazy_bandit.log
matpower/case1354pegase,LAZY_BANDIT,matpower/case1354pegase/2017-11-15,1074.0,case1354pegase,1354,2017-11-15,TIME_LIMIT,False,1800.0,59.666666666666664,280610000.0,104320000.0,62.8,mip_progress,False,results/paper_m4pro_fullmodes_2026-04-29/logs/gurobi/test/matpower_case1354pegase_2017-11-15__lazy_bandit.log
matpower/case1354pegase,LAZY_BANDIT,matpower/case1354pegase/2017-11-15,1080.0,case1354pegase,1354,2017-11-15,TIME_LIMIT,False,1800.0,60.0,280610000.0,104320000.0,62.8,mip_progress,False,results/paper_m4pro_fullmodes_2026-04-29/logs/gurobi/test/matpower_case1354pegase_2017-11-15__lazy_bandit.log
matpower/case1354pegase,LAZY_BANDIT,matpower/case1354pegase/2017-11-15,1090.0,case1354pegase,1354,2017-11-15,TIME_LIMIT,False,1800.0,60.55555555555556,280610000.0,104320000.0,62.8,mip_progress,False,results/paper_m4pro_fullmodes_2026-04-29/logs/gurobi/test/matpower_case1354pegase_2017-11-15__lazy_bandit.log
matpower/case1354pegase,LAZY_BANDIT,matpower/case1354pegase/2017-11-15,1097.0,case1354pegase,1354,2017-11-15,TIME_LIMIT,False,1800.0,60.94444444444444,270676800.0,104320000.0,61.5,mip_progress,True,results/paper_m4pro_fullmodes_2026-04-29/logs/gurobi/test/matpower_case1354pegase_2017-11-15__lazy_bandit.log
matpower/case1354pegase,LAZY_BANDIT,matpower/case1354pegase/2017-11-15,1112.0,case1354pegase,1354,2017-11-15,TIME_LIMIT,False,1800.0,61.77777777777778,270650400.0,104320000.0,61.5,mip_progress,True,results/paper_m4pro_fullmodes_2026-04-29/logs/gurobi/test/matpower_case1354pegase_2017-11-15__lazy_bandit.log
matpower/case1354pegase,LAZY_BANDIT,matpower/case1354pegase/2017-11-15,1120.0,case1354pegase,1354,2017-11-15,TIME_LIMIT,False,1800.0,62.22222222222222,270650000.0,104320000.0,61.5,mip_progress,False,results/paper_m4pro_fullmodes_2026-04-29/logs/gurobi/test/matpower_case1354pegase_2017-11-15__lazy_bandit.log
matpower/case1354pegase,LAZY_BANDIT,matpower/case1354pegase/2017-11-15,1128.0,case1354pegase,1354,2017-11-15,TIME_LIMIT,False,1800.0,62.666666666666664,270650000.0,104320000.0,61.5,mip_progress,False,results/paper_m4pro_fullmodes_2026-04-29/logs/gurobi/test/matpower_case1354pegase_2017-11-15__lazy_bandit.log
matpower/case1354pegase,LAZY_BANDIT,matpower/case1354pegase/2017-11-15,1145.0,case1354pegase,1354,2017-11-15,TIME_LIMIT,False,1800.0,63.611111111111114,270650000.0,104320000.0,61.5,mip_progress,False,results/paper_m4pro_fullmodes_2026-04-29/logs/gurobi/test/matpower_case1354pegase_2017-11-15__lazy_bandit.log
matpower/case1354pegase,LAZY_BANDIT,matpower/case1354pegase/2017-11-15,1154.0,case1354pegase,1354,2017-11-15,TIME_LIMIT,False,1800.0,64.11111111111111,270650000.0,104320000.0,61.5,mip_progress,False,results/paper_m4pro_fullmodes_2026-04-29/logs/gurobi/test/matpower_case1354pegase_2017-11-15__lazy_bandit.log
matpower/case1354pegase,LAZY_BANDIT,matpower/case1354pegase/2017-11-15,1160.0,case1354pegase,1354,2017-11-15,TIME_LIMIT,False,1800.0,64.44444444444444,270376600.0,104320000.0,61.4,mip_progress,True,results/paper_m4pro_fullmodes_2026-04-29/logs/gurobi/test/matpower_case1354pegase_2017-11-15__lazy_bandit.log
matpower/case1354pegase,LAZY_BANDIT,matpower/case1354pegase/2017-11-15,1176.0,case1354pegase,1354,2017-11-15,TIME_LIMIT,False,1800.0,65.33333333333333,270380000.0,104320000.0,61.4,mip_progress,False,results/paper_m4pro_fullmodes_2026-04-29/logs/gurobi/test/matpower_case1354pegase_2017-11-15__lazy_bandit.log
matpower/case1354pegase,LAZY_BANDIT,matpower/case1354pegase/2017-11-15,1194.0,case1354pegase,1354,2017-11-15,TIME_LIMIT,False,1800.0,66.33333333333333,270380000.0,104320000.0,61.4,mip_progress,False,results/paper_m4pro_fullmodes_2026-04-29/logs/gurobi/test/matpower_case1354pegase_2017-11-15__lazy_bandit.log
matpower/case1354pegase,LAZY_BANDIT,matpower/case1354pegase/2017-11-15,1200.0,case1354pegase,1354,2017-11-15,TIME_LIMIT,False,1800.0,66.66666666666667,267337200.0,104320000.0,61.0,mip_progress,True,results/paper_m4pro_fullmodes_2026-04-29/logs/gurobi/test/matpower_case1354pegase_2017-11-15__lazy_bandit.log
matpower/case1354pegase,LAZY_BANDIT,matpower/case1354pegase/2017-11-15,1218.0,case1354pegase,1354,2017-11-15,TIME_LIMIT,False,1800.0,67.66666666666667,267340000.0,104320000.0,61.0,mip_progress,False,results/paper_m4pro_fullmodes_2026-04-29/logs/gurobi/test/matpower_case1354pegase_2017-11-15__lazy_bandit.log
matpower/case1354pegase,LAZY_BANDIT,matpower/case1354pegase/2017-11-15,1229.0,case1354pegase,1354,2017-11-15,TIME_LIMIT,False,1800.0,68.27777777777777,267340000.0,104320000.0,61.0,mip_progress,False,results/paper_m4pro_fullmodes_2026-04-29/logs/gurobi/test/matpower_case1354pegase_2017-11-15__lazy_bandit.log
matpower/case1354pegase,LAZY_BANDIT,matpower/case1354pegase/2017-11-15,1239.0,case1354pegase,1354,2017-11-15,TIME_LIMIT,False,1800.0,68.83333333333333,267340000.0,104320000.0,61.0,mip_progress,False,results/paper_m4pro_fullmodes_2026-04-29/logs/gurobi/test/matpower_case1354pegase_2017-11-15__lazy_bandit.log
matpower/case1354pegase,LAZY_BANDIT,matpower/case1354pegase/2017-11-15,1249.0,case1354pegase,1354,2017-11-15,TIME_LIMIT,False,1800.0,69.38888888888889,267340000.0,104320000.0,61.0,mip_progress,False,results/paper_m4pro_fullmodes_2026-04-29/logs/gurobi/test/matpower_case1354pegase_2017-11-15__lazy_bandit.log
matpower/case1354pegase,LAZY_BANDIT,matpower/case1354pegase/2017-11-15,1261.0,case1354pegase,1354,2017-11-15,TIME_LIMIT,False,1800.0,70.05555555555556,267340000.0,104320000.0,61.0,mip_progress,False,results/paper_m4pro_fullmodes_2026-04-29/logs/gurobi/test/matpower_case1354pegase_2017-11-15__lazy_bandit.log
matpower/case1354pegase,LAZY_BANDIT,matpower/case1354pegase/2017-11-15,1273.0,case1354pegase,1354,2017-11-15,TIME_LIMIT,False,1800.0,70.72222222222223,267340000.0,104320000.0,61.0,mip_progress,False,results/paper_m4pro_fullmodes_2026-04-29/logs/gurobi/test/matpower_case1354pegase_2017-11-15__lazy_bandit.log
matpower/case1354pegase,LAZY_BANDIT,matpower/case1354pegase/2017-11-15,1285.0,case1354pegase,1354,2017-11-15,TIME_LIMIT,False,1800.0,71.38888888888889,267340000.0,104320000.0,61.0,mip_progress,False,results/paper_m4pro_fullmodes_2026-04-29/logs/gurobi/test/matpower_case1354pegase_2017-11-15__lazy_bandit.log
matpower/case1354pegase,LAZY_BANDIT,matpower/case1354pegase/2017-11-15,1294.0,case1354pegase,1354,2017-11-15,TIME_LIMIT,False,1800.0,71.88888888888889,267340000.0,104320000.0,61.0,mip_progress,False,results/paper_m4pro_fullmodes_2026-04-29/logs/gurobi/test/matpower_case1354pegase_2017-11-15__lazy_bandit.log
matpower/case1354pegase,LAZY_BANDIT,matpower/case1354pegase/2017-11-15,1304.0,case1354pegase,1354,2017-11-15,TIME_LIMIT,False,1800.0,72.44444444444444,267340000.0,104320000.0,61.0,mip_progress,False,results/paper_m4pro_fullmodes_2026-04-29/logs/gurobi/test/matpower_case1354pegase_2017-11-15__lazy_bandit.log
matpower/case1354pegase,LAZY_BANDIT,matpower/case1354pegase/2017-11-15,1317.0,case1354pegase,1354,2017-11-15,TIME_LIMIT,False,1800.0,73.16666666666667,267340000.0,104320000.0,61.0,mip_progress,False,results/paper_m4pro_fullmodes_2026-04-29/logs/gurobi/test/matpower_case1354pegase_2017-11-15__lazy_bandit.log
matpower/case1354pegase,LAZY_BANDIT,matpower/case1354pegase/2017-11-15,1326.0,case1354pegase,1354,2017-11-15,TIME_LIMIT,False,1800.0,73.66666666666667,267340000.0,104320000.0,61.0,mip_progress,False,results/paper_m4pro_fullmodes_2026-04-29/logs/gurobi/test/matpower_case1354pegase_2017-11-15__lazy_bandit.log
matpower/case1354pegase,LAZY_BANDIT,matpower/case1354pegase/2017-11-15,1337.0,case1354pegase,1354,2017-11-15,TIME_LIMIT,False,1800.0,74.27777777777777,267340000.0,104320000.0,61.0,mip_progress,False,results/paper_m4pro_fullmodes_2026-04-29/logs/gurobi/test/matpower_case1354pegase_2017-11-15__lazy_bandit.log
matpower/case1354pegase,LAZY_BANDIT,matpower/case1354pegase/2017-11-15,1348.0,case1354pegase,1354,2017-11-15,TIME_LIMIT,False,1800.0,74.88888888888889,267340000.0,104320000.0,61.0,mip_progress,False,results/paper_m4pro_fullmodes_2026-04-29/logs/gurobi/test/matpower_case1354pegase_2017-11-15__lazy_bandit.log
matpower/case1354pegase,LAZY_BANDIT,matpower/case1354pegase/2017-11-15,1361.0,case1354pegase,1354,2017-11-15,TIME_LIMIT,False,1800.0,75.61111111111111,267340000.0,104320000.0,61.0,mip_progress,False,results/paper_m4pro_fullmodes_2026-04-29/logs/gurobi/test/matpower_case1354pegase_2017-11-15__lazy_bandit.log
matpower/case1354pegase,LAZY_BANDIT,matpower/case1354pegase/2017-11-15,1375.0,case1354pegase,1354,2017-11-15,TIME_LIMIT,False,1800.0,76.38888888888889,267340000.0,104320000.0,61.0,mip_progress,False,results/paper_m4pro_fullmodes_2026-04-29/logs/gurobi/test/matpower_case1354pegase_2017-11-15__lazy_bandit.log
matpower/case1354pegase,LAZY_BANDIT,matpower/case1354pegase/2017-11-15,1384.0,case1354pegase,1354,2017-11-15,TIME_LIMIT,False,1800.0,76.88888888888889,267340000.0,104320000.0,61.0,mip_progress,False,results/paper_m4pro_fullmodes_2026-04-29/logs/gurobi/test/matpower_case1354pegase_2017-11-15__lazy_bandit.log
matpower/case1354pegase,LAZY_BANDIT,matpower/case1354pegase/2017-11-15,1395.0,case1354pegase,1354,2017-11-15,TIME_LIMIT,False,1800.0,77.5,267340000.0,104320000.0,61.0,mip_progress,False,results/paper_m4pro_fullmodes_2026-04-29/logs/gurobi/test/matpower_case1354pegase_2017-11-15__lazy_bandit.log
matpower/case1354pegase,LAZY_BANDIT,matpower/case1354pegase/2017-11-15,1410.0,case1354pegase,1354,2017-11-15,TIME_LIMIT,False,1800.0,78.33333333333333,267340000.0,104320000.0,61.0,mip_progress,False,results/paper_m4pro_fullmodes_2026-04-29/logs/gurobi/test/matpower_case1354pegase_2017-11-15__lazy_bandit.log
matpower/case1354pegase,LAZY_BANDIT,matpower/case1354pegase/2017-11-15,1417.0,case1354pegase,1354,2017-11-15,TIME_LIMIT,False,1800.0,78.72222222222223,267340000.0,104320000.0,61.0,mip_progress,False,results/paper_m4pro_fullmodes_2026-04-29/logs/gurobi/test/matpower_case1354pegase_2017-11-15__lazy_bandit.log
matpower/case1354pegase,LAZY_BANDIT,matpower/case1354pegase/2017-11-15,1428.0,case1354pegase,1354,2017-11-15,TIME_LIMIT,False,1800.0,79.33333333333333,267340000.0,104320000.0,61.0,mip_progress,False,results/paper_m4pro_fullmodes_2026-04-29/logs/gurobi/test/matpower_case1354pegase_2017-11-15__lazy_bandit.log
matpower/case1354pegase,LAZY_BANDIT,matpower/case1354pegase/2017-11-15,1439.0,case1354pegase,1354,2017-11-15,TIME_LIMIT,False,1800.0,79.94444444444444,267340000.0,104320000.0,61.0,mip_progress,False,results/paper_m4pro_fullmodes_2026-04-29/logs/gurobi/test/matpower_case1354pegase_2017-11-15__lazy_bandit.log
matpower/case1354pegase,LAZY_BANDIT,matpower/case1354pegase/2017-11-15,1452.0,case1354pegase,1354,2017-11-15,TIME_LIMIT,False,1800.0,80.66666666666667,267340000.0,104320000.0,61.0,mip_progress,False,results/paper_m4pro_fullmodes_2026-04-29/logs/gurobi/test/matpower_case1354pegase_2017-11-15__lazy_bandit.log
matpower/case1354pegase,LAZY_BANDIT,matpower/case1354pegase/2017-11-15,1463.0,case1354pegase,1354,2017-11-15,TIME_LIMIT,False,1800.0,81.27777777777777,267340000.0,104320000.0,61.0,mip_progress,False,results/paper_m4pro_fullmodes_2026-04-29/logs/gurobi/test/matpower_case1354pegase_2017-11-15__lazy_bandit.log
matpower/case1354pegase,LAZY_BANDIT,matpower/case1354pegase/2017-11-15,1479.0,case1354pegase,1354,2017-11-15,TIME_LIMIT,False,1800.0,82.16666666666667,267340000.0,104320000.0,61.0,mip_progress,False,results/paper_m4pro_fullmodes_2026-04-29/logs/gurobi/test/matpower_case1354pegase_2017-11-15__lazy_bandit.log
matpower/case1354pegase,LAZY_BANDIT,matpower/case1354pegase/2017-11-15,1485.0,case1354pegase,1354,2017-11-15,TIME_LIMIT,False,1800.0,82.5,267340000.0,104320000.0,61.0,mip_progress,False,results/paper_m4pro_fullmodes_2026-04-29/logs/gurobi/test/matpower_case1354pegase_2017-11-15__lazy_bandit.log
matpower/case1354pegase,LAZY_BANDIT,matpower/case1354pegase/2017-11-15,1498.0,case1354pegase,1354,2017-11-15,TIME_LIMIT,False,1800.0,83.22222222222223,267340000.0,104320000.0,61.0,mip_progress,False,results/paper_m4pro_fullmodes_2026-04-29/logs/gurobi/test/matpower_case1354pegase_2017-11-15__lazy_bandit.log
matpower/case1354pegase,LAZY_BANDIT,matpower/case1354pegase/2017-11-15,1511.0,case1354pegase,1354,2017-11-15,TIME_LIMIT,False,1800.0,83.94444444444444,267340000.0,104320000.0,61.0,mip_progress,False,results/paper_m4pro_fullmodes_2026-04-29/logs/gurobi/test/matpower_case1354pegase_2017-11-15__lazy_bandit.log
matpower/case1354pegase,LAZY_BANDIT,matpower/case1354pegase/2017-11-15,1525.0,case1354pegase,1354,2017-11-15,TIME_LIMIT,False,1800.0,84.72222222222223,267340000.0,104320000.0,61.0,mip_progress,False,results/paper_m4pro_fullmodes_2026-04-29/logs/gurobi/test/matpower_case1354pegase_2017-11-15__lazy_bandit.log
matpower/case1354pegase,LAZY_BANDIT,matpower/case1354pegase/2017-11-15,1540.0,case1354pegase,1354,2017-11-15,TIME_LIMIT,False,1800.0,85.55555555555556,267340000.0,104320000.0,61.0,mip_progress,False,results/paper_m4pro_fullmodes_2026-04-29/logs/gurobi/test/matpower_case1354pegase_2017-11-15__lazy_bandit.log
matpower/case1354pegase,LAZY_BANDIT,matpower/case1354pegase/2017-11-15,1547.0,case1354pegase,1354,2017-11-15,TIME_LIMIT,False,1800.0,85.94444444444444,267340000.0,104320000.0,61.0,mip_progress,False,results/paper_m4pro_fullmodes_2026-04-29/logs/gurobi/test/matpower_case1354pegase_2017-11-15__lazy_bandit.log
matpower/case1354pegase,LAZY_BANDIT,matpower/case1354pegase/2017-11-15,1561.0,case1354pegase,1354,2017-11-15,TIME_LIMIT,False,1800.0,86.72222222222223,267340000.0,104320000.0,61.0,mip_progress,False,results/paper_m4pro_fullmodes_2026-04-29/logs/gurobi/test/matpower_case1354pegase_2017-11-15__lazy_bandit.log
matpower/case1354pegase,LAZY_BANDIT,matpower/case1354pegase/2017-11-15,1576.0,case1354pegase,1354,2017-11-15,TIME_LIMIT,False,1800.0,87.55555555555556,267340000.0,104320000.0,61.0,mip_progress,False,results/paper_m4pro_fullmodes_2026-04-29/logs/gurobi/test/matpower_case1354pegase_2017-11-15__lazy_bandit.log
matpower/case1354pegase,LAZY_BANDIT,matpower/case1354pegase/2017-11-15,1592.0,case1354pegase,1354,2017-11-15,TIME_LIMIT,False,1800.0,88.44444444444444,267340000.0,104320000.0,61.0,mip_progress,False,results/paper_m4pro_fullmodes_2026-04-29/logs/gurobi/test/matpower_case1354pegase_2017-11-15__lazy_bandit.log
matpower/case1354pegase,LAZY_BANDIT,matpower/case1354pegase/2017-11-15,1617.0,case1354pegase,1354,2017-11-15,TIME_LIMIT,False,1800.0,89.83333333333333,267340000.0,104320000.0,61.0,mip_progress,False,results/paper_m4pro_fullmodes_2026-04-29/logs/gurobi/test/matpower_case1354pegase_2017-11-15__lazy_bandit.log
matpower/case1354pegase,LAZY_BANDIT,matpower/case1354pegase/2017-11-15,1637.0,case1354pegase,1354,2017-11-15,TIME_LIMIT,False,1800.0,90.94444444444444,267340000.0,104320000.0,61.0,mip_progress,False,results/paper_m4pro_fullmodes_2026-04-29/logs/gurobi/test/matpower_case1354pegase_2017-11-15__lazy_bandit.log
matpower/case1354pegase,LAZY_BANDIT,matpower/case1354pegase/2017-11-15,1644.0,case1354pegase,1354,2017-11-15,TIME_LIMIT,False,1800.0,91.33333333333333,267340000.0,104320000.0,61.0,mip_progress,False,results/paper_m4pro_fullmodes_2026-04-29/logs/gurobi/test/matpower_case1354pegase_2017-11-15__lazy_bandit.log
matpower/case1354pegase,LAZY_BANDIT,matpower/case1354pegase/2017-11-15,1676.0,case1354pegase,1354,2017-11-15,TIME_LIMIT,False,1800.0,93.11111111111111,267340000.0,104320000.0,61.0,mip_progress,False,results/paper_m4pro_fullmodes_2026-04-29/logs/gurobi/test/matpower_case1354pegase_2017-11-15__lazy_bandit.log
matpower/case1354pegase,LAZY_BANDIT,matpower/case1354pegase/2017-11-15,1705.0,case1354pegase,1354,2017-11-15,TIME_LIMIT,False,1800.0,94.72222222222223,267340000.0,104320000.0,61.0,mip_progress,False,results/paper_m4pro_fullmodes_2026-04-29/logs/gurobi/test/matpower_case1354pegase_2017-11-15__lazy_bandit.log
matpower/case1354pegase,LAZY_BANDIT,matpower/case1354pegase/2017-11-15,1731.0,case1354pegase,1354,2017-11-15,TIME_LIMIT,False,1800.0,96.16666666666667,267340000.0,104320000.0,61.0,mip_progress,False,results/paper_m4pro_fullmodes_2026-04-29/logs/gurobi/test/matpower_case1354pegase_2017-11-15__lazy_bandit.log
matpower/case1354pegase,LAZY_BANDIT,matpower/case1354pegase/2017-11-15,1757.0,case1354pegase,1354,2017-11-15,TIME_LIMIT,False,1800.0,97.61111111111111,267340000.0,104320000.0,61.0,mip_progress,False,results/paper_m4pro_fullmodes_2026-04-29/logs/gurobi/test/matpower_case1354pegase_2017-11-15__lazy_bandit.log
matpower/case1354pegase,LAZY_BANDIT,matpower/case1354pegase/2017-11-15,1783.0,case1354pegase,1354,2017-11-15,TIME_LIMIT,False,1800.0,99.05555555555556,173924500.0,104320000.0,40.0,mip_progress,True,results/paper_m4pro_fullmodes_2026-04-29/logs/gurobi/test/matpower_case1354pegase_2017-11-15__lazy_bandit.log
matpower/case1354pegase,LAZY_BANDIT,matpower/case1354pegase/2017-11-15,1790.0,case1354pegase,1354,2017-11-15,TIME_LIMIT,False,1800.0,99.44444444444444,173920000.0,104320000.0,40.0,mip_progress,False,results/paper_m4pro_fullmodes_2026-04-29/logs/gurobi/test/matpower_case1354pegase_2017-11-15__lazy_bandit.log
matpower/case1354pegase,LAZY_BANDIT,matpower/case1354pegase/2017-11-15,1800.0,case1354pegase,1354,2017-11-15,TIME_LIMIT,False,1800.0,100.0,173920000.0,104320000.0,40.0,mip_progress,False,results/paper_m4pro_fullmodes_2026-04-29/logs/gurobi/test/matpower_case1354pegase_2017-11-15__lazy_bandit.log
matpower/case1354pegase,LAZY_BANDIT,matpower/case1354pegase/2017-11-15,1805.299289,case1354pegase,1354,2017-11-15,TIME_LIMIT,False,1800.0,100.29440494444444,,,40.0,result_final,False,results/paper_m4pro_fullmodes_2026-04-29/logs/gurobi/test/matpower_case1354pegase_2017-11-15__lazy_bandit.log
matpower/case1354pegase,LAZY_COMMIT_HINTS,matpower/case1354pegase/2017-01-15,820.0,case1354pegase,1354,2017-01-15,TIME_LIMIT,True,1800.0,45.55555555555556,383430200.0,155710000.0,59.4,mip_progress,True,results/paper_m4pro_fullmodes_2026-04-29/logs/gurobi/test/matpower_case1354pegase_2017-01-15__lazy_commit_hints.log
matpower/case1354pegase,LAZY_COMMIT_HINTS,matpower/case1354pegase/2017-01-15,980.0,case1354pegase,1354,2017-01-15,TIME_LIMIT,True,1800.0,54.44444444444444,383430000.0,185740000.0,51.6,mip_progress,False,results/paper_m4pro_fullmodes_2026-04-29/logs/gurobi/test/matpower_case1354pegase_2017-01-15__lazy_commit_hints.log
matpower/case1354pegase,LAZY_COMMIT_HINTS,matpower/case1354pegase/2017-01-15,1020.0,case1354pegase,1354,2017-01-15,TIME_LIMIT,True,1800.0,56.666666666666664,383430000.0,185740000.0,51.6,mip_progress,False,results/paper_m4pro_fullmodes_2026-04-29/logs/gurobi/test/matpower_case1354pegase_2017-01-15__lazy_commit_hints.log
matpower/case1354pegase,LAZY_COMMIT_HINTS,matpower/case1354pegase/2017-01-15,1075.0,case1354pegase,1354,2017-01-15,TIME_LIMIT,True,1800.0,59.72222222222222,383430000.0,185740000.0,51.6,mip_progress,False,results/paper_m4pro_fullmodes_2026-04-29/logs/gurobi/test/matpower_case1354pegase_2017-01-15__lazy_commit_hints.log
matpower/case1354pegase,LAZY_COMMIT_HINTS,matpower/case1354pegase/2017-01-15,1132.0,case1354pegase,1354,2017-01-15,TIME_LIMIT,True,1800.0,62.888888888888886,225003200.0,185740000.0,17.5,mip_progress,True,results/paper_m4pro_fullmodes_2026-04-29/logs/gurobi/test/matpower_case1354pegase_2017-01-15__lazy_commit_hints.log
matpower/case1354pegase,LAZY_COMMIT_HINTS,matpower/case1354pegase/2017-01-15,1289.0,case1354pegase,1354,2017-01-15,TIME_LIMIT,True,1800.0,71.61111111111111,225001100.0,185740000.0,17.4,mip_progress,True,results/paper_m4pro_fullmodes_2026-04-29/logs/gurobi/test/matpower_case1354pegase_2017-01-15__lazy_commit_hints.log
matpower/case1354pegase,LAZY_COMMIT_HINTS,matpower/case1354pegase/2017-01-15,1355.0,case1354pegase,1354,2017-01-15,TIME_LIMIT,True,1800.0,75.27777777777777,219396900.0,185740000.0,15.3,mip_progress,True,results/paper_m4pro_fullmodes_2026-04-29/logs/gurobi/test/matpower_case1354pegase_2017-01-15__lazy_commit_hints.log
matpower/case1354pegase,LAZY_COMMIT_HINTS,matpower/case1354pegase/2017-01-15,1362.0,case1354pegase,1354,2017-01-15,TIME_LIMIT,True,1800.0,75.66666666666667,219394900.0,185740000.0,15.3,mip_progress,True,results/paper_m4pro_fullmodes_2026-04-29/logs/gurobi/test/matpower_case1354pegase_2017-01-15__lazy_commit_hints.log
matpower/case1354pegase,LAZY_COMMIT_HINTS,matpower/case1354pegase/2017-01-15,1453.0,case1354pegase,1354,2017-01-15,TIME_LIMIT,True,1800.0,80.72222222222223,219390000.0,186110000.0,15.2,mip_progress,False,results/paper_m4pro_fullmodes_2026-04-29/logs/gurobi/test/matpower_case1354pegase_2017-01-15__lazy_commit_hints.log
matpower/case1354pegase,LAZY_COMMIT_HINTS,matpower/case1354pegase/2017-01-15,1481.0,case1354pegase,1354,2017-01-15,TIME_LIMIT,True,1800.0,82.27777777777777,219390000.0,186110000.0,15.2,mip_progress,False,results/paper_m4pro_fullmodes_2026-04-29/logs/gurobi/test/matpower_case1354pegase_2017-01-15__lazy_commit_hints.log
matpower/case1354pegase,LAZY_COMMIT_HINTS,matpower/case1354pegase/2017-01-15,1521.0,case1354pegase,1354,2017-01-15,TIME_LIMIT,True,1800.0,84.5,219390000.0,186110000.0,15.2,mip_progress,False,results/paper_m4pro_fullmodes_2026-04-29/logs/gurobi/test/matpower_case1354pegase_2017-01-15__lazy_commit_hints.log
matpower/case1354pegase,LAZY_COMMIT_HINTS,matpower/case1354pegase/2017-01-15,1573.0,case1354pegase,1354,2017-01-15,TIME_LIMIT,True,1800.0,87.38888888888889,219390000.0,186160000.0,15.1,mip_progress,False,results/paper_m4pro_fullmodes_2026-04-29/logs/gurobi/test/matpower_case1354pegase_2017-01-15__lazy_commit_hints.log
matpower/case1354pegase,LAZY_COMMIT_HINTS,matpower/case1354pegase/2017-01-15,1613.0,case1354pegase,1354,2017-01-15,TIME_LIMIT,True,1800.0,89.61111111111111,219390000.0,186170000.0,15.1,mip_progress,False,results/paper_m4pro_fullmodes_2026-04-29/logs/gurobi/test/matpower_case1354pegase_2017-01-15__lazy_commit_hints.log
matpower/case1354pegase,LAZY_COMMIT_HINTS,matpower/case1354pegase/2017-01-15,1651.0,case1354pegase,1354,2017-01-15,TIME_LIMIT,True,1800.0,91.72222222222223,219390000.0,186170000.0,15.1,mip_progress,False,results/paper_m4pro_fullmodes_2026-04-29/logs/gurobi/test/matpower_case1354pegase_2017-01-15__lazy_commit_hints.log
matpower/case1354pegase,LAZY_COMMIT_HINTS,matpower/case1354pegase/2017-01-15,1707.0,case1354pegase,1354,2017-01-15,TIME_LIMIT,True,1800.0,94.83333333333333,219390000.0,186170000.0,15.1,mip_progress,False,results/paper_m4pro_fullmodes_2026-04-29/logs/gurobi/test/matpower_case1354pegase_2017-01-15__lazy_commit_hints.log
matpower/case1354pegase,LAZY_COMMIT_HINTS,matpower/case1354pegase/2017-01-15,1759.0,case1354pegase,1354,2017-01-15,TIME_LIMIT,True,1800.0,97.72222222222223,219390000.0,186170000.0,15.1,mip_progress,False,results/paper_m4pro_fullmodes_2026-04-29/logs/gurobi/test/matpower_case1354pegase_2017-01-15__lazy_commit_hints.log
matpower/case1354pegase,LAZY_COMMIT_HINTS,matpower/case1354pegase/2017-01-15,1800.0,case1354pegase,1354,2017-01-15,TIME_LIMIT,True,1800.0,100.0,219390000.0,186170000.0,15.1,mip_progress,False,results/paper_m4pro_fullmodes_2026-04-29/logs/gurobi/test/matpower_case1354pegase_2017-01-15__lazy_commit_hints.log
matpower/case1354pegase,LAZY_COMMIT_HINTS,matpower/case1354pegase/2017-01-15,1806.0,case1354pegase,1354,2017-01-15,TIME_LIMIT,True,1800.0,100.33333333333333,219390000.0,186170000.0,15.1,mip_progress,False,results/paper_m4pro_fullmodes_2026-04-29/logs/gurobi/test/matpower_case1354pegase_2017-01-15__lazy_commit_hints.log
matpower/case1354pegase,LAZY_COMMIT_HINTS,matpower/case1354pegase/2017-01-15,1814.0,case1354pegase,1354,2017-01-15,TIME_LIMIT,True,1800.0,100.77777777777777,217840500.0,186170000.0,14.5,mip_progress,True,results/paper_m4pro_fullmodes_2026-04-29/logs/gurobi/test/matpower_case1354pegase_2017-01-15__lazy_commit_hints.log
matpower/case1354pegase,LAZY_COMMIT_HINTS,matpower/case1354pegase/2017-01-15,1819.97472,case1354pegase,1354,2017-01-15,TIME_LIMIT,True,1800.0,101.10970666666665,,,14.5,result_final,False,results/paper_m4pro_fullmodes_2026-04-29/logs/gurobi/test/matpower_case1354pegase_2017-01-15__lazy_commit_hints.log
matpower/case1354pegase,LAZY_COMMIT_HINTS,matpower/case1354pegase/2017-03-15,315.0,case1354pegase,1354,2017-03-15,TIME_LIMIT,True,1800.0,17.5,2573052000.0,49238600.0,98.08637369163158,norel_heuristic,True,results/paper_m4pro_fullmodes_2026-04-29/logs/gurobi/test/matpower_case1354pegase_2017-03-15__lazy_commit_hints.log
matpower/case1354pegase,LAZY_COMMIT_HINTS,matpower/case1354pegase/2017-03-15,385.0,case1354pegase,1354,2017-03-15,TIME_LIMIT,True,1800.0,21.38888888888889,2557999000.0,49238600.0,98.07511261732316,norel_heuristic,True,results/paper_m4pro_fullmodes_2026-04-29/logs/gurobi/test/matpower_case1354pegase_2017-03-15__lazy_commit_hints.log
matpower/case1354pegase,LAZY_COMMIT_HINTS,matpower/case1354pegase/2017-03-15,455.0,case1354pegase,1354,2017-03-15,TIME_LIMIT,True,1800.0,25.27777777777778,2557812000.0,49238600.0,98.07497189003726,norel_heuristic,True,results/paper_m4pro_fullmodes_2026-04-29/logs/gurobi/test/matpower_case1354pegase_2017-03-15__lazy_commit_hints.log
matpower/case1354pegase,LAZY_COMMIT_HINTS,matpower/case1354pegase/2017-03-15,1466.0,case1354pegase,1354,2017-03-15,TIME_LIMIT,True,1800.0,81.44444444444444,2557800000.0,245030000.0,90.4,mip_progress,False,results/paper_m4pro_fullmodes_2026-04-29/logs/gurobi/test/matpower_case1354pegase_2017-03-15__lazy_commit_hints.log
matpower/case1354pegase,LAZY_COMMIT_HINTS,matpower/case1354pegase/2017-03-15,1636.0,case1354pegase,1354,2017-03-15,TIME_LIMIT,True,1800.0,90.88888888888889,2557800000.0,245030000.0,90.4,mip_progress,False,results/paper_m4pro_fullmodes_2026-04-29/logs/gurobi/test/matpower_case1354pegase_2017-03-15__lazy_commit_hints.log
matpower/case1354pegase,LAZY_COMMIT_HINTS,matpower/case1354pegase/2017-03-15,1800.0,case1354pegase,1354,2017-03-15,TIME_LIMIT,True,1800.0,100.0,2557800000.0,245030000.0,90.4,mip_progress,False,results/paper_m4pro_fullmodes_2026-04-29/logs/gurobi/test/matpower_case1354pegase_2017-03-15__lazy_commit_hints.log
matpower/case1354pegase,LAZY_COMMIT_HINTS,matpower/case1354pegase/2017-03-15,1805.268551,case1354pegase,1354,2017-03-15,TIME_LIMIT,True,1800.0,100.29269727777778,,,90.4,result_final,False,results/paper_m4pro_fullmodes_2026-04-29/logs/gurobi/test/matpower_case1354pegase_2017-03-15__lazy_commit_hints.log
matpower/case1354pegase,LAZY_COMMIT_HINTS,matpower/case1354pegase/2017-05-15,423.0,case1354pegase,1354,2017-05-15,TIME_LIMIT,True,1800.0,23.5,1641612000.0,21388000.0,98.69713428020751,norel_heuristic,True,results/paper_m4pro_fullmodes_2026-04-29/logs/gurobi/test/matpower_case1354pegase_2017-05-15__lazy_commit_hints.log
matpower/case1354pegase,LAZY_COMMIT_HINTS,matpower/case1354pegase/2017-05-15,531.0,case1354pegase,1354,2017-05-15,TIME_LIMIT,True,1800.0,29.5,1630996000.0,21388000.0,98.68865404942747,norel_heuristic,True,results/paper_m4pro_fullmodes_2026-04-29/logs/gurobi/test/matpower_case1354pegase_2017-05-15__lazy_commit_hints.log
matpower/case1354pegase,LAZY_COMMIT_HINTS,matpower/case1354pegase/2017-05-15,892.0,case1354pegase,1354,2017-05-15,TIME_LIMIT,True,1800.0,49.55555555555556,1631000000.0,81494000.0,95.0,mip_progress,False,results/paper_m4pro_fullmodes_2026-04-29/logs/gurobi/test/matpower_case1354pegase_2017-05-15__lazy_commit_hints.log
matpower/case1354pegase,LAZY_COMMIT_HINTS,matpower/case1354pegase/2017-05-15,1016.0,case1354pegase,1354,2017-05-15,TIME_LIMIT,True,1800.0,56.44444444444444,1631000000.0,81494000.0,95.0,mip_progress,False,results/paper_m4pro_fullmodes_2026-04-29/logs/gurobi/test/matpower_case1354pegase_2017-05-15__lazy_commit_hints.log
matpower/case1354pegase,LAZY_COMMIT_HINTS,matpower/case1354pegase/2017-05-15,1180.0,case1354pegase,1354,2017-05-15,TIME_LIMIT,True,1800.0,65.55555555555556,1631000000.0,81494000.0,95.0,mip_progress,False,results/paper_m4pro_fullmodes_2026-04-29/logs/gurobi/test/matpower_case1354pegase_2017-05-15__lazy_commit_hints.log
matpower/case1354pegase,LAZY_COMMIT_HINTS,matpower/case1354pegase/2017-05-15,1370.0,case1354pegase,1354,2017-05-15,TIME_LIMIT,True,1800.0,76.11111111111111,211656900.0,81494000.0,61.5,mip_progress,True,results/paper_m4pro_fullmodes_2026-04-29/logs/gurobi/test/matpower_case1354pegase_2017-05-15__lazy_commit_hints.log
matpower/case1354pegase,LAZY_COMMIT_HINTS,matpower/case1354pegase/2017-05-15,1610.0,case1354pegase,1354,2017-05-15,TIME_LIMIT,True,1800.0,89.44444444444444,211660000.0,81494000.0,61.5,mip_progress,False,results/paper_m4pro_fullmodes_2026-04-29/logs/gurobi/test/matpower_case1354pegase_2017-05-15__lazy_commit_hints.log
matpower/case1354pegase,LAZY_COMMIT_HINTS,matpower/case1354pegase/2017-05-15,1686.0,case1354pegase,1354,2017-05-15,TIME_LIMIT,True,1800.0,93.66666666666667,211660000.0,88071000.0,58.4,mip_progress,False,results/paper_m4pro_fullmodes_2026-04-29/logs/gurobi/test/matpower_case1354pegase_2017-05-15__lazy_commit_hints.log
matpower/case1354pegase,LAZY_COMMIT_HINTS,matpower/case1354pegase/2017-05-15,1805.082073,case1354pegase,1354,2017-05-15,TIME_LIMIT,True,1800.0,100.28233738888889,,,58.389968,result_final,False,results/paper_m4pro_fullmodes_2026-04-29/logs/gurobi/test/matpower_case1354pegase_2017-05-15__lazy_commit_hints.log
matpower/case1354pegase,LAZY_COMMIT_HINTS,matpower/case1354pegase/2017-07-15,351.0,case1354pegase,1354,2017-07-15,TIME_LIMIT,True,1800.0,19.5,2420028000.0,45132200.0,98.13505463573149,norel_heuristic,True,results/paper_m4pro_fullmodes_2026-04-29/logs/gurobi/test/matpower_case1354pegase_2017-07-15__lazy_commit_hints.log
matpower/case1354pegase,LAZY_COMMIT_HINTS,matpower/case1354pegase/2017-07-15,379.0,case1354pegase,1354,2017-07-15,TIME_LIMIT,True,1800.0,21.055555555555557,2413291000.0,45132200.0,98.12984841032433,norel_heuristic,True,results/paper_m4pro_fullmodes_2026-04-29/logs/gurobi/test/matpower_case1354pegase_2017-07-15__lazy_commit_hints.log
matpower/case1354pegase,LAZY_COMMIT_HINTS,matpower/case1354pegase/2017-07-15,420.0,case1354pegase,1354,2017-07-15,TIME_LIMIT,True,1800.0,23.333333333333332,2412997000.0,45132200.0,98.12962055070935,norel_heuristic,True,results/paper_m4pro_fullmodes_2026-04-29/logs/gurobi/test/matpower_case1354pegase_2017-07-15__lazy_commit_hints.log
matpower/case1354pegase,LAZY_COMMIT_HINTS,matpower/case1354pegase/2017-07-15,505.0,case1354pegase,1354,2017-07-15,TIME_LIMIT,True,1800.0,28.055555555555557,2401685000.0,45132200.0,98.12081101393397,norel_heuristic,True,results/paper_m4pro_fullmodes_2026-04-29/logs/gurobi/test/matpower_case1354pegase_2017-07-15__lazy_commit_hints.log
matpower/case1354pegase,LAZY_COMMIT_HINTS,matpower/case1354pegase/2017-07-15,1397.0,case1354pegase,1354,2017-07-15,TIME_LIMIT,True,1800.0,77.61111111111111,2401700000.0,206030000.0,91.4,mip_progress,False,results/paper_m4pro_fullmodes_2026-04-29/logs/gurobi/test/matpower_case1354pegase_2017-07-15__lazy_commit_hints.log
matpower/case1354pegase,LAZY_COMMIT_HINTS,matpower/case1354pegase/2017-07-15,1568.0,case1354pegase,1354,2017-07-15,TIME_LIMIT,True,1800.0,87.11111111111111,2401700000.0,206030000.0,91.4,mip_progress,False,results/paper_m4pro_fullmodes_2026-04-29/logs/gurobi/test/matpower_case1354pegase_2017-07-15__lazy_commit_hints.log
matpower/case1354pegase,LAZY_COMMIT_HINTS,matpower/case1354pegase/2017-07-15,1738.0,case1354pegase,1354,2017-07-15,TIME_LIMIT,True,1800.0,96.55555555555556,2401700000.0,206030000.0,91.4,mip_progress,False,results/paper_m4pro_fullmodes_2026-04-29/logs/gurobi/test/matpower_case1354pegase_2017-07-15__lazy_commit_hints.log
matpower/case1354pegase,LAZY_COMMIT_HINTS,matpower/case1354pegase/2017-07-15,1800.0,case1354pegase,1354,2017-07-15,TIME_LIMIT,True,1800.0,100.0,2401700000.0,206030000.0,91.4,mip_progress,False,results/paper_m4pro_fullmodes_2026-04-29/logs/gurobi/test/matpower_case1354pegase_2017-07-15__lazy_commit_hints.log
matpower/case1354pegase,LAZY_COMMIT_HINTS,matpower/case1354pegase/2017-07-15,1805.242038,case1354pegase,1354,2017-07-15,TIME_LIMIT,True,1800.0,100.29122433333335,,,91.4,result_final,False,results/paper_m4pro_fullmodes_2026-04-29/logs/gurobi/test/matpower_case1354pegase_2017-07-15__lazy_commit_hints.log
matpower/case1354pegase,LAZY_COMMIT_HINTS,matpower/case1354pegase/2017-09-15,439.0,case1354pegase,1354,2017-09-15,TIME_LIMIT,True,1800.0,24.38888888888889,2271983000.0,37132100.0,98.36565238384266,norel_heuristic,True,results/paper_m4pro_fullmodes_2026-04-29/logs/gurobi/test/matpower_case1354pegase_2017-09-15__lazy_commit_hints.log
matpower/case1354pegase,LAZY_COMMIT_HINTS,matpower/case1354pegase/2017-09-15,505.0,case1354pegase,1354,2017-09-15,TIME_LIMIT,True,1800.0,28.055555555555557,2258086000.0,37132100.0,98.35559407391924,norel_heuristic,True,results/paper_m4pro_fullmodes_2026-04-29/logs/gurobi/test/matpower_case1354pegase_2017-09-15__lazy_commit_hints.log
matpower/case1354pegase,LAZY_COMMIT_HINTS,matpower/case1354pegase/2017-09-15,1284.0,case1354pegase,1354,2017-09-15,TIME_LIMIT,True,1800.0,71.33333333333333,2258100000.0,154920000.0,93.1,mip_progress,False,results/paper_m4pro_fullmodes_2026-04-29/logs/gurobi/test/matpower_case1354pegase_2017-09-15__lazy_commit_hints.log
matpower/case1354pegase,LAZY_COMMIT_HINTS,matpower/case1354pegase/2017-09-15,1544.0,case1354pegase,1354,2017-09-15,TIME_LIMIT,True,1800.0,85.77777777777777,2258100000.0,154920000.0,93.1,mip_progress,False,results/paper_m4pro_fullmodes_2026-04-29/logs/gurobi/test/matpower_case1354pegase_2017-09-15__lazy_commit_hints.log
matpower/case1354pegase,LAZY_COMMIT_HINTS,matpower/case1354pegase/2017-09-15,1800.0,case1354pegase,1354,2017-09-15,TIME_LIMIT,True,1800.0,100.0,2258100000.0,154920000.0,93.1,mip_progress,False,results/paper_m4pro_fullmodes_2026-04-29/logs/gurobi/test/matpower_case1354pegase_2017-09-15__lazy_commit_hints.log
matpower/case1354pegase,LAZY_COMMIT_HINTS,matpower/case1354pegase/2017-09-15,1805.313773,case1354pegase,1354,2017-09-15,TIME_LIMIT,True,1800.0,100.29520961111112,,,93.1,result_final,False,results/paper_m4pro_fullmodes_2026-04-29/logs/gurobi/test/matpower_case1354pegase_2017-09-15__lazy_commit_hints.log
matpower/case1354pegase,LAZY_COMMIT_HINTS,matpower/case1354pegase/2017-11-15,1254.0,case1354pegase,1354,2017-11-15,TIME_LIMIT,True,1800.0,69.66666666666667,348371200.0,132400000.0,62.0,mip_progress,True,results/paper_m4pro_fullmodes_2026-04-29/logs/gurobi/test/matpower_case1354pegase_2017-11-15__lazy_commit_hints.log
matpower/case1354pegase,LAZY_COMMIT_HINTS,matpower/case1354pegase/2017-11-15,1921.0,case1354pegase,1354,2017-11-15,TIME_LIMIT,True,1800.0,106.72222222222223,348370000.0,132400000.0,62.0,mip_progress,False,results/paper_m4pro_fullmodes_2026-04-29/logs/gurobi/test/matpower_case1354pegase_2017-11-15__lazy_commit_hints.log
matpower/case1354pegase,LAZY_COMMIT_HINTS,matpower/case1354pegase/2017-11-15,1926.296787,case1354pegase,1354,2017-11-15,TIME_LIMIT,True,1800.0,107.01648816666666,,,61.994634000000005,result_final,False,results/paper_m4pro_fullmodes_2026-04-29/logs/gurobi/test/matpower_case1354pegase_2017-11-15__lazy_commit_hints.log
matpower/case1354pegase,LAZY_GNN_T080,matpower/case1354pegase/2017-01-15,397.0,case1354pegase,1354,2017-01-15,TIME_LIMIT,False,1800.0,22.055555555555557,1536529000.0,36511600.0,97.62376108749005,norel_heuristic,True,results/paper_m4pro_fullmodes_2026-04-29/logs/gurobi/test/matpower_case1354pegase_2017-01-15__lazy_gnn_t080.log
matpower/case1354pegase,LAZY_GNN_T080,matpower/case1354pegase/2017-01-15,412.0,case1354pegase,1354,2017-01-15,TIME_LIMIT,False,1800.0,22.88888888888889,1534623000.0,36511600.0,97.62080980149523,norel_heuristic,True,results/paper_m4pro_fullmodes_2026-04-29/logs/gurobi/test/matpower_case1354pegase_2017-01-15__lazy_gnn_t080.log
matpower/case1354pegase,LAZY_GNN_T080,matpower/case1354pegase/2017-01-15,423.0,case1354pegase,1354,2017-01-15,TIME_LIMIT,False,1800.0,23.5,1534328000.0,36511600.0,97.62035236272818,norel_heuristic,True,results/paper_m4pro_fullmodes_2026-04-29/logs/gurobi/test/matpower_case1354pegase_2017-01-15__lazy_gnn_t080.log
matpower/case1354pegase,LAZY_GNN_T080,matpower/case1354pegase/2017-01-15,475.0,case1354pegase,1354,2017-01-15,TIME_LIMIT,False,1800.0,26.38888888888889,1517709000.0,36511600.0,97.59429508555328,norel_heuristic,True,results/paper_m4pro_fullmodes_2026-04-29/logs/gurobi/test/matpower_case1354pegase_2017-01-15__lazy_gnn_t080.log
matpower/case1354pegase,LAZY_GNN_T080,matpower/case1354pegase/2017-01-15,512.0,case1354pegase,1354,2017-01-15,TIME_LIMIT,False,1800.0,28.444444444444443,1517474000.0,36511600.0,97.59392253178638,norel_heuristic,True,results/paper_m4pro_fullmodes_2026-04-29/logs/gurobi/test/matpower_case1354pegase_2017-01-15__lazy_gnn_t080.log
matpower/case1354pegase,LAZY_GNN_T080,matpower/case1354pegase/2017-01-15,521.0,case1354pegase,1354,2017-01-15,TIME_LIMIT,False,1800.0,28.944444444444443,1517464000.0,36511600.0,97.59390667587502,norel_heuristic,True,results/paper_m4pro_fullmodes_2026-04-29/logs/gurobi/test/matpower_case1354pegase_2017-01-15__lazy_gnn_t080.log
matpower/case1354pegase,LAZY_GNN_T080,matpower/case1354pegase/2017-01-15,535.0,case1354pegase,1354,2017-01-15,TIME_LIMIT,False,1800.0,29.72222222222222,1517457000.0,36511600.0,97.59389557661271,norel_heuristic,True,results/paper_m4pro_fullmodes_2026-04-29/logs/gurobi/test/matpower_case1354pegase_2017-01-15__lazy_gnn_t080.log
matpower/case1354pegase,LAZY_GNN_T080,matpower/case1354pegase/2017-01-15,702.0,case1354pegase,1354,2017-01-15,TIME_LIMIT,False,1800.0,39.0,1517500000.0,125010000.0,91.8,mip_progress,False,results/paper_m4pro_fullmodes_2026-04-29/logs/gurobi/test/matpower_case1354pegase_2017-01-15__lazy_gnn_t080.log
matpower/case1354pegase,LAZY_GNN_T080,matpower/case1354pegase/2017-01-15,756.0,case1354pegase,1354,2017-01-15,TIME_LIMIT,False,1800.0,42.0,1517500000.0,125020000.0,91.8,mip_progress,False,results/paper_m4pro_fullmodes_2026-04-29/logs/gurobi/test/matpower_case1354pegase_2017-01-15__lazy_gnn_t080.log
matpower/case1354pegase,LAZY_GNN_T080,matpower/case1354pegase/2017-01-15,824.0,case1354pegase,1354,2017-01-15,TIME_LIMIT,False,1800.0,45.77777777777778,1517500000.0,125030000.0,91.8,mip_progress,False,results/paper_m4pro_fullmodes_2026-04-29/logs/gurobi/test/matpower_case1354pegase_2017-01-15__lazy_gnn_t080.log
matpower/case1354pegase,LAZY_GNN_T080,matpower/case1354pegase/2017-01-15,883.0,case1354pegase,1354,2017-01-15,TIME_LIMIT,False,1800.0,49.05555555555556,141535400.0,125030000.0,11.7,mip_progress,True,results/paper_m4pro_fullmodes_2026-04-29/logs/gurobi/test/matpower_case1354pegase_2017-01-15__lazy_gnn_t080.log
matpower/case1354pegase,LAZY_GNN_T080,matpower/case1354pegase/2017-01-15,954.0,case1354pegase,1354,2017-01-15,TIME_LIMIT,False,1800.0,53.0,139056600.0,125030000.0,10.1,mip_progress,True,results/paper_m4pro_fullmodes_2026-04-29/logs/gurobi/test/matpower_case1354pegase_2017-01-15__lazy_gnn_t080.log
matpower/case1354pegase,LAZY_GNN_T080,matpower/case1354pegase/2017-01-15,955.0,case1354pegase,1354,2017-01-15,TIME_LIMIT,False,1800.0,53.05555555555556,139056300.0,125030000.0,10.1,mip_progress,True,results/paper_m4pro_fullmodes_2026-04-29/logs/gurobi/test/matpower_case1354pegase_2017-01-15__lazy_gnn_t080.log
matpower/case1354pegase,LAZY_GNN_T080,matpower/case1354pegase/2017-01-15,965.0,case1354pegase,1354,2017-01-15,TIME_LIMIT,False,1800.0,53.611111111111114,139060000.0,125030000.0,10.1,mip_progress,False,results/paper_m4pro_fullmodes_2026-04-29/logs/gurobi/test/matpower_case1354pegase_2017-01-15__lazy_gnn_t080.log
matpower/case1354pegase,LAZY_GNN_T080,matpower/case1354pegase/2017-01-15,986.0,case1354pegase,1354,2017-01-15,TIME_LIMIT,False,1800.0,54.77777777777778,139060000.0,125030000.0,10.1,mip_progress,False,results/paper_m4pro_fullmodes_2026-04-29/logs/gurobi/test/matpower_case1354pegase_2017-01-15__lazy_gnn_t080.log
matpower/case1354pegase,LAZY_GNN_T080,matpower/case1354pegase/2017-01-15,1001.0,case1354pegase,1354,2017-01-15,TIME_LIMIT,False,1800.0,55.611111111111114,139060000.0,125100000.0,10.0,mip_progress,False,results/paper_m4pro_fullmodes_2026-04-29/logs/gurobi/test/matpower_case1354pegase_2017-01-15__lazy_gnn_t080.log
matpower/case1354pegase,LAZY_GNN_T080,matpower/case1354pegase/2017-01-15,1028.0,case1354pegase,1354,2017-01-15,TIME_LIMIT,False,1800.0,57.111111111111114,139060000.0,125100000.0,10.0,mip_progress,False,results/paper_m4pro_fullmodes_2026-04-29/logs/gurobi/test/matpower_case1354pegase_2017-01-15__lazy_gnn_t080.log
matpower/case1354pegase,LAZY_GNN_T080,matpower/case1354pegase/2017-01-15,1048.0,case1354pegase,1354,2017-01-15,TIME_LIMIT,False,1800.0,58.22222222222222,139060000.0,125110000.0,10.0,mip_progress,False,results/paper_m4pro_fullmodes_2026-04-29/logs/gurobi/test/matpower_case1354pegase_2017-01-15__lazy_gnn_t080.log
matpower/case1354pegase,LAZY_GNN_T080,matpower/case1354pegase/2017-01-15,1137.0,case1354pegase,1354,2017-01-15,TIME_LIMIT,False,1800.0,63.166666666666664,139060000.0,125110000.0,10.0,mip_progress,False,results/paper_m4pro_fullmodes_2026-04-29/logs/gurobi/test/matpower_case1354pegase_2017-01-15__lazy_gnn_t080.log
matpower/case1354pegase,LAZY_GNN_T080,matpower/case1354pegase/2017-01-15,1186.0,case1354pegase,1354,2017-01-15,TIME_LIMIT,False,1800.0,65.88888888888889,139060000.0,125150000.0,10.0,mip_progress,False,results/paper_m4pro_fullmodes_2026-04-29/logs/gurobi/test/matpower_case1354pegase_2017-01-15__lazy_gnn_t080.log
matpower/case1354pegase,LAZY_GNN_T080,matpower/case1354pegase/2017-01-15,1263.0,case1354pegase,1354,2017-01-15,TIME_LIMIT,False,1800.0,70.16666666666667,139060000.0,125150000.0,10.0,mip_progress,False,results/paper_m4pro_fullmodes_2026-04-29/logs/gurobi/test/matpower_case1354pegase_2017-01-15__lazy_gnn_t080.log
matpower/case1354pegase,LAZY_GNN_T080,matpower/case1354pegase/2017-01-15,1342.0,case1354pegase,1354,2017-01-15,TIME_LIMIT,False,1800.0,74.55555555555556,139060000.0,125150000.0,10.0,mip_progress,False,results/paper_m4pro_fullmodes_2026-04-29/logs/gurobi/test/matpower_case1354pegase_2017-01-15__lazy_gnn_t080.log
matpower/case1354pegase,LAZY_GNN_T080,matpower/case1354pegase/2017-01-15,1427.0,case1354pegase,1354,2017-01-15,TIME_LIMIT,False,1800.0,79.27777777777777,139060000.0,125150000.0,10.0,mip_progress,False,results/paper_m4pro_fullmodes_2026-04-29/logs/gurobi/test/matpower_case1354pegase_2017-01-15__lazy_gnn_t080.log
matpower/case1354pegase,LAZY_GNN_T080,matpower/case1354pegase/2017-01-15,1520.0,case1354pegase,1354,2017-01-15,TIME_LIMIT,False,1800.0,84.44444444444444,139060000.0,125180000.0,10.0,mip_progress,False,results/paper_m4pro_fullmodes_2026-04-29/logs/gurobi/test/matpower_case1354pegase_2017-01-15__lazy_gnn_t080.log
matpower/case1354pegase,LAZY_GNN_T080,matpower/case1354pegase/2017-01-15,1614.0,case1354pegase,1354,2017-01-15,TIME_LIMIT,False,1800.0,89.66666666666667,139060000.0,125190000.0,10.0,mip_progress,False,results/paper_m4pro_fullmodes_2026-04-29/logs/gurobi/test/matpower_case1354pegase_2017-01-15__lazy_gnn_t080.log
matpower/case1354pegase,LAZY_GNN_T080,matpower/case1354pegase/2017-01-15,1716.0,case1354pegase,1354,2017-01-15,TIME_LIMIT,False,1800.0,95.33333333333333,139060000.0,125190000.0,10.0,mip_progress,False,results/paper_m4pro_fullmodes_2026-04-29/logs/gurobi/test/matpower_case1354pegase_2017-01-15__lazy_gnn_t080.log
matpower/case1354pegase,LAZY_GNN_T080,matpower/case1354pegase/2017-01-15,1800.0,case1354pegase,1354,2017-01-15,TIME_LIMIT,False,1800.0,100.0,139060000.0,125190000.0,10.0,mip_progress,False,results/paper_m4pro_fullmodes_2026-04-29/logs/gurobi/test/matpower_case1354pegase_2017-01-15__lazy_gnn_t080.log
matpower/case1354pegase,LAZY_GNN_T080,matpower/case1354pegase/2017-01-15,1807.921323,case1354pegase,1354,2017-01-15,TIME_LIMIT,False,1800.0,100.4400735,,,9.966936,result_final,False,results/paper_m4pro_fullmodes_2026-04-29/logs/gurobi/test/matpower_case1354pegase_2017-01-15__lazy_gnn_t080.log
matpower/case1354pegase,LAZY_GNN_T080,matpower/case1354pegase/2017-03-15,318.0,case1354pegase,1354,2017-03-15,TIME_LIMIT,False,1800.0,17.666666666666668,1871505000.0,49238600.0,97.36903721870901,norel_heuristic,True,results/paper_m4pro_fullmodes_2026-04-29/logs/gurobi/test/matpower_case1354pegase_2017-03-15__lazy_gnn_t080.log
matpower/case1354pegase,LAZY_GNN_T080,matpower/case1354pegase/2017-03-15,326.0,case1354pegase,1354,2017-03-15,TIME_LIMIT,False,1800.0,18.11111111111111,1856328000.0,49238600.0,97.34752694566909,norel_heuristic,True,results/paper_m4pro_fullmodes_2026-04-29/logs/gurobi/test/matpower_case1354pegase_2017-03-15__lazy_gnn_t080.log
matpower/case1354pegase,LAZY_GNN_T080,matpower/case1354pegase/2017-03-15,336.0,case1354pegase,1354,2017-03-15,TIME_LIMIT,False,1800.0,18.666666666666668,1856126000.0,49238600.0,97.34723828015986,norel_heuristic,True,results/paper_m4pro_fullmodes_2026-04-29/logs/gurobi/test/matpower_case1354pegase_2017-03-15__lazy_gnn_t080.log
matpower/case1354pegase,LAZY_GNN_T080,matpower/case1354pegase/2017-03-15,379.0,case1354pegase,1354,2017-03-15,TIME_LIMIT,False,1800.0,21.055555555555557,1813531000.0,49238600.0,97.2849319917884,norel_heuristic,True,results/paper_m4pro_fullmodes_2026-04-29/logs/gurobi/test/matpower_case1354pegase_2017-03-15__lazy_gnn_t080.log
matpower/case1354pegase,LAZY_GNN_T080,matpower/case1354pegase/2017-03-15,411.0,case1354pegase,1354,2017-03-15,TIME_LIMIT,False,1800.0,22.833333333333332,1813373000.0,49238600.0,97.2846954266993,norel_heuristic,True,results/paper_m4pro_fullmodes_2026-04-29/logs/gurobi/test/matpower_case1354pegase_2017-03-15__lazy_gnn_t080.log
matpower/case1354pegase,LAZY_GNN_T080,matpower/case1354pegase/2017-03-15,419.0,case1354pegase,1354,2017-03-15,TIME_LIMIT,False,1800.0,23.27777777777778,1813367000.0,49238600.0,97.28468644240245,norel_heuristic,True,results/paper_m4pro_fullmodes_2026-04-29/logs/gurobi/test/matpower_case1354pegase_2017-03-15__lazy_gnn_t080.log
matpower/case1354pegase,LAZY_GNN_T080,matpower/case1354pegase/2017-03-15,431.0,case1354pegase,1354,2017-03-15,TIME_LIMIT,False,1800.0,23.944444444444443,1813354000.0,49238600.0,97.28466697622196,norel_heuristic,True,results/paper_m4pro_fullmodes_2026-04-29/logs/gurobi/test/matpower_case1354pegase_2017-03-15__lazy_gnn_t080.log
matpower/case1354pegase,LAZY_GNN_T080,matpower/case1354pegase/2017-03-15,445.0,case1354pegase,1354,2017-03-15,TIME_LIMIT,False,1800.0,24.72222222222222,1813199000.0,49238600.0,97.28443485794996,norel_heuristic,True,results/paper_m4pro_fullmodes_2026-04-29/logs/gurobi/test/matpower_case1354pegase_2017-03-15__lazy_gnn_t080.log
matpower/case1354pegase,LAZY_GNN_T080,matpower/case1354pegase/2017-03-15,459.0,case1354pegase,1354,2017-03-15,TIME_LIMIT,False,1800.0,25.5,1813193000.0,49238600.0,97.28442587192869,norel_heuristic,True,results/paper_m4pro_fullmodes_2026-04-29/logs/gurobi/test/matpower_case1354pegase_2017-03-15__lazy_gnn_t080.log
matpower/case1354pegase,LAZY_GNN_T080,matpower/case1354pegase/2017-03-15,473.0,case1354pegase,1354,2017-03-15,TIME_LIMIT,False,1800.0,26.27777777777778,1813187000.0,49238600.0,97.28441688584796,norel_heuristic,True,results/paper_m4pro_fullmodes_2026-04-29/logs/gurobi/test/matpower_case1354pegase_2017-03-15__lazy_gnn_t080.log
matpower/case1354pegase,LAZY_GNN_T080,matpower/case1354pegase/2017-03-15,488.0,case1354pegase,1354,2017-03-15,TIME_LIMIT,False,1800.0,27.11111111111111,1813181000.0,49238600.0,97.28440789970774,norel_heuristic,True,results/paper_m4pro_fullmodes_2026-04-29/logs/gurobi/test/matpower_case1354pegase_2017-03-15__lazy_gnn_t080.log
matpower/case1354pegase,LAZY_GNN_T080,matpower/case1354pegase/2017-03-15,504.0,case1354pegase,1354,2017-03-15,TIME_LIMIT,False,1800.0,28.0,1794203000.0,49238600.0,97.25568400008248,norel_heuristic,True,results/paper_m4pro_fullmodes_2026-04-29/logs/gurobi/test/matpower_case1354pegase_2017-03-15__lazy_gnn_t080.log
matpower/case1354pegase,LAZY_GNN_T080,matpower/case1354pegase/2017-03-15,711.0,case1354pegase,1354,2017-03-15,TIME_LIMIT,False,1800.0,39.5,1794200000.0,163800000.0,90.9,mip_progress,False,results/paper_m4pro_fullmodes_2026-04-29/logs/gurobi/test/matpower_case1354pegase_2017-03-15__lazy_gnn_t080.log
matpower/case1354pegase,LAZY_GNN_T080,matpower/case1354pegase/2017-03-15,713.0,case1354pegase,1354,2017-03-15,TIME_LIMIT,False,1800.0,39.611111111111114,1794066000.0,163800000.0,90.9,mip_progress,True,results/paper_m4pro_fullmodes_2026-04-29/logs/gurobi/test/matpower_case1354pegase_2017-03-15__lazy_gnn_t080.log
matpower/case1354pegase,LAZY_GNN_T080,matpower/case1354pegase/2017-03-15,781.0,case1354pegase,1354,2017-03-15,TIME_LIMIT,False,1800.0,43.388888888888886,1794100000.0,163800000.0,90.9,mip_progress,False,results/paper_m4pro_fullmodes_2026-04-29/logs/gurobi/test/matpower_case1354pegase_2017-03-15__lazy_gnn_t080.log
matpower/case1354pegase,LAZY_GNN_T080,matpower/case1354pegase/2017-03-15,845.0,case1354pegase,1354,2017-03-15,TIME_LIMIT,False,1800.0,46.94444444444444,1794100000.0,163800000.0,90.9,mip_progress,False,results/paper_m4pro_fullmodes_2026-04-29/logs/gurobi/test/matpower_case1354pegase_2017-03-15__lazy_gnn_t080.log
matpower/case1354pegase,LAZY_GNN_T080,matpower/case1354pegase/2017-03-15,918.0,case1354pegase,1354,2017-03-15,TIME_LIMIT,False,1800.0,51.0,221261400.0,163800000.0,26.0,mip_progress,True,results/paper_m4pro_fullmodes_2026-04-29/logs/gurobi/test/matpower_case1354pegase_2017-03-15__lazy_gnn_t080.log
matpower/case1354pegase,LAZY_GNN_T080,matpower/case1354pegase/2017-03-15,990.0,case1354pegase,1354,2017-03-15,TIME_LIMIT,False,1800.0,55.0,221260000.0,163800000.0,26.0,mip_progress,False,results/paper_m4pro_fullmodes_2026-04-29/logs/gurobi/test/matpower_case1354pegase_2017-03-15__lazy_gnn_t080.log
matpower/case1354pegase,LAZY_GNN_T080,matpower/case1354pegase/2017-03-15,1061.0,case1354pegase,1354,2017-03-15,TIME_LIMIT,False,1800.0,58.94444444444444,220828300.0,163800000.0,25.8,mip_progress,True,results/paper_m4pro_fullmodes_2026-04-29/logs/gurobi/test/matpower_case1354pegase_2017-03-15__lazy_gnn_t080.log
matpower/case1354pegase,LAZY_GNN_T080,matpower/case1354pegase/2017-03-15,1132.0,case1354pegase,1354,2017-03-15,TIME_LIMIT,False,1800.0,62.888888888888886,220828100.0,163800000.0,25.8,mip_progress,True,results/paper_m4pro_fullmodes_2026-04-29/logs/gurobi/test/matpower_case1354pegase_2017-03-15__lazy_gnn_t080.log
matpower/case1354pegase,LAZY_GNN_T080,matpower/case1354pegase/2017-03-15,1337.0,case1354pegase,1354,2017-03-15,TIME_LIMIT,False,1800.0,74.27777777777777,220830000.0,165300000.0,25.1,mip_progress,False,results/paper_m4pro_fullmodes_2026-04-29/logs/gurobi/test/matpower_case1354pegase_2017-03-15__lazy_gnn_t080.log
matpower/case1354pegase,LAZY_GNN_T080,matpower/case1354pegase/2017-03-15,1348.0,case1354pegase,1354,2017-03-15,TIME_LIMIT,False,1800.0,74.88888888888889,220830000.0,165310000.0,25.1,mip_progress,False,results/paper_m4pro_fullmodes_2026-04-29/logs/gurobi/test/matpower_case1354pegase_2017-03-15__lazy_gnn_t080.log
matpower/case1354pegase,LAZY_GNN_T080,matpower/case1354pegase/2017-03-15,1415.0,case1354pegase,1354,2017-03-15,TIME_LIMIT,False,1800.0,78.61111111111111,220830000.0,165310000.0,25.1,mip_progress,False,results/paper_m4pro_fullmodes_2026-04-29/logs/gurobi/test/matpower_case1354pegase_2017-03-15__lazy_gnn_t080.log
matpower/case1354pegase,LAZY_GNN_T080,matpower/case1354pegase/2017-03-15,1438.0,case1354pegase,1354,2017-03-15,TIME_LIMIT,False,1800.0,79.88888888888889,220830000.0,165310000.0,25.1,mip_progress,False,results/paper_m4pro_fullmodes_2026-04-29/logs/gurobi/test/matpower_case1354pegase_2017-03-15__lazy_gnn_t080.log
matpower/case1354pegase,LAZY_GNN_T080,matpower/case1354pegase/2017-03-15,1501.0,case1354pegase,1354,2017-03-15,TIME_LIMIT,False,1800.0,83.38888888888889,220830000.0,165340000.0,25.1,mip_progress,False,results/paper_m4pro_fullmodes_2026-04-29/logs/gurobi/test/matpower_case1354pegase_2017-03-15__lazy_gnn_t080.log
matpower/case1354pegase,LAZY_GNN_T080,matpower/case1354pegase/2017-03-15,1592.0,case1354pegase,1354,2017-03-15,TIME_LIMIT,False,1800.0,88.44444444444444,220830000.0,165360000.0,25.1,mip_progress,False,results/paper_m4pro_fullmodes_2026-04-29/logs/gurobi/test/matpower_case1354pegase_2017-03-15__lazy_gnn_t080.log
matpower/case1354pegase,LAZY_GNN_T080,matpower/case1354pegase/2017-03-15,1670.0,case1354pegase,1354,2017-03-15,TIME_LIMIT,False,1800.0,92.77777777777777,220830000.0,165360000.0,25.1,mip_progress,False,results/paper_m4pro_fullmodes_2026-04-29/logs/gurobi/test/matpower_case1354pegase_2017-03-15__lazy_gnn_t080.log
matpower/case1354pegase,LAZY_GNN_T080,matpower/case1354pegase/2017-03-15,1753.0,case1354pegase,1354,2017-03-15,TIME_LIMIT,False,1800.0,97.38888888888889,220830000.0,165360000.0,25.1,mip_progress,False,results/paper_m4pro_fullmodes_2026-04-29/logs/gurobi/test/matpower_case1354pegase_2017-03-15__lazy_gnn_t080.log
matpower/case1354pegase,LAZY_GNN_T080,matpower/case1354pegase/2017-03-15,1800.0,case1354pegase,1354,2017-03-15,TIME_LIMIT,False,1800.0,100.0,220830000.0,165360000.0,25.1,mip_progress,False,results/paper_m4pro_fullmodes_2026-04-29/logs/gurobi/test/matpower_case1354pegase_2017-03-15__lazy_gnn_t080.log
matpower/case1354pegase,LAZY_GNN_T080,matpower/case1354pegase/2017-03-15,1807.666776,case1354pegase,1354,2017-03-15,TIME_LIMIT,False,1800.0,100.425932,,,25.1,result_final,False,results/paper_m4pro_fullmodes_2026-04-29/logs/gurobi/test/matpower_case1354pegase_2017-03-15__lazy_gnn_t080.log
matpower/case1354pegase,LAZY_GNN_T080,matpower/case1354pegase/2017-05-15,437.0,case1354pegase,1354,2017-05-15,TIME_LIMIT,False,1800.0,24.27777777777778,1029881000.0,21388000.0,97.92325521103895,norel_heuristic,True,results/paper_m4pro_fullmodes_2026-04-29/logs/gurobi/test/matpower_case1354pegase_2017-05-15__lazy_gnn_t080.log
matpower/case1354pegase,LAZY_GNN_T080,matpower/case1354pegase/2017-05-15,457.0,case1354pegase,1354,2017-05-15,TIME_LIMIT,False,1800.0,25.38888888888889,1027589000.0,21388000.0,97.91862310709827,norel_heuristic,True,results/paper_m4pro_fullmodes_2026-04-29/logs/gurobi/test/matpower_case1354pegase_2017-05-15__lazy_gnn_t080.log
matpower/case1354pegase,LAZY_GNN_T080,matpower/case1354pegase/2017-05-15,466.0,case1354pegase,1354,2017-05-15,TIME_LIMIT,False,1800.0,25.88888888888889,1027300000.0,21388000.0,97.91803757422369,norel_heuristic,True,results/paper_m4pro_fullmodes_2026-04-29/logs/gurobi/test/matpower_case1354pegase_2017-05-15__lazy_gnn_t080.log
matpower/case1354pegase,LAZY_GNN_T080,matpower/case1354pegase/2017-05-15,518.0,case1354pegase,1354,2017-05-15,TIME_LIMIT,False,1800.0,28.77777777777778,1027297000.0,21388000.0,97.9180314943001,norel_heuristic,True,results/paper_m4pro_fullmodes_2026-04-29/logs/gurobi/test/matpower_case1354pegase_2017-05-15__lazy_gnn_t080.log
matpower/case1354pegase,LAZY_GNN_T080,matpower/case1354pegase/2017-05-15,666.0,case1354pegase,1354,2017-05-15,TIME_LIMIT,False,1800.0,37.0,1027300000.0,74407000.0,92.8,mip_progress,False,results/paper_m4pro_fullmodes_2026-04-29/logs/gurobi/test/matpower_case1354pegase_2017-05-15__lazy_gnn_t080.log
matpower/case1354pegase,LAZY_GNN_T080,matpower/case1354pegase/2017-05-15,703.0,case1354pegase,1354,2017-05-15,TIME_LIMIT,False,1800.0,39.05555555555556,1027300000.0,74427000.0,92.8,mip_progress,False,results/paper_m4pro_fullmodes_2026-04-29/logs/gurobi/test/matpower_case1354pegase_2017-05-15__lazy_gnn_t080.log
matpower/case1354pegase,LAZY_GNN_T080,matpower/case1354pegase/2017-05-15,747.0,case1354pegase,1354,2017-05-15,TIME_LIMIT,False,1800.0,41.5,1027300000.0,74427000.0,92.8,mip_progress,False,results/paper_m4pro_fullmodes_2026-04-29/logs/gurobi/test/matpower_case1354pegase_2017-05-15__lazy_gnn_t080.log
matpower/case1354pegase,LAZY_GNN_T080,matpower/case1354pegase/2017-05-15,790.0,case1354pegase,1354,2017-05-15,TIME_LIMIT,False,1800.0,43.888888888888886,1027300000.0,74427000.0,92.8,mip_progress,False,results/paper_m4pro_fullmodes_2026-04-29/logs/gurobi/test/matpower_case1354pegase_2017-05-15__lazy_gnn_t080.log
matpower/case1354pegase,LAZY_GNN_T080,matpower/case1354pegase/2017-05-15,839.0,case1354pegase,1354,2017-05-15,TIME_LIMIT,False,1800.0,46.611111111111114,86671060.0,74427000.0,14.1,mip_progress,True,results/paper_m4pro_fullmodes_2026-04-29/logs/gurobi/test/matpower_case1354pegase_2017-05-15__lazy_gnn_t080.log
matpower/case1354pegase,LAZY_GNN_T080,matpower/case1354pegase/2017-05-15,893.0,case1354pegase,1354,2017-05-15,TIME_LIMIT,False,1800.0,49.611111111111114,86671000.0,74427000.0,14.1,mip_progress,False,results/paper_m4pro_fullmodes_2026-04-29/logs/gurobi/test/matpower_case1354pegase_2017-05-15__lazy_gnn_t080.log
matpower/case1354pegase,LAZY_GNN_T080,matpower/case1354pegase/2017-05-15,942.0,case1354pegase,1354,2017-05-15,TIME_LIMIT,False,1800.0,52.333333333333336,86601890.0,74427000.0,14.1,mip_progress,True,results/paper_m4pro_fullmodes_2026-04-29/logs/gurobi/test/matpower_case1354pegase_2017-05-15__lazy_gnn_t080.log
matpower/case1354pegase,LAZY_GNN_T080,matpower/case1354pegase/2017-05-15,955.0,case1354pegase,1354,2017-05-15,TIME_LIMIT,False,1800.0,53.05555555555556,86602000.0,74427000.0,14.1,mip_progress,False,results/paper_m4pro_fullmodes_2026-04-29/logs/gurobi/test/matpower_case1354pegase_2017-05-15__lazy_gnn_t080.log
matpower/case1354pegase,LAZY_GNN_T080,matpower/case1354pegase/2017-05-15,967.0,case1354pegase,1354,2017-05-15,TIME_LIMIT,False,1800.0,53.72222222222222,86602000.0,74427000.0,14.1,mip_progress,False,results/paper_m4pro_fullmodes_2026-04-29/logs/gurobi/test/matpower_case1354pegase_2017-05-15__lazy_gnn_t080.log
matpower/case1354pegase,LAZY_GNN_T080,matpower/case1354pegase/2017-05-15,980.0,case1354pegase,1354,2017-05-15,TIME_LIMIT,False,1800.0,54.44444444444444,86602000.0,74427000.0,14.1,mip_progress,False,results/paper_m4pro_fullmodes_2026-04-29/logs/gurobi/test/matpower_case1354pegase_2017-05-15__lazy_gnn_t080.log
matpower/case1354pegase,LAZY_GNN_T080,matpower/case1354pegase/2017-05-15,993.0,case1354pegase,1354,2017-05-15,TIME_LIMIT,False,1800.0,55.166666666666664,86602000.0,74460000.0,14.0,mip_progress,False,results/paper_m4pro_fullmodes_2026-04-29/logs/gurobi/test/matpower_case1354pegase_2017-05-15__lazy_gnn_t080.log
matpower/case1354pegase,LAZY_GNN_T080,matpower/case1354pegase/2017-05-15,1017.0,case1354pegase,1354,2017-05-15,TIME_LIMIT,False,1800.0,56.5,86602000.0,74460000.0,14.0,mip_progress,False,results/paper_m4pro_fullmodes_2026-04-29/logs/gurobi/test/matpower_case1354pegase_2017-05-15__lazy_gnn_t080.log
matpower/case1354pegase,LAZY_GNN_T080,matpower/case1354pegase/2017-05-15,1044.0,case1354pegase,1354,2017-05-15,TIME_LIMIT,False,1800.0,58.0,86602000.0,74473000.0,14.0,mip_progress,False,results/paper_m4pro_fullmodes_2026-04-29/logs/gurobi/test/matpower_case1354pegase_2017-05-15__lazy_gnn_t080.log
matpower/case1354pegase,LAZY_GNN_T080,matpower/case1354pegase/2017-05-15,1082.0,case1354pegase,1354,2017-05-15,TIME_LIMIT,False,1800.0,60.111111111111114,86602000.0,74483000.0,14.0,mip_progress,False,results/paper_m4pro_fullmodes_2026-04-29/logs/gurobi/test/matpower_case1354pegase_2017-05-15__lazy_gnn_t080.log
matpower/case1354pegase,LAZY_GNN_T080,matpower/case1354pegase/2017-05-15,1142.0,case1354pegase,1354,2017-05-15,TIME_LIMIT,False,1800.0,63.44444444444444,86602000.0,74483000.0,14.0,mip_progress,False,results/paper_m4pro_fullmodes_2026-04-29/logs/gurobi/test/matpower_case1354pegase_2017-05-15__lazy_gnn_t080.log
matpower/case1354pegase,LAZY_GNN_T080,matpower/case1354pegase/2017-05-15,1185.0,case1354pegase,1354,2017-05-15,TIME_LIMIT,False,1800.0,65.83333333333333,86602000.0,74483000.0,14.0,mip_progress,False,results/paper_m4pro_fullmodes_2026-04-29/logs/gurobi/test/matpower_case1354pegase_2017-05-15__lazy_gnn_t080.log
matpower/case1354pegase,LAZY_GNN_T080,matpower/case1354pegase/2017-05-15,1186.0,case1354pegase,1354,2017-05-15,TIME_LIMIT,False,1800.0,65.88888888888889,86468980.0,74483000.0,13.9,mip_progress,True,results/paper_m4pro_fullmodes_2026-04-29/logs/gurobi/test/matpower_case1354pegase_2017-05-15__lazy_gnn_t080.log
matpower/case1354pegase,LAZY_GNN_T080,matpower/case1354pegase/2017-05-15,1219.0,case1354pegase,1354,2017-05-15,TIME_LIMIT,False,1800.0,67.72222222222223,86469000.0,74483000.0,13.9,mip_progress,False,results/paper_m4pro_fullmodes_2026-04-29/logs/gurobi/test/matpower_case1354pegase_2017-05-15__lazy_gnn_t080.log
matpower/case1354pegase,LAZY_GNN_T080,matpower/case1354pegase/2017-05-15,1253.0,case1354pegase,1354,2017-05-15,TIME_LIMIT,False,1800.0,69.61111111111111,86469000.0,74483000.0,13.9,mip_progress,False,results/paper_m4pro_fullmodes_2026-04-29/logs/gurobi/test/matpower_case1354pegase_2017-05-15__lazy_gnn_t080.log
matpower/case1354pegase,LAZY_GNN_T080,matpower/case1354pegase/2017-05-15,1286.0,case1354pegase,1354,2017-05-15,TIME_LIMIT,False,1800.0,71.44444444444444,86469000.0,74483000.0,13.9,mip_progress,False,results/paper_m4pro_fullmodes_2026-04-29/logs/gurobi/test/matpower_case1354pegase_2017-05-15__lazy_gnn_t080.log
matpower/case1354pegase,LAZY_GNN_T080,matpower/case1354pegase/2017-05-15,1287.0,case1354pegase,1354,2017-05-15,TIME_LIMIT,False,1800.0,71.5,84544280.0,74483000.0,11.9,mip_progress,True,results/paper_m4pro_fullmodes_2026-04-29/logs/gurobi/test/matpower_case1354pegase_2017-05-15__lazy_gnn_t080.log
matpower/case1354pegase,LAZY_GNN_T080,matpower/case1354pegase/2017-05-15,1314.0,case1354pegase,1354,2017-05-15,TIME_LIMIT,False,1800.0,73.0,84544000.0,74483000.0,11.9,mip_progress,False,results/paper_m4pro_fullmodes_2026-04-29/logs/gurobi/test/matpower_case1354pegase_2017-05-15__lazy_gnn_t080.log
matpower/case1354pegase,LAZY_GNN_T080,matpower/case1354pegase/2017-05-15,1343.0,case1354pegase,1354,2017-05-15,TIME_LIMIT,False,1800.0,74.61111111111111,84544000.0,74483000.0,11.9,mip_progress,False,results/paper_m4pro_fullmodes_2026-04-29/logs/gurobi/test/matpower_case1354pegase_2017-05-15__lazy_gnn_t080.log
matpower/case1354pegase,LAZY_GNN_T080,matpower/case1354pegase/2017-05-15,1367.0,case1354pegase,1354,2017-05-15,TIME_LIMIT,False,1800.0,75.94444444444444,84544000.0,74483000.0,11.9,mip_progress,False,results/paper_m4pro_fullmodes_2026-04-29/logs/gurobi/test/matpower_case1354pegase_2017-05-15__lazy_gnn_t080.log
matpower/case1354pegase,LAZY_GNN_T080,matpower/case1354pegase/2017-05-15,1392.0,case1354pegase,1354,2017-05-15,TIME_LIMIT,False,1800.0,77.33333333333333,84544000.0,74483000.0,11.9,mip_progress,False,results/paper_m4pro_fullmodes_2026-04-29/logs/gurobi/test/matpower_case1354pegase_2017-05-15__lazy_gnn_t080.log
matpower/case1354pegase,LAZY_GNN_T080,matpower/case1354pegase/2017-05-15,1416.0,case1354pegase,1354,2017-05-15,TIME_LIMIT,False,1800.0,78.66666666666667,84544000.0,74483000.0,11.9,mip_progress,False,results/paper_m4pro_fullmodes_2026-04-29/logs/gurobi/test/matpower_case1354pegase_2017-05-15__lazy_gnn_t080.log
matpower/case1354pegase,LAZY_GNN_T080,matpower/case1354pegase/2017-05-15,1441.0,case1354pegase,1354,2017-05-15,TIME_LIMIT,False,1800.0,80.05555555555556,84544000.0,74483000.0,11.9,mip_progress,False,results/paper_m4pro_fullmodes_2026-04-29/logs/gurobi/test/matpower_case1354pegase_2017-05-15__lazy_gnn_t080.log
matpower/case1354pegase,LAZY_GNN_T080,matpower/case1354pegase/2017-05-15,1465.0,case1354pegase,1354,2017-05-15,TIME_LIMIT,False,1800.0,81.38888888888889,84544000.0,74483000.0,11.9,mip_progress,False,results/paper_m4pro_fullmodes_2026-04-29/logs/gurobi/test/matpower_case1354pegase_2017-05-15__lazy_gnn_t080.log
matpower/case1354pegase,LAZY_GNN_T080,matpower/case1354pegase/2017-05-15,1525.0,case1354pegase,1354,2017-05-15,TIME_LIMIT,False,1800.0,84.72222222222223,84544000.0,74483000.0,11.9,mip_progress,False,results/paper_m4pro_fullmodes_2026-04-29/logs/gurobi/test/matpower_case1354pegase_2017-05-15__lazy_gnn_t080.log
matpower/case1354pegase,LAZY_GNN_T080,matpower/case1354pegase/2017-05-15,1549.0,case1354pegase,1354,2017-05-15,TIME_LIMIT,False,1800.0,86.05555555555556,84544000.0,74483000.0,11.9,mip_progress,False,results/paper_m4pro_fullmodes_2026-04-29/logs/gurobi/test/matpower_case1354pegase_2017-05-15__lazy_gnn_t080.log
matpower/case1354pegase,LAZY_GNN_T080,matpower/case1354pegase/2017-05-15,1570.0,case1354pegase,1354,2017-05-15,TIME_LIMIT,False,1800.0,87.22222222222223,84544000.0,74483000.0,11.9,mip_progress,False,results/paper_m4pro_fullmodes_2026-04-29/logs/gurobi/test/matpower_case1354pegase_2017-05-15__lazy_gnn_t080.log
matpower/case1354pegase,LAZY_GNN_T080,matpower/case1354pegase/2017-05-15,1593.0,case1354pegase,1354,2017-05-15,TIME_LIMIT,False,1800.0,88.5,84544000.0,74483000.0,11.9,mip_progress,False,results/paper_m4pro_fullmodes_2026-04-29/logs/gurobi/test/matpower_case1354pegase_2017-05-15__lazy_gnn_t080.log
matpower/case1354pegase,LAZY_GNN_T080,matpower/case1354pegase/2017-05-15,1616.0,case1354pegase,1354,2017-05-15,TIME_LIMIT,False,1800.0,89.77777777777777,84544000.0,74483000.0,11.9,mip_progress,False,results/paper_m4pro_fullmodes_2026-04-29/logs/gurobi/test/matpower_case1354pegase_2017-05-15__lazy_gnn_t080.log
matpower/case1354pegase,LAZY_GNN_T080,matpower/case1354pegase/2017-05-15,1643.0,case1354pegase,1354,2017-05-15,TIME_LIMIT,False,1800.0,91.27777777777777,84544000.0,74483000.0,11.9,mip_progress,False,results/paper_m4pro_fullmodes_2026-04-29/logs/gurobi/test/matpower_case1354pegase_2017-05-15__lazy_gnn_t080.log
matpower/case1354pegase,LAZY_GNN_T080,matpower/case1354pegase/2017-05-15,1667.0,case1354pegase,1354,2017-05-15,TIME_LIMIT,False,1800.0,92.61111111111111,84544000.0,74483000.0,11.9,mip_progress,False,results/paper_m4pro_fullmodes_2026-04-29/logs/gurobi/test/matpower_case1354pegase_2017-05-15__lazy_gnn_t080.log
matpower/case1354pegase,LAZY_GNN_T080,matpower/case1354pegase/2017-05-15,1694.0,case1354pegase,1354,2017-05-15,TIME_LIMIT,False,1800.0,94.11111111111111,84544000.0,74483000.0,11.9,mip_progress,False,results/paper_m4pro_fullmodes_2026-04-29/logs/gurobi/test/matpower_case1354pegase_2017-05-15__lazy_gnn_t080.log
matpower/case1354pegase,LAZY_GNN_T080,matpower/case1354pegase/2017-05-15,1721.0,case1354pegase,1354,2017-05-15,TIME_LIMIT,False,1800.0,95.61111111111111,84544000.0,74483000.0,11.9,mip_progress,False,results/paper_m4pro_fullmodes_2026-04-29/logs/gurobi/test/matpower_case1354pegase_2017-05-15__lazy_gnn_t080.log
matpower/case1354pegase,LAZY_GNN_T080,matpower/case1354pegase/2017-05-15,1753.0,case1354pegase,1354,2017-05-15,TIME_LIMIT,False,1800.0,97.38888888888889,84544000.0,74483000.0,11.9,mip_progress,False,results/paper_m4pro_fullmodes_2026-04-29/logs/gurobi/test/matpower_case1354pegase_2017-05-15__lazy_gnn_t080.log
matpower/case1354pegase,LAZY_GNN_T080,matpower/case1354pegase/2017-05-15,1784.0,case1354pegase,1354,2017-05-15,TIME_LIMIT,False,1800.0,99.11111111111111,84544000.0,74483000.0,11.9,mip_progress,False,results/paper_m4pro_fullmodes_2026-04-29/logs/gurobi/test/matpower_case1354pegase_2017-05-15__lazy_gnn_t080.log
matpower/case1354pegase,LAZY_GNN_T080,matpower/case1354pegase/2017-05-15,1800.0,case1354pegase,1354,2017-05-15,TIME_LIMIT,False,1800.0,100.0,84544000.0,74483000.0,11.9,mip_progress,False,results/paper_m4pro_fullmodes_2026-04-29/logs/gurobi/test/matpower_case1354pegase_2017-05-15__lazy_gnn_t080.log
matpower/case1354pegase,LAZY_GNN_T080,matpower/case1354pegase/2017-05-15,1801.0,case1354pegase,1354,2017-05-15,TIME_LIMIT,False,1800.0,100.05555555555556,84287320.0,74483000.0,11.6,mip_progress,True,results/paper_m4pro_fullmodes_2026-04-29/logs/gurobi/test/matpower_case1354pegase_2017-05-15__lazy_gnn_t080.log
matpower/case1354pegase,LAZY_GNN_T080,matpower/case1354pegase/2017-05-15,1808.560882,case1354pegase,1354,2017-05-15,TIME_LIMIT,False,1800.0,100.47560455555555,,,11.6,result_final,False,results/paper_m4pro_fullmodes_2026-04-29/logs/gurobi/test/matpower_case1354pegase_2017-05-15__lazy_gnn_t080.log
matpower/case1354pegase,LAZY_GNN_T080,matpower/case1354pegase/2017-07-15,308.0,case1354pegase,1354,2017-07-15,TIME_LIMIT,False,1800.0,17.11111111111111,1618881000.0,45132200.0,97.2121360371763,norel_heuristic,True,results/paper_m4pro_fullmodes_2026-04-29/logs/gurobi/test/matpower_case1354pegase_2017-07-15__lazy_gnn_t080.log
matpower/case1354pegase,LAZY_GNN_T080,matpower/case1354pegase/2017-07-15,316.0,case1354pegase,1354,2017-07-15,TIME_LIMIT,False,1800.0,17.555555555555557,1617158000.0,45132200.0,97.20916570922569,norel_heuristic,True,results/paper_m4pro_fullmodes_2026-04-29/logs/gurobi/test/matpower_case1354pegase_2017-07-15__lazy_gnn_t080.log
matpower/case1354pegase,LAZY_GNN_T080,matpower/case1354pegase/2017-07-15,324.0,case1354pegase,1354,2017-07-15,TIME_LIMIT,False,1800.0,18.0,1616824000.0,45132200.0,97.20858918472264,norel_heuristic,True,results/paper_m4pro_fullmodes_2026-04-29/logs/gurobi/test/matpower_case1354pegase_2017-07-15__lazy_gnn_t080.log
matpower/case1354pegase,LAZY_GNN_T080,matpower/case1354pegase/2017-07-15,361.0,case1354pegase,1354,2017-07-15,TIME_LIMIT,False,1800.0,20.055555555555557,1616814000.0,45132200.0,97.20857191983741,norel_heuristic,True,results/paper_m4pro_fullmodes_2026-04-29/logs/gurobi/test/matpower_case1354pegase_2017-07-15__lazy_gnn_t080.log
matpower/case1354pegase,LAZY_GNN_T080,matpower/case1354pegase/2017-07-15,392.0,case1354pegase,1354,2017-07-15,TIME_LIMIT,False,1800.0,21.77777777777778,1616806000.0,45132200.0,97.20855810777546,norel_heuristic,True,results/paper_m4pro_fullmodes_2026-04-29/logs/gurobi/test/matpower_case1354pegase_2017-07-15__lazy_gnn_t080.log
matpower/case1354pegase,LAZY_GNN_T080,matpower/case1354pegase/2017-07-15,401.0,case1354pegase,1354,2017-07-15,TIME_LIMIT,False,1800.0,22.27777777777778,1616799000.0,45132200.0,97.20854602210912,norel_heuristic,True,results/paper_m4pro_fullmodes_2026-04-29/logs/gurobi/test/matpower_case1354pegase_2017-07-15__lazy_gnn_t080.log
matpower/case1354pegase,LAZY_GNN_T080,matpower/case1354pegase/2017-07-15,410.0,case1354pegase,1354,2017-07-15,TIME_LIMIT,False,1800.0,22.77777777777778,1616791000.0,45132200.0,97.20853220979087,norel_heuristic,True,results/paper_m4pro_fullmodes_2026-04-29/logs/gurobi/test/matpower_case1354pegase_2017-07-15__lazy_gnn_t080.log
matpower/case1354pegase,LAZY_GNN_T080,matpower/case1354pegase/2017-07-15,421.0,case1354pegase,1354,2017-07-15,TIME_LIMIT,False,1800.0,23.38888888888889,1616786000.0,45132200.0,97.20852357702256,norel_heuristic,True,results/paper_m4pro_fullmodes_2026-04-29/logs/gurobi/test/matpower_case1354pegase_2017-07-15__lazy_gnn_t080.log
matpower/case1354pegase,LAZY_GNN_T080,matpower/case1354pegase/2017-07-15,432.0,case1354pegase,1354,2017-07-15,TIME_LIMIT,False,1800.0,24.0,1616782000.0,45132200.0,97.20851667076947,norel_heuristic,True,results/paper_m4pro_fullmodes_2026-04-29/logs/gurobi/test/matpower_case1354pegase_2017-07-15__lazy_gnn_t080.log
matpower/case1354pegase,LAZY_GNN_T080,matpower/case1354pegase/2017-07-15,443.0,case1354pegase,1354,2017-07-15,TIME_LIMIT,False,1800.0,24.61111111111111,1616725000.0,45132200.0,97.20841825294964,norel_heuristic,True,results/paper_m4pro_fullmodes_2026-04-29/logs/gurobi/test/matpower_case1354pegase_2017-07-15__lazy_gnn_t080.log
matpower/case1354pegase,LAZY_GNN_T080,matpower/case1354pegase/2017-07-15,457.0,case1354pegase,1354,2017-07-15,TIME_LIMIT,False,1800.0,25.38888888888889,1616421000.0,45132200.0,97.2078932406842,norel_heuristic,True,results/paper_m4pro_fullmodes_2026-04-29/logs/gurobi/test/matpower_case1354pegase_2017-07-15__lazy_gnn_t080.log
matpower/case1354pegase,LAZY_GNN_T080,matpower/case1354pegase/2017-07-15,470.0,case1354pegase,1354,2017-07-15,TIME_LIMIT,False,1800.0,26.11111111111111,1616411000.0,45132200.0,97.20787596718904,norel_heuristic,True,results/paper_m4pro_fullmodes_2026-04-29/logs/gurobi/test/matpower_case1354pegase_2017-07-15__lazy_gnn_t080.log
matpower/case1354pegase,LAZY_GNN_T080,matpower/case1354pegase/2017-07-15,484.0,case1354pegase,1354,2017-07-15,TIME_LIMIT,False,1800.0,26.88888888888889,1616296000.0,45132200.0,97.20767730663195,norel_heuristic,True,results/paper_m4pro_fullmodes_2026-04-29/logs/gurobi/test/matpower_case1354pegase_2017-07-15__lazy_gnn_t080.log
matpower/case1354pegase,LAZY_GNN_T080,matpower/case1354pegase/2017-07-15,500.0,case1354pegase,1354,2017-07-15,TIME_LIMIT,False,1800.0,27.77777777777778,1609813000.0,45132200.0,97.19643213217932,norel_heuristic,True,results/paper_m4pro_fullmodes_2026-04-29/logs/gurobi/test/matpower_case1354pegase_2017-07-15__lazy_gnn_t080.log
matpower/case1354pegase,LAZY_GNN_T080,matpower/case1354pegase/2017-07-15,650.0,case1354pegase,1354,2017-07-15,TIME_LIMIT,False,1800.0,36.111111111111114,1609800000.0,144630000.0,91.0,mip_progress,False,results/paper_m4pro_fullmodes_2026-04-29/logs/gurobi/test/matpower_case1354pegase_2017-07-15__lazy_gnn_t080.log
matpower/case1354pegase,LAZY_GNN_T080,matpower/case1354pegase/2017-07-15,652.0,case1354pegase,1354,2017-07-15,TIME_LIMIT,False,1800.0,36.22222222222222,1609545000.0,144630000.0,91.0,mip_progress,True,results/paper_m4pro_fullmodes_2026-04-29/logs/gurobi/test/matpower_case1354pegase_2017-07-15__lazy_gnn_t080.log
matpower/case1354pegase,LAZY_GNN_T080,matpower/case1354pegase/2017-07-15,762.0,case1354pegase,1354,2017-07-15,TIME_LIMIT,False,1800.0,42.333333333333336,1609500000.0,144630000.0,91.0,mip_progress,False,results/paper_m4pro_fullmodes_2026-04-29/logs/gurobi/test/matpower_case1354pegase_2017-07-15__lazy_gnn_t080.log
matpower/case1354pegase,LAZY_GNN_T080,matpower/case1354pegase/2017-07-15,834.0,case1354pegase,1354,2017-07-15,TIME_LIMIT,False,1800.0,46.333333333333336,1609500000.0,144670000.0,91.0,mip_progress,False,results/paper_m4pro_fullmodes_2026-04-29/logs/gurobi/test/matpower_case1354pegase_2017-07-15__lazy_gnn_t080.log
matpower/case1354pegase,LAZY_GNN_T080,matpower/case1354pegase/2017-07-15,884.0,case1354pegase,1354,2017-07-15,TIME_LIMIT,False,1800.0,49.111111111111114,1609500000.0,144670000.0,91.0,mip_progress,False,results/paper_m4pro_fullmodes_2026-04-29/logs/gurobi/test/matpower_case1354pegase_2017-07-15__lazy_gnn_t080.log
matpower/case1354pegase,LAZY_GNN_T080,matpower/case1354pegase/2017-07-15,936.0,case1354pegase,1354,2017-07-15,TIME_LIMIT,False,1800.0,52.0,186672800.0,144670000.0,22.5,mip_progress,True,results/paper_m4pro_fullmodes_2026-04-29/logs/gurobi/test/matpower_case1354pegase_2017-07-15__lazy_gnn_t080.log
matpower/case1354pegase,LAZY_GNN_T080,matpower/case1354pegase/2017-07-15,938.0,case1354pegase,1354,2017-07-15,TIME_LIMIT,False,1800.0,52.111111111111114,186671700.0,144670000.0,22.5,mip_progress,True,results/paper_m4pro_fullmodes_2026-04-29/logs/gurobi/test/matpower_case1354pegase_2017-07-15__lazy_gnn_t080.log
matpower/case1354pegase,LAZY_GNN_T080,matpower/case1354pegase/2017-07-15,1014.0,case1354pegase,1354,2017-07-15,TIME_LIMIT,False,1800.0,56.333333333333336,183761200.0,144670000.0,21.3,mip_progress,True,results/paper_m4pro_fullmodes_2026-04-29/logs/gurobi/test/matpower_case1354pegase_2017-07-15__lazy_gnn_t080.log
matpower/case1354pegase,LAZY_GNN_T080,matpower/case1354pegase/2017-07-15,1015.0,case1354pegase,1354,2017-07-15,TIME_LIMIT,False,1800.0,56.388888888888886,183760100.0,144670000.0,21.3,mip_progress,True,results/paper_m4pro_fullmodes_2026-04-29/logs/gurobi/test/matpower_case1354pegase_2017-07-15__lazy_gnn_t080.log
matpower/case1354pegase,LAZY_GNN_T080,matpower/case1354pegase/2017-07-15,1143.0,case1354pegase,1354,2017-07-15,TIME_LIMIT,False,1800.0,63.5,183760000.0,148120000.0,19.4,mip_progress,False,results/paper_m4pro_fullmodes_2026-04-29/logs/gurobi/test/matpower_case1354pegase_2017-07-15__lazy_gnn_t080.log
matpower/case1354pegase,LAZY_GNN_T080,matpower/case1354pegase/2017-07-15,1152.0,case1354pegase,1354,2017-07-15,TIME_LIMIT,False,1800.0,64.0,183760000.0,148120000.0,19.4,mip_progress,False,results/paper_m4pro_fullmodes_2026-04-29/logs/gurobi/test/matpower_case1354pegase_2017-07-15__lazy_gnn_t080.log
matpower/case1354pegase,LAZY_GNN_T080,matpower/case1354pegase/2017-07-15,1163.0,case1354pegase,1354,2017-07-15,TIME_LIMIT,False,1800.0,64.61111111111111,183760000.0,148120000.0,19.4,mip_progress,False,results/paper_m4pro_fullmodes_2026-04-29/logs/gurobi/test/matpower_case1354pegase_2017-07-15__lazy_gnn_t080.log
matpower/case1354pegase,LAZY_GNN_T080,matpower/case1354pegase/2017-07-15,1202.0,case1354pegase,1354,2017-07-15,TIME_LIMIT,False,1800.0,66.77777777777777,183760000.0,148120000.0,19.4,mip_progress,False,results/paper_m4pro_fullmodes_2026-04-29/logs/gurobi/test/matpower_case1354pegase_2017-07-15__lazy_gnn_t080.log
matpower/case1354pegase,LAZY_GNN_T080,matpower/case1354pegase/2017-07-15,1229.0,case1354pegase,1354,2017-07-15,TIME_LIMIT,False,1800.0,68.27777777777777,183760000.0,148130000.0,19.4,mip_progress,False,results/paper_m4pro_fullmodes_2026-04-29/logs/gurobi/test/matpower_case1354pegase_2017-07-15__lazy_gnn_t080.log
matpower/case1354pegase,LAZY_GNN_T080,matpower/case1354pegase/2017-07-15,1248.0,case1354pegase,1354,2017-07-15,TIME_LIMIT,False,1800.0,69.33333333333333,183760000.0,148220000.0,19.3,mip_progress,False,results/paper_m4pro_fullmodes_2026-04-29/logs/gurobi/test/matpower_case1354pegase_2017-07-15__lazy_gnn_t080.log
matpower/case1354pegase,LAZY_GNN_T080,matpower/case1354pegase/2017-07-15,1276.0,case1354pegase,1354,2017-07-15,TIME_LIMIT,False,1800.0,70.88888888888889,183760000.0,148220000.0,19.3,mip_progress,False,results/paper_m4pro_fullmodes_2026-04-29/logs/gurobi/test/matpower_case1354pegase_2017-07-15__lazy_gnn_t080.log
matpower/case1354pegase,LAZY_GNN_T080,matpower/case1354pegase/2017-07-15,1316.0,case1354pegase,1354,2017-07-15,TIME_LIMIT,False,1800.0,73.11111111111111,183760000.0,148220000.0,19.3,mip_progress,False,results/paper_m4pro_fullmodes_2026-04-29/logs/gurobi/test/matpower_case1354pegase_2017-07-15__lazy_gnn_t080.log
matpower/case1354pegase,LAZY_GNN_T080,matpower/case1354pegase/2017-07-15,1356.0,case1354pegase,1354,2017-07-15,TIME_LIMIT,False,1800.0,75.33333333333333,183760000.0,148220000.0,19.3,mip_progress,False,results/paper_m4pro_fullmodes_2026-04-29/logs/gurobi/test/matpower_case1354pegase_2017-07-15__lazy_gnn_t080.log
matpower/case1354pegase,LAZY_GNN_T080,matpower/case1354pegase/2017-07-15,1394.0,case1354pegase,1354,2017-07-15,TIME_LIMIT,False,1800.0,77.44444444444444,183760000.0,148220000.0,19.3,mip_progress,False,results/paper_m4pro_fullmodes_2026-04-29/logs/gurobi/test/matpower_case1354pegase_2017-07-15__lazy_gnn_t080.log
matpower/case1354pegase,LAZY_GNN_T080,matpower/case1354pegase/2017-07-15,1434.0,case1354pegase,1354,2017-07-15,TIME_LIMIT,False,1800.0,79.66666666666667,183760000.0,148220000.0,19.3,mip_progress,False,results/paper_m4pro_fullmodes_2026-04-29/logs/gurobi/test/matpower_case1354pegase_2017-07-15__lazy_gnn_t080.log
matpower/case1354pegase,LAZY_GNN_T080,matpower/case1354pegase/2017-07-15,1478.0,case1354pegase,1354,2017-07-15,TIME_LIMIT,False,1800.0,82.11111111111111,183760000.0,148220000.0,19.3,mip_progress,False,results/paper_m4pro_fullmodes_2026-04-29/logs/gurobi/test/matpower_case1354pegase_2017-07-15__lazy_gnn_t080.log
matpower/case1354pegase,LAZY_GNN_T080,matpower/case1354pegase/2017-07-15,1522.0,case1354pegase,1354,2017-07-15,TIME_LIMIT,False,1800.0,84.55555555555556,183760000.0,148220000.0,19.3,mip_progress,False,results/paper_m4pro_fullmodes_2026-04-29/logs/gurobi/test/matpower_case1354pegase_2017-07-15__lazy_gnn_t080.log
matpower/case1354pegase,LAZY_GNN_T080,matpower/case1354pegase/2017-07-15,1568.0,case1354pegase,1354,2017-07-15,TIME_LIMIT,False,1800.0,87.11111111111111,183760000.0,148220000.0,19.3,mip_progress,False,results/paper_m4pro_fullmodes_2026-04-29/logs/gurobi/test/matpower_case1354pegase_2017-07-15__lazy_gnn_t080.log
matpower/case1354pegase,LAZY_GNN_T080,matpower/case1354pegase/2017-07-15,1615.0,case1354pegase,1354,2017-07-15,TIME_LIMIT,False,1800.0,89.72222222222223,183760000.0,148220000.0,19.3,mip_progress,False,results/paper_m4pro_fullmodes_2026-04-29/logs/gurobi/test/matpower_case1354pegase_2017-07-15__lazy_gnn_t080.log
matpower/case1354pegase,LAZY_GNN_T080,matpower/case1354pegase/2017-07-15,1666.0,case1354pegase,1354,2017-07-15,TIME_LIMIT,False,1800.0,92.55555555555556,183760000.0,148220000.0,19.3,mip_progress,False,results/paper_m4pro_fullmodes_2026-04-29/logs/gurobi/test/matpower_case1354pegase_2017-07-15__lazy_gnn_t080.log
matpower/case1354pegase,LAZY_GNN_T080,matpower/case1354pegase/2017-07-15,1709.0,case1354pegase,1354,2017-07-15,TIME_LIMIT,False,1800.0,94.94444444444444,183760000.0,148220000.0,19.3,mip_progress,False,results/paper_m4pro_fullmodes_2026-04-29/logs/gurobi/test/matpower_case1354pegase_2017-07-15__lazy_gnn_t080.log
matpower/case1354pegase,LAZY_GNN_T080,matpower/case1354pegase/2017-07-15,1754.0,case1354pegase,1354,2017-07-15,TIME_LIMIT,False,1800.0,97.44444444444444,183760000.0,148220000.0,19.3,mip_progress,False,results/paper_m4pro_fullmodes_2026-04-29/logs/gurobi/test/matpower_case1354pegase_2017-07-15__lazy_gnn_t080.log
matpower/case1354pegase,LAZY_GNN_T080,matpower/case1354pegase/2017-07-15,1800.0,case1354pegase,1354,2017-07-15,TIME_LIMIT,False,1800.0,100.0,183760000.0,148220000.0,19.3,mip_progress,False,results/paper_m4pro_fullmodes_2026-04-29/logs/gurobi/test/matpower_case1354pegase_2017-07-15__lazy_gnn_t080.log
matpower/case1354pegase,LAZY_GNN_T080,matpower/case1354pegase/2017-07-15,1807.934635,case1354pegase,1354,2017-07-15,TIME_LIMIT,False,1800.0,100.44081305555557,,,19.3,result_final,False,results/paper_m4pro_fullmodes_2026-04-29/logs/gurobi/test/matpower_case1354pegase_2017-07-15__lazy_gnn_t080.log
matpower/case1354pegase,LAZY_GNN_T080,matpower/case1354pegase/2017-09-15,340.0,case1354pegase,1354,2017-09-15,TIME_LIMIT,False,1800.0,18.88888888888889,1461503000.0,37132100.0,97.45932098668288,norel_heuristic,True,results/paper_m4pro_fullmodes_2026-04-29/logs/gurobi/test/matpower_case1354pegase_2017-09-15__lazy_gnn_t080.log
matpower/case1354pegase,LAZY_GNN_T080,matpower/case1354pegase/2017-09-15,356.0,case1354pegase,1354,2017-09-15,TIME_LIMIT,False,1800.0,19.77777777777778,1452847000.0,37132100.0,97.44418373028957,norel_heuristic,True,results/paper_m4pro_fullmodes_2026-04-29/logs/gurobi/test/matpower_case1354pegase_2017-09-15__lazy_gnn_t080.log
matpower/case1354pegase,LAZY_GNN_T080,matpower/case1354pegase/2017-09-15,366.0,case1354pegase,1354,2017-09-15,TIME_LIMIT,False,1800.0,20.333333333333332,1452500000.0,37132100.0,97.44357314974182,norel_heuristic,True,results/paper_m4pro_fullmodes_2026-04-29/logs/gurobi/test/matpower_case1354pegase_2017-09-15__lazy_gnn_t080.log
matpower/case1354pegase,LAZY_GNN_T080,matpower/case1354pegase/2017-09-15,408.0,case1354pegase,1354,2017-09-15,TIME_LIMIT,False,1800.0,22.666666666666668,1421244000.0,37132100.0,97.38735220693984,norel_heuristic,True,results/paper_m4pro_fullmodes_2026-04-29/logs/gurobi/test/matpower_case1354pegase_2017-09-15__lazy_gnn_t080.log
matpower/case1354pegase,LAZY_GNN_T080,matpower/case1354pegase/2017-09-15,446.0,case1354pegase,1354,2017-09-15,TIME_LIMIT,False,1800.0,24.77777777777778,1420946000.0,37132100.0,97.38680428390664,norel_heuristic,True,results/paper_m4pro_fullmodes_2026-04-29/logs/gurobi/test/matpower_case1354pegase_2017-09-15__lazy_gnn_t080.log
matpower/case1354pegase,LAZY_GNN_T080,matpower/case1354pegase/2017-09-15,455.0,case1354pegase,1354,2017-09-15,TIME_LIMIT,False,1800.0,25.27777777777778,1420942000.0,37132100.0,97.38679692767192,norel_heuristic,True,results/paper_m4pro_fullmodes_2026-04-29/logs/gurobi/test/matpower_case1354pegase_2017-09-15__lazy_gnn_t080.log
matpower/case1354pegase,LAZY_GNN_T080,matpower/case1354pegase/2017-09-15,469.0,case1354pegase,1354,2017-09-15,TIME_LIMIT,False,1800.0,26.055555555555557,1420940000.0,37132100.0,97.38679324953904,norel_heuristic,True,results/paper_m4pro_fullmodes_2026-04-29/logs/gurobi/test/matpower_case1354pegase_2017-09-15__lazy_gnn_t080.log
matpower/case1354pegase,LAZY_GNN_T080,matpower/case1354pegase/2017-09-15,484.0,case1354pegase,1354,2017-09-15,TIME_LIMIT,False,1800.0,26.88888888888889,1420874000.0,37132100.0,97.38667186534485,norel_heuristic,True,results/paper_m4pro_fullmodes_2026-04-29/logs/gurobi/test/matpower_case1354pegase_2017-09-15__lazy_gnn_t080.log
matpower/case1354pegase,LAZY_GNN_T080,matpower/case1354pegase/2017-09-15,501.0,case1354pegase,1354,2017-09-15,TIME_LIMIT,False,1800.0,27.833333333333332,1420572000.0,37132100.0,97.38611629681564,norel_heuristic,True,results/paper_m4pro_fullmodes_2026-04-29/logs/gurobi/test/matpower_case1354pegase_2017-09-15__lazy_gnn_t080.log
matpower/case1354pegase,LAZY_GNN_T080,matpower/case1354pegase/2017-09-15,517.0,case1354pegase,1354,2017-09-15,TIME_LIMIT,False,1800.0,28.72222222222222,1420482000.0,37132100.0,97.38595068434518,norel_heuristic,True,results/paper_m4pro_fullmodes_2026-04-29/logs/gurobi/test/matpower_case1354pegase_2017-09-15__lazy_gnn_t080.log
matpower/case1354pegase,LAZY_GNN_T080,matpower/case1354pegase/2017-09-15,536.0,case1354pegase,1354,2017-09-15,TIME_LIMIT,False,1800.0,29.77777777777778,1420179000.0,37132100.0,97.38539296806952,norel_heuristic,True,results/paper_m4pro_fullmodes_2026-04-29/logs/gurobi/test/matpower_case1354pegase_2017-09-15__lazy_gnn_t080.log
matpower/case1354pegase,LAZY_GNN_T080,matpower/case1354pegase/2017-09-15,693.0,case1354pegase,1354,2017-09-15,TIME_LIMIT,False,1800.0,38.5,1420200000.0,118510000.0,91.7,mip_progress,False,results/paper_m4pro_fullmodes_2026-04-29/logs/gurobi/test/matpower_case1354pegase_2017-09-15__lazy_gnn_t080.log
matpower/case1354pegase,LAZY_GNN_T080,matpower/case1354pegase/2017-09-15,785.0,case1354pegase,1354,2017-09-15,TIME_LIMIT,False,1800.0,43.611111111111114,1420200000.0,118550000.0,91.7,mip_progress,False,results/paper_m4pro_fullmodes_2026-04-29/logs/gurobi/test/matpower_case1354pegase_2017-09-15__lazy_gnn_t080.log
matpower/case1354pegase,LAZY_GNN_T080,matpower/case1354pegase/2017-09-15,878.0,case1354pegase,1354,2017-09-15,TIME_LIMIT,False,1800.0,48.77777777777778,1420200000.0,118550000.0,91.7,mip_progress,False,results/paper_m4pro_fullmodes_2026-04-29/logs/gurobi/test/matpower_case1354pegase_2017-09-15__lazy_gnn_t080.log
matpower/case1354pegase,LAZY_GNN_T080,matpower/case1354pegase/2017-09-15,941.0,case1354pegase,1354,2017-09-15,TIME_LIMIT,False,1800.0,52.27777777777778,150361100.0,118550000.0,21.2,mip_progress,True,results/paper_m4pro_fullmodes_2026-04-29/logs/gurobi/test/matpower_case1354pegase_2017-09-15__lazy_gnn_t080.log
matpower/case1354pegase,LAZY_GNN_T080,matpower/case1354pegase/2017-09-15,1009.0,case1354pegase,1354,2017-09-15,TIME_LIMIT,False,1800.0,56.05555555555556,149398200.0,118550000.0,20.6,mip_progress,True,results/paper_m4pro_fullmodes_2026-04-29/logs/gurobi/test/matpower_case1354pegase_2017-09-15__lazy_gnn_t080.log
matpower/case1354pegase,LAZY_GNN_T080,matpower/case1354pegase/2017-09-15,1101.0,case1354pegase,1354,2017-09-15,TIME_LIMIT,False,1800.0,61.166666666666664,149400000.0,118550000.0,20.6,mip_progress,False,results/paper_m4pro_fullmodes_2026-04-29/logs/gurobi/test/matpower_case1354pegase_2017-09-15__lazy_gnn_t080.log
matpower/case1354pegase,LAZY_GNN_T080,matpower/case1354pegase/2017-09-15,1157.0,case1354pegase,1354,2017-09-15,TIME_LIMIT,False,1800.0,64.27777777777777,149400000.0,118560000.0,20.6,mip_progress,False,results/paper_m4pro_fullmodes_2026-04-29/logs/gurobi/test/matpower_case1354pegase_2017-09-15__lazy_gnn_t080.log
matpower/case1354pegase,LAZY_GNN_T080,matpower/case1354pegase/2017-09-15,1186.0,case1354pegase,1354,2017-09-15,TIME_LIMIT,False,1800.0,65.88888888888889,149400000.0,118660000.0,20.6,mip_progress,False,results/paper_m4pro_fullmodes_2026-04-29/logs/gurobi/test/matpower_case1354pegase_2017-09-15__lazy_gnn_t080.log
matpower/case1354pegase,LAZY_GNN_T080,matpower/case1354pegase/2017-09-15,1216.0,case1354pegase,1354,2017-09-15,TIME_LIMIT,False,1800.0,67.55555555555556,149400000.0,118680000.0,20.6,mip_progress,False,results/paper_m4pro_fullmodes_2026-04-29/logs/gurobi/test/matpower_case1354pegase_2017-09-15__lazy_gnn_t080.log
matpower/case1354pegase,LAZY_GNN_T080,matpower/case1354pegase/2017-09-15,1248.0,case1354pegase,1354,2017-09-15,TIME_LIMIT,False,1800.0,69.33333333333333,149400000.0,118720000.0,20.5,mip_progress,False,results/paper_m4pro_fullmodes_2026-04-29/logs/gurobi/test/matpower_case1354pegase_2017-09-15__lazy_gnn_t080.log
matpower/case1354pegase,LAZY_GNN_T080,matpower/case1354pegase/2017-09-15,1289.0,case1354pegase,1354,2017-09-15,TIME_LIMIT,False,1800.0,71.61111111111111,149400000.0,118740000.0,20.5,mip_progress,False,results/paper_m4pro_fullmodes_2026-04-29/logs/gurobi/test/matpower_case1354pegase_2017-09-15__lazy_gnn_t080.log
matpower/case1354pegase,LAZY_GNN_T080,matpower/case1354pegase/2017-09-15,1317.0,case1354pegase,1354,2017-09-15,TIME_LIMIT,False,1800.0,73.16666666666667,149400000.0,118770000.0,20.5,mip_progress,False,results/paper_m4pro_fullmodes_2026-04-29/logs/gurobi/test/matpower_case1354pegase_2017-09-15__lazy_gnn_t080.log
matpower/case1354pegase,LAZY_GNN_T080,matpower/case1354pegase/2017-09-15,1372.0,case1354pegase,1354,2017-09-15,TIME_LIMIT,False,1800.0,76.22222222222223,149400000.0,118790000.0,20.5,mip_progress,False,results/paper_m4pro_fullmodes_2026-04-29/logs/gurobi/test/matpower_case1354pegase_2017-09-15__lazy_gnn_t080.log
matpower/case1354pegase,LAZY_GNN_T080,matpower/case1354pegase/2017-09-15,1426.0,case1354pegase,1354,2017-09-15,TIME_LIMIT,False,1800.0,79.22222222222223,149400000.0,118810000.0,20.5,mip_progress,False,results/paper_m4pro_fullmodes_2026-04-29/logs/gurobi/test/matpower_case1354pegase_2017-09-15__lazy_gnn_t080.log
matpower/case1354pegase,LAZY_GNN_T080,matpower/case1354pegase/2017-09-15,1481.0,case1354pegase,1354,2017-09-15,TIME_LIMIT,False,1800.0,82.27777777777777,149400000.0,118820000.0,20.5,mip_progress,False,results/paper_m4pro_fullmodes_2026-04-29/logs/gurobi/test/matpower_case1354pegase_2017-09-15__lazy_gnn_t080.log
matpower/case1354pegase,LAZY_GNN_T080,matpower/case1354pegase/2017-09-15,1538.0,case1354pegase,1354,2017-09-15,TIME_LIMIT,False,1800.0,85.44444444444444,149400000.0,118830000.0,20.5,mip_progress,False,results/paper_m4pro_fullmodes_2026-04-29/logs/gurobi/test/matpower_case1354pegase_2017-09-15__lazy_gnn_t080.log
matpower/case1354pegase,LAZY_GNN_T080,matpower/case1354pegase/2017-09-15,1598.0,case1354pegase,1354,2017-09-15,TIME_LIMIT,False,1800.0,88.77777777777777,149400000.0,118830000.0,20.5,mip_progress,False,results/paper_m4pro_fullmodes_2026-04-29/logs/gurobi/test/matpower_case1354pegase_2017-09-15__lazy_gnn_t080.log
matpower/case1354pegase,LAZY_GNN_T080,matpower/case1354pegase/2017-09-15,1662.0,case1354pegase,1354,2017-09-15,TIME_LIMIT,False,1800.0,92.33333333333333,148635500.0,118830000.0,20.0,mip_progress,True,results/paper_m4pro_fullmodes_2026-04-29/logs/gurobi/test/matpower_case1354pegase_2017-09-15__lazy_gnn_t080.log
matpower/case1354pegase,LAZY_GNN_T080,matpower/case1354pegase/2017-09-15,1710.0,case1354pegase,1354,2017-09-15,TIME_LIMIT,False,1800.0,95.0,148640000.0,118830000.0,20.0,mip_progress,False,results/paper_m4pro_fullmodes_2026-04-29/logs/gurobi/test/matpower_case1354pegase_2017-09-15__lazy_gnn_t080.log
matpower/case1354pegase,LAZY_GNN_T080,matpower/case1354pegase/2017-09-15,1752.0,case1354pegase,1354,2017-09-15,TIME_LIMIT,False,1800.0,97.33333333333333,148640000.0,118830000.0,20.0,mip_progress,False,results/paper_m4pro_fullmodes_2026-04-29/logs/gurobi/test/matpower_case1354pegase_2017-09-15__lazy_gnn_t080.log
matpower/case1354pegase,LAZY_GNN_T080,matpower/case1354pegase/2017-09-15,1800.0,case1354pegase,1354,2017-09-15,TIME_LIMIT,False,1800.0,100.0,148640000.0,118830000.0,20.0,mip_progress,False,results/paper_m4pro_fullmodes_2026-04-29/logs/gurobi/test/matpower_case1354pegase_2017-09-15__lazy_gnn_t080.log
matpower/case1354pegase,LAZY_GNN_T080,matpower/case1354pegase/2017-09-15,1807.965445,case1354pegase,1354,2017-09-15,TIME_LIMIT,False,1800.0,100.44252472222223,,,20.0,result_final,False,results/paper_m4pro_fullmodes_2026-04-29/logs/gurobi/test/matpower_case1354pegase_2017-09-15__lazy_gnn_t080.log
matpower/case1354pegase,LAZY_GNN_T080,matpower/case1354pegase/2017-11-15,350.0,case1354pegase,1354,2017-11-15,TIME_LIMIT,False,1800.0,19.444444444444443,1558458000.0,32532200.0,97.91253918937822,norel_heuristic,True,results/paper_m4pro_fullmodes_2026-04-29/logs/gurobi/test/matpower_case1354pegase_2017-11-15__lazy_gnn_t080.log
matpower/case1354pegase,LAZY_GNN_T080,matpower/case1354pegase/2017-11-15,360.0,case1354pegase,1354,2017-11-15,TIME_LIMIT,False,1800.0,20.0,1546049000.0,32532200.0,97.89578467435379,norel_heuristic,True,results/paper_m4pro_fullmodes_2026-04-29/logs/gurobi/test/matpower_case1354pegase_2017-11-15__lazy_gnn_t080.log
matpower/case1354pegase,LAZY_GNN_T080,matpower/case1354pegase/2017-11-15,369.0,case1354pegase,1354,2017-11-15,TIME_LIMIT,False,1800.0,20.5,1545772000.0,32532200.0,97.89540760215607,norel_heuristic,True,results/paper_m4pro_fullmodes_2026-04-29/logs/gurobi/test/matpower_case1354pegase_2017-11-15__lazy_gnn_t080.log
matpower/case1354pegase,LAZY_GNN_T080,matpower/case1354pegase/2017-11-15,404.0,case1354pegase,1354,2017-11-15,TIME_LIMIT,False,1800.0,22.444444444444443,1511592000.0,32532200.0,97.84781872357091,norel_heuristic,True,results/paper_m4pro_fullmodes_2026-04-29/logs/gurobi/test/matpower_case1354pegase_2017-11-15__lazy_gnn_t080.log
matpower/case1354pegase,LAZY_GNN_T080,matpower/case1354pegase/2017-11-15,432.0,case1354pegase,1354,2017-11-15,TIME_LIMIT,False,1800.0,24.0,1511349000.0,32532200.0,97.84747268830694,norel_heuristic,True,results/paper_m4pro_fullmodes_2026-04-29/logs/gurobi/test/matpower_case1354pegase_2017-11-15__lazy_gnn_t080.log
matpower/case1354pegase,LAZY_GNN_T080,matpower/case1354pegase/2017-11-15,440.0,case1354pegase,1354,2017-11-15,TIME_LIMIT,False,1800.0,24.444444444444443,1511348000.0,32532200.0,97.8474712640636,norel_heuristic,True,results/paper_m4pro_fullmodes_2026-04-29/logs/gurobi/test/matpower_case1354pegase_2017-11-15__lazy_gnn_t080.log
matpower/case1354pegase,LAZY_GNN_T080,matpower/case1354pegase/2017-11-15,451.0,case1354pegase,1354,2017-11-15,TIME_LIMIT,False,1800.0,25.055555555555557,1511347000.0,32532200.0,97.84746983981839,norel_heuristic,True,results/paper_m4pro_fullmodes_2026-04-29/logs/gurobi/test/matpower_case1354pegase_2017-11-15__lazy_gnn_t080.log
matpower/case1354pegase,LAZY_GNN_T080,matpower/case1354pegase/2017-11-15,463.0,case1354pegase,1354,2017-11-15,TIME_LIMIT,False,1800.0,25.72222222222222,1511250000.0,32532200.0,97.84733167907362,norel_heuristic,True,results/paper_m4pro_fullmodes_2026-04-29/logs/gurobi/test/matpower_case1354pegase_2017-11-15__lazy_gnn_t080.log
matpower/case1354pegase,LAZY_GNN_T080,matpower/case1354pegase/2017-11-15,475.0,case1354pegase,1354,2017-11-15,TIME_LIMIT,False,1800.0,26.38888888888889,1511012000.0,32532200.0,97.84699261157424,norel_heuristic,True,results/paper_m4pro_fullmodes_2026-04-29/logs/gurobi/test/matpower_case1354pegase_2017-11-15__lazy_gnn_t080.log
matpower/case1354pegase,LAZY_GNN_T080,matpower/case1354pegase/2017-11-15,489.0,case1354pegase,1354,2017-11-15,TIME_LIMIT,False,1800.0,27.166666666666668,1511011000.0,32532200.0,97.84699118669553,norel_heuristic,True,results/paper_m4pro_fullmodes_2026-04-29/logs/gurobi/test/matpower_case1354pegase_2017-11-15__lazy_gnn_t080.log
matpower/case1354pegase,LAZY_GNN_T080,matpower/case1354pegase/2017-11-15,503.0,case1354pegase,1354,2017-11-15,TIME_LIMIT,False,1800.0,27.944444444444443,1510978000.0,32532200.0,97.84694416464039,norel_heuristic,True,results/paper_m4pro_fullmodes_2026-04-29/logs/gurobi/test/matpower_case1354pegase_2017-11-15__lazy_gnn_t080.log
matpower/case1354pegase,LAZY_GNN_T080,matpower/case1354pegase/2017-11-15,523.0,case1354pegase,1354,2017-11-15,TIME_LIMIT,False,1800.0,29.055555555555557,1510748000.0,32532200.0,97.84661637811203,norel_heuristic,True,results/paper_m4pro_fullmodes_2026-04-29/logs/gurobi/test/matpower_case1354pegase_2017-11-15__lazy_gnn_t080.log
matpower/case1354pegase,LAZY_GNN_T080,matpower/case1354pegase/2017-11-15,661.0,case1354pegase,1354,2017-11-15,TIME_LIMIT,False,1800.0,36.72222222222222,1510700000.0,110240000.0,92.7,mip_progress,False,results/paper_m4pro_fullmodes_2026-04-29/logs/gurobi/test/matpower_case1354pegase_2017-11-15__lazy_gnn_t080.log
matpower/case1354pegase,LAZY_GNN_T080,matpower/case1354pegase/2017-11-15,724.0,case1354pegase,1354,2017-11-15,TIME_LIMIT,False,1800.0,40.22222222222222,1510700000.0,110240000.0,92.7,mip_progress,False,results/paper_m4pro_fullmodes_2026-04-29/logs/gurobi/test/matpower_case1354pegase_2017-11-15__lazy_gnn_t080.log
matpower/case1354pegase,LAZY_GNN_T080,matpower/case1354pegase/2017-11-15,773.0,case1354pegase,1354,2017-11-15,TIME_LIMIT,False,1800.0,42.94444444444444,1510700000.0,110240000.0,92.7,mip_progress,False,results/paper_m4pro_fullmodes_2026-04-29/logs/gurobi/test/matpower_case1354pegase_2017-11-15__lazy_gnn_t080.log
matpower/case1354pegase,LAZY_GNN_T080,matpower/case1354pegase/2017-11-15,826.0,case1354pegase,1354,2017-11-15,TIME_LIMIT,False,1800.0,45.888888888888886,1510700000.0,110240000.0,92.7,mip_progress,False,results/paper_m4pro_fullmodes_2026-04-29/logs/gurobi/test/matpower_case1354pegase_2017-11-15__lazy_gnn_t080.log
matpower/case1354pegase,LAZY_GNN_T080,matpower/case1354pegase/2017-11-15,885.0,case1354pegase,1354,2017-11-15,TIME_LIMIT,False,1800.0,49.166666666666664,199610500.0,110240000.0,44.8,mip_progress,True,results/paper_m4pro_fullmodes_2026-04-29/logs/gurobi/test/matpower_case1354pegase_2017-11-15__lazy_gnn_t080.log
matpower/case1354pegase,LAZY_GNN_T080,matpower/case1354pegase/2017-11-15,886.0,case1354pegase,1354,2017-11-15,TIME_LIMIT,False,1800.0,49.22222222222222,199610100.0,110240000.0,44.8,mip_progress,True,results/paper_m4pro_fullmodes_2026-04-29/logs/gurobi/test/matpower_case1354pegase_2017-11-15__lazy_gnn_t080.log
matpower/case1354pegase,LAZY_GNN_T080,matpower/case1354pegase/2017-11-15,958.0,case1354pegase,1354,2017-11-15,TIME_LIMIT,False,1800.0,53.22222222222222,199610000.0,110240000.0,44.8,mip_progress,False,results/paper_m4pro_fullmodes_2026-04-29/logs/gurobi/test/matpower_case1354pegase_2017-11-15__lazy_gnn_t080.log
matpower/case1354pegase,LAZY_GNN_T080,matpower/case1354pegase/2017-11-15,1034.0,case1354pegase,1354,2017-11-15,TIME_LIMIT,False,1800.0,57.44444444444444,196133000.0,110240000.0,43.8,mip_progress,True,results/paper_m4pro_fullmodes_2026-04-29/logs/gurobi/test/matpower_case1354pegase_2017-11-15__lazy_gnn_t080.log
matpower/case1354pegase,LAZY_GNN_T080,matpower/case1354pegase/2017-11-15,1047.0,case1354pegase,1354,2017-11-15,TIME_LIMIT,False,1800.0,58.166666666666664,196130000.0,110240000.0,43.8,mip_progress,False,results/paper_m4pro_fullmodes_2026-04-29/logs/gurobi/test/matpower_case1354pegase_2017-11-15__lazy_gnn_t080.log
matpower/case1354pegase,LAZY_GNN_T080,matpower/case1354pegase/2017-11-15,1058.0,case1354pegase,1354,2017-11-15,TIME_LIMIT,False,1800.0,58.77777777777778,196130000.0,110240000.0,43.8,mip_progress,False,results/paper_m4pro_fullmodes_2026-04-29/logs/gurobi/test/matpower_case1354pegase_2017-11-15__lazy_gnn_t080.log
matpower/case1354pegase,LAZY_GNN_T080,matpower/case1354pegase/2017-11-15,1094.0,case1354pegase,1354,2017-11-15,TIME_LIMIT,False,1800.0,60.77777777777778,196130000.0,110240000.0,43.8,mip_progress,False,results/paper_m4pro_fullmodes_2026-04-29/logs/gurobi/test/matpower_case1354pegase_2017-11-15__lazy_gnn_t080.log
matpower/case1354pegase,LAZY_GNN_T080,matpower/case1354pegase/2017-11-15,1168.0,case1354pegase,1354,2017-11-15,TIME_LIMIT,False,1800.0,64.88888888888889,196130000.0,110280000.0,43.8,mip_progress,False,results/paper_m4pro_fullmodes_2026-04-29/logs/gurobi/test/matpower_case1354pegase_2017-11-15__lazy_gnn_t080.log
matpower/case1354pegase,LAZY_GNN_T080,matpower/case1354pegase/2017-11-15,1256.0,case1354pegase,1354,2017-11-15,TIME_LIMIT,False,1800.0,69.77777777777777,196130000.0,110280000.0,43.8,mip_progress,False,results/paper_m4pro_fullmodes_2026-04-29/logs/gurobi/test/matpower_case1354pegase_2017-11-15__lazy_gnn_t080.log
matpower/case1354pegase,LAZY_GNN_T080,matpower/case1354pegase/2017-11-15,1342.0,case1354pegase,1354,2017-11-15,TIME_LIMIT,False,1800.0,74.55555555555556,196130000.0,110280000.0,43.8,mip_progress,False,results/paper_m4pro_fullmodes_2026-04-29/logs/gurobi/test/matpower_case1354pegase_2017-11-15__lazy_gnn_t080.log
matpower/case1354pegase,LAZY_GNN_T080,matpower/case1354pegase/2017-11-15,1447.0,case1354pegase,1354,2017-11-15,TIME_LIMIT,False,1800.0,80.38888888888889,196130000.0,110280000.0,43.8,mip_progress,False,results/paper_m4pro_fullmodes_2026-04-29/logs/gurobi/test/matpower_case1354pegase_2017-11-15__lazy_gnn_t080.log
matpower/case1354pegase,LAZY_GNN_T080,matpower/case1354pegase/2017-11-15,1555.0,case1354pegase,1354,2017-11-15,TIME_LIMIT,False,1800.0,86.38888888888889,196130000.0,110460000.0,43.7,mip_progress,False,results/paper_m4pro_fullmodes_2026-04-29/logs/gurobi/test/matpower_case1354pegase_2017-11-15__lazy_gnn_t080.log
matpower/case1354pegase,LAZY_GNN_T080,matpower/case1354pegase/2017-11-15,1727.0,case1354pegase,1354,2017-11-15,TIME_LIMIT,False,1800.0,95.94444444444444,196130000.0,110460000.0,43.7,mip_progress,False,results/paper_m4pro_fullmodes_2026-04-29/logs/gurobi/test/matpower_case1354pegase_2017-11-15__lazy_gnn_t080.log
matpower/case1354pegase,LAZY_GNN_T080,matpower/case1354pegase/2017-11-15,1800.0,case1354pegase,1354,2017-11-15,TIME_LIMIT,False,1800.0,100.0,196130000.0,110460000.0,43.7,mip_progress,False,results/paper_m4pro_fullmodes_2026-04-29/logs/gurobi/test/matpower_case1354pegase_2017-11-15__lazy_gnn_t080.log
matpower/case1354pegase,LAZY_GNN_T080,matpower/case1354pegase/2017-11-15,1807.624569,case1354pegase,1354,2017-11-15,TIME_LIMIT,False,1800.0,100.42358716666668,,,43.680999,result_final,False,results/paper_m4pro_fullmodes_2026-04-29/logs/gurobi/test/matpower_case1354pegase_2017-11-15__lazy_gnn_t080.log
matpower/case1354pegase,STREDUCE_LAZY_GRU,matpower/case1354pegase/2017-01-15,1175.0,case1354pegase,1354,2017-01-15,TIME_LIMIT,True,1800.0,65.27777777777777,737261600.0,184140000.0,75.0,mip_progress,True,results/paper_m4pro_fullmodes_2026-04-29/logs/gurobi/test/matpower_case1354pegase_2017-01-15__streduce_lazy_gru.log
matpower/case1354pegase,STREDUCE_LAZY_GRU,matpower/case1354pegase/2017-01-15,1258.0,case1354pegase,1354,2017-01-15,TIME_LIMIT,True,1800.0,69.88888888888889,737260000.0,184140000.0,75.0,mip_progress,False,results/paper_m4pro_fullmodes_2026-04-29/logs/gurobi/test/matpower_case1354pegase_2017-01-15__streduce_lazy_gru.log
matpower/case1354pegase,STREDUCE_LAZY_GRU,matpower/case1354pegase/2017-01-15,1368.0,case1354pegase,1354,2017-01-15,TIME_LIMIT,True,1800.0,76.0,737260000.0,185230000.0,74.9,mip_progress,False,results/paper_m4pro_fullmodes_2026-04-29/logs/gurobi/test/matpower_case1354pegase_2017-01-15__streduce_lazy_gru.log
matpower/case1354pegase,STREDUCE_LAZY_GRU,matpower/case1354pegase/2017-01-15,1377.0,case1354pegase,1354,2017-01-15,TIME_LIMIT,True,1800.0,76.5,737242000.0,185230000.0,74.9,mip_progress,True,results/paper_m4pro_fullmodes_2026-04-29/logs/gurobi/test/matpower_case1354pegase_2017-01-15__streduce_lazy_gru.log
matpower/case1354pegase,STREDUCE_LAZY_GRU,matpower/case1354pegase/2017-01-15,1614.0,case1354pegase,1354,2017-01-15,TIME_LIMIT,True,1800.0,89.66666666666667,737240000.0,190370000.0,74.2,mip_progress,False,results/paper_m4pro_fullmodes_2026-04-29/logs/gurobi/test/matpower_case1354pegase_2017-01-15__streduce_lazy_gru.log
matpower/case1354pegase,STREDUCE_LAZY_GRU,matpower/case1354pegase/2017-01-15,1683.0,case1354pegase,1354,2017-01-15,TIME_LIMIT,True,1800.0,93.5,737240000.0,190370000.0,74.2,mip_progress,False,results/paper_m4pro_fullmodes_2026-04-29/logs/gurobi/test/matpower_case1354pegase_2017-01-15__streduce_lazy_gru.log
matpower/case1354pegase,STREDUCE_LAZY_GRU,matpower/case1354pegase/2017-01-15,1769.0,case1354pegase,1354,2017-01-15,TIME_LIMIT,True,1800.0,98.27777777777777,206537000.0,190370000.0,7.83,mip_progress,True,results/paper_m4pro_fullmodes_2026-04-29/logs/gurobi/test/matpower_case1354pegase_2017-01-15__streduce_lazy_gru.log
matpower/case1354pegase,STREDUCE_LAZY_GRU,matpower/case1354pegase/2017-01-15,1846.543515,case1354pegase,1354,2017-01-15,TIME_LIMIT,True,1800.0,102.58575083333335,,,7.828868,result_final,False,results/paper_m4pro_fullmodes_2026-04-29/logs/gurobi/test/matpower_case1354pegase_2017-01-15__streduce_lazy_gru.log
matpower/case1354pegase,STREDUCE_LAZY_GRU,matpower/case1354pegase/2017-03-15,1290.0,case1354pegase,1354,2017-03-15,TIME_LIMIT,True,1800.0,71.66666666666667,395992100.0,294640000.0,25.6,mip_progress,True,results/paper_m4pro_fullmodes_2026-04-29/logs/gurobi/test/matpower_case1354pegase_2017-03-15__streduce_lazy_gru.log
matpower/case1354pegase,STREDUCE_LAZY_GRU,matpower/case1354pegase/2017-03-15,1637.0,case1354pegase,1354,2017-03-15,TIME_LIMIT,True,1800.0,90.94444444444444,395990000.0,304840000.0,23.0,mip_progress,False,results/paper_m4pro_fullmodes_2026-04-29/logs/gurobi/test/matpower_case1354pegase_2017-03-15__streduce_lazy_gru.log
matpower/case1354pegase,STREDUCE_LAZY_GRU,matpower/case1354pegase/2017-03-15,1718.0,case1354pegase,1354,2017-03-15,TIME_LIMIT,True,1800.0,95.44444444444444,395990000.0,304840000.0,23.0,mip_progress,False,results/paper_m4pro_fullmodes_2026-04-29/logs/gurobi/test/matpower_case1354pegase_2017-03-15__streduce_lazy_gru.log
matpower/case1354pegase,STREDUCE_LAZY_GRU,matpower/case1354pegase/2017-03-15,1772.0,case1354pegase,1354,2017-03-15,TIME_LIMIT,True,1800.0,98.44444444444444,395990000.0,304840000.0,23.0,mip_progress,False,results/paper_m4pro_fullmodes_2026-04-29/logs/gurobi/test/matpower_case1354pegase_2017-03-15__streduce_lazy_gru.log
matpower/case1354pegase,STREDUCE_LAZY_GRU,matpower/case1354pegase/2017-03-15,1846.667826,case1354pegase,1354,2017-03-15,TIME_LIMIT,True,1800.0,102.592657,,,23.0,result_final,False,results/paper_m4pro_fullmodes_2026-04-29/logs/gurobi/test/matpower_case1354pegase_2017-03-15__streduce_lazy_gru.log
matpower/case1354pegase,STREDUCE_LAZY_GRU,matpower/case1354pegase/2017-05-15,1080.0,case1354pegase,1354,2017-05-15,TIME_LIMIT,True,1800.0,60.0,135002900.0,87646000.0,35.1,mip_progress,True,results/paper_m4pro_fullmodes_2026-04-29/logs/gurobi/test/matpower_case1354pegase_2017-05-15__streduce_lazy_gru.log
matpower/case1354pegase,STREDUCE_LAZY_GRU,matpower/case1354pegase/2017-05-15,1131.0,case1354pegase,1354,2017-05-15,TIME_LIMIT,True,1800.0,62.833333333333336,135000000.0,88357000.0,34.6,mip_progress,False,results/paper_m4pro_fullmodes_2026-04-29/logs/gurobi/test/matpower_case1354pegase_2017-05-15__streduce_lazy_gru.log
matpower/case1354pegase,STREDUCE_LAZY_GRU,matpower/case1354pegase/2017-05-15,1138.0,case1354pegase,1354,2017-05-15,TIME_LIMIT,True,1800.0,63.22222222222222,135002100.0,88357000.0,34.6,mip_progress,True,results/paper_m4pro_fullmodes_2026-04-29/logs/gurobi/test/matpower_case1354pegase_2017-05-15__streduce_lazy_gru.log
matpower/case1354pegase,STREDUCE_LAZY_GRU,matpower/case1354pegase/2017-05-15,1270.0,case1354pegase,1354,2017-05-15,TIME_LIMIT,True,1800.0,70.55555555555556,135000000.0,90473000.0,33.0,mip_progress,False,results/paper_m4pro_fullmodes_2026-04-29/logs/gurobi/test/matpower_case1354pegase_2017-05-15__streduce_lazy_gru.log
matpower/case1354pegase,STREDUCE_LAZY_GRU,matpower/case1354pegase/2017-05-15,1341.0,case1354pegase,1354,2017-05-15,TIME_LIMIT,True,1800.0,74.5,135000000.0,90474000.0,33.0,mip_progress,False,results/paper_m4pro_fullmodes_2026-04-29/logs/gurobi/test/matpower_case1354pegase_2017-05-15__streduce_lazy_gru.log
matpower/case1354pegase,STREDUCE_LAZY_GRU,matpower/case1354pegase/2017-05-15,1401.0,case1354pegase,1354,2017-05-15,TIME_LIMIT,True,1800.0,77.83333333333333,116093500.0,90474000.0,22.1,mip_progress,True,results/paper_m4pro_fullmodes_2026-04-29/logs/gurobi/test/matpower_case1354pegase_2017-05-15__streduce_lazy_gru.log
matpower/case1354pegase,STREDUCE_LAZY_GRU,matpower/case1354pegase/2017-05-15,1408.0,case1354pegase,1354,2017-05-15,TIME_LIMIT,True,1800.0,78.22222222222223,116093400.0,90474000.0,22.1,mip_progress,True,results/paper_m4pro_fullmodes_2026-04-29/logs/gurobi/test/matpower_case1354pegase_2017-05-15__streduce_lazy_gru.log
matpower/case1354pegase,STREDUCE_LAZY_GRU,matpower/case1354pegase/2017-05-15,1451.0,case1354pegase,1354,2017-05-15,TIME_LIMIT,True,1800.0,80.61111111111111,116090000.0,90931000.0,21.7,mip_progress,False,results/paper_m4pro_fullmodes_2026-04-29/logs/gurobi/test/matpower_case1354pegase_2017-05-15__streduce_lazy_gru.log
matpower/case1354pegase,STREDUCE_LAZY_GRU,matpower/case1354pegase/2017-05-15,1470.0,case1354pegase,1354,2017-05-15,TIME_LIMIT,True,1800.0,81.66666666666667,116090000.0,90933000.0,21.7,mip_progress,False,results/paper_m4pro_fullmodes_2026-04-29/logs/gurobi/test/matpower_case1354pegase_2017-05-15__streduce_lazy_gru.log
matpower/case1354pegase,STREDUCE_LAZY_GRU,matpower/case1354pegase/2017-05-15,1472.0,case1354pegase,1354,2017-05-15,TIME_LIMIT,True,1800.0,81.77777777777777,116090000.0,90933000.0,21.7,mip_progress,False,results/paper_m4pro_fullmodes_2026-04-29/logs/gurobi/test/matpower_case1354pegase_2017-05-15__streduce_lazy_gru.log
matpower/case1354pegase,STREDUCE_LAZY_GRU,matpower/case1354pegase/2017-05-15,1489.0,case1354pegase,1354,2017-05-15,TIME_LIMIT,True,1800.0,82.72222222222223,116090000.0,90933000.0,21.7,mip_progress,False,results/paper_m4pro_fullmodes_2026-04-29/logs/gurobi/test/matpower_case1354pegase_2017-05-15__streduce_lazy_gru.log
matpower/case1354pegase,STREDUCE_LAZY_GRU,matpower/case1354pegase/2017-05-15,1497.0,case1354pegase,1354,2017-05-15,TIME_LIMIT,True,1800.0,83.16666666666667,116090000.0,90934000.0,21.7,mip_progress,False,results/paper_m4pro_fullmodes_2026-04-29/logs/gurobi/test/matpower_case1354pegase_2017-05-15__streduce_lazy_gru.log
matpower/case1354pegase,STREDUCE_LAZY_GRU,matpower/case1354pegase/2017-05-15,1575.0,case1354pegase,1354,2017-05-15,TIME_LIMIT,True,1800.0,87.5,116090000.0,90934000.0,21.7,mip_progress,False,results/paper_m4pro_fullmodes_2026-04-29/logs/gurobi/test/matpower_case1354pegase_2017-05-15__streduce_lazy_gru.log
matpower/case1354pegase,STREDUCE_LAZY_GRU,matpower/case1354pegase/2017-05-15,1637.0,case1354pegase,1354,2017-05-15,TIME_LIMIT,True,1800.0,90.94444444444444,116090000.0,90934000.0,21.7,mip_progress,False,results/paper_m4pro_fullmodes_2026-04-29/logs/gurobi/test/matpower_case1354pegase_2017-05-15__streduce_lazy_gru.log
matpower/case1354pegase,STREDUCE_LAZY_GRU,matpower/case1354pegase/2017-05-15,1701.0,case1354pegase,1354,2017-05-15,TIME_LIMIT,True,1800.0,94.5,113919000.0,90934000.0,20.2,mip_progress,True,results/paper_m4pro_fullmodes_2026-04-29/logs/gurobi/test/matpower_case1354pegase_2017-05-15__streduce_lazy_gru.log
matpower/case1354pegase,STREDUCE_LAZY_GRU,matpower/case1354pegase/2017-05-15,1707.0,case1354pegase,1354,2017-05-15,TIME_LIMIT,True,1800.0,94.83333333333333,113918900.0,90934000.0,20.2,mip_progress,True,results/paper_m4pro_fullmodes_2026-04-29/logs/gurobi/test/matpower_case1354pegase_2017-05-15__streduce_lazy_gru.log
matpower/case1354pegase,STREDUCE_LAZY_GRU,matpower/case1354pegase/2017-05-15,1794.0,case1354pegase,1354,2017-05-15,TIME_LIMIT,True,1800.0,99.66666666666667,113920000.0,90948000.0,20.2,mip_progress,False,results/paper_m4pro_fullmodes_2026-04-29/logs/gurobi/test/matpower_case1354pegase_2017-05-15__streduce_lazy_gru.log
matpower/case1354pegase,STREDUCE_LAZY_GRU,matpower/case1354pegase/2017-05-15,1846.181574,case1354pegase,1354,2017-05-15,TIME_LIMIT,True,1800.0,102.565643,,,20.164085,result_final,False,results/paper_m4pro_fullmodes_2026-04-29/logs/gurobi/test/matpower_case1354pegase_2017-05-15__streduce_lazy_gru.log
matpower/case1354pegase,STREDUCE_LAZY_GRU,matpower/case1354pegase/2017-07-15,1172.0,case1354pegase,1354,2017-07-15,TIME_LIMIT,True,1800.0,65.11111111111111,886760900.0,227480000.0,74.3,mip_progress,True,results/paper_m4pro_fullmodes_2026-04-29/logs/gurobi/test/matpower_case1354pegase_2017-07-15__streduce_lazy_gru.log
matpower/case1354pegase,STREDUCE_LAZY_GRU,matpower/case1354pegase/2017-07-15,1373.0,case1354pegase,1354,2017-07-15,TIME_LIMIT,True,1800.0,76.27777777777777,886760000.0,243250000.0,72.6,mip_progress,False,results/paper_m4pro_fullmodes_2026-04-29/logs/gurobi/test/matpower_case1354pegase_2017-07-15__streduce_lazy_gru.log
matpower/case1354pegase,STREDUCE_LAZY_GRU,matpower/case1354pegase/2017-07-15,1381.0,case1354pegase,1354,2017-07-15,TIME_LIMIT,True,1800.0,76.72222222222223,886739000.0,243250000.0,72.6,mip_progress,True,results/paper_m4pro_fullmodes_2026-04-29/logs/gurobi/test/matpower_case1354pegase_2017-07-15__streduce_lazy_gru.log
matpower/case1354pegase,STREDUCE_LAZY_GRU,matpower/case1354pegase/2017-07-15,1518.0,case1354pegase,1354,2017-07-15,TIME_LIMIT,True,1800.0,84.33333333333333,886740000.0,247970000.0,72.0,mip_progress,False,results/paper_m4pro_fullmodes_2026-04-29/logs/gurobi/test/matpower_case1354pegase_2017-07-15__streduce_lazy_gru.log
matpower/case1354pegase,STREDUCE_LAZY_GRU,matpower/case1354pegase/2017-07-15,1590.0,case1354pegase,1354,2017-07-15,TIME_LIMIT,True,1800.0,88.33333333333333,886740000.0,247970000.0,72.0,mip_progress,False,results/paper_m4pro_fullmodes_2026-04-29/logs/gurobi/test/matpower_case1354pegase_2017-07-15__streduce_lazy_gru.log
matpower/case1354pegase,STREDUCE_LAZY_GRU,matpower/case1354pegase/2017-07-15,1660.0,case1354pegase,1354,2017-07-15,TIME_LIMIT,True,1800.0,92.22222222222223,886740000.0,247970000.0,72.0,mip_progress,False,results/paper_m4pro_fullmodes_2026-04-29/logs/gurobi/test/matpower_case1354pegase_2017-07-15__streduce_lazy_gru.log
matpower/case1354pegase,STREDUCE_LAZY_GRU,matpower/case1354pegase/2017-07-15,1729.0,case1354pegase,1354,2017-07-15,TIME_LIMIT,True,1800.0,96.05555555555556,278091500.0,247970000.0,10.8,mip_progress,True,results/paper_m4pro_fullmodes_2026-04-29/logs/gurobi/test/matpower_case1354pegase_2017-07-15__streduce_lazy_gru.log
matpower/case1354pegase,STREDUCE_LAZY_GRU,matpower/case1354pegase/2017-07-15,1736.0,case1354pegase,1354,2017-07-15,TIME_LIMIT,True,1800.0,96.44444444444444,278089400.0,247970000.0,10.8,mip_progress,True,results/paper_m4pro_fullmodes_2026-04-29/logs/gurobi/test/matpower_case1354pegase_2017-07-15__streduce_lazy_gru.log
matpower/case1354pegase,STREDUCE_LAZY_GRU,matpower/case1354pegase/2017-07-15,1800.0,case1354pegase,1354,2017-07-15,TIME_LIMIT,True,1800.0,100.0,278090000.0,247970000.0,10.8,mip_progress,False,results/paper_m4pro_fullmodes_2026-04-29/logs/gurobi/test/matpower_case1354pegase_2017-07-15__streduce_lazy_gru.log
matpower/case1354pegase,STREDUCE_LAZY_GRU,matpower/case1354pegase/2017-07-15,1846.398636,case1354pegase,1354,2017-07-15,TIME_LIMIT,True,1800.0,102.57770199999999,,,10.8,result_final,False,results/paper_m4pro_fullmodes_2026-04-29/logs/gurobi/test/matpower_case1354pegase_2017-07-15__streduce_lazy_gru.log
matpower/case1354pegase,STREDUCE_LAZY_GRU,matpower/case1354pegase/2017-09-15,1237.0,case1354pegase,1354,2017-09-15,TIME_LIMIT,True,1800.0,68.72222222222223,736863700.0,174540000.0,76.3,mip_progress,True,results/paper_m4pro_fullmodes_2026-04-29/logs/gurobi/test/matpower_case1354pegase_2017-09-15__streduce_lazy_gru.log
matpower/case1354pegase,STREDUCE_LAZY_GRU,matpower/case1354pegase/2017-09-15,1474.0,case1354pegase,1354,2017-09-15,TIME_LIMIT,True,1800.0,81.88888888888889,736860000.0,175640000.0,76.2,mip_progress,False,results/paper_m4pro_fullmodes_2026-04-29/logs/gurobi/test/matpower_case1354pegase_2017-09-15__streduce_lazy_gru.log
matpower/case1354pegase,STREDUCE_LAZY_GRU,matpower/case1354pegase/2017-09-15,1484.0,case1354pegase,1354,2017-09-15,TIME_LIMIT,True,1800.0,82.44444444444444,736832600.0,175640000.0,76.2,mip_progress,True,results/paper_m4pro_fullmodes_2026-04-29/logs/gurobi/test/matpower_case1354pegase_2017-09-15__streduce_lazy_gru.log
matpower/case1354pegase,STREDUCE_LAZY_GRU,matpower/case1354pegase/2017-09-15,1715.0,case1354pegase,1354,2017-09-15,TIME_LIMIT,True,1800.0,95.27777777777777,736830000.0,180700000.0,75.5,mip_progress,False,results/paper_m4pro_fullmodes_2026-04-29/logs/gurobi/test/matpower_case1354pegase_2017-09-15__streduce_lazy_gru.log
matpower/case1354pegase,STREDUCE_LAZY_GRU,matpower/case1354pegase/2017-09-15,1846.360582,case1354pegase,1354,2017-09-15,TIME_LIMIT,True,1800.0,102.57558788888889,,,75.476623,result_final,False,results/paper_m4pro_fullmodes_2026-04-29/logs/gurobi/test/matpower_case1354pegase_2017-09-15__streduce_lazy_gru.log
matpower/case1354pegase,STREDUCE_LAZY_GRU,matpower/case1354pegase/2017-11-15,1421.0,case1354pegase,1354,2017-11-15,TIME_LIMIT,True,1800.0,78.94444444444444,959300600.0,151990000.0,84.2,mip_progress,True,results/paper_m4pro_fullmodes_2026-04-29/logs/gurobi/test/matpower_case1354pegase_2017-11-15__streduce_lazy_gru.log
matpower/case1354pegase,STREDUCE_LAZY_GRU,matpower/case1354pegase/2017-11-15,1545.0,case1354pegase,1354,2017-11-15,TIME_LIMIT,True,1800.0,85.83333333333333,959300000.0,151990000.0,84.2,mip_progress,False,results/paper_m4pro_fullmodes_2026-04-29/logs/gurobi/test/matpower_case1354pegase_2017-11-15__streduce_lazy_gru.log
matpower/case1354pegase,STREDUCE_LAZY_GRU,matpower/case1354pegase/2017-11-15,1648.0,case1354pegase,1354,2017-11-15,TIME_LIMIT,True,1800.0,91.55555555555556,959300000.0,153110000.0,84.0,mip_progress,False,results/paper_m4pro_fullmodes_2026-04-29/logs/gurobi/test/matpower_case1354pegase_2017-11-15__streduce_lazy_gru.log
matpower/case1354pegase,STREDUCE_LAZY_GRU,matpower/case1354pegase/2017-11-15,1657.0,case1354pegase,1354,2017-11-15,TIME_LIMIT,True,1800.0,92.05555555555556,959181900.0,153110000.0,84.0,mip_progress,True,results/paper_m4pro_fullmodes_2026-04-29/logs/gurobi/test/matpower_case1354pegase_2017-11-15__streduce_lazy_gru.log
matpower/case1354pegase,STREDUCE_LAZY_GRU,matpower/case1354pegase/2017-11-15,1800.0,case1354pegase,1354,2017-11-15,TIME_LIMIT,True,1800.0,100.0,959180000.0,153110000.0,84.0,mip_progress,False,results/paper_m4pro_fullmodes_2026-04-29/logs/gurobi/test/matpower_case1354pegase_2017-11-15__streduce_lazy_gru.log
matpower/case1354pegase,STREDUCE_LAZY_GRU,matpower/case1354pegase/2017-11-15,1848.349687,case1354pegase,1354,2017-11-15,TIME_LIMIT,True,1800.0,102.68609372222222,,,84.0,result_final,False,results/paper_m4pro_fullmodes_2026-04-29/logs/gurobi/test/matpower_case1354pegase_2017-11-15__streduce_lazy_gru.log
matpower/case1354pegase,WARM_LAZY_GRU,matpower/case1354pegase/2017-01-15,927.0,case1354pegase,1354,2017-01-15,TIME_LIMIT,True,1800.0,51.5,737261600.0,155150000.0,79.0,mip_progress,True,results/paper_m4pro_fullmodes_2026-04-29/logs/gurobi/test/matpower_case1354pegase_2017-01-15__warm_lazy_gru.log
matpower/case1354pegase,WARM_LAZY_GRU,matpower/case1354pegase/2017-01-15,1022.0,case1354pegase,1354,2017-01-15,TIME_LIMIT,True,1800.0,56.77777777777778,737260000.0,163480000.0,77.8,mip_progress,False,results/paper_m4pro_fullmodes_2026-04-29/logs/gurobi/test/matpower_case1354pegase_2017-01-15__warm_lazy_gru.log
matpower/case1354pegase,WARM_LAZY_GRU,matpower/case1354pegase/2017-01-15,1030.0,case1354pegase,1354,2017-01-15,TIME_LIMIT,True,1800.0,57.22222222222222,737251600.0,163480000.0,77.8,mip_progress,True,results/paper_m4pro_fullmodes_2026-04-29/logs/gurobi/test/matpower_case1354pegase_2017-01-15__warm_lazy_gru.log
matpower/case1354pegase,WARM_LAZY_GRU,matpower/case1354pegase/2017-01-15,1056.0,case1354pegase,1354,2017-01-15,TIME_LIMIT,True,1800.0,58.666666666666664,737250000.0,163480000.0,77.8,mip_progress,False,results/paper_m4pro_fullmodes_2026-04-29/logs/gurobi/test/matpower_case1354pegase_2017-01-15__warm_lazy_gru.log
matpower/case1354pegase,WARM_LAZY_GRU,matpower/case1354pegase/2017-01-15,1101.0,case1354pegase,1354,2017-01-15,TIME_LIMIT,True,1800.0,61.166666666666664,737250000.0,163480000.0,77.8,mip_progress,False,results/paper_m4pro_fullmodes_2026-04-29/logs/gurobi/test/matpower_case1354pegase_2017-01-15__warm_lazy_gru.log
matpower/case1354pegase,WARM_LAZY_GRU,matpower/case1354pegase/2017-01-15,1147.0,case1354pegase,1354,2017-01-15,TIME_LIMIT,True,1800.0,63.72222222222222,737250000.0,163480000.0,77.8,mip_progress,False,results/paper_m4pro_fullmodes_2026-04-29/logs/gurobi/test/matpower_case1354pegase_2017-01-15__warm_lazy_gru.log
matpower/case1354pegase,WARM_LAZY_GRU,matpower/case1354pegase/2017-01-15,1185.0,case1354pegase,1354,2017-01-15,TIME_LIMIT,True,1800.0,65.83333333333333,239164900.0,163480000.0,31.6,mip_progress,True,results/paper_m4pro_fullmodes_2026-04-29/logs/gurobi/test/matpower_case1354pegase_2017-01-15__warm_lazy_gru.log
matpower/case1354pegase,WARM_LAZY_GRU,matpower/case1354pegase/2017-01-15,1192.0,case1354pegase,1354,2017-01-15,TIME_LIMIT,True,1800.0,66.22222222222223,239164500.0,163480000.0,31.6,mip_progress,True,results/paper_m4pro_fullmodes_2026-04-29/logs/gurobi/test/matpower_case1354pegase_2017-01-15__warm_lazy_gru.log
matpower/case1354pegase,WARM_LAZY_GRU,matpower/case1354pegase/2017-01-15,1241.0,case1354pegase,1354,2017-01-15,TIME_LIMIT,True,1800.0,68.94444444444444,239160000.0,163480000.0,31.6,mip_progress,False,results/paper_m4pro_fullmodes_2026-04-29/logs/gurobi/test/matpower_case1354pegase_2017-01-15__warm_lazy_gru.log
matpower/case1354pegase,WARM_LAZY_GRU,matpower/case1354pegase/2017-01-15,1294.0,case1354pegase,1354,2017-01-15,TIME_LIMIT,True,1800.0,71.88888888888889,238575500.0,163480000.0,31.5,mip_progress,True,results/paper_m4pro_fullmodes_2026-04-29/logs/gurobi/test/matpower_case1354pegase_2017-01-15__warm_lazy_gru.log
matpower/case1354pegase,WARM_LAZY_GRU,matpower/case1354pegase/2017-01-15,1302.0,case1354pegase,1354,2017-01-15,TIME_LIMIT,True,1800.0,72.33333333333333,238575200.0,163480000.0,31.5,mip_progress,True,results/paper_m4pro_fullmodes_2026-04-29/logs/gurobi/test/matpower_case1354pegase_2017-01-15__warm_lazy_gru.log
matpower/case1354pegase,WARM_LAZY_GRU,matpower/case1354pegase/2017-01-15,1416.0,case1354pegase,1354,2017-01-15,TIME_LIMIT,True,1800.0,78.66666666666667,238580000.0,186080000.0,22.0,mip_progress,False,results/paper_m4pro_fullmodes_2026-04-29/logs/gurobi/test/matpower_case1354pegase_2017-01-15__warm_lazy_gru.log
matpower/case1354pegase,WARM_LAZY_GRU,matpower/case1354pegase/2017-01-15,1441.0,case1354pegase,1354,2017-01-15,TIME_LIMIT,True,1800.0,80.05555555555556,238580000.0,186080000.0,22.0,mip_progress,False,results/paper_m4pro_fullmodes_2026-04-29/logs/gurobi/test/matpower_case1354pegase_2017-01-15__warm_lazy_gru.log
matpower/case1354pegase,WARM_LAZY_GRU,matpower/case1354pegase/2017-01-15,1468.0,case1354pegase,1354,2017-01-15,TIME_LIMIT,True,1800.0,81.55555555555556,238580000.0,186160000.0,22.0,mip_progress,False,results/paper_m4pro_fullmodes_2026-04-29/logs/gurobi/test/matpower_case1354pegase_2017-01-15__warm_lazy_gru.log
matpower/case1354pegase,WARM_LAZY_GRU,matpower/case1354pegase/2017-01-15,1485.0,case1354pegase,1354,2017-01-15,TIME_LIMIT,True,1800.0,82.5,238580000.0,186160000.0,22.0,mip_progress,False,results/paper_m4pro_fullmodes_2026-04-29/logs/gurobi/test/matpower_case1354pegase_2017-01-15__warm_lazy_gru.log
matpower/case1354pegase,WARM_LAZY_GRU,matpower/case1354pegase/2017-01-15,1514.0,case1354pegase,1354,2017-01-15,TIME_LIMIT,True,1800.0,84.11111111111111,238580000.0,186180000.0,22.0,mip_progress,False,results/paper_m4pro_fullmodes_2026-04-29/logs/gurobi/test/matpower_case1354pegase_2017-01-15__warm_lazy_gru.log
matpower/case1354pegase,WARM_LAZY_GRU,matpower/case1354pegase/2017-01-15,1579.0,case1354pegase,1354,2017-01-15,TIME_LIMIT,True,1800.0,87.72222222222223,238580000.0,186290000.0,21.9,mip_progress,False,results/paper_m4pro_fullmodes_2026-04-29/logs/gurobi/test/matpower_case1354pegase_2017-01-15__warm_lazy_gru.log
matpower/case1354pegase,WARM_LAZY_GRU,matpower/case1354pegase/2017-01-15,1612.0,case1354pegase,1354,2017-01-15,TIME_LIMIT,True,1800.0,89.55555555555556,238580000.0,186340000.0,21.9,mip_progress,False,results/paper_m4pro_fullmodes_2026-04-29/logs/gurobi/test/matpower_case1354pegase_2017-01-15__warm_lazy_gru.log
matpower/case1354pegase,WARM_LAZY_GRU,matpower/case1354pegase/2017-01-15,1691.0,case1354pegase,1354,2017-01-15,TIME_LIMIT,True,1800.0,93.94444444444444,238580000.0,186350000.0,21.9,mip_progress,False,results/paper_m4pro_fullmodes_2026-04-29/logs/gurobi/test/matpower_case1354pegase_2017-01-15__warm_lazy_gru.log
matpower/case1354pegase,WARM_LAZY_GRU,matpower/case1354pegase/2017-01-15,1762.0,case1354pegase,1354,2017-01-15,TIME_LIMIT,True,1800.0,97.88888888888889,238580000.0,186350000.0,21.9,mip_progress,False,results/paper_m4pro_fullmodes_2026-04-29/logs/gurobi/test/matpower_case1354pegase_2017-01-15__warm_lazy_gru.log
matpower/case1354pegase,WARM_LAZY_GRU,matpower/case1354pegase/2017-01-15,1768.0,case1354pegase,1354,2017-01-15,TIME_LIMIT,True,1800.0,98.22222222222223,238580000.0,186350000.0,21.9,mip_progress,False,results/paper_m4pro_fullmodes_2026-04-29/logs/gurobi/test/matpower_case1354pegase_2017-01-15__warm_lazy_gru.log
matpower/case1354pegase,WARM_LAZY_GRU,matpower/case1354pegase/2017-01-15,1775.0,case1354pegase,1354,2017-01-15,TIME_LIMIT,True,1800.0,98.61111111111111,231439200.0,186350000.0,19.5,mip_progress,True,results/paper_m4pro_fullmodes_2026-04-29/logs/gurobi/test/matpower_case1354pegase_2017-01-15__warm_lazy_gru.log
matpower/case1354pegase,WARM_LAZY_GRU,matpower/case1354pegase/2017-01-15,1782.0,case1354pegase,1354,2017-01-15,TIME_LIMIT,True,1800.0,99.0,231440000.0,186350000.0,19.5,mip_progress,False,results/paper_m4pro_fullmodes_2026-04-29/logs/gurobi/test/matpower_case1354pegase_2017-01-15__warm_lazy_gru.log
matpower/case1354pegase,WARM_LAZY_GRU,matpower/case1354pegase/2017-01-15,1800.0,case1354pegase,1354,2017-01-15,TIME_LIMIT,True,1800.0,100.0,231440000.0,186350000.0,19.5,mip_progress,False,results/paper_m4pro_fullmodes_2026-04-29/logs/gurobi/test/matpower_case1354pegase_2017-01-15__warm_lazy_gru.log
matpower/case1354pegase,WARM_LAZY_GRU,matpower/case1354pegase/2017-01-15,1834.70802,case1354pegase,1354,2017-01-15,TIME_LIMIT,True,1800.0,101.92822333333334,,,19.483073,result_final,False,results/paper_m4pro_fullmodes_2026-04-29/logs/gurobi/test/matpower_case1354pegase_2017-01-15__warm_lazy_gru.log
matpower/case1354pegase,WARM_LAZY_GRU,matpower/case1354pegase/2017-03-15,1493.0,case1354pegase,1354,2017-03-15,OPTIMAL,True,1800.0,82.94444444444444,334245200.0,293160000.0,12.3,mip_progress,True,results/paper_m4pro_fullmodes_2026-04-29/logs/gurobi/test/matpower_case1354pegase_2017-03-15__warm_lazy_gru.log
matpower/case1354pegase,WARM_LAZY_GRU,matpower/case1354pegase/2017-03-15,1508.0,case1354pegase,1354,2017-03-15,OPTIMAL,True,1800.0,83.77777777777777,334244100.0,293160000.0,12.3,mip_progress,True,results/paper_m4pro_fullmodes_2026-04-29/logs/gurobi/test/matpower_case1354pegase_2017-03-15__warm_lazy_gru.log
matpower/case1354pegase,WARM_LAZY_GRU,matpower/case1354pegase/2017-03-15,1555.0,case1354pegase,1354,2017-03-15,OPTIMAL,True,1800.0,86.38888888888889,334240000.0,305900000.0,8.48,mip_progress,False,results/paper_m4pro_fullmodes_2026-04-29/logs/gurobi/test/matpower_case1354pegase_2017-03-15__warm_lazy_gru.log
matpower/case1354pegase,WARM_LAZY_GRU,matpower/case1354pegase/2017-03-15,1556.0,case1354pegase,1354,2017-03-15,OPTIMAL,True,1800.0,86.44444444444444,334240000.0,305920000.0,8.47,mip_progress,False,results/paper_m4pro_fullmodes_2026-04-29/logs/gurobi/test/matpower_case1354pegase_2017-03-15__warm_lazy_gru.log
matpower/case1354pegase,WARM_LAZY_GRU,matpower/case1354pegase/2017-03-15,1562.0,case1354pegase,1354,2017-03-15,OPTIMAL,True,1800.0,86.77777777777777,334240000.0,305980000.0,8.46,mip_progress,False,results/paper_m4pro_fullmodes_2026-04-29/logs/gurobi/test/matpower_case1354pegase_2017-03-15__warm_lazy_gru.log
matpower/case1354pegase,WARM_LAZY_GRU,matpower/case1354pegase/2017-03-15,1575.0,case1354pegase,1354,2017-03-15,OPTIMAL,True,1800.0,87.5,334240000.0,305980000.0,8.46,mip_progress,False,results/paper_m4pro_fullmodes_2026-04-29/logs/gurobi/test/matpower_case1354pegase_2017-03-15__warm_lazy_gru.log
matpower/case1354pegase,WARM_LAZY_GRU,matpower/case1354pegase/2017-03-15,1592.0,case1354pegase,1354,2017-03-15,OPTIMAL,True,1800.0,88.44444444444444,334240000.0,305980000.0,8.46,mip_progress,False,results/paper_m4pro_fullmodes_2026-04-29/logs/gurobi/test/matpower_case1354pegase_2017-03-15__warm_lazy_gru.log
matpower/case1354pegase,WARM_LAZY_GRU,matpower/case1354pegase/2017-03-15,1605.0,case1354pegase,1354,2017-03-15,OPTIMAL,True,1800.0,89.16666666666667,328759300.0,305980000.0,6.93,mip_progress,True,results/paper_m4pro_fullmodes_2026-04-29/logs/gurobi/test/matpower_case1354pegase_2017-03-15__warm_lazy_gru.log
matpower/case1354pegase,WARM_LAZY_GRU,matpower/case1354pegase/2017-03-15,1612.0,case1354pegase,1354,2017-03-15,OPTIMAL,True,1800.0,89.55555555555556,328758600.0,305980000.0,6.93,mip_progress,True,results/paper_m4pro_fullmodes_2026-04-29/logs/gurobi/test/matpower_case1354pegase_2017-03-15__warm_lazy_gru.log
matpower/case1354pegase,WARM_LAZY_GRU,matpower/case1354pegase/2017-03-15,1613.0,case1354pegase,1354,2017-03-15,OPTIMAL,True,1800.0,89.61111111111111,328760000.0,305980000.0,6.93,mip_progress,False,results/paper_m4pro_fullmodes_2026-04-29/logs/gurobi/test/matpower_case1354pegase_2017-03-15__warm_lazy_gru.log
matpower/case1354pegase,WARM_LAZY_GRU,matpower/case1354pegase/2017-03-15,1615.0,case1354pegase,1354,2017-03-15,OPTIMAL,True,1800.0,89.72222222222223,328760000.0,305980000.0,6.93,mip_progress,False,results/paper_m4pro_fullmodes_2026-04-29/logs/gurobi/test/matpower_case1354pegase_2017-03-15__warm_lazy_gru.log
matpower/case1354pegase,WARM_LAZY_GRU,matpower/case1354pegase/2017-03-15,1617.0,case1354pegase,1354,2017-03-15,OPTIMAL,True,1800.0,89.83333333333333,328760000.0,305990000.0,6.93,mip_progress,False,results/paper_m4pro_fullmodes_2026-04-29/logs/gurobi/test/matpower_case1354pegase_2017-03-15__warm_lazy_gru.log
matpower/case1354pegase,WARM_LAZY_GRU,matpower/case1354pegase/2017-03-15,1628.0,case1354pegase,1354,2017-03-15,OPTIMAL,True,1800.0,90.44444444444444,328760000.0,305990000.0,6.93,mip_progress,False,results/paper_m4pro_fullmodes_2026-04-29/logs/gurobi/test/matpower_case1354pegase_2017-03-15__warm_lazy_gru.log
matpower/case1354pegase,WARM_LAZY_GRU,matpower/case1354pegase/2017-03-15,1633.0,case1354pegase,1354,2017-03-15,OPTIMAL,True,1800.0,90.72222222222223,328760000.0,305990000.0,6.93,mip_progress,False,results/paper_m4pro_fullmodes_2026-04-29/logs/gurobi/test/matpower_case1354pegase_2017-03-15__warm_lazy_gru.log
matpower/case1354pegase,WARM_LAZY_GRU,matpower/case1354pegase/2017-03-15,1638.0,case1354pegase,1354,2017-03-15,OPTIMAL,True,1800.0,91.0,328760000.0,305990000.0,6.93,mip_progress,False,results/paper_m4pro_fullmodes_2026-04-29/logs/gurobi/test/matpower_case1354pegase_2017-03-15__warm_lazy_gru.log
matpower/case1354pegase,WARM_LAZY_GRU,matpower/case1354pegase/2017-03-15,1643.0,case1354pegase,1354,2017-03-15,OPTIMAL,True,1800.0,91.27777777777777,328760000.0,306190000.0,6.87,mip_progress,False,results/paper_m4pro_fullmodes_2026-04-29/logs/gurobi/test/matpower_case1354pegase_2017-03-15__warm_lazy_gru.log
matpower/case1354pegase,WARM_LAZY_GRU,matpower/case1354pegase/2017-03-15,1652.0,case1354pegase,1354,2017-03-15,OPTIMAL,True,1800.0,91.77777777777777,328760000.0,306260000.0,6.84,mip_progress,False,results/paper_m4pro_fullmodes_2026-04-29/logs/gurobi/test/matpower_case1354pegase_2017-03-15__warm_lazy_gru.log
matpower/case1354pegase,WARM_LAZY_GRU,matpower/case1354pegase/2017-03-15,1660.0,case1354pegase,1354,2017-03-15,OPTIMAL,True,1800.0,92.22222222222223,328760000.0,306320000.0,6.83,mip_progress,False,results/paper_m4pro_fullmodes_2026-04-29/logs/gurobi/test/matpower_case1354pegase_2017-03-15__warm_lazy_gru.log
matpower/case1354pegase,WARM_LAZY_GRU,matpower/case1354pegase/2017-03-15,1673.0,case1354pegase,1354,2017-03-15,OPTIMAL,True,1800.0,92.94444444444444,328760000.0,306320000.0,6.82,mip_progress,False,results/paper_m4pro_fullmodes_2026-04-29/logs/gurobi/test/matpower_case1354pegase_2017-03-15__warm_lazy_gru.log
matpower/case1354pegase,WARM_LAZY_GRU,matpower/case1354pegase/2017-03-15,1686.0,case1354pegase,1354,2017-03-15,OPTIMAL,True,1800.0,93.66666666666667,328760000.0,306320000.0,6.82,mip_progress,False,results/paper_m4pro_fullmodes_2026-04-29/logs/gurobi/test/matpower_case1354pegase_2017-03-15__warm_lazy_gru.log
matpower/case1354pegase,WARM_LAZY_GRU,matpower/case1354pegase/2017-03-15,1694.0,case1354pegase,1354,2017-03-15,OPTIMAL,True,1800.0,94.11111111111111,328760000.0,306320000.0,6.82,mip_progress,False,results/paper_m4pro_fullmodes_2026-04-29/logs/gurobi/test/matpower_case1354pegase_2017-03-15__warm_lazy_gru.log
matpower/case1354pegase,WARM_LAZY_GRU,matpower/case1354pegase/2017-03-15,1709.0,case1354pegase,1354,2017-03-15,OPTIMAL,True,1800.0,94.94444444444444,328760000.0,306320000.0,6.82,mip_progress,False,results/paper_m4pro_fullmodes_2026-04-29/logs/gurobi/test/matpower_case1354pegase_2017-03-15__warm_lazy_gru.log
matpower/case1354pegase,WARM_LAZY_GRU,matpower/case1354pegase/2017-03-15,1716.0,case1354pegase,1354,2017-03-15,OPTIMAL,True,1800.0,95.33333333333333,328760000.0,306320000.0,6.82,mip_progress,False,results/paper_m4pro_fullmodes_2026-04-29/logs/gurobi/test/matpower_case1354pegase_2017-03-15__warm_lazy_gru.log
matpower/case1354pegase,WARM_LAZY_GRU,matpower/case1354pegase/2017-03-15,1730.0,case1354pegase,1354,2017-03-15,OPTIMAL,True,1800.0,96.11111111111111,328760000.0,306320000.0,6.82,mip_progress,False,results/paper_m4pro_fullmodes_2026-04-29/logs/gurobi/test/matpower_case1354pegase_2017-03-15__warm_lazy_gru.log
matpower/case1354pegase,WARM_LAZY_GRU,matpower/case1354pegase/2017-03-15,1741.0,case1354pegase,1354,2017-03-15,OPTIMAL,True,1800.0,96.72222222222223,328760000.0,306320000.0,6.82,mip_progress,False,results/paper_m4pro_fullmodes_2026-04-29/logs/gurobi/test/matpower_case1354pegase_2017-03-15__warm_lazy_gru.log
matpower/case1354pegase,WARM_LAZY_GRU,matpower/case1354pegase/2017-03-15,1748.0,case1354pegase,1354,2017-03-15,OPTIMAL,True,1800.0,97.11111111111111,328760000.0,306320000.0,6.82,mip_progress,False,results/paper_m4pro_fullmodes_2026-04-29/logs/gurobi/test/matpower_case1354pegase_2017-03-15__warm_lazy_gru.log
matpower/case1354pegase,WARM_LAZY_GRU,matpower/case1354pegase/2017-03-15,1763.0,case1354pegase,1354,2017-03-15,OPTIMAL,True,1800.0,97.94444444444444,328760000.0,306320000.0,6.82,mip_progress,False,results/paper_m4pro_fullmodes_2026-04-29/logs/gurobi/test/matpower_case1354pegase_2017-03-15__warm_lazy_gru.log
matpower/case1354pegase,WARM_LAZY_GRU,matpower/case1354pegase/2017-03-15,1770.0,case1354pegase,1354,2017-03-15,OPTIMAL,True,1800.0,98.33333333333333,319531200.0,306320000.0,4.13,mip_progress,True,results/paper_m4pro_fullmodes_2026-04-29/logs/gurobi/test/matpower_case1354pegase_2017-03-15__warm_lazy_gru.log
matpower/case1354pegase,WARM_LAZY_GRU,matpower/case1354pegase/2017-03-15,1777.0,case1354pegase,1354,2017-03-15,OPTIMAL,True,1800.0,98.72222222222223,317786100.0,306320000.0,3.61,mip_progress,True,results/paper_m4pro_fullmodes_2026-04-29/logs/gurobi/test/matpower_case1354pegase_2017-03-15__warm_lazy_gru.log
matpower/case1354pegase,WARM_LAZY_GRU,matpower/case1354pegase/2017-03-15,1784.0,case1354pegase,1354,2017-03-15,OPTIMAL,True,1800.0,99.11111111111111,317790000.0,306320000.0,3.61,mip_progress,False,results/paper_m4pro_fullmodes_2026-04-29/logs/gurobi/test/matpower_case1354pegase_2017-03-15__warm_lazy_gru.log
matpower/case1354pegase,WARM_LAZY_GRU,matpower/case1354pegase/2017-03-15,2354.549261,case1354pegase,1354,2017-03-15,OPTIMAL,True,1800.0,130.80829227777778,,,3.607756,result_final,False,results/paper_m4pro_fullmodes_2026-04-29/logs/gurobi/test/matpower_case1354pegase_2017-03-15__warm_lazy_gru.log
matpower/case1354pegase,WARM_LAZY_GRU,matpower/case1354pegase/2017-05-15,419.0,case1354pegase,1354,2017-05-15,TIME_LIMIT,True,1800.0,23.27777777777778,1641612000.0,21388000.0,98.69713428020751,norel_heuristic,True,results/paper_m4pro_fullmodes_2026-04-29/logs/gurobi/test/matpower_case1354pegase_2017-05-15__warm_lazy_gru.log
matpower/case1354pegase,WARM_LAZY_GRU,matpower/case1354pegase/2017-05-15,528.0,case1354pegase,1354,2017-05-15,TIME_LIMIT,True,1800.0,29.333333333333332,1630996000.0,21388000.0,98.68865404942747,norel_heuristic,True,results/paper_m4pro_fullmodes_2026-04-29/logs/gurobi/test/matpower_case1354pegase_2017-05-15__warm_lazy_gru.log
matpower/case1354pegase,WARM_LAZY_GRU,matpower/case1354pegase/2017-05-15,895.0,case1354pegase,1354,2017-05-15,TIME_LIMIT,True,1800.0,49.72222222222222,1631000000.0,81494000.0,95.0,mip_progress,False,results/paper_m4pro_fullmodes_2026-04-29/logs/gurobi/test/matpower_case1354pegase_2017-05-15__warm_lazy_gru.log
matpower/case1354pegase,WARM_LAZY_GRU,matpower/case1354pegase/2017-05-15,1000.0,case1354pegase,1354,2017-05-15,TIME_LIMIT,True,1800.0,55.55555555555556,1631000000.0,81494000.0,95.0,mip_progress,False,results/paper_m4pro_fullmodes_2026-04-29/logs/gurobi/test/matpower_case1354pegase_2017-05-15__warm_lazy_gru.log
matpower/case1354pegase,WARM_LAZY_GRU,matpower/case1354pegase/2017-05-15,1086.0,case1354pegase,1354,2017-05-15,TIME_LIMIT,True,1800.0,60.333333333333336,1631000000.0,81494000.0,95.0,mip_progress,False,results/paper_m4pro_fullmodes_2026-04-29/logs/gurobi/test/matpower_case1354pegase_2017-05-15__warm_lazy_gru.log
matpower/case1354pegase,WARM_LAZY_GRU,matpower/case1354pegase/2017-05-15,1197.0,case1354pegase,1354,2017-05-15,TIME_LIMIT,True,1800.0,66.5,135002900.0,81494000.0,39.6,mip_progress,True,results/paper_m4pro_fullmodes_2026-04-29/logs/gurobi/test/matpower_case1354pegase_2017-05-15__warm_lazy_gru.log
matpower/case1354pegase,WARM_LAZY_GRU,matpower/case1354pegase/2017-05-15,1271.0,case1354pegase,1354,2017-05-15,TIME_LIMIT,True,1800.0,70.61111111111111,135000000.0,88030000.0,34.8,mip_progress,False,results/paper_m4pro_fullmodes_2026-04-29/logs/gurobi/test/matpower_case1354pegase_2017-05-15__warm_lazy_gru.log
matpower/case1354pegase,WARM_LAZY_GRU,matpower/case1354pegase/2017-05-15,1278.0,case1354pegase,1354,2017-05-15,TIME_LIMIT,True,1800.0,71.0,135002100.0,88030000.0,34.8,mip_progress,True,results/paper_m4pro_fullmodes_2026-04-29/logs/gurobi/test/matpower_case1354pegase_2017-05-15__warm_lazy_gru.log
matpower/case1354pegase,WARM_LAZY_GRU,matpower/case1354pegase/2017-05-15,1296.0,case1354pegase,1354,2017-05-15,TIME_LIMIT,True,1800.0,72.0,135000000.0,88053000.0,34.8,mip_progress,False,results/paper_m4pro_fullmodes_2026-04-29/logs/gurobi/test/matpower_case1354pegase_2017-05-15__warm_lazy_gru.log
matpower/case1354pegase,WARM_LAZY_GRU,matpower/case1354pegase/2017-05-15,1536.0,case1354pegase,1354,2017-05-15,TIME_LIMIT,True,1800.0,85.33333333333333,135000000.0,88053000.0,34.8,mip_progress,False,results/paper_m4pro_fullmodes_2026-04-29/logs/gurobi/test/matpower_case1354pegase_2017-05-15__warm_lazy_gru.log
matpower/case1354pegase,WARM_LAZY_GRU,matpower/case1354pegase/2017-05-15,1564.0,case1354pegase,1354,2017-05-15,TIME_LIMIT,True,1800.0,86.88888888888889,135000000.0,88053000.0,34.8,mip_progress,False,results/paper_m4pro_fullmodes_2026-04-29/logs/gurobi/test/matpower_case1354pegase_2017-05-15__warm_lazy_gru.log
matpower/case1354pegase,WARM_LAZY_GRU,matpower/case1354pegase/2017-05-15,1584.0,case1354pegase,1354,2017-05-15,TIME_LIMIT,True,1800.0,88.0,135000000.0,88053000.0,34.8,mip_progress,False,results/paper_m4pro_fullmodes_2026-04-29/logs/gurobi/test/matpower_case1354pegase_2017-05-15__warm_lazy_gru.log
matpower/case1354pegase,WARM_LAZY_GRU,matpower/case1354pegase/2017-05-15,1605.0,case1354pegase,1354,2017-05-15,TIME_LIMIT,True,1800.0,89.16666666666667,135000000.0,88053000.0,34.8,mip_progress,False,results/paper_m4pro_fullmodes_2026-04-29/logs/gurobi/test/matpower_case1354pegase_2017-05-15__warm_lazy_gru.log
matpower/case1354pegase,WARM_LAZY_GRU,matpower/case1354pegase/2017-05-15,1631.0,case1354pegase,1354,2017-05-15,TIME_LIMIT,True,1800.0,90.61111111111111,135000000.0,88053000.0,34.8,mip_progress,False,results/paper_m4pro_fullmodes_2026-04-29/logs/gurobi/test/matpower_case1354pegase_2017-05-15__warm_lazy_gru.log
matpower/case1354pegase,WARM_LAZY_GRU,matpower/case1354pegase/2017-05-15,1680.0,case1354pegase,1354,2017-05-15,TIME_LIMIT,True,1800.0,93.33333333333333,135000000.0,88053000.0,34.8,mip_progress,False,results/paper_m4pro_fullmodes_2026-04-29/logs/gurobi/test/matpower_case1354pegase_2017-05-15__warm_lazy_gru.log
matpower/case1354pegase,WARM_LAZY_GRU,matpower/case1354pegase/2017-05-15,1732.0,case1354pegase,1354,2017-05-15,TIME_LIMIT,True,1800.0,96.22222222222223,135000000.0,88053000.0,34.8,mip_progress,False,results/paper_m4pro_fullmodes_2026-04-29/logs/gurobi/test/matpower_case1354pegase_2017-05-15__warm_lazy_gru.log
matpower/case1354pegase,WARM_LAZY_GRU,matpower/case1354pegase/2017-05-15,1802.0,case1354pegase,1354,2017-05-15,TIME_LIMIT,True,1800.0,100.11111111111111,135000000.0,88053000.0,34.8,mip_progress,False,results/paper_m4pro_fullmodes_2026-04-29/logs/gurobi/test/matpower_case1354pegase_2017-05-15__warm_lazy_gru.log
matpower/case1354pegase,WARM_LAZY_GRU,matpower/case1354pegase/2017-05-15,1836.565698,case1354pegase,1354,2017-05-15,TIME_LIMIT,True,1800.0,102.03142766666666,,,34.77627,result_final,False,results/paper_m4pro_fullmodes_2026-04-29/logs/gurobi/test/matpower_case1354pegase_2017-05-15__warm_lazy_gru.log
matpower/case1354pegase,WARM_LAZY_GRU,matpower/case1354pegase/2017-07-15,353.0,case1354pegase,1354,2017-07-15,TIME_LIMIT,True,1800.0,19.61111111111111,2420028000.0,45132200.0,98.13505463573149,norel_heuristic,True,results/paper_m4pro_fullmodes_2026-04-29/logs/gurobi/test/matpower_case1354pegase_2017-07-15__warm_lazy_gru.log
matpower/case1354pegase,WARM_LAZY_GRU,matpower/case1354pegase/2017-07-15,382.0,case1354pegase,1354,2017-07-15,TIME_LIMIT,True,1800.0,21.22222222222222,2413291000.0,45132200.0,98.12984841032433,norel_heuristic,True,results/paper_m4pro_fullmodes_2026-04-29/logs/gurobi/test/matpower_case1354pegase_2017-07-15__warm_lazy_gru.log
matpower/case1354pegase,WARM_LAZY_GRU,matpower/case1354pegase/2017-07-15,424.0,case1354pegase,1354,2017-07-15,TIME_LIMIT,True,1800.0,23.555555555555557,2412997000.0,45132200.0,98.12962055070935,norel_heuristic,True,results/paper_m4pro_fullmodes_2026-04-29/logs/gurobi/test/matpower_case1354pegase_2017-07-15__warm_lazy_gru.log
matpower/case1354pegase,WARM_LAZY_GRU,matpower/case1354pegase/2017-07-15,510.0,case1354pegase,1354,2017-07-15,TIME_LIMIT,True,1800.0,28.333333333333332,2401685000.0,45132200.0,98.12081101393397,norel_heuristic,True,results/paper_m4pro_fullmodes_2026-04-29/logs/gurobi/test/matpower_case1354pegase_2017-07-15__warm_lazy_gru.log
matpower/case1354pegase,WARM_LAZY_GRU,matpower/case1354pegase/2017-07-15,1418.0,case1354pegase,1354,2017-07-15,TIME_LIMIT,True,1800.0,78.77777777777777,2401700000.0,206030000.0,91.4,mip_progress,False,results/paper_m4pro_fullmodes_2026-04-29/logs/gurobi/test/matpower_case1354pegase_2017-07-15__warm_lazy_gru.log
matpower/case1354pegase,WARM_LAZY_GRU,matpower/case1354pegase/2017-07-15,1593.0,case1354pegase,1354,2017-07-15,TIME_LIMIT,True,1800.0,88.5,2401700000.0,206030000.0,91.4,mip_progress,False,results/paper_m4pro_fullmodes_2026-04-29/logs/gurobi/test/matpower_case1354pegase_2017-07-15__warm_lazy_gru.log
matpower/case1354pegase,WARM_LAZY_GRU,matpower/case1354pegase/2017-07-15,1807.0,case1354pegase,1354,2017-07-15,TIME_LIMIT,True,1800.0,100.38888888888889,2401700000.0,206030000.0,91.4,mip_progress,False,results/paper_m4pro_fullmodes_2026-04-29/logs/gurobi/test/matpower_case1354pegase_2017-07-15__warm_lazy_gru.log
matpower/case1354pegase,WARM_LAZY_GRU,matpower/case1354pegase/2017-07-15,1808.0,case1354pegase,1354,2017-07-15,TIME_LIMIT,True,1800.0,100.44444444444444,2401700000.0,206030000.0,91.4,mip_progress,False,results/paper_m4pro_fullmodes_2026-04-29/logs/gurobi/test/matpower_case1354pegase_2017-07-15__warm_lazy_gru.log
matpower/case1354pegase,WARM_LAZY_GRU,matpower/case1354pegase/2017-07-15,1841.292626,case1354pegase,1354,2017-07-15,TIME_LIMIT,True,1800.0,102.29403477777777,,,91.4,result_final,False,results/paper_m4pro_fullmodes_2026-04-29/logs/gurobi/test/matpower_case1354pegase_2017-07-15__warm_lazy_gru.log
matpower/case1354pegase,WARM_LAZY_GRU,matpower/case1354pegase/2017-09-15,462.0,case1354pegase,1354,2017-09-15,TIME_LIMIT,True,1800.0,25.666666666666668,2271983000.0,37132100.0,98.36565238384266,norel_heuristic,True,results/paper_m4pro_fullmodes_2026-04-29/logs/gurobi/test/matpower_case1354pegase_2017-09-15__warm_lazy_gru.log
matpower/case1354pegase,WARM_LAZY_GRU,matpower/case1354pegase/2017-09-15,528.0,case1354pegase,1354,2017-09-15,TIME_LIMIT,True,1800.0,29.333333333333332,2258086000.0,37132100.0,98.35559407391924,norel_heuristic,True,results/paper_m4pro_fullmodes_2026-04-29/logs/gurobi/test/matpower_case1354pegase_2017-09-15__warm_lazy_gru.log
matpower/case1354pegase,WARM_LAZY_GRU,matpower/case1354pegase/2017-09-15,1321.0,case1354pegase,1354,2017-09-15,TIME_LIMIT,True,1800.0,73.38888888888889,2258100000.0,154920000.0,93.1,mip_progress,False,results/paper_m4pro_fullmodes_2026-04-29/logs/gurobi/test/matpower_case1354pegase_2017-09-15__warm_lazy_gru.log
matpower/case1354pegase,WARM_LAZY_GRU,matpower/case1354pegase/2017-09-15,1567.0,case1354pegase,1354,2017-09-15,TIME_LIMIT,True,1800.0,87.05555555555556,2258100000.0,154920000.0,93.1,mip_progress,False,results/paper_m4pro_fullmodes_2026-04-29/logs/gurobi/test/matpower_case1354pegase_2017-09-15__warm_lazy_gru.log
matpower/case1354pegase,WARM_LAZY_GRU,matpower/case1354pegase/2017-09-15,1800.0,case1354pegase,1354,2017-09-15,TIME_LIMIT,True,1800.0,100.0,2258100000.0,154920000.0,93.1,mip_progress,False,results/paper_m4pro_fullmodes_2026-04-29/logs/gurobi/test/matpower_case1354pegase_2017-09-15__warm_lazy_gru.log
matpower/case1354pegase,WARM_LAZY_GRU,matpower/case1354pegase/2017-09-15,1832.322269,case1354pegase,1354,2017-09-15,TIME_LIMIT,True,1800.0,101.79568161111112,,,93.1,result_final,False,results/paper_m4pro_fullmodes_2026-04-29/logs/gurobi/test/matpower_case1354pegase_2017-09-15__warm_lazy_gru.log
matpower/case1354pegase,WARM_LAZY_GRU,matpower/case1354pegase/2017-11-15,1155.0,case1354pegase,1354,2017-11-15,TIME_LIMIT,True,1800.0,64.16666666666667,959300600.0,132310000.0,86.2,mip_progress,True,results/paper_m4pro_fullmodes_2026-04-29/logs/gurobi/test/matpower_case1354pegase_2017-11-15__warm_lazy_gru.log
matpower/case1354pegase,WARM_LAZY_GRU,matpower/case1354pegase/2017-11-15,1239.0,case1354pegase,1354,2017-11-15,TIME_LIMIT,True,1800.0,68.83333333333333,959300000.0,133440000.0,86.1,mip_progress,False,results/paper_m4pro_fullmodes_2026-04-29/logs/gurobi/test/matpower_case1354pegase_2017-11-15__warm_lazy_gru.log
matpower/case1354pegase,WARM_LAZY_GRU,matpower/case1354pegase/2017-11-15,1248.0,case1354pegase,1354,2017-11-15,TIME_LIMIT,True,1800.0,69.33333333333333,959169600.0,133440000.0,86.1,mip_progress,True,results/paper_m4pro_fullmodes_2026-04-29/logs/gurobi/test/matpower_case1354pegase_2017-11-15__warm_lazy_gru.log
matpower/case1354pegase,WARM_LAZY_GRU,matpower/case1354pegase/2017-11-15,1258.0,case1354pegase,1354,2017-11-15,TIME_LIMIT,True,1800.0,69.88888888888889,959170000.0,133440000.0,86.1,mip_progress,False,results/paper_m4pro_fullmodes_2026-04-29/logs/gurobi/test/matpower_case1354pegase_2017-11-15__warm_lazy_gru.log
matpower/case1354pegase,WARM_LAZY_GRU,matpower/case1354pegase/2017-11-15,1328.0,case1354pegase,1354,2017-11-15,TIME_LIMIT,True,1800.0,73.77777777777777,959170000.0,133440000.0,86.1,mip_progress,False,results/paper_m4pro_fullmodes_2026-04-29/logs/gurobi/test/matpower_case1354pegase_2017-11-15__warm_lazy_gru.log
matpower/case1354pegase,WARM_LAZY_GRU,matpower/case1354pegase/2017-11-15,1412.0,case1354pegase,1354,2017-11-15,TIME_LIMIT,True,1800.0,78.44444444444444,959170000.0,133440000.0,86.1,mip_progress,False,results/paper_m4pro_fullmodes_2026-04-29/logs/gurobi/test/matpower_case1354pegase_2017-11-15__warm_lazy_gru.log
matpower/case1354pegase,WARM_LAZY_GRU,matpower/case1354pegase/2017-11-15,1499.0,case1354pegase,1354,2017-11-15,TIME_LIMIT,True,1800.0,83.27777777777777,295915900.0,133440000.0,54.9,mip_progress,True,results/paper_m4pro_fullmodes_2026-04-29/logs/gurobi/test/matpower_case1354pegase_2017-11-15__warm_lazy_gru.log
matpower/case1354pegase,WARM_LAZY_GRU,matpower/case1354pegase/2017-11-15,1577.0,case1354pegase,1354,2017-11-15,TIME_LIMIT,True,1800.0,87.61111111111111,295915200.0,133440000.0,54.9,mip_progress,True,results/paper_m4pro_fullmodes_2026-04-29/logs/gurobi/test/matpower_case1354pegase_2017-11-15__warm_lazy_gru.log
matpower/case1354pegase,WARM_LAZY_GRU,matpower/case1354pegase/2017-11-15,1801.0,case1354pegase,1354,2017-11-15,TIME_LIMIT,True,1800.0,100.05555555555556,295920000.0,154230000.0,47.9,mip_progress,False,results/paper_m4pro_fullmodes_2026-04-29/logs/gurobi/test/matpower_case1354pegase_2017-11-15__warm_lazy_gru.log
matpower/case1354pegase,WARM_LAZY_GRU,matpower/case1354pegase/2017-11-15,1833.467547,case1354pegase,1354,2017-11-15,TIME_LIMIT,True,1800.0,101.85930816666666,,,47.880302,result_final,False,results/paper_m4pro_fullmodes_2026-04-29/logs/gurobi/test/matpower_case1354pegase_2017-11-15__warm_lazy_gru.log
matpower/case1354pegase,WARM_PRUNE_LAZY_T030,matpower/case1354pegase/2017-01-15,896.0,case1354pegase,1354,2017-01-15,TIME_LIMIT,False,1800.0,49.77777777777778,736929000.0,155710000.0,78.9,mip_progress,True,results/paper_m4pro_fullmodes_2026-04-29/logs/gurobi/test/matpower_case1354pegase_2017-01-15__warm_prune_lazy_t030.log
matpower/case1354pegase,WARM_PRUNE_LAZY_T030,matpower/case1354pegase/2017-01-15,997.0,case1354pegase,1354,2017-01-15,TIME_LIMIT,False,1800.0,55.388888888888886,736930000.0,162620000.0,77.9,mip_progress,False,results/paper_m4pro_fullmodes_2026-04-29/logs/gurobi/test/matpower_case1354pegase_2017-01-15__warm_prune_lazy_t030.log
matpower/case1354pegase,WARM_PRUNE_LAZY_T030,matpower/case1354pegase/2017-01-15,999.0,case1354pegase,1354,2017-01-15,TIME_LIMIT,False,1800.0,55.5,736902600.0,162620000.0,77.9,mip_progress,True,results/paper_m4pro_fullmodes_2026-04-29/logs/gurobi/test/matpower_case1354pegase_2017-01-15__warm_prune_lazy_t030.log
matpower/case1354pegase,WARM_PRUNE_LAZY_T030,matpower/case1354pegase/2017-01-15,1007.0,case1354pegase,1354,2017-01-15,TIME_LIMIT,False,1800.0,55.94444444444444,736900000.0,162650000.0,77.9,mip_progress,False,results/paper_m4pro_fullmodes_2026-04-29/logs/gurobi/test/matpower_case1354pegase_2017-01-15__warm_prune_lazy_t030.log
matpower/case1354pegase,WARM_PRUNE_LAZY_T030,matpower/case1354pegase/2017-01-15,1055.0,case1354pegase,1354,2017-01-15,TIME_LIMIT,False,1800.0,58.611111111111114,736900000.0,162650000.0,77.9,mip_progress,False,results/paper_m4pro_fullmodes_2026-04-29/logs/gurobi/test/matpower_case1354pegase_2017-01-15__warm_prune_lazy_t030.log
matpower/case1354pegase,WARM_PRUNE_LAZY_T030,matpower/case1354pegase/2017-01-15,1092.0,case1354pegase,1354,2017-01-15,TIME_LIMIT,False,1800.0,60.666666666666664,736900000.0,162650000.0,77.9,mip_progress,False,results/paper_m4pro_fullmodes_2026-04-29/logs/gurobi/test/matpower_case1354pegase_2017-01-15__warm_prune_lazy_t030.log
matpower/case1354pegase,WARM_PRUNE_LAZY_T030,matpower/case1354pegase/2017-01-15,1132.0,case1354pegase,1354,2017-01-15,TIME_LIMIT,False,1800.0,62.888888888888886,231125900.0,162650000.0,29.6,mip_progress,True,results/paper_m4pro_fullmodes_2026-04-29/logs/gurobi/test/matpower_case1354pegase_2017-01-15__warm_prune_lazy_t030.log
matpower/case1354pegase,WARM_PRUNE_LAZY_T030,matpower/case1354pegase/2017-01-15,1133.0,case1354pegase,1354,2017-01-15,TIME_LIMIT,False,1800.0,62.94444444444444,231125500.0,162650000.0,29.6,mip_progress,True,results/paper_m4pro_fullmodes_2026-04-29/logs/gurobi/test/matpower_case1354pegase_2017-01-15__warm_prune_lazy_t030.log
matpower/case1354pegase,WARM_PRUNE_LAZY_T030,matpower/case1354pegase/2017-01-15,1372.0,case1354pegase,1354,2017-01-15,TIME_LIMIT,False,1800.0,76.22222222222223,231130000.0,186080000.0,19.5,mip_progress,False,results/paper_m4pro_fullmodes_2026-04-29/logs/gurobi/test/matpower_case1354pegase_2017-01-15__warm_prune_lazy_t030.log
matpower/case1354pegase,WARM_PRUNE_LAZY_T030,matpower/case1354pegase/2017-01-15,1423.0,case1354pegase,1354,2017-01-15,TIME_LIMIT,False,1800.0,79.05555555555556,231130000.0,186080000.0,19.5,mip_progress,False,results/paper_m4pro_fullmodes_2026-04-29/logs/gurobi/test/matpower_case1354pegase_2017-01-15__warm_prune_lazy_t030.log
matpower/case1354pegase,WARM_PRUNE_LAZY_T030,matpower/case1354pegase/2017-01-15,1459.0,case1354pegase,1354,2017-01-15,TIME_LIMIT,False,1800.0,81.05555555555556,231130000.0,186080000.0,19.5,mip_progress,False,results/paper_m4pro_fullmodes_2026-04-29/logs/gurobi/test/matpower_case1354pegase_2017-01-15__warm_prune_lazy_t030.log
matpower/case1354pegase,WARM_PRUNE_LAZY_T030,matpower/case1354pegase/2017-01-15,1516.0,case1354pegase,1354,2017-01-15,TIME_LIMIT,False,1800.0,84.22222222222223,231130000.0,186230000.0,19.4,mip_progress,False,results/paper_m4pro_fullmodes_2026-04-29/logs/gurobi/test/matpower_case1354pegase_2017-01-15__warm_prune_lazy_t030.log
matpower/case1354pegase,WARM_PRUNE_LAZY_T030,matpower/case1354pegase/2017-01-15,1597.0,case1354pegase,1354,2017-01-15,TIME_LIMIT,False,1800.0,88.72222222222223,231130000.0,186310000.0,19.4,mip_progress,False,results/paper_m4pro_fullmodes_2026-04-29/logs/gurobi/test/matpower_case1354pegase_2017-01-15__warm_prune_lazy_t030.log
matpower/case1354pegase,WARM_PRUNE_LAZY_T030,matpower/case1354pegase/2017-01-15,1680.0,case1354pegase,1354,2017-01-15,TIME_LIMIT,False,1800.0,93.33333333333333,231130000.0,186340000.0,19.4,mip_progress,False,results/paper_m4pro_fullmodes_2026-04-29/logs/gurobi/test/matpower_case1354pegase_2017-01-15__warm_prune_lazy_t030.log
matpower/case1354pegase,WARM_PRUNE_LAZY_T030,matpower/case1354pegase/2017-01-15,1800.0,case1354pegase,1354,2017-01-15,TIME_LIMIT,False,1800.0,100.0,231130000.0,186420000.0,19.3,mip_progress,False,results/paper_m4pro_fullmodes_2026-04-29/logs/gurobi/test/matpower_case1354pegase_2017-01-15__warm_prune_lazy_t030.log
matpower/case1354pegase,WARM_PRUNE_LAZY_T030,matpower/case1354pegase/2017-01-15,1841.248336,case1354pegase,1354,2017-01-15,TIME_LIMIT,False,1800.0,102.29157422222222,,,19.3,result_final,False,results/paper_m4pro_fullmodes_2026-04-29/logs/gurobi/test/matpower_case1354pegase_2017-01-15__warm_prune_lazy_t030.log
matpower/case1354pegase,WARM_PRUNE_LAZY_T030,matpower/case1354pegase/2017-03-15,302.0,case1354pegase,1354,2017-03-15,TIME_LIMIT,False,1800.0,16.77777777777778,2417497000.0,49238600.0,97.96324049212885,norel_heuristic,True,results/paper_m4pro_fullmodes_2026-04-29/logs/gurobi/test/matpower_case1354pegase_2017-03-15__warm_prune_lazy_t030.log
matpower/case1354pegase,WARM_PRUNE_LAZY_T030,matpower/case1354pegase/2017-03-15,325.0,case1354pegase,1354,2017-03-15,TIME_LIMIT,False,1800.0,18.055555555555557,2402691000.0,49238600.0,97.950689456114,norel_heuristic,True,results/paper_m4pro_fullmodes_2026-04-29/logs/gurobi/test/matpower_case1354pegase_2017-03-15__warm_prune_lazy_t030.log
matpower/case1354pegase,WARM_PRUNE_LAZY_T030,matpower/case1354pegase/2017-03-15,345.0,case1354pegase,1354,2017-03-15,TIME_LIMIT,False,1800.0,19.166666666666668,2402504000.0,49238600.0,97.95052994708854,norel_heuristic,True,results/paper_m4pro_fullmodes_2026-04-29/logs/gurobi/test/matpower_case1354pegase_2017-03-15__warm_prune_lazy_t030.log
matpower/case1354pegase,WARM_PRUNE_LAZY_T030,matpower/case1354pegase/2017-03-15,402.0,case1354pegase,1354,2017-03-15,TIME_LIMIT,False,1800.0,22.333333333333332,2361799000.0,49238600.0,97.91520785638406,norel_heuristic,True,results/paper_m4pro_fullmodes_2026-04-29/logs/gurobi/test/matpower_case1354pegase_2017-03-15__warm_prune_lazy_t030.log
matpower/case1354pegase,WARM_PRUNE_LAZY_T030,matpower/case1354pegase/2017-03-15,459.0,case1354pegase,1354,2017-03-15,TIME_LIMIT,False,1800.0,25.5,2361630000.0,49238600.0,97.91505866710705,norel_heuristic,True,results/paper_m4pro_fullmodes_2026-04-29/logs/gurobi/test/matpower_case1354pegase_2017-03-15__warm_prune_lazy_t030.log
matpower/case1354pegase,WARM_PRUNE_LAZY_T030,matpower/case1354pegase/2017-03-15,476.0,case1354pegase,1354,2017-03-15,TIME_LIMIT,False,1800.0,26.444444444444443,2361625000.0,49238600.0,97.9150542528979,norel_heuristic,True,results/paper_m4pro_fullmodes_2026-04-29/logs/gurobi/test/matpower_case1354pegase_2017-03-15__warm_prune_lazy_t030.log
matpower/case1354pegase,WARM_PRUNE_LAZY_T030,matpower/case1354pegase/2017-03-15,502.0,case1354pegase,1354,2017-03-15,TIME_LIMIT,False,1800.0,27.88888888888889,2361620000.0,49238600.0,97.91504983867007,norel_heuristic,True,results/paper_m4pro_fullmodes_2026-04-29/logs/gurobi/test/matpower_case1354pegase_2017-03-15__warm_prune_lazy_t030.log
matpower/case1354pegase,WARM_PRUNE_LAZY_T030,matpower/case1354pegase/2017-03-15,529.0,case1354pegase,1354,2017-03-15,TIME_LIMIT,False,1800.0,29.38888888888889,2361617000.0,49238600.0,97.9150471901244,norel_heuristic,True,results/paper_m4pro_fullmodes_2026-04-29/logs/gurobi/test/matpower_case1354pegase_2017-03-15__warm_prune_lazy_t030.log
matpower/case1354pegase,WARM_PRUNE_LAZY_T030,matpower/case1354pegase/2017-03-15,891.0,case1354pegase,1354,2017-03-15,TIME_LIMIT,False,1800.0,49.5,2361600000.0,246240000.0,89.6,mip_progress,False,results/paper_m4pro_fullmodes_2026-04-29/logs/gurobi/test/matpower_case1354pegase_2017-03-15__warm_prune_lazy_t030.log
matpower/case1354pegase,WARM_PRUNE_LAZY_T030,matpower/case1354pegase/2017-03-15,1115.0,case1354pegase,1354,2017-03-15,TIME_LIMIT,False,1800.0,61.94444444444444,2361600000.0,246240000.0,89.6,mip_progress,False,results/paper_m4pro_fullmodes_2026-04-29/logs/gurobi/test/matpower_case1354pegase_2017-03-15__warm_prune_lazy_t030.log
matpower/case1354pegase,WARM_PRUNE_LAZY_T030,matpower/case1354pegase/2017-03-15,1198.0,case1354pegase,1354,2017-03-15,TIME_LIMIT,False,1800.0,66.55555555555556,2361600000.0,246240000.0,89.6,mip_progress,False,results/paper_m4pro_fullmodes_2026-04-29/logs/gurobi/test/matpower_case1354pegase_2017-03-15__warm_prune_lazy_t030.log
matpower/case1354pegase,WARM_PRUNE_LAZY_T030,matpower/case1354pegase/2017-03-15,1356.0,case1354pegase,1354,2017-03-15,TIME_LIMIT,False,1800.0,75.33333333333333,2361600000.0,246240000.0,89.6,mip_progress,False,results/paper_m4pro_fullmodes_2026-04-29/logs/gurobi/test/matpower_case1354pegase_2017-03-15__warm_prune_lazy_t030.log
matpower/case1354pegase,WARM_PRUNE_LAZY_T030,matpower/case1354pegase/2017-03-15,1496.0,case1354pegase,1354,2017-03-15,TIME_LIMIT,False,1800.0,83.11111111111111,2361600000.0,246240000.0,89.6,mip_progress,False,results/paper_m4pro_fullmodes_2026-04-29/logs/gurobi/test/matpower_case1354pegase_2017-03-15__warm_prune_lazy_t030.log
matpower/case1354pegase,WARM_PRUNE_LAZY_T030,matpower/case1354pegase/2017-03-15,1641.0,case1354pegase,1354,2017-03-15,TIME_LIMIT,False,1800.0,91.16666666666667,487033600.0,246240000.0,49.4,mip_progress,True,results/paper_m4pro_fullmodes_2026-04-29/logs/gurobi/test/matpower_case1354pegase_2017-03-15__warm_prune_lazy_t030.log
matpower/case1354pegase,WARM_PRUNE_LAZY_T030,matpower/case1354pegase/2017-03-15,1763.0,case1354pegase,1354,2017-03-15,TIME_LIMIT,False,1800.0,97.94444444444444,487030000.0,246240000.0,49.4,mip_progress,False,results/paper_m4pro_fullmodes_2026-04-29/logs/gurobi/test/matpower_case1354pegase_2017-03-15__warm_prune_lazy_t030.log
matpower/case1354pegase,WARM_PRUNE_LAZY_T030,matpower/case1354pegase/2017-03-15,1840.382064,case1354pegase,1354,2017-03-15,TIME_LIMIT,False,1800.0,102.243448,,,49.4,result_final,False,results/paper_m4pro_fullmodes_2026-04-29/logs/gurobi/test/matpower_case1354pegase_2017-03-15__warm_prune_lazy_t030.log
matpower/case1354pegase,WARM_PRUNE_LAZY_T030,matpower/case1354pegase/2017-05-15,383.0,case1354pegase,1354,2017-05-15,TIME_LIMIT,True,1800.0,21.27777777777778,1565823000.0,21388000.0,98.63407294438771,norel_heuristic,True,results/paper_m4pro_fullmodes_2026-04-29/logs/gurobi/test/matpower_case1354pegase_2017-05-15__warm_prune_lazy_t030.log
matpower/case1354pegase,WARM_PRUNE_LAZY_T030,matpower/case1354pegase/2017-05-15,458.0,case1354pegase,1354,2017-05-15,TIME_LIMIT,True,1800.0,25.444444444444443,1555301000.0,21388000.0,98.624832106454,norel_heuristic,True,results/paper_m4pro_fullmodes_2026-04-29/logs/gurobi/test/matpower_case1354pegase_2017-05-15__warm_prune_lazy_t030.log
matpower/case1354pegase,WARM_PRUNE_LAZY_T030,matpower/case1354pegase/2017-05-15,476.0,case1354pegase,1354,2017-05-15,TIME_LIMIT,True,1800.0,26.444444444444443,1555186000.0,21388000.0,98.6247304180979,norel_heuristic,True,results/paper_m4pro_fullmodes_2026-04-29/logs/gurobi/test/matpower_case1354pegase_2017-05-15__warm_prune_lazy_t030.log
matpower/case1354pegase,WARM_PRUNE_LAZY_T030,matpower/case1354pegase/2017-05-15,676.0,case1354pegase,1354,2017-05-15,TIME_LIMIT,True,1800.0,37.55555555555556,1555200000.0,81494000.0,94.8,mip_progress,False,results/paper_m4pro_fullmodes_2026-04-29/logs/gurobi/test/matpower_case1354pegase_2017-05-15__warm_prune_lazy_t030.log
matpower/case1354pegase,WARM_PRUNE_LAZY_T030,matpower/case1354pegase/2017-05-15,735.0,case1354pegase,1354,2017-05-15,TIME_LIMIT,True,1800.0,40.833333333333336,1555200000.0,81494000.0,94.8,mip_progress,False,results/paper_m4pro_fullmodes_2026-04-29/logs/gurobi/test/matpower_case1354pegase_2017-05-15__warm_prune_lazy_t030.log
matpower/case1354pegase,WARM_PRUNE_LAZY_T030,matpower/case1354pegase/2017-05-15,798.0,case1354pegase,1354,2017-05-15,TIME_LIMIT,True,1800.0,44.333333333333336,1555200000.0,81494000.0,94.8,mip_progress,False,results/paper_m4pro_fullmodes_2026-04-29/logs/gurobi/test/matpower_case1354pegase_2017-05-15__warm_prune_lazy_t030.log
matpower/case1354pegase,WARM_PRUNE_LAZY_T030,matpower/case1354pegase/2017-05-15,886.0,case1354pegase,1354,2017-05-15,TIME_LIMIT,True,1800.0,49.22222222222222,135002900.0,81494000.0,39.6,mip_progress,True,results/paper_m4pro_fullmodes_2026-04-29/logs/gurobi/test/matpower_case1354pegase_2017-05-15__warm_prune_lazy_t030.log
matpower/case1354pegase,WARM_PRUNE_LAZY_T030,matpower/case1354pegase/2017-05-15,935.0,case1354pegase,1354,2017-05-15,TIME_LIMIT,True,1800.0,51.94444444444444,135000000.0,88030000.0,34.8,mip_progress,False,results/paper_m4pro_fullmodes_2026-04-29/logs/gurobi/test/matpower_case1354pegase_2017-05-15__warm_prune_lazy_t030.log
matpower/case1354pegase,WARM_PRUNE_LAZY_T030,matpower/case1354pegase/2017-05-15,936.0,case1354pegase,1354,2017-05-15,TIME_LIMIT,True,1800.0,52.0,135002100.0,88030000.0,34.8,mip_progress,True,results/paper_m4pro_fullmodes_2026-04-29/logs/gurobi/test/matpower_case1354pegase_2017-05-15__warm_prune_lazy_t030.log
matpower/case1354pegase,WARM_PRUNE_LAZY_T030,matpower/case1354pegase/2017-05-15,950.0,case1354pegase,1354,2017-05-15,TIME_LIMIT,True,1800.0,52.77777777777778,135000000.0,88062000.0,34.8,mip_progress,False,results/paper_m4pro_fullmodes_2026-04-29/logs/gurobi/test/matpower_case1354pegase_2017-05-15__warm_prune_lazy_t030.log
matpower/case1354pegase,WARM_PRUNE_LAZY_T030,matpower/case1354pegase/2017-05-15,1109.0,case1354pegase,1354,2017-05-15,TIME_LIMIT,True,1800.0,61.611111111111114,135000000.0,88062000.0,34.8,mip_progress,False,results/paper_m4pro_fullmodes_2026-04-29/logs/gurobi/test/matpower_case1354pegase_2017-05-15__warm_prune_lazy_t030.log
matpower/case1354pegase,WARM_PRUNE_LAZY_T030,matpower/case1354pegase/2017-05-15,1124.0,case1354pegase,1354,2017-05-15,TIME_LIMIT,True,1800.0,62.44444444444444,135000000.0,88062000.0,34.8,mip_progress,False,results/paper_m4pro_fullmodes_2026-04-29/logs/gurobi/test/matpower_case1354pegase_2017-05-15__warm_prune_lazy_t030.log
matpower/case1354pegase,WARM_PRUNE_LAZY_T030,matpower/case1354pegase/2017-05-15,1136.0,case1354pegase,1354,2017-05-15,TIME_LIMIT,True,1800.0,63.111111111111114,135000000.0,88062000.0,34.8,mip_progress,False,results/paper_m4pro_fullmodes_2026-04-29/logs/gurobi/test/matpower_case1354pegase_2017-05-15__warm_prune_lazy_t030.log
matpower/case1354pegase,WARM_PRUNE_LAZY_T030,matpower/case1354pegase/2017-05-15,1167.0,case1354pegase,1354,2017-05-15,TIME_LIMIT,True,1800.0,64.83333333333333,135000000.0,88078000.0,34.8,mip_progress,False,results/paper_m4pro_fullmodes_2026-04-29/logs/gurobi/test/matpower_case1354pegase_2017-05-15__warm_prune_lazy_t030.log
matpower/case1354pegase,WARM_PRUNE_LAZY_T030,matpower/case1354pegase/2017-05-15,1196.0,case1354pegase,1354,2017-05-15,TIME_LIMIT,True,1800.0,66.44444444444444,135000000.0,88078000.0,34.8,mip_progress,False,results/paper_m4pro_fullmodes_2026-04-29/logs/gurobi/test/matpower_case1354pegase_2017-05-15__warm_prune_lazy_t030.log
matpower/case1354pegase,WARM_PRUNE_LAZY_T030,matpower/case1354pegase/2017-05-15,1235.0,case1354pegase,1354,2017-05-15,TIME_LIMIT,True,1800.0,68.61111111111111,135000000.0,88094000.0,34.7,mip_progress,False,results/paper_m4pro_fullmodes_2026-04-29/logs/gurobi/test/matpower_case1354pegase_2017-05-15__warm_prune_lazy_t030.log
matpower/case1354pegase,WARM_PRUNE_LAZY_T030,matpower/case1354pegase/2017-05-15,1265.0,case1354pegase,1354,2017-05-15,TIME_LIMIT,True,1800.0,70.27777777777777,135000000.0,88098000.0,34.7,mip_progress,False,results/paper_m4pro_fullmodes_2026-04-29/logs/gurobi/test/matpower_case1354pegase_2017-05-15__warm_prune_lazy_t030.log
matpower/case1354pegase,WARM_PRUNE_LAZY_T030,matpower/case1354pegase/2017-05-15,1332.0,case1354pegase,1354,2017-05-15,TIME_LIMIT,True,1800.0,74.0,135000000.0,88098000.0,34.7,mip_progress,False,results/paper_m4pro_fullmodes_2026-04-29/logs/gurobi/test/matpower_case1354pegase_2017-05-15__warm_prune_lazy_t030.log
matpower/case1354pegase,WARM_PRUNE_LAZY_T030,matpower/case1354pegase/2017-05-15,1397.0,case1354pegase,1354,2017-05-15,TIME_LIMIT,True,1800.0,77.61111111111111,135000000.0,88098000.0,34.7,mip_progress,False,results/paper_m4pro_fullmodes_2026-04-29/logs/gurobi/test/matpower_case1354pegase_2017-05-15__warm_prune_lazy_t030.log
matpower/case1354pegase,WARM_PRUNE_LAZY_T030,matpower/case1354pegase/2017-05-15,1461.0,case1354pegase,1354,2017-05-15,TIME_LIMIT,True,1800.0,81.16666666666667,135000000.0,88098000.0,34.7,mip_progress,False,results/paper_m4pro_fullmodes_2026-04-29/logs/gurobi/test/matpower_case1354pegase_2017-05-15__warm_prune_lazy_t030.log
matpower/case1354pegase,WARM_PRUNE_LAZY_T030,matpower/case1354pegase/2017-05-15,1529.0,case1354pegase,1354,2017-05-15,TIME_LIMIT,True,1800.0,84.94444444444444,135000000.0,88098000.0,34.7,mip_progress,False,results/paper_m4pro_fullmodes_2026-04-29/logs/gurobi/test/matpower_case1354pegase_2017-05-15__warm_prune_lazy_t030.log
matpower/case1354pegase,WARM_PRUNE_LAZY_T030,matpower/case1354pegase/2017-05-15,1592.0,case1354pegase,1354,2017-05-15,TIME_LIMIT,True,1800.0,88.44444444444444,135000000.0,88098000.0,34.7,mip_progress,False,results/paper_m4pro_fullmodes_2026-04-29/logs/gurobi/test/matpower_case1354pegase_2017-05-15__warm_prune_lazy_t030.log
matpower/case1354pegase,WARM_PRUNE_LAZY_T030,matpower/case1354pegase/2017-05-15,1658.0,case1354pegase,1354,2017-05-15,TIME_LIMIT,True,1800.0,92.11111111111111,135000000.0,88098000.0,34.7,mip_progress,False,results/paper_m4pro_fullmodes_2026-04-29/logs/gurobi/test/matpower_case1354pegase_2017-05-15__warm_prune_lazy_t030.log
matpower/case1354pegase,WARM_PRUNE_LAZY_T030,matpower/case1354pegase/2017-05-15,1722.0,case1354pegase,1354,2017-05-15,TIME_LIMIT,True,1800.0,95.66666666666667,135000000.0,88098000.0,34.7,mip_progress,False,results/paper_m4pro_fullmodes_2026-04-29/logs/gurobi/test/matpower_case1354pegase_2017-05-15__warm_prune_lazy_t030.log
matpower/case1354pegase,WARM_PRUNE_LAZY_T030,matpower/case1354pegase/2017-05-15,1786.0,case1354pegase,1354,2017-05-15,TIME_LIMIT,True,1800.0,99.22222222222223,135000000.0,88098000.0,34.7,mip_progress,False,results/paper_m4pro_fullmodes_2026-04-29/logs/gurobi/test/matpower_case1354pegase_2017-05-15__warm_prune_lazy_t030.log
matpower/case1354pegase,WARM_PRUNE_LAZY_T030,matpower/case1354pegase/2017-05-15,1800.0,case1354pegase,1354,2017-05-15,TIME_LIMIT,True,1800.0,100.0,135000000.0,88098000.0,34.7,mip_progress,False,results/paper_m4pro_fullmodes_2026-04-29/logs/gurobi/test/matpower_case1354pegase_2017-05-15__warm_prune_lazy_t030.log
matpower/case1354pegase,WARM_PRUNE_LAZY_T030,matpower/case1354pegase/2017-05-15,1842.317752,case1354pegase,1354,2017-05-15,TIME_LIMIT,True,1800.0,102.35098622222222,,,34.7,result_final,False,results/paper_m4pro_fullmodes_2026-04-29/logs/gurobi/test/matpower_case1354pegase_2017-05-15__warm_prune_lazy_t030.log
matpower/case1354pegase,WARM_PRUNE_LAZY_T030,matpower/case1354pegase/2017-07-15,341.0,case1354pegase,1354,2017-07-15,TIME_LIMIT,False,1800.0,18.944444444444443,2413018000.0,45132200.0,98.12963682823751,norel_heuristic,True,results/paper_m4pro_fullmodes_2026-04-29/logs/gurobi/test/matpower_case1354pegase_2017-07-15__warm_prune_lazy_t030.log
matpower/case1354pegase,WARM_PRUNE_LAZY_T030,matpower/case1354pegase/2017-07-15,364.0,case1354pegase,1354,2017-07-15,TIME_LIMIT,False,1800.0,20.22222222222222,2406310000.0,45132200.0,98.1244228715336,norel_heuristic,True,results/paper_m4pro_fullmodes_2026-04-29/logs/gurobi/test/matpower_case1354pegase_2017-07-15__warm_prune_lazy_t030.log
matpower/case1354pegase,WARM_PRUNE_LAZY_T030,matpower/case1354pegase/2017-07-15,388.0,case1354pegase,1354,2017-07-15,TIME_LIMIT,False,1800.0,21.555555555555557,2406016000.0,45132200.0,98.12419368782253,norel_heuristic,True,results/paper_m4pro_fullmodes_2026-04-29/logs/gurobi/test/matpower_case1354pegase_2017-07-15__warm_prune_lazy_t030.log
matpower/case1354pegase,WARM_PRUNE_LAZY_T030,matpower/case1354pegase/2017-07-15,467.0,case1354pegase,1354,2017-07-15,TIME_LIMIT,False,1800.0,25.944444444444443,2406010000.0,45132200.0,98.12418901002074,norel_heuristic,True,results/paper_m4pro_fullmodes_2026-04-29/logs/gurobi/test/matpower_case1354pegase_2017-07-15__warm_prune_lazy_t030.log
matpower/case1354pegase,WARM_PRUNE_LAZY_T030,matpower/case1354pegase/2017-07-15,533.0,case1354pegase,1354,2017-07-15,TIME_LIMIT,False,1800.0,29.61111111111111,2399443000.0,45132200.0,98.11905513071159,norel_heuristic,True,results/paper_m4pro_fullmodes_2026-04-29/logs/gurobi/test/matpower_case1354pegase_2017-07-15__warm_prune_lazy_t030.log
matpower/case1354pegase,WARM_PRUNE_LAZY_T030,matpower/case1354pegase/2017-07-15,1064.0,case1354pegase,1354,2017-07-15,TIME_LIMIT,False,1800.0,59.111111111111114,2399400000.0,207290000.0,91.4,mip_progress,False,results/paper_m4pro_fullmodes_2026-04-29/logs/gurobi/test/matpower_case1354pegase_2017-07-15__warm_prune_lazy_t030.log
matpower/case1354pegase,WARM_PRUNE_LAZY_T030,matpower/case1354pegase/2017-07-15,1315.0,case1354pegase,1354,2017-07-15,TIME_LIMIT,False,1800.0,73.05555555555556,2399400000.0,207290000.0,91.4,mip_progress,False,results/paper_m4pro_fullmodes_2026-04-29/logs/gurobi/test/matpower_case1354pegase_2017-07-15__warm_prune_lazy_t030.log
matpower/case1354pegase,WARM_PRUNE_LAZY_T030,matpower/case1354pegase/2017-07-15,1534.0,case1354pegase,1354,2017-07-15,TIME_LIMIT,False,1800.0,85.22222222222223,2399400000.0,207290000.0,91.4,mip_progress,False,results/paper_m4pro_fullmodes_2026-04-29/logs/gurobi/test/matpower_case1354pegase_2017-07-15__warm_prune_lazy_t030.log
matpower/case1354pegase,WARM_PRUNE_LAZY_T030,matpower/case1354pegase/2017-07-15,1749.0,case1354pegase,1354,2017-07-15,TIME_LIMIT,False,1800.0,97.16666666666667,2399400000.0,207290000.0,91.4,mip_progress,False,results/paper_m4pro_fullmodes_2026-04-29/logs/gurobi/test/matpower_case1354pegase_2017-07-15__warm_prune_lazy_t030.log
matpower/case1354pegase,WARM_PRUNE_LAZY_T030,matpower/case1354pegase/2017-07-15,1800.0,case1354pegase,1354,2017-07-15,TIME_LIMIT,False,1800.0,100.0,2399400000.0,207290000.0,91.4,mip_progress,False,results/paper_m4pro_fullmodes_2026-04-29/logs/gurobi/test/matpower_case1354pegase_2017-07-15__warm_prune_lazy_t030.log
matpower/case1354pegase,WARM_PRUNE_LAZY_T030,matpower/case1354pegase/2017-07-15,1841.064294,case1354pegase,1354,2017-07-15,TIME_LIMIT,False,1800.0,102.28134966666666,,,91.360882,result_final,False,results/paper_m4pro_fullmodes_2026-04-29/logs/gurobi/test/matpower_case1354pegase_2017-07-15__warm_prune_lazy_t030.log
matpower/case1354pegase,WARM_PRUNE_LAZY_T030,matpower/case1354pegase/2017-09-15,426.0,case1354pegase,1354,2017-09-15,TIME_LIMIT,True,1800.0,23.666666666666668,2271983000.0,37132100.0,98.36565238384266,norel_heuristic,True,results/paper_m4pro_fullmodes_2026-04-29/logs/gurobi/test/matpower_case1354pegase_2017-09-15__warm_prune_lazy_t030.log
matpower/case1354pegase,WARM_PRUNE_LAZY_T030,matpower/case1354pegase/2017-09-15,468.0,case1354pegase,1354,2017-09-15,TIME_LIMIT,True,1800.0,26.0,2258086000.0,37132100.0,98.35559407391924,norel_heuristic,True,results/paper_m4pro_fullmodes_2026-04-29/logs/gurobi/test/matpower_case1354pegase_2017-09-15__warm_prune_lazy_t030.log
matpower/case1354pegase,WARM_PRUNE_LAZY_T030,matpower/case1354pegase/2017-09-15,511.0,case1354pegase,1354,2017-09-15,TIME_LIMIT,True,1800.0,28.38888888888889,2257735000.0,37132100.0,98.35533842545738,norel_heuristic,True,results/paper_m4pro_fullmodes_2026-04-29/logs/gurobi/test/matpower_case1354pegase_2017-09-15__warm_prune_lazy_t030.log
matpower/case1354pegase,WARM_PRUNE_LAZY_T030,matpower/case1354pegase/2017-09-15,1565.0,case1354pegase,1354,2017-09-15,TIME_LIMIT,True,1800.0,86.94444444444444,2257700000.0,154920000.0,93.1,mip_progress,False,results/paper_m4pro_fullmodes_2026-04-29/logs/gurobi/test/matpower_case1354pegase_2017-09-15__warm_prune_lazy_t030.log
matpower/case1354pegase,WARM_PRUNE_LAZY_T030,matpower/case1354pegase/2017-09-15,1840.330977,case1354pegase,1354,2017-09-15,TIME_LIMIT,True,1800.0,102.24060983333334,,,93.1,result_final,False,results/paper_m4pro_fullmodes_2026-04-29/logs/gurobi/test/matpower_case1354pegase_2017-09-15__warm_prune_lazy_t030.log
matpower/case1354pegase,WARM_PRUNE_LAZY_T030,matpower/case1354pegase/2017-11-15,1147.0,case1354pegase,1354,2017-11-15,TIME_LIMIT,False,1800.0,63.72222222222222,959300600.0,132400000.0,86.2,mip_progress,True,results/paper_m4pro_fullmodes_2026-04-29/logs/gurobi/test/matpower_case1354pegase_2017-11-15__warm_prune_lazy_t030.log
matpower/case1354pegase,WARM_PRUNE_LAZY_T030,matpower/case1354pegase/2017-11-15,1309.0,case1354pegase,1354,2017-11-15,TIME_LIMIT,False,1800.0,72.72222222222223,959300000.0,132400000.0,86.2,mip_progress,False,results/paper_m4pro_fullmodes_2026-04-29/logs/gurobi/test/matpower_case1354pegase_2017-11-15__warm_prune_lazy_t030.log
matpower/case1354pegase,WARM_PRUNE_LAZY_T030,matpower/case1354pegase/2017-11-15,1425.0,case1354pegase,1354,2017-11-15,TIME_LIMIT,False,1800.0,79.16666666666667,959300000.0,133440000.0,86.1,mip_progress,False,results/paper_m4pro_fullmodes_2026-04-29/logs/gurobi/test/matpower_case1354pegase_2017-11-15__warm_prune_lazy_t030.log
matpower/case1354pegase,WARM_PRUNE_LAZY_T030,matpower/case1354pegase/2017-11-15,1428.0,case1354pegase,1354,2017-11-15,TIME_LIMIT,False,1800.0,79.33333333333333,959169600.0,133440000.0,86.1,mip_progress,True,results/paper_m4pro_fullmodes_2026-04-29/logs/gurobi/test/matpower_case1354pegase_2017-11-15__warm_prune_lazy_t030.log
matpower/case1354pegase,WARM_PRUNE_LAZY_T030,matpower/case1354pegase/2017-11-15,1440.0,case1354pegase,1354,2017-11-15,TIME_LIMIT,False,1800.0,80.0,959170000.0,133450000.0,86.1,mip_progress,False,results/paper_m4pro_fullmodes_2026-04-29/logs/gurobi/test/matpower_case1354pegase_2017-11-15__warm_prune_lazy_t030.log
matpower/case1354pegase,WARM_PRUNE_LAZY_T030,matpower/case1354pegase/2017-11-15,1537.0,case1354pegase,1354,2017-11-15,TIME_LIMIT,False,1800.0,85.38888888888889,959170000.0,133450000.0,86.1,mip_progress,False,results/paper_m4pro_fullmodes_2026-04-29/logs/gurobi/test/matpower_case1354pegase_2017-11-15__warm_prune_lazy_t030.log
matpower/case1354pegase,WARM_PRUNE_LAZY_T030,matpower/case1354pegase/2017-11-15,1614.0,case1354pegase,1354,2017-11-15,TIME_LIMIT,False,1800.0,89.66666666666667,959170000.0,133450000.0,86.1,mip_progress,False,results/paper_m4pro_fullmodes_2026-04-29/logs/gurobi/test/matpower_case1354pegase_2017-11-15__warm_prune_lazy_t030.log
matpower/case1354pegase,WARM_PRUNE_LAZY_T030,matpower/case1354pegase/2017-11-15,1693.0,case1354pegase,1354,2017-11-15,TIME_LIMIT,False,1800.0,94.05555555555556,296075800.0,133450000.0,54.9,mip_progress,True,results/paper_m4pro_fullmodes_2026-04-29/logs/gurobi/test/matpower_case1354pegase_2017-11-15__warm_prune_lazy_t030.log
matpower/case1354pegase,WARM_PRUNE_LAZY_T030,matpower/case1354pegase/2017-11-15,1695.0,case1354pegase,1354,2017-11-15,TIME_LIMIT,False,1800.0,94.16666666666667,296075100.0,133450000.0,54.9,mip_progress,True,results/paper_m4pro_fullmodes_2026-04-29/logs/gurobi/test/matpower_case1354pegase_2017-11-15__warm_prune_lazy_t030.log
matpower/case1354pegase,WARM_PRUNE_LAZY_T030,matpower/case1354pegase/2017-11-15,1840.122809,case1354pegase,1354,2017-11-15,TIME_LIMIT,False,1800.0,102.22904494444444,,,54.9,result_final,False,results/paper_m4pro_fullmodes_2026-04-29/logs/gurobi/test/matpower_case1354pegase_2017-11-15__warm_prune_lazy_t030.log
matpower/case2383wp,LAZY_ALL,matpower/case2383wp/2017-01-15,708.0,case2383wp,2383,2017-01-15,OPTIMAL,True,3000.0,23.6,172831800.0,7724600.0,95.53056787003318,norel_heuristic,True,results/paper_m4pro_fullmodes_2026-04-29/logs/gurobi/test/matpower_case2383wp_2017-01-15__lazy_all.log
matpower/case2383wp,LAZY_ALL,matpower/case2383wp/2017-01-15,811.0,case2383wp,2383,2017-01-15,OPTIMAL,True,3000.0,27.033333333333335,167083500.0,7724600.0,95.37680261665574,norel_heuristic,True,results/paper_m4pro_fullmodes_2026-04-29/logs/gurobi/test/matpower_case2383wp_2017-01-15__lazy_all.log
matpower/case2383wp,LAZY_ALL,matpower/case2383wp/2017-01-15,950.0,case2383wp,2383,2017-01-15,OPTIMAL,True,3000.0,31.666666666666668,167080000.0,7739476.23,95.37680261665574,mip_progress,False,results/paper_m4pro_fullmodes_2026-04-29/logs/gurobi/test/matpower_case2383wp_2017-01-15__lazy_all.log
matpower/case2383wp,LAZY_ALL,matpower/case2383wp/2017-01-15,965.0,case2383wp,2383,2017-01-15,OPTIMAL,True,3000.0,32.166666666666664,167080000.0,7912355.09,95.3,mip_progress,False,results/paper_m4pro_fullmodes_2026-04-29/logs/gurobi/test/matpower_case2383wp_2017-01-15__lazy_all.log
matpower/case2383wp,LAZY_ALL,matpower/case2383wp/2017-01-15,989.0,case2383wp,2383,2017-01-15,OPTIMAL,True,3000.0,32.96666666666667,167080000.0,7912438.18,95.3,mip_progress,False,results/paper_m4pro_fullmodes_2026-04-29/logs/gurobi/test/matpower_case2383wp_2017-01-15__lazy_all.log
matpower/case2383wp,LAZY_ALL,matpower/case2383wp/2017-01-15,1014.0,case2383wp,2383,2017-01-15,OPTIMAL,True,3000.0,33.8,16216770.0,7912438.18,51.2,mip_progress,True,results/paper_m4pro_fullmodes_2026-04-29/logs/gurobi/test/matpower_case2383wp_2017-01-15__lazy_all.log
matpower/case2383wp,LAZY_ALL,matpower/case2383wp/2017-01-15,1015.0,case2383wp,2383,2017-01-15,OPTIMAL,True,3000.0,33.833333333333336,16217000.0,7918110.7,51.2,mip_progress,False,results/paper_m4pro_fullmodes_2026-04-29/logs/gurobi/test/matpower_case2383wp_2017-01-15__lazy_all.log
matpower/case2383wp,LAZY_ALL,matpower/case2383wp/2017-01-15,1016.0,case2383wp,2383,2017-01-15,OPTIMAL,True,3000.0,33.86666666666667,16217000.0,7936699.99,51.1,mip_progress,False,results/paper_m4pro_fullmodes_2026-04-29/logs/gurobi/test/matpower_case2383wp_2017-01-15__lazy_all.log
matpower/case2383wp,LAZY_ALL,matpower/case2383wp/2017-01-15,1017.0,case2383wp,2383,2017-01-15,OPTIMAL,True,3000.0,33.9,16217000.0,7936707.09,51.1,mip_progress,False,results/paper_m4pro_fullmodes_2026-04-29/logs/gurobi/test/matpower_case2383wp_2017-01-15__lazy_all.log
matpower/case2383wp,LAZY_ALL,matpower/case2383wp/2017-01-15,1021.0,case2383wp,2383,2017-01-15,OPTIMAL,True,3000.0,34.03333333333333,16217000.0,7936769.85,51.1,mip_progress,False,results/paper_m4pro_fullmodes_2026-04-29/logs/gurobi/test/matpower_case2383wp_2017-01-15__lazy_all.log
matpower/case2383wp,LAZY_ALL,matpower/case2383wp/2017-01-15,1023.0,case2383wp,2383,2017-01-15,OPTIMAL,True,3000.0,34.1,16217000.0,7936780.52,51.1,mip_progress,False,results/paper_m4pro_fullmodes_2026-04-29/logs/gurobi/test/matpower_case2383wp_2017-01-15__lazy_all.log
matpower/case2383wp,LAZY_ALL,matpower/case2383wp/2017-01-15,1047.0,case2383wp,2383,2017-01-15,OPTIMAL,True,3000.0,34.9,16217000.0,7936780.52,51.1,mip_progress,False,results/paper_m4pro_fullmodes_2026-04-29/logs/gurobi/test/matpower_case2383wp_2017-01-15__lazy_all.log
matpower/case2383wp,LAZY_ALL,matpower/case2383wp/2017-01-15,1071.0,case2383wp,2383,2017-01-15,OPTIMAL,True,3000.0,35.7,7937363.4619,7936780.52,0.01,mip_progress,True,results/paper_m4pro_fullmodes_2026-04-29/logs/gurobi/test/matpower_case2383wp_2017-01-15__lazy_all.log
matpower/case2383wp,LAZY_ALL,matpower/case2383wp/2017-01-15,1079.151893,case2383wp,2383,2017-01-15,OPTIMAL,True,3000.0,35.97172976666667,,,0.007344,result_final,False,results/paper_m4pro_fullmodes_2026-04-29/logs/gurobi/test/matpower_case2383wp_2017-01-15__lazy_all.log
matpower/case2383wp,LAZY_ALL,matpower/case2383wp/2017-03-15,697.0,case2383wp,2383,2017-03-15,OPTIMAL,True,3000.0,23.233333333333334,303641000.0,7615380.0,97.4919790146917,norel_heuristic,True,results/paper_m4pro_fullmodes_2026-04-29/logs/gurobi/test/matpower_case2383wp_2017-03-15__lazy_all.log
matpower/case2383wp,LAZY_ALL,matpower/case2383wp/2017-03-15,726.0,case2383wp,2383,2017-03-15,OPTIMAL,True,3000.0,24.2,293461100.0,7615380.0,97.40497803627125,norel_heuristic,True,results/paper_m4pro_fullmodes_2026-04-29/logs/gurobi/test/matpower_case2383wp_2017-03-15__lazy_all.log
matpower/case2383wp,LAZY_ALL,matpower/case2383wp/2017-03-15,866.0,case2383wp,2383,2017-03-15,OPTIMAL,True,3000.0,28.866666666666667,289957900.0,7615380.0,97.37362561944337,norel_heuristic,True,results/paper_m4pro_fullmodes_2026-04-29/logs/gurobi/test/matpower_case2383wp_2017-03-15__lazy_all.log
matpower/case2383wp,LAZY_ALL,matpower/case2383wp/2017-03-15,964.0,case2383wp,2383,2017-03-15,OPTIMAL,True,3000.0,32.13333333333333,289960000.0,7624771.76,97.37362561944337,mip_progress,False,results/paper_m4pro_fullmodes_2026-04-29/logs/gurobi/test/matpower_case2383wp_2017-03-15__lazy_all.log
matpower/case2383wp,LAZY_ALL,matpower/case2383wp/2017-03-15,972.0,case2383wp,2383,2017-03-15,OPTIMAL,True,3000.0,32.4,289960000.0,7791761.63,97.3,mip_progress,False,results/paper_m4pro_fullmodes_2026-04-29/logs/gurobi/test/matpower_case2383wp_2017-03-15__lazy_all.log
matpower/case2383wp,LAZY_ALL,matpower/case2383wp/2017-03-15,996.0,case2383wp,2383,2017-03-15,OPTIMAL,True,3000.0,33.2,289960000.0,7791766.42,97.3,mip_progress,False,results/paper_m4pro_fullmodes_2026-04-29/logs/gurobi/test/matpower_case2383wp_2017-03-15__lazy_all.log
matpower/case2383wp,LAZY_ALL,matpower/case2383wp/2017-03-15,1021.0,case2383wp,2383,2017-03-15,OPTIMAL,True,3000.0,34.03333333333333,15867000.0,7805131.99,50.8,mip_progress,False,results/paper_m4pro_fullmodes_2026-04-29/logs/gurobi/test/matpower_case2383wp_2017-03-15__lazy_all.log
matpower/case2383wp,LAZY_ALL,matpower/case2383wp/2017-03-15,1022.0,case2383wp,2383,2017-03-15,OPTIMAL,True,3000.0,34.06666666666667,15867000.0,7826683.06,50.7,mip_progress,False,results/paper_m4pro_fullmodes_2026-04-29/logs/gurobi/test/matpower_case2383wp_2017-03-15__lazy_all.log
matpower/case2383wp,LAZY_ALL,matpower/case2383wp/2017-03-15,1023.0,case2383wp,2383,2017-03-15,OPTIMAL,True,3000.0,34.1,15867000.0,7826693.35,50.7,mip_progress,False,results/paper_m4pro_fullmodes_2026-04-29/logs/gurobi/test/matpower_case2383wp_2017-03-15__lazy_all.log
matpower/case2383wp,LAZY_ALL,matpower/case2383wp/2017-03-15,1026.0,case2383wp,2383,2017-03-15,OPTIMAL,True,3000.0,34.2,15867000.0,7826817.2,50.7,mip_progress,False,results/paper_m4pro_fullmodes_2026-04-29/logs/gurobi/test/matpower_case2383wp_2017-03-15__lazy_all.log
matpower/case2383wp,LAZY_ALL,matpower/case2383wp/2017-03-15,1028.0,case2383wp,2383,2017-03-15,OPTIMAL,True,3000.0,34.266666666666666,15867000.0,7826817.57,50.7,mip_progress,False,results/paper_m4pro_fullmodes_2026-04-29/logs/gurobi/test/matpower_case2383wp_2017-03-15__lazy_all.log
matpower/case2383wp,LAZY_ALL,matpower/case2383wp/2017-03-15,1052.0,case2383wp,2383,2017-03-15,OPTIMAL,True,3000.0,35.06666666666667,7856759.6344,7826817.57,0.38,mip_progress,True,results/paper_m4pro_fullmodes_2026-04-29/logs/gurobi/test/matpower_case2383wp_2017-03-15__lazy_all.log
matpower/case2383wp,LAZY_ALL,matpower/case2383wp/2017-03-15,1060.234052,case2383wp,2383,2017-03-15,OPTIMAL,True,3000.0,35.341135066666666,,,0.38,result_final,False,results/paper_m4pro_fullmodes_2026-04-29/logs/gurobi/test/matpower_case2383wp_2017-03-15__lazy_all.log
matpower/case2383wp,LAZY_ALL,matpower/case2383wp/2017-05-15,570.0,case2383wp,2383,2017-05-15,OPTIMAL,True,3000.0,19.0,211730400.0,5598570.0,97.35580247333401,norel_heuristic,True,results/paper_m4pro_fullmodes_2026-04-29/logs/gurobi/test/matpower_case2383wp_2017-05-15__lazy_all.log
matpower/case2383wp,LAZY_ALL,matpower/case2383wp/2017-05-15,623.0,case2383wp,2383,2017-05-15,OPTIMAL,True,3000.0,20.766666666666666,207289800.0,5598570.0,97.29915799040764,norel_heuristic,True,results/paper_m4pro_fullmodes_2026-04-29/logs/gurobi/test/matpower_case2383wp_2017-05-15__lazy_all.log
matpower/case2383wp,LAZY_ALL,matpower/case2383wp/2017-05-15,720.0,case2383wp,2383,2017-05-15,OPTIMAL,True,3000.0,24.0,204823400.0,5598570.0,97.26663555043028,norel_heuristic,True,results/paper_m4pro_fullmodes_2026-04-29/logs/gurobi/test/matpower_case2383wp_2017-05-15__lazy_all.log
matpower/case2383wp,LAZY_ALL,matpower/case2383wp/2017-05-15,819.0,case2383wp,2383,2017-05-15,OPTIMAL,True,3000.0,27.3,203187100.0,5598570.0,97.2446233053181,norel_heuristic,True,results/paper_m4pro_fullmodes_2026-04-29/logs/gurobi/test/matpower_case2383wp_2017-05-15__lazy_all.log
matpower/case2383wp,LAZY_ALL,matpower/case2383wp/2017-05-15,869.0,case2383wp,2383,2017-05-15,OPTIMAL,True,3000.0,28.966666666666665,202432700.0,5598570.0,97.23435492388334,norel_heuristic,True,results/paper_m4pro_fullmodes_2026-04-29/logs/gurobi/test/matpower_case2383wp_2017-05-15__lazy_all.log
matpower/case2383wp,LAZY_ALL,matpower/case2383wp/2017-05-15,949.0,case2383wp,2383,2017-05-15,OPTIMAL,True,3000.0,31.633333333333333,202430000.0,5617567.86,97.2,mip_progress,False,results/paper_m4pro_fullmodes_2026-04-29/logs/gurobi/test/matpower_case2383wp_2017-05-15__lazy_all.log
matpower/case2383wp,LAZY_ALL,matpower/case2383wp/2017-05-15,961.0,case2383wp,2383,2017-05-15,OPTIMAL,True,3000.0,32.03333333333333,202430000.0,5781305.49,97.1,mip_progress,False,results/paper_m4pro_fullmodes_2026-04-29/logs/gurobi/test/matpower_case2383wp_2017-05-15__lazy_all.log
matpower/case2383wp,LAZY_ALL,matpower/case2383wp/2017-05-15,986.0,case2383wp,2383,2017-05-15,OPTIMAL,True,3000.0,32.86666666666667,202430000.0,5781318.53,97.1,mip_progress,False,results/paper_m4pro_fullmodes_2026-04-29/logs/gurobi/test/matpower_case2383wp_2017-05-15__lazy_all.log
matpower/case2383wp,LAZY_ALL,matpower/case2383wp/2017-05-15,1011.0,case2383wp,2383,2017-05-15,OPTIMAL,True,3000.0,33.7,21420650.0,5781318.53,73.0,mip_progress,True,results/paper_m4pro_fullmodes_2026-04-29/logs/gurobi/test/matpower_case2383wp_2017-05-15__lazy_all.log
matpower/case2383wp,LAZY_ALL,matpower/case2383wp/2017-05-15,1012.0,case2383wp,2383,2017-05-15,OPTIMAL,True,3000.0,33.733333333333334,21421000.0,5785533.62,73.0,mip_progress,False,results/paper_m4pro_fullmodes_2026-04-29/logs/gurobi/test/matpower_case2383wp_2017-05-15__lazy_all.log
matpower/case2383wp,LAZY_ALL,matpower/case2383wp/2017-05-15,1014.0,case2383wp,2383,2017-05-15,OPTIMAL,True,3000.0,33.8,21421000.0,5805369.54,72.9,mip_progress,False,results/paper_m4pro_fullmodes_2026-04-29/logs/gurobi/test/matpower_case2383wp_2017-05-15__lazy_all.log
matpower/case2383wp,LAZY_ALL,matpower/case2383wp/2017-05-15,1015.0,case2383wp,2383,2017-05-15,OPTIMAL,True,3000.0,33.833333333333336,21421000.0,5805425.65,72.9,mip_progress,False,results/paper_m4pro_fullmodes_2026-04-29/logs/gurobi/test/matpower_case2383wp_2017-05-15__lazy_all.log
matpower/case2383wp,LAZY_ALL,matpower/case2383wp/2017-05-15,1017.0,case2383wp,2383,2017-05-15,OPTIMAL,True,3000.0,33.9,21421000.0,5805558.91,72.9,mip_progress,False,results/paper_m4pro_fullmodes_2026-04-29/logs/gurobi/test/matpower_case2383wp_2017-05-15__lazy_all.log
matpower/case2383wp,LAZY_ALL,matpower/case2383wp/2017-05-15,1019.0,case2383wp,2383,2017-05-15,OPTIMAL,True,3000.0,33.96666666666667,21421000.0,5805563.43,72.9,mip_progress,False,results/paper_m4pro_fullmodes_2026-04-29/logs/gurobi/test/matpower_case2383wp_2017-05-15__lazy_all.log
matpower/case2383wp,LAZY_ALL,matpower/case2383wp/2017-05-15,1044.0,case2383wp,2383,2017-05-15,OPTIMAL,True,3000.0,34.8,21421000.0,5805563.43,72.9,mip_progress,False,results/paper_m4pro_fullmodes_2026-04-29/logs/gurobi/test/matpower_case2383wp_2017-05-15__lazy_all.log
matpower/case2383wp,LAZY_ALL,matpower/case2383wp/2017-05-15,1068.0,case2383wp,2383,2017-05-15,OPTIMAL,True,3000.0,35.6,5808842.6107,5805563.43,0.06,mip_progress,True,results/paper_m4pro_fullmodes_2026-04-29/logs/gurobi/test/matpower_case2383wp_2017-05-15__lazy_all.log
matpower/case2383wp,LAZY_ALL,matpower/case2383wp/2017-05-15,1076.376091,case2383wp,2383,2017-05-15,OPTIMAL,True,3000.0,35.87920303333333,,,0.056450999999999994,result_final,False,results/paper_m4pro_fullmodes_2026-04-29/logs/gurobi/test/matpower_case2383wp_2017-05-15__lazy_all.log
matpower/case2383wp,LAZY_ALL,matpower/case2383wp/2017-07-15,590.0,case2383wp,2383,2017-07-15,OPTIMAL,True,3000.0,19.666666666666668,177453900.0,8403410.0,95.2644545991945,norel_heuristic,True,results/paper_m4pro_fullmodes_2026-04-29/logs/gurobi/test/matpower_case2383wp_2017-07-15__lazy_all.log
matpower/case2383wp,LAZY_ALL,matpower/case2383wp/2017-07-15,643.0,case2383wp,2383,2017-07-15,OPTIMAL,True,3000.0,21.433333333333334,171031900.0,8403410.0,95.08664173174712,norel_heuristic,True,results/paper_m4pro_fullmodes_2026-04-29/logs/gurobi/test/matpower_case2383wp_2017-07-15__lazy_all.log
matpower/case2383wp,LAZY_ALL,matpower/case2383wp/2017-07-15,750.0,case2383wp,2383,2017-07-15,OPTIMAL,True,3000.0,25.0,166780100.0,8403410.0,94.96138328253791,norel_heuristic,True,results/paper_m4pro_fullmodes_2026-04-29/logs/gurobi/test/matpower_case2383wp_2017-07-15__lazy_all.log
matpower/case2383wp,LAZY_ALL,matpower/case2383wp/2017-07-15,823.0,case2383wp,2383,2017-07-15,OPTIMAL,True,3000.0,27.433333333333334,164754100.0,8403410.0,94.89942283682166,norel_heuristic,True,results/paper_m4pro_fullmodes_2026-04-29/logs/gurobi/test/matpower_case2383wp_2017-07-15__lazy_all.log
matpower/case2383wp,LAZY_ALL,matpower/case2383wp/2017-07-15,872.0,case2383wp,2383,2017-07-15,OPTIMAL,True,3000.0,29.066666666666666,164172900.0,8403410.0,94.88136592580139,norel_heuristic,True,results/paper_m4pro_fullmodes_2026-04-29/logs/gurobi/test/matpower_case2383wp_2017-07-15__lazy_all.log
matpower/case2383wp,LAZY_ALL,matpower/case2383wp/2017-07-15,1014.0,case2383wp,2383,2017-07-15,OPTIMAL,True,3000.0,33.8,164170000.0,8411670.44,94.88136592580139,mip_progress,False,results/paper_m4pro_fullmodes_2026-04-29/logs/gurobi/test/matpower_case2383wp_2017-07-15__lazy_all.log
matpower/case2383wp,LAZY_ALL,matpower/case2383wp/2017-07-15,1019.0,case2383wp,2383,2017-07-15,OPTIMAL,True,3000.0,33.96666666666667,164170000.0,8508807.94,94.8,mip_progress,False,results/paper_m4pro_fullmodes_2026-04-29/logs/gurobi/test/matpower_case2383wp_2017-07-15__lazy_all.log
matpower/case2383wp,LAZY_ALL,matpower/case2383wp/2017-07-15,1044.0,case2383wp,2383,2017-07-15,OPTIMAL,True,3000.0,34.8,164170000.0,8508808.9,94.8,mip_progress,False,results/paper_m4pro_fullmodes_2026-04-29/logs/gurobi/test/matpower_case2383wp_2017-07-15__lazy_all.log
matpower/case2383wp,LAZY_ALL,matpower/case2383wp/2017-07-15,1068.0,case2383wp,2383,2017-07-15,OPTIMAL,True,3000.0,35.6,164170000.0,8508808.9,94.8,mip_progress,False,results/paper_m4pro_fullmodes_2026-04-29/logs/gurobi/test/matpower_case2383wp_2017-07-15__lazy_all.log
matpower/case2383wp,LAZY_ALL,matpower/case2383wp/2017-07-15,1092.0,case2383wp,2383,2017-07-15,OPTIMAL,True,3000.0,36.4,16992070.0,8508808.9,49.9,mip_progress,True,results/paper_m4pro_fullmodes_2026-04-29/logs/gurobi/test/matpower_case2383wp_2017-07-15__lazy_all.log
matpower/case2383wp,LAZY_ALL,matpower/case2383wp/2017-07-15,1093.0,case2383wp,2383,2017-07-15,OPTIMAL,True,3000.0,36.43333333333333,16992000.0,8527813.8,49.8,mip_progress,False,results/paper_m4pro_fullmodes_2026-04-29/logs/gurobi/test/matpower_case2383wp_2017-07-15__lazy_all.log
matpower/case2383wp,LAZY_ALL,matpower/case2383wp/2017-07-15,1094.0,case2383wp,2383,2017-07-15,OPTIMAL,True,3000.0,36.46666666666667,16992000.0,8557114.5,49.6,mip_progress,False,results/paper_m4pro_fullmodes_2026-04-29/logs/gurobi/test/matpower_case2383wp_2017-07-15__lazy_all.log
matpower/case2383wp,LAZY_ALL,matpower/case2383wp/2017-07-15,1095.0,case2383wp,2383,2017-07-15,OPTIMAL,True,3000.0,36.5,16992000.0,8557148.25,49.6,mip_progress,False,results/paper_m4pro_fullmodes_2026-04-29/logs/gurobi/test/matpower_case2383wp_2017-07-15__lazy_all.log
matpower/case2383wp,LAZY_ALL,matpower/case2383wp/2017-07-15,1099.0,case2383wp,2383,2017-07-15,OPTIMAL,True,3000.0,36.63333333333333,16992000.0,8557218.69,49.6,mip_progress,False,results/paper_m4pro_fullmodes_2026-04-29/logs/gurobi/test/matpower_case2383wp_2017-07-15__lazy_all.log
matpower/case2383wp,LAZY_ALL,matpower/case2383wp/2017-07-15,1123.0,case2383wp,2383,2017-07-15,OPTIMAL,True,3000.0,37.43333333333333,8559433.6249,8557352.77,0.02,mip_progress,True,results/paper_m4pro_fullmodes_2026-04-29/logs/gurobi/test/matpower_case2383wp_2017-07-15__lazy_all.log
matpower/case2383wp,LAZY_ALL,matpower/case2383wp/2017-07-15,1131.31619,case2383wp,2383,2017-07-15,OPTIMAL,True,3000.0,37.71053966666667,,,0.02,result_final,False,results/paper_m4pro_fullmodes_2026-04-29/logs/gurobi/test/matpower_case2383wp_2017-07-15__lazy_all.log
matpower/case2383wp,LAZY_ALL,matpower/case2383wp/2017-09-15,552.0,case2383wp,2383,2017-09-15,OPTIMAL,True,3000.0,18.4,84211190.0,6476340.0,92.30940686148718,norel_heuristic,True,results/paper_m4pro_fullmodes_2026-04-29/logs/gurobi/test/matpower_case2383wp_2017-09-15__lazy_all.log
matpower/case2383wp,LAZY_ALL,matpower/case2383wp/2017-09-15,581.0,case2383wp,2383,2017-09-15,OPTIMAL,True,3000.0,19.366666666666667,79830670.0,6476340.0,91.8874036758053,norel_heuristic,True,results/paper_m4pro_fullmodes_2026-04-29/logs/gurobi/test/matpower_case2383wp_2017-09-15__lazy_all.log
matpower/case2383wp,LAZY_ALL,matpower/case2383wp/2017-09-15,747.0,case2383wp,2383,2017-09-15,OPTIMAL,True,3000.0,24.9,76857840.0,6476340.0,91.5736117486518,norel_heuristic,True,results/paper_m4pro_fullmodes_2026-04-29/logs/gurobi/test/matpower_case2383wp_2017-09-15__lazy_all.log
matpower/case2383wp,LAZY_ALL,matpower/case2383wp/2017-09-15,820.0,case2383wp,2383,2017-09-15,OPTIMAL,True,3000.0,27.333333333333332,74673950.0,6476340.0,91.32717634462888,norel_heuristic,True,results/paper_m4pro_fullmodes_2026-04-29/logs/gurobi/test/matpower_case2383wp_2017-09-15__lazy_all.log
matpower/case2383wp,LAZY_ALL,matpower/case2383wp/2017-09-15,846.0,case2383wp,2383,2017-09-15,OPTIMAL,True,3000.0,28.2,74338590.0,6476340.0,91.28805106472964,norel_heuristic,True,results/paper_m4pro_fullmodes_2026-04-29/logs/gurobi/test/matpower_case2383wp_2017-09-15__lazy_all.log
matpower/case2383wp,LAZY_ALL,matpower/case2383wp/2017-09-15,941.0,case2383wp,2383,2017-09-15,OPTIMAL,True,3000.0,31.366666666666667,74339000.0,6485222.04,91.28805106472964,mip_progress,False,results/paper_m4pro_fullmodes_2026-04-29/logs/gurobi/test/matpower_case2383wp_2017-09-15__lazy_all.log
matpower/case2383wp,LAZY_ALL,matpower/case2383wp/2017-09-15,949.0,case2383wp,2383,2017-09-15,OPTIMAL,True,3000.0,31.633333333333333,74339000.0,6607746.05,91.1,mip_progress,False,results/paper_m4pro_fullmodes_2026-04-29/logs/gurobi/test/matpower_case2383wp_2017-09-15__lazy_all.log
matpower/case2383wp,LAZY_ALL,matpower/case2383wp/2017-09-15,974.0,case2383wp,2383,2017-09-15,OPTIMAL,True,3000.0,32.46666666666667,74339000.0,6607746.68,91.1,mip_progress,False,results/paper_m4pro_fullmodes_2026-04-29/logs/gurobi/test/matpower_case2383wp_2017-09-15__lazy_all.log
matpower/case2383wp,LAZY_ALL,matpower/case2383wp/2017-09-15,998.0,case2383wp,2383,2017-09-15,OPTIMAL,True,3000.0,33.266666666666666,74339000.0,6607746.68,91.1,mip_progress,False,results/paper_m4pro_fullmodes_2026-04-29/logs/gurobi/test/matpower_case2383wp_2017-09-15__lazy_all.log
matpower/case2383wp,LAZY_ALL,matpower/case2383wp/2017-09-15,1022.0,case2383wp,2383,2017-09-15,OPTIMAL,True,3000.0,34.06666666666667,24618470.0,6607746.68,73.2,mip_progress,True,results/paper_m4pro_fullmodes_2026-04-29/logs/gurobi/test/matpower_case2383wp_2017-09-15__lazy_all.log
matpower/case2383wp,LAZY_ALL,matpower/case2383wp/2017-09-15,1023.0,case2383wp,2383,2017-09-15,OPTIMAL,True,3000.0,34.1,24618000.0,6614045.61,73.1,mip_progress,False,results/paper_m4pro_fullmodes_2026-04-29/logs/gurobi/test/matpower_case2383wp_2017-09-15__lazy_all.log
matpower/case2383wp,LAZY_ALL,matpower/case2383wp/2017-09-15,1024.0,case2383wp,2383,2017-09-15,OPTIMAL,True,3000.0,34.13333333333333,24618000.0,6614065.15,73.1,mip_progress,False,results/paper_m4pro_fullmodes_2026-04-29/logs/gurobi/test/matpower_case2383wp_2017-09-15__lazy_all.log
matpower/case2383wp,LAZY_ALL,matpower/case2383wp/2017-09-15,1025.0,case2383wp,2383,2017-09-15,OPTIMAL,True,3000.0,34.166666666666664,24618000.0,6674506.96,72.9,mip_progress,False,results/paper_m4pro_fullmodes_2026-04-29/logs/gurobi/test/matpower_case2383wp_2017-09-15__lazy_all.log
matpower/case2383wp,LAZY_ALL,matpower/case2383wp/2017-09-15,1027.0,case2383wp,2383,2017-09-15,OPTIMAL,True,3000.0,34.233333333333334,24618000.0,6674638.44,72.9,mip_progress,False,results/paper_m4pro_fullmodes_2026-04-29/logs/gurobi/test/matpower_case2383wp_2017-09-15__lazy_all.log
matpower/case2383wp,LAZY_ALL,matpower/case2383wp/2017-09-15,1052.0,case2383wp,2383,2017-09-15,OPTIMAL,True,3000.0,35.06666666666667,6674869.644,6674647.14,0.0,mip_progress,True,results/paper_m4pro_fullmodes_2026-04-29/logs/gurobi/test/matpower_case2383wp_2017-09-15__lazy_all.log
matpower/case2383wp,LAZY_ALL,matpower/case2383wp/2017-09-15,1059.908625,case2383wp,2383,2017-09-15,OPTIMAL,True,3000.0,35.330287500000004,,,0.0,result_final,False,results/paper_m4pro_fullmodes_2026-04-29/logs/gurobi/test/matpower_case2383wp_2017-09-15__lazy_all.log
matpower/case2383wp,LAZY_ALL,matpower/case2383wp/2017-11-15,496.0,case2383wp,2383,2017-11-15,OPTIMAL,True,3000.0,16.533333333333335,96419620.0,6165850.0,93.60519155748591,norel_heuristic,True,results/paper_m4pro_fullmodes_2026-04-29/logs/gurobi/test/matpower_case2383wp_2017-11-15__lazy_all.log
matpower/case2383wp,LAZY_ALL,matpower/case2383wp/2017-11-15,615.0,case2383wp,2383,2017-11-15,OPTIMAL,True,3000.0,20.5,92861110.0,6165850.0,93.36013752150927,norel_heuristic,True,results/paper_m4pro_fullmodes_2026-04-29/logs/gurobi/test/matpower_case2383wp_2017-11-15__lazy_all.log
matpower/case2383wp,LAZY_ALL,matpower/case2383wp/2017-11-15,729.0,case2383wp,2383,2017-11-15,OPTIMAL,True,3000.0,24.3,89279660.0,6165850.0,93.0937797030141,norel_heuristic,True,results/paper_m4pro_fullmodes_2026-04-29/logs/gurobi/test/matpower_case2383wp_2017-11-15__lazy_all.log
matpower/case2383wp,LAZY_ALL,matpower/case2383wp/2017-11-15,802.0,case2383wp,2383,2017-11-15,OPTIMAL,True,3000.0,26.733333333333334,87610140.0,6165850.0,92.9621731000544,norel_heuristic,True,results/paper_m4pro_fullmodes_2026-04-29/logs/gurobi/test/matpower_case2383wp_2017-11-15__lazy_all.log
matpower/case2383wp,LAZY_ALL,matpower/case2383wp/2017-11-15,851.0,case2383wp,2383,2017-11-15,OPTIMAL,True,3000.0,28.366666666666667,87165170.0,6165850.0,92.92624565523133,norel_heuristic,True,results/paper_m4pro_fullmodes_2026-04-29/logs/gurobi/test/matpower_case2383wp_2017-11-15__lazy_all.log
matpower/case2383wp,LAZY_ALL,matpower/case2383wp/2017-11-15,877.0,case2383wp,2383,2017-11-15,OPTIMAL,True,3000.0,29.233333333333334,87156440.0,6165850.0,92.92553711464122,norel_heuristic,True,results/paper_m4pro_fullmodes_2026-04-29/logs/gurobi/test/matpower_case2383wp_2017-11-15__lazy_all.log
matpower/case2383wp,LAZY_ALL,matpower/case2383wp/2017-11-15,998.0,case2383wp,2383,2017-11-15,OPTIMAL,True,3000.0,33.266666666666666,87156000.0,6182942.94,92.9,mip_progress,False,results/paper_m4pro_fullmodes_2026-04-29/logs/gurobi/test/matpower_case2383wp_2017-11-15__lazy_all.log
matpower/case2383wp,LAZY_ALL,matpower/case2383wp/2017-11-15,1007.0,case2383wp,2383,2017-11-15,OPTIMAL,True,3000.0,33.56666666666667,87156000.0,6382333.91,92.7,mip_progress,False,results/paper_m4pro_fullmodes_2026-04-29/logs/gurobi/test/matpower_case2383wp_2017-11-15__lazy_all.log
matpower/case2383wp,LAZY_ALL,matpower/case2383wp/2017-11-15,1031.0,case2383wp,2383,2017-11-15,OPTIMAL,True,3000.0,34.36666666666667,87156000.0,6382354.77,92.7,mip_progress,False,results/paper_m4pro_fullmodes_2026-04-29/logs/gurobi/test/matpower_case2383wp_2017-11-15__lazy_all.log
matpower/case2383wp,LAZY_ALL,matpower/case2383wp/2017-11-15,1056.0,case2383wp,2383,2017-11-15,OPTIMAL,True,3000.0,35.2,6392722.6537,6382354.77,0.16,mip_progress,True,results/paper_m4pro_fullmodes_2026-04-29/logs/gurobi/test/matpower_case2383wp_2017-11-15__lazy_all.log
matpower/case2383wp,LAZY_ALL,matpower/case2383wp/2017-11-15,1063.817513,case2383wp,2383,2017-11-15,OPTIMAL,True,3000.0,35.460583766666666,,,0.16,result_final,False,results/paper_m4pro_fullmodes_2026-04-29/logs/gurobi/test/matpower_case2383wp_2017-11-15__lazy_all.log
matpower/case2383wp,LAZY_BANDIT,matpower/case2383wp/2017-01-15,626.0,case2383wp,2383,2017-01-15,OPTIMAL,True,3000.0,20.866666666666667,61104490.0,7724600.0,87.35837579202445,norel_heuristic,True,results/paper_m4pro_fullmodes_2026-04-29/logs/gurobi/test/matpower_case2383wp_2017-01-15__lazy_bandit.log
matpower/case2383wp,LAZY_BANDIT,matpower/case2383wp/2017-01-15,701.0,case2383wp,2383,2017-01-15,OPTIMAL,True,3000.0,23.366666666666667,59647040.0,7724600.0,87.04948309253905,norel_heuristic,True,results/paper_m4pro_fullmodes_2026-04-29/logs/gurobi/test/matpower_case2383wp_2017-01-15__lazy_bandit.log
matpower/case2383wp,LAZY_BANDIT,matpower/case2383wp/2017-01-15,925.0,case2383wp,2383,2017-01-15,OPTIMAL,True,3000.0,30.833333333333332,59647000.0,7737194.89,87.0,mip_progress,False,results/paper_m4pro_fullmodes_2026-04-29/logs/gurobi/test/matpower_case2383wp_2017-01-15__lazy_bandit.log
matpower/case2383wp,LAZY_BANDIT,matpower/case2383wp/2017-01-15,928.0,case2383wp,2383,2017-01-15,OPTIMAL,True,3000.0,30.933333333333334,59647000.0,7884996.71,86.8,mip_progress,False,results/paper_m4pro_fullmodes_2026-04-29/logs/gurobi/test/matpower_case2383wp_2017-01-15__lazy_bandit.log
matpower/case2383wp,LAZY_BANDIT,matpower/case2383wp/2017-01-15,952.0,case2383wp,2383,2017-01-15,OPTIMAL,True,3000.0,31.733333333333334,59647000.0,7885001.83,86.8,mip_progress,False,results/paper_m4pro_fullmodes_2026-04-29/logs/gurobi/test/matpower_case2383wp_2017-01-15__lazy_bandit.log
matpower/case2383wp,LAZY_BANDIT,matpower/case2383wp/2017-01-15,976.0,case2383wp,2383,2017-01-15,OPTIMAL,True,3000.0,32.53333333333333,59647000.0,7885001.83,86.8,mip_progress,False,results/paper_m4pro_fullmodes_2026-04-29/logs/gurobi/test/matpower_case2383wp_2017-01-15__lazy_bandit.log
matpower/case2383wp,LAZY_BANDIT,matpower/case2383wp/2017-01-15,1001.0,case2383wp,2383,2017-01-15,OPTIMAL,True,3000.0,33.36666666666667,24101770.0,7885001.83,67.3,mip_progress,True,results/paper_m4pro_fullmodes_2026-04-29/logs/gurobi/test/matpower_case2383wp_2017-01-15__lazy_bandit.log
matpower/case2383wp,LAZY_BANDIT,matpower/case2383wp/2017-01-15,1002.0,case2383wp,2383,2017-01-15,OPTIMAL,True,3000.0,33.4,24102000.0,7893281.22,67.3,mip_progress,False,results/paper_m4pro_fullmodes_2026-04-29/logs/gurobi/test/matpower_case2383wp_2017-01-15__lazy_bandit.log
matpower/case2383wp,LAZY_BANDIT,matpower/case2383wp/2017-01-15,1003.0,case2383wp,2383,2017-01-15,OPTIMAL,True,3000.0,33.43333333333333,24102000.0,7936521.74,67.1,mip_progress,False,results/paper_m4pro_fullmodes_2026-04-29/logs/gurobi/test/matpower_case2383wp_2017-01-15__lazy_bandit.log
matpower/case2383wp,LAZY_BANDIT,matpower/case2383wp/2017-01-15,1006.0,case2383wp,2383,2017-01-15,OPTIMAL,True,3000.0,33.53333333333333,24102000.0,7936767.39,67.1,mip_progress,False,results/paper_m4pro_fullmodes_2026-04-29/logs/gurobi/test/matpower_case2383wp_2017-01-15__lazy_bandit.log
matpower/case2383wp,LAZY_BANDIT,matpower/case2383wp/2017-01-15,1030.0,case2383wp,2383,2017-01-15,OPTIMAL,True,3000.0,34.333333333333336,24102000.0,7936767.61,67.1,mip_progress,False,results/paper_m4pro_fullmodes_2026-04-29/logs/gurobi/test/matpower_case2383wp_2017-01-15__lazy_bandit.log
matpower/case2383wp,LAZY_BANDIT,matpower/case2383wp/2017-01-15,1055.0,case2383wp,2383,2017-01-15,OPTIMAL,True,3000.0,35.166666666666664,7938874.9467,7936767.61,0.03,mip_progress,True,results/paper_m4pro_fullmodes_2026-04-29/logs/gurobi/test/matpower_case2383wp_2017-01-15__lazy_bandit.log
matpower/case2383wp,LAZY_BANDIT,matpower/case2383wp/2017-01-15,1062.103432,case2383wp,2383,2017-01-15,OPTIMAL,True,3000.0,35.40344773333334,,,0.026545,result_final,False,results/paper_m4pro_fullmodes_2026-04-29/logs/gurobi/test/matpower_case2383wp_2017-01-15__lazy_bandit.log
matpower/case2383wp,LAZY_BANDIT,matpower/case2383wp/2017-03-15,615.0,case2383wp,2383,2017-03-15,OPTIMAL,True,3000.0,20.5,189404400.0,7615380.0,95.97930143122335,norel_heuristic,True,results/paper_m4pro_fullmodes_2026-04-29/logs/gurobi/test/matpower_case2383wp_2017-03-15__lazy_bandit.log
matpower/case2383wp,LAZY_BANDIT,matpower/case2383wp/2017-03-15,643.0,case2383wp,2383,2017-03-15,OPTIMAL,True,3000.0,21.433333333333334,186255700.0,7615380.0,95.9113304988787,norel_heuristic,True,results/paper_m4pro_fullmodes_2026-04-29/logs/gurobi/test/matpower_case2383wp_2017-03-15__lazy_bandit.log
matpower/case2383wp,LAZY_BANDIT,matpower/case2383wp/2017-03-15,1047.0,case2383wp,2383,2017-03-15,OPTIMAL,True,3000.0,34.9,186260000.0,7623316.93,95.9,mip_progress,False,results/paper_m4pro_fullmodes_2026-04-29/logs/gurobi/test/matpower_case2383wp_2017-03-15__lazy_bandit.log
matpower/case2383wp,LAZY_BANDIT,matpower/case2383wp/2017-03-15,1053.0,case2383wp,2383,2017-03-15,OPTIMAL,True,3000.0,35.1,186260000.0,7730249.62,95.8,mip_progress,False,results/paper_m4pro_fullmodes_2026-04-29/logs/gurobi/test/matpower_case2383wp_2017-03-15__lazy_bandit.log
matpower/case2383wp,LAZY_BANDIT,matpower/case2383wp/2017-03-15,1078.0,case2383wp,2383,2017-03-15,OPTIMAL,True,3000.0,35.93333333333333,186260000.0,7730252.81,95.8,mip_progress,False,results/paper_m4pro_fullmodes_2026-04-29/logs/gurobi/test/matpower_case2383wp_2017-03-15__lazy_bandit.log
matpower/case2383wp,LAZY_BANDIT,matpower/case2383wp/2017-03-15,1102.0,case2383wp,2383,2017-03-15,OPTIMAL,True,3000.0,36.733333333333334,186260000.0,7730252.81,95.8,mip_progress,False,results/paper_m4pro_fullmodes_2026-04-29/logs/gurobi/test/matpower_case2383wp_2017-03-15__lazy_bandit.log
matpower/case2383wp,LAZY_BANDIT,matpower/case2383wp/2017-03-15,1127.0,case2383wp,2383,2017-03-15,OPTIMAL,True,3000.0,37.56666666666667,13853440.0,7730252.81,44.2,mip_progress,True,results/paper_m4pro_fullmodes_2026-04-29/logs/gurobi/test/matpower_case2383wp_2017-03-15__lazy_bandit.log
matpower/case2383wp,LAZY_BANDIT,matpower/case2383wp/2017-03-15,1128.0,case2383wp,2383,2017-03-15,OPTIMAL,True,3000.0,37.6,13853000.0,7742988.3,44.1,mip_progress,False,results/paper_m4pro_fullmodes_2026-04-29/logs/gurobi/test/matpower_case2383wp_2017-03-15__lazy_bandit.log
matpower/case2383wp,LAZY_BANDIT,matpower/case2383wp/2017-03-15,1129.0,case2383wp,2383,2017-03-15,OPTIMAL,True,3000.0,37.63333333333333,13853000.0,7799220.33,43.7,mip_progress,False,results/paper_m4pro_fullmodes_2026-04-29/logs/gurobi/test/matpower_case2383wp_2017-03-15__lazy_bandit.log
matpower/case2383wp,LAZY_BANDIT,matpower/case2383wp/2017-03-15,1135.0,case2383wp,2383,2017-03-15,OPTIMAL,True,3000.0,37.833333333333336,13853000.0,7799399.66,43.7,mip_progress,False,results/paper_m4pro_fullmodes_2026-04-29/logs/gurobi/test/matpower_case2383wp_2017-03-15__lazy_bandit.log
matpower/case2383wp,LAZY_BANDIT,matpower/case2383wp/2017-03-15,1159.0,case2383wp,2383,2017-03-15,OPTIMAL,True,3000.0,38.63333333333333,13853000.0,7799407.7,43.7,mip_progress,False,results/paper_m4pro_fullmodes_2026-04-29/logs/gurobi/test/matpower_case2383wp_2017-03-15__lazy_bandit.log
matpower/case2383wp,LAZY_BANDIT,matpower/case2383wp/2017-03-15,1160.0,case2383wp,2383,2017-03-15,OPTIMAL,True,3000.0,38.666666666666664,13853000.0,7801595.51,43.7,mip_progress,False,results/paper_m4pro_fullmodes_2026-04-29/logs/gurobi/test/matpower_case2383wp_2017-03-15__lazy_bandit.log
matpower/case2383wp,LAZY_BANDIT,matpower/case2383wp/2017-03-15,1165.0,case2383wp,2383,2017-03-15,OPTIMAL,True,3000.0,38.833333333333336,13853000.0,7826846.24,43.5,mip_progress,False,results/paper_m4pro_fullmodes_2026-04-29/logs/gurobi/test/matpower_case2383wp_2017-03-15__lazy_bandit.log
matpower/case2383wp,LAZY_BANDIT,matpower/case2383wp/2017-03-15,1167.0,case2383wp,2383,2017-03-15,OPTIMAL,True,3000.0,38.9,13853000.0,7826867.78,43.5,mip_progress,False,results/paper_m4pro_fullmodes_2026-04-29/logs/gurobi/test/matpower_case2383wp_2017-03-15__lazy_bandit.log
matpower/case2383wp,LAZY_BANDIT,matpower/case2383wp/2017-03-15,1168.0,case2383wp,2383,2017-03-15,OPTIMAL,True,3000.0,38.93333333333333,13853000.0,7826884.14,43.5,mip_progress,False,results/paper_m4pro_fullmodes_2026-04-29/logs/gurobi/test/matpower_case2383wp_2017-03-15__lazy_bandit.log
matpower/case2383wp,LAZY_BANDIT,matpower/case2383wp/2017-03-15,1192.0,case2383wp,2383,2017-03-15,OPTIMAL,True,3000.0,39.733333333333334,7828112.0409,7826887.04,0.02,mip_progress,True,results/paper_m4pro_fullmodes_2026-04-29/logs/gurobi/test/matpower_case2383wp_2017-03-15__lazy_bandit.log
matpower/case2383wp,LAZY_BANDIT,matpower/case2383wp/2017-03-15,1199.456087,case2383wp,2383,2017-03-15,OPTIMAL,True,3000.0,39.98186956666667,,,0.015649,result_final,False,results/paper_m4pro_fullmodes_2026-04-29/logs/gurobi/test/matpower_case2383wp_2017-03-15__lazy_bandit.log
matpower/case2383wp,LAZY_BANDIT,matpower/case2383wp/2017-05-15,574.0,case2383wp,2383,2017-05-15,OPTIMAL,True,3000.0,19.133333333333333,92894290.0,5598570.0,93.97318177468173,norel_heuristic,True,results/paper_m4pro_fullmodes_2026-04-29/logs/gurobi/test/matpower_case2383wp_2017-05-15__lazy_bandit.log
matpower/case2383wp,LAZY_BANDIT,matpower/case2383wp/2017-05-15,625.0,case2383wp,2383,2017-05-15,OPTIMAL,True,3000.0,20.833333333333332,91585590.0,5598570.0,93.88706236428678,norel_heuristic,True,results/paper_m4pro_fullmodes_2026-04-29/logs/gurobi/test/matpower_case2383wp_2017-05-15__lazy_bandit.log
matpower/case2383wp,LAZY_BANDIT,matpower/case2383wp/2017-05-15,928.0,case2383wp,2383,2017-05-15,OPTIMAL,True,3000.0,30.933333333333334,91586000.0,5614405.24,93.88706236428678,mip_progress,False,results/paper_m4pro_fullmodes_2026-04-29/logs/gurobi/test/matpower_case2383wp_2017-05-15__lazy_bandit.log
matpower/case2383wp,LAZY_BANDIT,matpower/case2383wp/2017-05-15,933.0,case2383wp,2383,2017-05-15,OPTIMAL,True,3000.0,31.1,91586000.0,5765402.45,93.7,mip_progress,False,results/paper_m4pro_fullmodes_2026-04-29/logs/gurobi/test/matpower_case2383wp_2017-05-15__lazy_bandit.log
matpower/case2383wp,LAZY_BANDIT,matpower/case2383wp/2017-05-15,957.0,case2383wp,2383,2017-05-15,OPTIMAL,True,3000.0,31.9,91586000.0,5765416.55,93.7,mip_progress,False,results/paper_m4pro_fullmodes_2026-04-29/logs/gurobi/test/matpower_case2383wp_2017-05-15__lazy_bandit.log
matpower/case2383wp,LAZY_BANDIT,matpower/case2383wp/2017-05-15,982.0,case2383wp,2383,2017-05-15,OPTIMAL,True,3000.0,32.733333333333334,23205000.0,5767642.03,75.1,mip_progress,False,results/paper_m4pro_fullmodes_2026-04-29/logs/gurobi/test/matpower_case2383wp_2017-05-15__lazy_bandit.log
matpower/case2383wp,LAZY_BANDIT,matpower/case2383wp/2017-05-15,984.0,case2383wp,2383,2017-05-15,OPTIMAL,True,3000.0,32.8,23205000.0,5805289.07,75.0,mip_progress,False,results/paper_m4pro_fullmodes_2026-04-29/logs/gurobi/test/matpower_case2383wp_2017-05-15__lazy_bandit.log
matpower/case2383wp,LAZY_BANDIT,matpower/case2383wp/2017-05-15,986.0,case2383wp,2383,2017-05-15,OPTIMAL,True,3000.0,32.86666666666667,23205000.0,5805543.15,75.0,mip_progress,False,results/paper_m4pro_fullmodes_2026-04-29/logs/gurobi/test/matpower_case2383wp_2017-05-15__lazy_bandit.log
matpower/case2383wp,LAZY_BANDIT,matpower/case2383wp/2017-05-15,1010.0,case2383wp,2383,2017-05-15,OPTIMAL,True,3000.0,33.666666666666664,23205000.0,5805561.56,75.0,mip_progress,False,results/paper_m4pro_fullmodes_2026-04-29/logs/gurobi/test/matpower_case2383wp_2017-05-15__lazy_bandit.log
matpower/case2383wp,LAZY_BANDIT,matpower/case2383wp/2017-05-15,1035.0,case2383wp,2383,2017-05-15,OPTIMAL,True,3000.0,34.5,5831952.1461,5805561.56,0.45,mip_progress,True,results/paper_m4pro_fullmodes_2026-04-29/logs/gurobi/test/matpower_case2383wp_2017-05-15__lazy_bandit.log
matpower/case2383wp,LAZY_BANDIT,matpower/case2383wp/2017-05-15,1042.316613,case2383wp,2383,2017-05-15,OPTIMAL,True,3000.0,34.743887099999995,,,0.45,result_final,False,results/paper_m4pro_fullmodes_2026-04-29/logs/gurobi/test/matpower_case2383wp_2017-05-15__lazy_bandit.log
matpower/case2383wp,LAZY_BANDIT,matpower/case2383wp/2017-07-15,584.0,case2383wp,2383,2017-07-15,OPTIMAL,True,3000.0,19.466666666666665,171608100.0,8403410.0,95.1031390709413,norel_heuristic,True,results/paper_m4pro_fullmodes_2026-04-29/logs/gurobi/test/matpower_case2383wp_2017-07-15__lazy_bandit.log
matpower/case2383wp,LAZY_BANDIT,matpower/case2383wp/2017-07-15,611.0,case2383wp,2383,2017-07-15,OPTIMAL,True,3000.0,20.366666666666667,165896500.0,8403410.0,94.9345465395593,norel_heuristic,True,results/paper_m4pro_fullmodes_2026-04-29/logs/gurobi/test/matpower_case2383wp_2017-07-15__lazy_bandit.log
matpower/case2383wp,LAZY_BANDIT,matpower/case2383wp/2017-07-15,740.0,case2383wp,2383,2017-07-15,OPTIMAL,True,3000.0,24.666666666666668,161602900.0,8403410.0,94.79996336699404,norel_heuristic,True,results/paper_m4pro_fullmodes_2026-04-29/logs/gurobi/test/matpower_case2383wp_2017-07-15__lazy_bandit.log
matpower/case2383wp,LAZY_BANDIT,matpower/case2383wp/2017-07-15,813.0,case2383wp,2383,2017-07-15,OPTIMAL,True,3000.0,27.1,159707800.0,8403410.0,94.7382594964053,norel_heuristic,True,results/paper_m4pro_fullmodes_2026-04-29/logs/gurobi/test/matpower_case2383wp_2017-07-15__lazy_bandit.log
matpower/case2383wp,LAZY_BANDIT,matpower/case2383wp/2017-07-15,838.0,case2383wp,2383,2017-07-15,OPTIMAL,True,3000.0,27.933333333333334,159066500.0,8403410.0,94.71704601534579,norel_heuristic,True,results/paper_m4pro_fullmodes_2026-04-29/logs/gurobi/test/matpower_case2383wp_2017-07-15__lazy_bandit.log
matpower/case2383wp,LAZY_BANDIT,matpower/case2383wp/2017-07-15,930.0,case2383wp,2383,2017-07-15,OPTIMAL,True,3000.0,31.0,159070000.0,8425408.26,94.7,mip_progress,False,results/paper_m4pro_fullmodes_2026-04-29/logs/gurobi/test/matpower_case2383wp_2017-07-15__lazy_bandit.log
matpower/case2383wp,LAZY_BANDIT,matpower/case2383wp/2017-07-15,938.0,case2383wp,2383,2017-07-15,OPTIMAL,True,3000.0,31.266666666666666,159070000.0,8524223.95,94.6,mip_progress,False,results/paper_m4pro_fullmodes_2026-04-29/logs/gurobi/test/matpower_case2383wp_2017-07-15__lazy_bandit.log
matpower/case2383wp,LAZY_BANDIT,matpower/case2383wp/2017-07-15,963.0,case2383wp,2383,2017-07-15,OPTIMAL,True,3000.0,32.1,159070000.0,8524261.53,94.6,mip_progress,False,results/paper_m4pro_fullmodes_2026-04-29/logs/gurobi/test/matpower_case2383wp_2017-07-15__lazy_bandit.log
matpower/case2383wp,LAZY_BANDIT,matpower/case2383wp/2017-07-15,987.0,case2383wp,2383,2017-07-15,OPTIMAL,True,3000.0,32.9,159070000.0,8524261.53,94.6,mip_progress,False,results/paper_m4pro_fullmodes_2026-04-29/logs/gurobi/test/matpower_case2383wp_2017-07-15__lazy_bandit.log
matpower/case2383wp,LAZY_BANDIT,matpower/case2383wp/2017-07-15,1011.0,case2383wp,2383,2017-07-15,OPTIMAL,True,3000.0,33.7,16992520.0,8524261.53,49.8,mip_progress,True,results/paper_m4pro_fullmodes_2026-04-29/logs/gurobi/test/matpower_case2383wp_2017-07-15__lazy_bandit.log
matpower/case2383wp,LAZY_BANDIT,matpower/case2383wp/2017-07-15,1012.0,case2383wp,2383,2017-07-15,OPTIMAL,True,3000.0,33.733333333333334,16993000.0,8527659.04,49.8,mip_progress,False,results/paper_m4pro_fullmodes_2026-04-29/logs/gurobi/test/matpower_case2383wp_2017-07-15__lazy_bandit.log
matpower/case2383wp,LAZY_BANDIT,matpower/case2383wp/2017-07-15,1013.0,case2383wp,2383,2017-07-15,OPTIMAL,True,3000.0,33.766666666666666,16993000.0,8556934.6,49.6,mip_progress,False,results/paper_m4pro_fullmodes_2026-04-29/logs/gurobi/test/matpower_case2383wp_2017-07-15__lazy_bandit.log
matpower/case2383wp,LAZY_BANDIT,matpower/case2383wp/2017-07-15,1017.0,case2383wp,2383,2017-07-15,OPTIMAL,True,3000.0,33.9,16993000.0,8557029.31,49.6,mip_progress,False,results/paper_m4pro_fullmodes_2026-04-29/logs/gurobi/test/matpower_case2383wp_2017-07-15__lazy_bandit.log
matpower/case2383wp,LAZY_BANDIT,matpower/case2383wp/2017-07-15,1041.0,case2383wp,2383,2017-07-15,OPTIMAL,True,3000.0,34.7,16993000.0,8557062.86,49.6,mip_progress,False,results/paper_m4pro_fullmodes_2026-04-29/logs/gurobi/test/matpower_case2383wp_2017-07-15__lazy_bandit.log
matpower/case2383wp,LAZY_BANDIT,matpower/case2383wp/2017-07-15,1065.0,case2383wp,2383,2017-07-15,OPTIMAL,True,3000.0,35.5,8562403.556,8557062.86,0.06,mip_progress,True,results/paper_m4pro_fullmodes_2026-04-29/logs/gurobi/test/matpower_case2383wp_2017-07-15__lazy_bandit.log
matpower/case2383wp,LAZY_BANDIT,matpower/case2383wp/2017-07-15,1072.212023,case2383wp,2383,2017-07-15,OPTIMAL,True,3000.0,35.74040076666667,,,0.06,result_final,False,results/paper_m4pro_fullmodes_2026-04-29/logs/gurobi/test/matpower_case2383wp_2017-07-15__lazy_bandit.log
matpower/case2383wp,LAZY_BANDIT,matpower/case2383wp/2017-09-15,539.0,case2383wp,2383,2017-09-15,OPTIMAL,True,3000.0,17.966666666666665,85497630.0,6476340.0,92.42512336306866,norel_heuristic,True,results/paper_m4pro_fullmodes_2026-04-29/logs/gurobi/test/matpower_case2383wp_2017-09-15__lazy_bandit.log
matpower/case2383wp,LAZY_BANDIT,matpower/case2383wp/2017-09-15,617.0,case2383wp,2383,2017-09-15,OPTIMAL,True,3000.0,20.566666666666666,81586960.0,6476340.0,92.06204030644113,norel_heuristic,True,results/paper_m4pro_fullmodes_2026-04-29/logs/gurobi/test/matpower_case2383wp_2017-09-15__lazy_bandit.log
matpower/case2383wp,LAZY_BANDIT,matpower/case2383wp/2017-09-15,743.0,case2383wp,2383,2017-09-15,OPTIMAL,True,3000.0,24.766666666666666,77968600.0,6476340.0,91.69365616414814,norel_heuristic,True,results/paper_m4pro_fullmodes_2026-04-29/logs/gurobi/test/matpower_case2383wp_2017-09-15__lazy_bandit.log
matpower/case2383wp,LAZY_BANDIT,matpower/case2383wp/2017-09-15,769.0,case2383wp,2383,2017-09-15,OPTIMAL,True,3000.0,25.633333333333333,76152560.0,6476340.0,91.4955715211675,norel_heuristic,True,results/paper_m4pro_fullmodes_2026-04-29/logs/gurobi/test/matpower_case2383wp_2017-09-15__lazy_bandit.log
matpower/case2383wp,LAZY_BANDIT,matpower/case2383wp/2017-09-15,866.0,case2383wp,2383,2017-09-15,OPTIMAL,True,3000.0,28.866666666666667,75725180.0,6476340.0,91.4475739773745,norel_heuristic,True,results/paper_m4pro_fullmodes_2026-04-29/logs/gurobi/test/matpower_case2383wp_2017-09-15__lazy_bandit.log
matpower/case2383wp,LAZY_BANDIT,matpower/case2383wp/2017-09-15,891.0,case2383wp,2383,2017-09-15,OPTIMAL,True,3000.0,29.7,75712000.0,6476340.0,91.44608516483517,norel_heuristic,True,results/paper_m4pro_fullmodes_2026-04-29/logs/gurobi/test/matpower_case2383wp_2017-09-15__lazy_bandit.log
matpower/case2383wp,LAZY_BANDIT,matpower/case2383wp/2017-09-15,939.0,case2383wp,2383,2017-09-15,OPTIMAL,True,3000.0,31.3,75712000.0,6485222.04,91.4,mip_progress,False,results/paper_m4pro_fullmodes_2026-04-29/logs/gurobi/test/matpower_case2383wp_2017-09-15__lazy_bandit.log
matpower/case2383wp,LAZY_BANDIT,matpower/case2383wp/2017-09-15,948.0,case2383wp,2383,2017-09-15,OPTIMAL,True,3000.0,31.6,75712000.0,6607746.2,91.3,mip_progress,False,results/paper_m4pro_fullmodes_2026-04-29/logs/gurobi/test/matpower_case2383wp_2017-09-15__lazy_bandit.log
matpower/case2383wp,LAZY_BANDIT,matpower/case2383wp/2017-09-15,949.0,case2383wp,2383,2017-09-15,OPTIMAL,True,3000.0,31.633333333333333,75712000.0,6608010.34,91.3,mip_progress,False,results/paper_m4pro_fullmodes_2026-04-29/logs/gurobi/test/matpower_case2383wp_2017-09-15__lazy_bandit.log
matpower/case2383wp,LAZY_BANDIT,matpower/case2383wp/2017-09-15,974.0,case2383wp,2383,2017-09-15,OPTIMAL,True,3000.0,32.46666666666667,75712000.0,6608017.53,91.3,mip_progress,False,results/paper_m4pro_fullmodes_2026-04-29/logs/gurobi/test/matpower_case2383wp_2017-09-15__lazy_bandit.log
matpower/case2383wp,LAZY_BANDIT,matpower/case2383wp/2017-09-15,975.0,case2383wp,2383,2017-09-15,OPTIMAL,True,3000.0,32.5,75712000.0,6614196.83,91.3,mip_progress,False,results/paper_m4pro_fullmodes_2026-04-29/logs/gurobi/test/matpower_case2383wp_2017-09-15__lazy_bandit.log
matpower/case2383wp,LAZY_BANDIT,matpower/case2383wp/2017-09-15,999.0,case2383wp,2383,2017-09-15,OPTIMAL,True,3000.0,33.3,75712000.0,6614212.43,91.3,mip_progress,False,results/paper_m4pro_fullmodes_2026-04-29/logs/gurobi/test/matpower_case2383wp_2017-09-15__lazy_bandit.log
matpower/case2383wp,LAZY_BANDIT,matpower/case2383wp/2017-09-15,1023.0,case2383wp,2383,2017-09-15,OPTIMAL,True,3000.0,34.1,24611680.0,6614212.43,73.1,mip_progress,True,results/paper_m4pro_fullmodes_2026-04-29/logs/gurobi/test/matpower_case2383wp_2017-09-15__lazy_bandit.log
matpower/case2383wp,LAZY_BANDIT,matpower/case2383wp/2017-09-15,1024.0,case2383wp,2383,2017-09-15,OPTIMAL,True,3000.0,34.13333333333333,24612000.0,6614214.54,73.1,mip_progress,False,results/paper_m4pro_fullmodes_2026-04-29/logs/gurobi/test/matpower_case2383wp_2017-09-15__lazy_bandit.log
matpower/case2383wp,LAZY_BANDIT,matpower/case2383wp/2017-09-15,1026.0,case2383wp,2383,2017-09-15,OPTIMAL,True,3000.0,34.2,24612000.0,6674500.14,72.9,mip_progress,False,results/paper_m4pro_fullmodes_2026-04-29/logs/gurobi/test/matpower_case2383wp_2017-09-15__lazy_bandit.log
matpower/case2383wp,LAZY_BANDIT,matpower/case2383wp/2017-09-15,1028.0,case2383wp,2383,2017-09-15,OPTIMAL,True,3000.0,34.266666666666666,24612000.0,6674550.3,72.9,mip_progress,False,results/paper_m4pro_fullmodes_2026-04-29/logs/gurobi/test/matpower_case2383wp_2017-09-15__lazy_bandit.log
matpower/case2383wp,LAZY_BANDIT,matpower/case2383wp/2017-09-15,1029.0,case2383wp,2383,2017-09-15,OPTIMAL,True,3000.0,34.3,24612000.0,6674641.56,72.9,mip_progress,False,results/paper_m4pro_fullmodes_2026-04-29/logs/gurobi/test/matpower_case2383wp_2017-09-15__lazy_bandit.log
matpower/case2383wp,LAZY_BANDIT,matpower/case2383wp/2017-09-15,1053.0,case2383wp,2383,2017-09-15,OPTIMAL,True,3000.0,35.1,6677484.2366,6674644.02,0.04,mip_progress,True,results/paper_m4pro_fullmodes_2026-04-29/logs/gurobi/test/matpower_case2383wp_2017-09-15__lazy_bandit.log
matpower/case2383wp,LAZY_BANDIT,matpower/case2383wp/2017-09-15,1060.826017,case2383wp,2383,2017-09-15,OPTIMAL,True,3000.0,35.36086723333334,,,0.04,result_final,False,results/paper_m4pro_fullmodes_2026-04-29/logs/gurobi/test/matpower_case2383wp_2017-09-15__lazy_bandit.log
matpower/case2383wp,LAZY_BANDIT,matpower/case2383wp/2017-11-15,536.0,case2383wp,2383,2017-11-15,OPTIMAL,True,3000.0,17.866666666666667,96595130.0,6165850.0,93.61681070256854,norel_heuristic,True,results/paper_m4pro_fullmodes_2026-04-29/logs/gurobi/test/matpower_case2383wp_2017-11-15__lazy_bandit.log
matpower/case2383wp,LAZY_BANDIT,matpower/case2383wp/2017-11-15,563.0,case2383wp,2383,2017-11-15,OPTIMAL,True,3000.0,18.766666666666666,92634600.0,6165850.0,93.3439017386592,norel_heuristic,True,results/paper_m4pro_fullmodes_2026-04-29/logs/gurobi/test/matpower_case2383wp_2017-11-15__lazy_bandit.log
matpower/case2383wp,LAZY_BANDIT,matpower/case2383wp/2017-11-15,588.0,case2383wp,2383,2017-11-15,OPTIMAL,True,3000.0,19.6,63788960.0,6165850.0,90.33398569282208,norel_heuristic,True,results/paper_m4pro_fullmodes_2026-04-29/logs/gurobi/test/matpower_case2383wp_2017-11-15__lazy_bandit.log
matpower/case2383wp,LAZY_BANDIT,matpower/case2383wp/2017-11-15,893.0,case2383wp,2383,2017-11-15,OPTIMAL,True,3000.0,29.766666666666666,61137430.0,6165850.0,89.91477070593253,norel_heuristic,True,results/paper_m4pro_fullmodes_2026-04-29/logs/gurobi/test/matpower_case2383wp_2017-11-15__lazy_bandit.log
matpower/case2383wp,LAZY_BANDIT,matpower/case2383wp/2017-11-15,1135.0,case2383wp,2383,2017-11-15,OPTIMAL,True,3000.0,37.833333333333336,61137000.0,6182942.94,89.9,mip_progress,False,results/paper_m4pro_fullmodes_2026-04-29/logs/gurobi/test/matpower_case2383wp_2017-11-15__lazy_bandit.log
matpower/case2383wp,LAZY_BANDIT,matpower/case2383wp/2017-11-15,1142.0,case2383wp,2383,2017-11-15,OPTIMAL,True,3000.0,38.06666666666667,61137000.0,6382342.01,89.6,mip_progress,False,results/paper_m4pro_fullmodes_2026-04-29/logs/gurobi/test/matpower_case2383wp_2017-11-15__lazy_bandit.log
matpower/case2383wp,LAZY_BANDIT,matpower/case2383wp/2017-11-15,1167.0,case2383wp,2383,2017-11-15,OPTIMAL,True,3000.0,38.9,61137000.0,6382352.57,89.6,mip_progress,False,results/paper_m4pro_fullmodes_2026-04-29/logs/gurobi/test/matpower_case2383wp_2017-11-15__lazy_bandit.log
matpower/case2383wp,LAZY_BANDIT,matpower/case2383wp/2017-11-15,1191.0,case2383wp,2383,2017-11-15,OPTIMAL,True,3000.0,39.7,6392722.6537,6382352.57,0.16,mip_progress,True,results/paper_m4pro_fullmodes_2026-04-29/logs/gurobi/test/matpower_case2383wp_2017-11-15__lazy_bandit.log
matpower/case2383wp,LAZY_BANDIT,matpower/case2383wp/2017-11-15,1198.15691,case2383wp,2383,2017-11-15,OPTIMAL,True,3000.0,39.93856366666667,,,0.16,result_final,False,results/paper_m4pro_fullmodes_2026-04-29/logs/gurobi/test/matpower_case2383wp_2017-11-15__lazy_bandit.log
matpower/case2383wp,LAZY_COMMIT_HINTS,matpower/case2383wp/2017-01-15,696.0,case2383wp,2383,2017-01-15,OPTIMAL,True,3000.0,23.2,172831800.0,7724600.0,95.53056787003318,norel_heuristic,True,results/paper_m4pro_fullmodes_2026-04-29/logs/gurobi/test/matpower_case2383wp_2017-01-15__lazy_commit_hints.log
matpower/case2383wp,LAZY_COMMIT_HINTS,matpower/case2383wp/2017-01-15,800.0,case2383wp,2383,2017-01-15,OPTIMAL,True,3000.0,26.666666666666668,167083500.0,7724600.0,95.37680261665574,norel_heuristic,True,results/paper_m4pro_fullmodes_2026-04-29/logs/gurobi/test/matpower_case2383wp_2017-01-15__lazy_commit_hints.log
matpower/case2383wp,LAZY_COMMIT_HINTS,matpower/case2383wp/2017-01-15,938.0,case2383wp,2383,2017-01-15,OPTIMAL,True,3000.0,31.266666666666666,167080000.0,7739476.23,95.37680261665574,mip_progress,False,results/paper_m4pro_fullmodes_2026-04-29/logs/gurobi/test/matpower_case2383wp_2017-01-15__lazy_commit_hints.log
matpower/case2383wp,LAZY_COMMIT_HINTS,matpower/case2383wp/2017-01-15,963.0,case2383wp,2383,2017-01-15,OPTIMAL,True,3000.0,32.1,167080000.0,7739476.23,95.37680261665574,mip_progress,False,results/paper_m4pro_fullmodes_2026-04-29/logs/gurobi/test/matpower_case2383wp_2017-01-15__lazy_commit_hints.log
matpower/case2383wp,LAZY_COMMIT_HINTS,matpower/case2383wp/2017-01-15,987.0,case2383wp,2383,2017-01-15,OPTIMAL,True,3000.0,32.9,70808510.0,7739476.23,89.1,mip_progress,True,results/paper_m4pro_fullmodes_2026-04-29/logs/gurobi/test/matpower_case2383wp_2017-01-15__lazy_commit_hints.log
matpower/case2383wp,LAZY_COMMIT_HINTS,matpower/case2383wp/2017-01-15,988.0,case2383wp,2383,2017-01-15,OPTIMAL,True,3000.0,32.93333333333333,70809000.0,7745367.03,89.1,mip_progress,False,results/paper_m4pro_fullmodes_2026-04-29/logs/gurobi/test/matpower_case2383wp_2017-01-15__lazy_commit_hints.log
matpower/case2383wp,LAZY_COMMIT_HINTS,matpower/case2383wp/2017-01-15,1012.0,case2383wp,2383,2017-01-15,OPTIMAL,True,3000.0,33.733333333333334,70809000.0,7745367.03,89.1,mip_progress,False,results/paper_m4pro_fullmodes_2026-04-29/logs/gurobi/test/matpower_case2383wp_2017-01-15__lazy_commit_hints.log
matpower/case2383wp,LAZY_COMMIT_HINTS,matpower/case2383wp/2017-01-15,1037.0,case2383wp,2383,2017-01-15,OPTIMAL,True,3000.0,34.56666666666667,7968520.1911,7745367.03,2.8,mip_progress,True,results/paper_m4pro_fullmodes_2026-04-29/logs/gurobi/test/matpower_case2383wp_2017-01-15__lazy_commit_hints.log
matpower/case2383wp,LAZY_COMMIT_HINTS,matpower/case2383wp/2017-01-15,1044.857131,case2383wp,2383,2017-01-15,OPTIMAL,True,3000.0,34.82857103333333,,,2.8,result_final,False,results/paper_m4pro_fullmodes_2026-04-29/logs/gurobi/test/matpower_case2383wp_2017-01-15__lazy_commit_hints.log
matpower/case2383wp,LAZY_COMMIT_HINTS,matpower/case2383wp/2017-03-15,686.0,case2383wp,2383,2017-03-15,OPTIMAL,True,3000.0,22.866666666666667,303641000.0,7615380.0,97.4919790146917,norel_heuristic,True,results/paper_m4pro_fullmodes_2026-04-29/logs/gurobi/test/matpower_case2383wp_2017-03-15__lazy_commit_hints.log
matpower/case2383wp,LAZY_COMMIT_HINTS,matpower/case2383wp/2017-03-15,716.0,case2383wp,2383,2017-03-15,OPTIMAL,True,3000.0,23.866666666666667,293461100.0,7615380.0,97.40497803627125,norel_heuristic,True,results/paper_m4pro_fullmodes_2026-04-29/logs/gurobi/test/matpower_case2383wp_2017-03-15__lazy_commit_hints.log
matpower/case2383wp,LAZY_COMMIT_HINTS,matpower/case2383wp/2017-03-15,856.0,case2383wp,2383,2017-03-15,OPTIMAL,True,3000.0,28.533333333333335,289957900.0,7615380.0,97.37362561944337,norel_heuristic,True,results/paper_m4pro_fullmodes_2026-04-29/logs/gurobi/test/matpower_case2383wp_2017-03-15__lazy_commit_hints.log
matpower/case2383wp,LAZY_COMMIT_HINTS,matpower/case2383wp/2017-03-15,954.0,case2383wp,2383,2017-03-15,OPTIMAL,True,3000.0,31.8,289960000.0,7624771.76,97.37362561944337,mip_progress,False,results/paper_m4pro_fullmodes_2026-04-29/logs/gurobi/test/matpower_case2383wp_2017-03-15__lazy_commit_hints.log
matpower/case2383wp,LAZY_COMMIT_HINTS,matpower/case2383wp/2017-03-15,978.0,case2383wp,2383,2017-03-15,OPTIMAL,True,3000.0,32.6,289960000.0,7624771.76,97.37362561944337,mip_progress,False,results/paper_m4pro_fullmodes_2026-04-29/logs/gurobi/test/matpower_case2383wp_2017-03-15__lazy_commit_hints.log
matpower/case2383wp,LAZY_COMMIT_HINTS,matpower/case2383wp/2017-03-15,1003.0,case2383wp,2383,2017-03-15,OPTIMAL,True,3000.0,33.43333333333333,289960000.0,7624771.76,97.37362561944337,mip_progress,False,results/paper_m4pro_fullmodes_2026-04-29/logs/gurobi/test/matpower_case2383wp_2017-03-15__lazy_commit_hints.log
matpower/case2383wp,LAZY_COMMIT_HINTS,matpower/case2383wp/2017-03-15,1027.0,case2383wp,2383,2017-03-15,OPTIMAL,True,3000.0,34.233333333333334,43209760.0,7624771.76,82.4,mip_progress,True,results/paper_m4pro_fullmodes_2026-04-29/logs/gurobi/test/matpower_case2383wp_2017-03-15__lazy_commit_hints.log
matpower/case2383wp,LAZY_COMMIT_HINTS,matpower/case2383wp/2017-03-15,1028.0,case2383wp,2383,2017-03-15,OPTIMAL,True,3000.0,34.266666666666666,43210000.0,7636722.07,82.3,mip_progress,False,results/paper_m4pro_fullmodes_2026-04-29/logs/gurobi/test/matpower_case2383wp_2017-03-15__lazy_commit_hints.log
matpower/case2383wp,LAZY_COMMIT_HINTS,matpower/case2383wp/2017-03-15,1053.0,case2383wp,2383,2017-03-15,OPTIMAL,True,3000.0,35.1,8049049.6749,7636722.07,5.12,mip_progress,True,results/paper_m4pro_fullmodes_2026-04-29/logs/gurobi/test/matpower_case2383wp_2017-03-15__lazy_commit_hints.log
matpower/case2383wp,LAZY_COMMIT_HINTS,matpower/case2383wp/2017-03-15,1061.0,case2383wp,2383,2017-03-15,OPTIMAL,True,3000.0,35.36666666666667,8049049.67,7826423.79,2.77,mip_progress,False,results/paper_m4pro_fullmodes_2026-04-29/logs/gurobi/test/matpower_case2383wp_2017-03-15__lazy_commit_hints.log
matpower/case2383wp,LAZY_COMMIT_HINTS,matpower/case2383wp/2017-03-15,1068.665778,case2383wp,2383,2017-03-15,OPTIMAL,True,3000.0,35.6221926,,,2.765865,result_final,False,results/paper_m4pro_fullmodes_2026-04-29/logs/gurobi/test/matpower_case2383wp_2017-03-15__lazy_commit_hints.log
matpower/case2383wp,LAZY_COMMIT_HINTS,matpower/case2383wp/2017-05-15,569.0,case2383wp,2383,2017-05-15,OPTIMAL,True,3000.0,18.966666666666665,211730400.0,5598570.0,97.35580247333401,norel_heuristic,True,results/paper_m4pro_fullmodes_2026-04-29/logs/gurobi/test/matpower_case2383wp_2017-05-15__lazy_commit_hints.log
matpower/case2383wp,LAZY_COMMIT_HINTS,matpower/case2383wp/2017-05-15,621.0,case2383wp,2383,2017-05-15,OPTIMAL,True,3000.0,20.7,207289800.0,5598570.0,97.29915799040764,norel_heuristic,True,results/paper_m4pro_fullmodes_2026-04-29/logs/gurobi/test/matpower_case2383wp_2017-05-15__lazy_commit_hints.log
matpower/case2383wp,LAZY_COMMIT_HINTS,matpower/case2383wp/2017-05-15,719.0,case2383wp,2383,2017-05-15,OPTIMAL,True,3000.0,23.966666666666665,204823400.0,5598570.0,97.26663555043028,norel_heuristic,True,results/paper_m4pro_fullmodes_2026-04-29/logs/gurobi/test/matpower_case2383wp_2017-05-15__lazy_commit_hints.log
matpower/case2383wp,LAZY_COMMIT_HINTS,matpower/case2383wp/2017-05-15,817.0,case2383wp,2383,2017-05-15,OPTIMAL,True,3000.0,27.233333333333334,203187100.0,5598570.0,97.2446233053181,norel_heuristic,True,results/paper_m4pro_fullmodes_2026-04-29/logs/gurobi/test/matpower_case2383wp_2017-05-15__lazy_commit_hints.log
matpower/case2383wp,LAZY_COMMIT_HINTS,matpower/case2383wp/2017-05-15,868.0,case2383wp,2383,2017-05-15,OPTIMAL,True,3000.0,28.933333333333334,202432700.0,5598570.0,97.23435492388334,norel_heuristic,True,results/paper_m4pro_fullmodes_2026-04-29/logs/gurobi/test/matpower_case2383wp_2017-05-15__lazy_commit_hints.log
matpower/case2383wp,LAZY_COMMIT_HINTS,matpower/case2383wp/2017-05-15,947.0,case2383wp,2383,2017-05-15,OPTIMAL,True,3000.0,31.566666666666666,202430000.0,5617567.86,97.2,mip_progress,False,results/paper_m4pro_fullmodes_2026-04-29/logs/gurobi/test/matpower_case2383wp_2017-05-15__lazy_commit_hints.log
matpower/case2383wp,LAZY_COMMIT_HINTS,matpower/case2383wp/2017-05-15,972.0,case2383wp,2383,2017-05-15,OPTIMAL,True,3000.0,32.4,202430000.0,5617567.86,97.2,mip_progress,False,results/paper_m4pro_fullmodes_2026-04-29/logs/gurobi/test/matpower_case2383wp_2017-05-15__lazy_commit_hints.log
matpower/case2383wp,LAZY_COMMIT_HINTS,matpower/case2383wp/2017-05-15,997.0,case2383wp,2383,2017-05-15,OPTIMAL,True,3000.0,33.233333333333334,86827590.0,5617567.86,93.5,mip_progress,True,results/paper_m4pro_fullmodes_2026-04-29/logs/gurobi/test/matpower_case2383wp_2017-05-15__lazy_commit_hints.log
matpower/case2383wp,LAZY_COMMIT_HINTS,matpower/case2383wp/2017-05-15,1022.0,case2383wp,2383,2017-05-15,OPTIMAL,True,3000.0,34.06666666666667,6155817.1242,5621893.96,8.67,mip_progress,True,results/paper_m4pro_fullmodes_2026-04-29/logs/gurobi/test/matpower_case2383wp_2017-05-15__lazy_commit_hints.log
matpower/case2383wp,LAZY_COMMIT_HINTS,matpower/case2383wp/2017-05-15,1034.0,case2383wp,2383,2017-05-15,OPTIMAL,True,3000.0,34.46666666666667,6155817.12,5805183.53,5.7,mip_progress,False,results/paper_m4pro_fullmodes_2026-04-29/logs/gurobi/test/matpower_case2383wp_2017-05-15__lazy_commit_hints.log
matpower/case2383wp,LAZY_COMMIT_HINTS,matpower/case2383wp/2017-05-15,1059.0,case2383wp,2383,2017-05-15,OPTIMAL,True,3000.0,35.3,5841174.9613,5805188.06,0.62,mip_progress,True,results/paper_m4pro_fullmodes_2026-04-29/logs/gurobi/test/matpower_case2383wp_2017-05-15__lazy_commit_hints.log
matpower/case2383wp,LAZY_COMMIT_HINTS,matpower/case2383wp/2017-05-15,1066.772103,case2383wp,2383,2017-05-15,OPTIMAL,True,3000.0,35.5590701,,,0.61609,result_final,False,results/paper_m4pro_fullmodes_2026-04-29/logs/gurobi/test/matpower_case2383wp_2017-05-15__lazy_commit_hints.log
matpower/case2383wp,LAZY_COMMIT_HINTS,matpower/case2383wp/2017-07-15,590.0,case2383wp,2383,2017-07-15,OPTIMAL,True,3000.0,19.666666666666668,177453900.0,8403410.0,95.2644545991945,norel_heuristic,True,results/paper_m4pro_fullmodes_2026-04-29/logs/gurobi/test/matpower_case2383wp_2017-07-15__lazy_commit_hints.log
matpower/case2383wp,LAZY_COMMIT_HINTS,matpower/case2383wp/2017-07-15,643.0,case2383wp,2383,2017-07-15,OPTIMAL,True,3000.0,21.433333333333334,171031900.0,8403410.0,95.08664173174712,norel_heuristic,True,results/paper_m4pro_fullmodes_2026-04-29/logs/gurobi/test/matpower_case2383wp_2017-07-15__lazy_commit_hints.log
matpower/case2383wp,LAZY_COMMIT_HINTS,matpower/case2383wp/2017-07-15,751.0,case2383wp,2383,2017-07-15,OPTIMAL,True,3000.0,25.033333333333335,166780100.0,8403410.0,94.96138328253791,norel_heuristic,True,results/paper_m4pro_fullmodes_2026-04-29/logs/gurobi/test/matpower_case2383wp_2017-07-15__lazy_commit_hints.log
matpower/case2383wp,LAZY_COMMIT_HINTS,matpower/case2383wp/2017-07-15,824.0,case2383wp,2383,2017-07-15,OPTIMAL,True,3000.0,27.466666666666665,164754100.0,8403410.0,94.89942283682166,norel_heuristic,True,results/paper_m4pro_fullmodes_2026-04-29/logs/gurobi/test/matpower_case2383wp_2017-07-15__lazy_commit_hints.log
matpower/case2383wp,LAZY_COMMIT_HINTS,matpower/case2383wp/2017-07-15,873.0,case2383wp,2383,2017-07-15,OPTIMAL,True,3000.0,29.1,164172900.0,8403410.0,94.88136592580139,norel_heuristic,True,results/paper_m4pro_fullmodes_2026-04-29/logs/gurobi/test/matpower_case2383wp_2017-07-15__lazy_commit_hints.log
matpower/case2383wp,LAZY_COMMIT_HINTS,matpower/case2383wp/2017-07-15,1015.0,case2383wp,2383,2017-07-15,OPTIMAL,True,3000.0,33.833333333333336,164170000.0,8411670.44,94.88136592580139,mip_progress,False,results/paper_m4pro_fullmodes_2026-04-29/logs/gurobi/test/matpower_case2383wp_2017-07-15__lazy_commit_hints.log
matpower/case2383wp,LAZY_COMMIT_HINTS,matpower/case2383wp/2017-07-15,1040.0,case2383wp,2383,2017-07-15,OPTIMAL,True,3000.0,34.666666666666664,164170000.0,8411670.44,94.88136592580139,mip_progress,False,results/paper_m4pro_fullmodes_2026-04-29/logs/gurobi/test/matpower_case2383wp_2017-07-15__lazy_commit_hints.log
matpower/case2383wp,LAZY_COMMIT_HINTS,matpower/case2383wp/2017-07-15,1064.0,case2383wp,2383,2017-07-15,OPTIMAL,True,3000.0,35.46666666666667,41958120.0,8411670.44,80.0,mip_progress,True,results/paper_m4pro_fullmodes_2026-04-29/logs/gurobi/test/matpower_case2383wp_2017-07-15__lazy_commit_hints.log
matpower/case2383wp,LAZY_COMMIT_HINTS,matpower/case2383wp/2017-07-15,1065.0,case2383wp,2383,2017-07-15,OPTIMAL,True,3000.0,35.5,41958000.0,8429486.48,79.9,mip_progress,False,results/paper_m4pro_fullmodes_2026-04-29/logs/gurobi/test/matpower_case2383wp_2017-07-15__lazy_commit_hints.log
matpower/case2383wp,LAZY_COMMIT_HINTS,matpower/case2383wp/2017-07-15,1089.0,case2383wp,2383,2017-07-15,OPTIMAL,True,3000.0,36.3,41958000.0,8429486.48,79.9,mip_progress,False,results/paper_m4pro_fullmodes_2026-04-29/logs/gurobi/test/matpower_case2383wp_2017-07-15__lazy_commit_hints.log
matpower/case2383wp,LAZY_COMMIT_HINTS,matpower/case2383wp/2017-07-15,1113.0,case2383wp,2383,2017-07-15,OPTIMAL,True,3000.0,37.1,8691049.3118,8429486.48,3.01,mip_progress,True,results/paper_m4pro_fullmodes_2026-04-29/logs/gurobi/test/matpower_case2383wp_2017-07-15__lazy_commit_hints.log
matpower/case2383wp,LAZY_COMMIT_HINTS,matpower/case2383wp/2017-07-15,1121.321008,case2383wp,2383,2017-07-15,OPTIMAL,True,3000.0,37.37736693333333,,,3.009566,result_final,False,results/paper_m4pro_fullmodes_2026-04-29/logs/gurobi/test/matpower_case2383wp_2017-07-15__lazy_commit_hints.log
matpower/case2383wp,LAZY_COMMIT_HINTS,matpower/case2383wp/2017-09-15,553.0,case2383wp,2383,2017-09-15,OPTIMAL,True,3000.0,18.433333333333334,84211190.0,6476340.0,92.30940686148718,norel_heuristic,True,results/paper_m4pro_fullmodes_2026-04-29/logs/gurobi/test/matpower_case2383wp_2017-09-15__lazy_commit_hints.log
matpower/case2383wp,LAZY_COMMIT_HINTS,matpower/case2383wp/2017-09-15,582.0,case2383wp,2383,2017-09-15,OPTIMAL,True,3000.0,19.4,79830670.0,6476340.0,91.8874036758053,norel_heuristic,True,results/paper_m4pro_fullmodes_2026-04-29/logs/gurobi/test/matpower_case2383wp_2017-09-15__lazy_commit_hints.log
matpower/case2383wp,LAZY_COMMIT_HINTS,matpower/case2383wp/2017-09-15,748.0,case2383wp,2383,2017-09-15,OPTIMAL,True,3000.0,24.933333333333334,76857840.0,6476340.0,91.5736117486518,norel_heuristic,True,results/paper_m4pro_fullmodes_2026-04-29/logs/gurobi/test/matpower_case2383wp_2017-09-15__lazy_commit_hints.log
matpower/case2383wp,LAZY_COMMIT_HINTS,matpower/case2383wp/2017-09-15,821.0,case2383wp,2383,2017-09-15,OPTIMAL,True,3000.0,27.366666666666667,74673950.0,6476340.0,91.32717634462888,norel_heuristic,True,results/paper_m4pro_fullmodes_2026-04-29/logs/gurobi/test/matpower_case2383wp_2017-09-15__lazy_commit_hints.log
matpower/case2383wp,LAZY_COMMIT_HINTS,matpower/case2383wp/2017-09-15,846.0,case2383wp,2383,2017-09-15,OPTIMAL,True,3000.0,28.2,74338590.0,6476340.0,91.28805106472964,norel_heuristic,True,results/paper_m4pro_fullmodes_2026-04-29/logs/gurobi/test/matpower_case2383wp_2017-09-15__lazy_commit_hints.log
matpower/case2383wp,LAZY_COMMIT_HINTS,matpower/case2383wp/2017-09-15,942.0,case2383wp,2383,2017-09-15,OPTIMAL,True,3000.0,31.4,74339000.0,6485222.04,91.28805106472964,mip_progress,False,results/paper_m4pro_fullmodes_2026-04-29/logs/gurobi/test/matpower_case2383wp_2017-09-15__lazy_commit_hints.log
matpower/case2383wp,LAZY_COMMIT_HINTS,matpower/case2383wp/2017-09-15,966.0,case2383wp,2383,2017-09-15,OPTIMAL,True,3000.0,32.2,74339000.0,6485222.04,91.28805106472964,mip_progress,False,results/paper_m4pro_fullmodes_2026-04-29/logs/gurobi/test/matpower_case2383wp_2017-09-15__lazy_commit_hints.log
matpower/case2383wp,LAZY_COMMIT_HINTS,matpower/case2383wp/2017-09-15,991.0,case2383wp,2383,2017-09-15,OPTIMAL,True,3000.0,33.03333333333333,74339000.0,6485222.04,91.28805106472964,mip_progress,False,results/paper_m4pro_fullmodes_2026-04-29/logs/gurobi/test/matpower_case2383wp_2017-09-15__lazy_commit_hints.log
matpower/case2383wp,LAZY_COMMIT_HINTS,matpower/case2383wp/2017-09-15,1015.0,case2383wp,2383,2017-09-15,OPTIMAL,True,3000.0,33.833333333333336,57757390.0,6485222.04,88.8,mip_progress,True,results/paper_m4pro_fullmodes_2026-04-29/logs/gurobi/test/matpower_case2383wp_2017-09-15__lazy_commit_hints.log
matpower/case2383wp,LAZY_COMMIT_HINTS,matpower/case2383wp/2017-09-15,1016.0,case2383wp,2383,2017-09-15,OPTIMAL,True,3000.0,33.86666666666667,57757000.0,6489714.86,88.8,mip_progress,False,results/paper_m4pro_fullmodes_2026-04-29/logs/gurobi/test/matpower_case2383wp_2017-09-15__lazy_commit_hints.log
matpower/case2383wp,LAZY_COMMIT_HINTS,matpower/case2383wp/2017-09-15,1040.0,case2383wp,2383,2017-09-15,OPTIMAL,True,3000.0,34.666666666666664,57757000.0,6489714.86,88.8,mip_progress,False,results/paper_m4pro_fullmodes_2026-04-29/logs/gurobi/test/matpower_case2383wp_2017-09-15__lazy_commit_hints.log
matpower/case2383wp,LAZY_COMMIT_HINTS,matpower/case2383wp/2017-09-15,1064.0,case2383wp,2383,2017-09-15,OPTIMAL,True,3000.0,35.46666666666667,6826406.1913,6489714.86,4.93,mip_progress,True,results/paper_m4pro_fullmodes_2026-04-29/logs/gurobi/test/matpower_case2383wp_2017-09-15__lazy_commit_hints.log
matpower/case2383wp,LAZY_COMMIT_HINTS,matpower/case2383wp/2017-09-15,1072.159804,case2383wp,2383,2017-09-15,OPTIMAL,True,3000.0,35.738660133333326,,,4.93,result_final,False,results/paper_m4pro_fullmodes_2026-04-29/logs/gurobi/test/matpower_case2383wp_2017-09-15__lazy_commit_hints.log
matpower/case2383wp,LAZY_COMMIT_HINTS,matpower/case2383wp/2017-11-15,493.0,case2383wp,2383,2017-11-15,OPTIMAL,True,3000.0,16.433333333333334,96419620.0,6165850.0,93.60519155748591,norel_heuristic,True,results/paper_m4pro_fullmodes_2026-04-29/logs/gurobi/test/matpower_case2383wp_2017-11-15__lazy_commit_hints.log
matpower/case2383wp,LAZY_COMMIT_HINTS,matpower/case2383wp/2017-11-15,611.0,case2383wp,2383,2017-11-15,OPTIMAL,True,3000.0,20.366666666666667,92861110.0,6165850.0,93.36013752150927,norel_heuristic,True,results/paper_m4pro_fullmodes_2026-04-29/logs/gurobi/test/matpower_case2383wp_2017-11-15__lazy_commit_hints.log
matpower/case2383wp,LAZY_COMMIT_HINTS,matpower/case2383wp/2017-11-15,726.0,case2383wp,2383,2017-11-15,OPTIMAL,True,3000.0,24.2,89279660.0,6165850.0,93.0937797030141,norel_heuristic,True,results/paper_m4pro_fullmodes_2026-04-29/logs/gurobi/test/matpower_case2383wp_2017-11-15__lazy_commit_hints.log
matpower/case2383wp,LAZY_COMMIT_HINTS,matpower/case2383wp/2017-11-15,799.0,case2383wp,2383,2017-11-15,OPTIMAL,True,3000.0,26.633333333333333,87610140.0,6165850.0,92.9621731000544,norel_heuristic,True,results/paper_m4pro_fullmodes_2026-04-29/logs/gurobi/test/matpower_case2383wp_2017-11-15__lazy_commit_hints.log
matpower/case2383wp,LAZY_COMMIT_HINTS,matpower/case2383wp/2017-11-15,848.0,case2383wp,2383,2017-11-15,OPTIMAL,True,3000.0,28.266666666666666,87165170.0,6165850.0,92.92624565523133,norel_heuristic,True,results/paper_m4pro_fullmodes_2026-04-29/logs/gurobi/test/matpower_case2383wp_2017-11-15__lazy_commit_hints.log
matpower/case2383wp,LAZY_COMMIT_HINTS,matpower/case2383wp/2017-11-15,873.0,case2383wp,2383,2017-11-15,OPTIMAL,True,3000.0,29.1,87156440.0,6165850.0,92.92553711464122,norel_heuristic,True,results/paper_m4pro_fullmodes_2026-04-29/logs/gurobi/test/matpower_case2383wp_2017-11-15__lazy_commit_hints.log
matpower/case2383wp,LAZY_COMMIT_HINTS,matpower/case2383wp/2017-11-15,995.0,case2383wp,2383,2017-11-15,OPTIMAL,True,3000.0,33.166666666666664,87156000.0,6182942.94,92.9,mip_progress,False,results/paper_m4pro_fullmodes_2026-04-29/logs/gurobi/test/matpower_case2383wp_2017-11-15__lazy_commit_hints.log
matpower/case2383wp,LAZY_COMMIT_HINTS,matpower/case2383wp/2017-11-15,1020.0,case2383wp,2383,2017-11-15,OPTIMAL,True,3000.0,34.0,87156000.0,6182942.94,92.9,mip_progress,False,results/paper_m4pro_fullmodes_2026-04-29/logs/gurobi/test/matpower_case2383wp_2017-11-15__lazy_commit_hints.log
matpower/case2383wp,LAZY_COMMIT_HINTS,matpower/case2383wp/2017-11-15,1044.0,case2383wp,2383,2017-11-15,OPTIMAL,True,3000.0,34.8,65482650.0,6182942.94,90.6,mip_progress,True,results/paper_m4pro_fullmodes_2026-04-29/logs/gurobi/test/matpower_case2383wp_2017-11-15__lazy_commit_hints.log
matpower/case2383wp,LAZY_COMMIT_HINTS,matpower/case2383wp/2017-11-15,1053.0,case2383wp,2383,2017-11-15,OPTIMAL,True,3000.0,35.1,65483000.0,6382333.91,90.3,mip_progress,False,results/paper_m4pro_fullmodes_2026-04-29/logs/gurobi/test/matpower_case2383wp_2017-11-15__lazy_commit_hints.log
matpower/case2383wp,LAZY_COMMIT_HINTS,matpower/case2383wp/2017-11-15,1078.0,case2383wp,2383,2017-11-15,OPTIMAL,True,3000.0,35.93333333333333,65483000.0,6382340.71,90.3,mip_progress,False,results/paper_m4pro_fullmodes_2026-04-29/logs/gurobi/test/matpower_case2383wp_2017-11-15__lazy_commit_hints.log
matpower/case2383wp,LAZY_COMMIT_HINTS,matpower/case2383wp/2017-11-15,1102.0,case2383wp,2383,2017-11-15,OPTIMAL,True,3000.0,36.733333333333334,6385636.0873,6382340.71,0.05,mip_progress,True,results/paper_m4pro_fullmodes_2026-04-29/logs/gurobi/test/matpower_case2383wp_2017-11-15__lazy_commit_hints.log
matpower/case2383wp,LAZY_COMMIT_HINTS,matpower/case2383wp/2017-11-15,1109.886369,case2383wp,2383,2017-11-15,OPTIMAL,True,3000.0,36.9962123,,,0.05,result_final,False,results/paper_m4pro_fullmodes_2026-04-29/logs/gurobi/test/matpower_case2383wp_2017-11-15__lazy_commit_hints.log
matpower/case2383wp,LAZY_GNN_T080,matpower/case2383wp/2017-01-15,747.0,case2383wp,2383,2017-01-15,OPTIMAL,True,3000.0,24.9,172831800.0,7724600.0,95.53056787003318,norel_heuristic,True,results/paper_m4pro_fullmodes_2026-04-29/logs/gurobi/test/matpower_case2383wp_2017-01-15__lazy_gnn_t080.log
matpower/case2383wp,LAZY_GNN_T080,matpower/case2383wp/2017-01-15,855.0,case2383wp,2383,2017-01-15,OPTIMAL,True,3000.0,28.5,167083500.0,7724600.0,95.37680261665574,norel_heuristic,True,results/paper_m4pro_fullmodes_2026-04-29/logs/gurobi/test/matpower_case2383wp_2017-01-15__lazy_gnn_t080.log
matpower/case2383wp,LAZY_GNN_T080,matpower/case2383wp/2017-01-15,933.0,case2383wp,2383,2017-01-15,OPTIMAL,True,3000.0,31.1,167080000.0,7739476.23,95.37680261665574,mip_progress,False,results/paper_m4pro_fullmodes_2026-04-29/logs/gurobi/test/matpower_case2383wp_2017-01-15__lazy_gnn_t080.log
matpower/case2383wp,LAZY_GNN_T080,matpower/case2383wp/2017-01-15,948.0,case2383wp,2383,2017-01-15,OPTIMAL,True,3000.0,31.6,167080000.0,7912355.09,95.3,mip_progress,False,results/paper_m4pro_fullmodes_2026-04-29/logs/gurobi/test/matpower_case2383wp_2017-01-15__lazy_gnn_t080.log
matpower/case2383wp,LAZY_GNN_T080,matpower/case2383wp/2017-01-15,973.0,case2383wp,2383,2017-01-15,OPTIMAL,True,3000.0,32.43333333333333,167080000.0,7912417.97,95.3,mip_progress,False,results/paper_m4pro_fullmodes_2026-04-29/logs/gurobi/test/matpower_case2383wp_2017-01-15__lazy_gnn_t080.log
matpower/case2383wp,LAZY_GNN_T080,matpower/case2383wp/2017-01-15,999.0,case2383wp,2383,2017-01-15,OPTIMAL,True,3000.0,33.3,16216770.0,7912417.97,51.2,mip_progress,True,results/paper_m4pro_fullmodes_2026-04-29/logs/gurobi/test/matpower_case2383wp_2017-01-15__lazy_gnn_t080.log
matpower/case2383wp,LAZY_GNN_T080,matpower/case2383wp/2017-01-15,1000.0,case2383wp,2383,2017-01-15,OPTIMAL,True,3000.0,33.333333333333336,16217000.0,7918110.79,51.2,mip_progress,False,results/paper_m4pro_fullmodes_2026-04-29/logs/gurobi/test/matpower_case2383wp_2017-01-15__lazy_gnn_t080.log
matpower/case2383wp,LAZY_GNN_T080,matpower/case2383wp/2017-01-15,1001.0,case2383wp,2383,2017-01-15,OPTIMAL,True,3000.0,33.36666666666667,16217000.0,7936699.99,51.1,mip_progress,False,results/paper_m4pro_fullmodes_2026-04-29/logs/gurobi/test/matpower_case2383wp_2017-01-15__lazy_gnn_t080.log
matpower/case2383wp,LAZY_GNN_T080,matpower/case2383wp/2017-01-15,1002.0,case2383wp,2383,2017-01-15,OPTIMAL,True,3000.0,33.4,16217000.0,7936707.09,51.1,mip_progress,False,results/paper_m4pro_fullmodes_2026-04-29/logs/gurobi/test/matpower_case2383wp_2017-01-15__lazy_gnn_t080.log
matpower/case2383wp,LAZY_GNN_T080,matpower/case2383wp/2017-01-15,1005.0,case2383wp,2383,2017-01-15,OPTIMAL,True,3000.0,33.5,16217000.0,7936782.52,51.1,mip_progress,False,results/paper_m4pro_fullmodes_2026-04-29/logs/gurobi/test/matpower_case2383wp_2017-01-15__lazy_gnn_t080.log
matpower/case2383wp,LAZY_GNN_T080,matpower/case2383wp/2017-01-15,1006.0,case2383wp,2383,2017-01-15,OPTIMAL,True,3000.0,33.53333333333333,16217000.0,7936783.26,51.1,mip_progress,False,results/paper_m4pro_fullmodes_2026-04-29/logs/gurobi/test/matpower_case2383wp_2017-01-15__lazy_gnn_t080.log
matpower/case2383wp,LAZY_GNN_T080,matpower/case2383wp/2017-01-15,1032.0,case2383wp,2383,2017-01-15,OPTIMAL,True,3000.0,34.4,16217000.0,7936783.26,51.1,mip_progress,False,results/paper_m4pro_fullmodes_2026-04-29/logs/gurobi/test/matpower_case2383wp_2017-01-15__lazy_gnn_t080.log
matpower/case2383wp,LAZY_GNN_T080,matpower/case2383wp/2017-01-15,1057.0,case2383wp,2383,2017-01-15,OPTIMAL,True,3000.0,35.233333333333334,7937352.6242,7936783.26,0.01,mip_progress,True,results/paper_m4pro_fullmodes_2026-04-29/logs/gurobi/test/matpower_case2383wp_2017-01-15__lazy_gnn_t080.log
matpower/case2383wp,LAZY_GNN_T080,matpower/case2383wp/2017-01-15,1068.925035,case2383wp,2383,2017-01-15,OPTIMAL,True,3000.0,35.6308345,,,0.0071730000000000006,result_final,False,results/paper_m4pro_fullmodes_2026-04-29/logs/gurobi/test/matpower_case2383wp_2017-01-15__lazy_gnn_t080.log
matpower/case2383wp,LAZY_GNN_T080,matpower/case2383wp/2017-03-15,737.0,case2383wp,2383,2017-03-15,OPTIMAL,True,3000.0,24.566666666666666,303641000.0,7615380.0,97.4919790146917,norel_heuristic,True,results/paper_m4pro_fullmodes_2026-04-29/logs/gurobi/test/matpower_case2383wp_2017-03-15__lazy_gnn_t080.log
matpower/case2383wp,LAZY_GNN_T080,matpower/case2383wp/2017-03-15,768.0,case2383wp,2383,2017-03-15,OPTIMAL,True,3000.0,25.6,293461100.0,7615380.0,97.40497803627125,norel_heuristic,True,results/paper_m4pro_fullmodes_2026-04-29/logs/gurobi/test/matpower_case2383wp_2017-03-15__lazy_gnn_t080.log
matpower/case2383wp,LAZY_GNN_T080,matpower/case2383wp/2017-03-15,941.0,case2383wp,2383,2017-03-15,OPTIMAL,True,3000.0,31.366666666666667,293460000.0,7624771.76,97.4,mip_progress,False,results/paper_m4pro_fullmodes_2026-04-29/logs/gurobi/test/matpower_case2383wp_2017-03-15__lazy_gnn_t080.log
matpower/case2383wp,LAZY_GNN_T080,matpower/case2383wp/2017-03-15,948.0,case2383wp,2383,2017-03-15,OPTIMAL,True,3000.0,31.6,293460000.0,7791775.29,97.3,mip_progress,False,results/paper_m4pro_fullmodes_2026-04-29/logs/gurobi/test/matpower_case2383wp_2017-03-15__lazy_gnn_t080.log
matpower/case2383wp,LAZY_GNN_T080,matpower/case2383wp/2017-03-15,973.0,case2383wp,2383,2017-03-15,OPTIMAL,True,3000.0,32.43333333333333,293460000.0,7791779.93,97.3,mip_progress,False,results/paper_m4pro_fullmodes_2026-04-29/logs/gurobi/test/matpower_case2383wp_2017-03-15__lazy_gnn_t080.log
matpower/case2383wp,LAZY_GNN_T080,matpower/case2383wp/2017-03-15,999.0,case2383wp,2383,2017-03-15,OPTIMAL,True,3000.0,33.3,15867000.0,7805149.64,50.8,mip_progress,False,results/paper_m4pro_fullmodes_2026-04-29/logs/gurobi/test/matpower_case2383wp_2017-03-15__lazy_gnn_t080.log
matpower/case2383wp,LAZY_GNN_T080,matpower/case2383wp/2017-03-15,1000.0,case2383wp,2383,2017-03-15,OPTIMAL,True,3000.0,33.333333333333336,15867000.0,7805149.76,50.8,mip_progress,False,results/paper_m4pro_fullmodes_2026-04-29/logs/gurobi/test/matpower_case2383wp_2017-03-15__lazy_gnn_t080.log
matpower/case2383wp,LAZY_GNN_T080,matpower/case2383wp/2017-03-15,1001.0,case2383wp,2383,2017-03-15,OPTIMAL,True,3000.0,33.36666666666667,15867000.0,7826696.3,50.7,mip_progress,False,results/paper_m4pro_fullmodes_2026-04-29/logs/gurobi/test/matpower_case2383wp_2017-03-15__lazy_gnn_t080.log
matpower/case2383wp,LAZY_GNN_T080,matpower/case2383wp/2017-03-15,1005.0,case2383wp,2383,2017-03-15,OPTIMAL,True,3000.0,33.5,15867000.0,7826820.92,50.7,mip_progress,False,results/paper_m4pro_fullmodes_2026-04-29/logs/gurobi/test/matpower_case2383wp_2017-03-15__lazy_gnn_t080.log
matpower/case2383wp,LAZY_GNN_T080,matpower/case2383wp/2017-03-15,1006.0,case2383wp,2383,2017-03-15,OPTIMAL,True,3000.0,33.53333333333333,15867000.0,7826821.06,50.7,mip_progress,False,results/paper_m4pro_fullmodes_2026-04-29/logs/gurobi/test/matpower_case2383wp_2017-03-15__lazy_gnn_t080.log
matpower/case2383wp,LAZY_GNN_T080,matpower/case2383wp/2017-03-15,1030.0,case2383wp,2383,2017-03-15,OPTIMAL,True,3000.0,34.333333333333336,7828135.0476,7826821.06,0.02,mip_progress,True,results/paper_m4pro_fullmodes_2026-04-29/logs/gurobi/test/matpower_case2383wp_2017-03-15__lazy_gnn_t080.log
matpower/case2383wp,LAZY_GNN_T080,matpower/case2383wp/2017-03-15,1041.923721,case2383wp,2383,2017-03-15,OPTIMAL,True,3000.0,34.7307907,,,0.016784999999999998,result_final,False,results/paper_m4pro_fullmodes_2026-04-29/logs/gurobi/test/matpower_case2383wp_2017-03-15__lazy_gnn_t080.log
matpower/case2383wp,LAZY_GNN_T080,matpower/case2383wp/2017-05-15,562.0,case2383wp,2383,2017-05-15,OPTIMAL,True,3000.0,18.733333333333334,211730400.0,5598570.0,97.35580247333401,norel_heuristic,True,results/paper_m4pro_fullmodes_2026-04-29/logs/gurobi/test/matpower_case2383wp_2017-05-15__lazy_gnn_t080.log
matpower/case2383wp,LAZY_GNN_T080,matpower/case2383wp/2017-05-15,614.0,case2383wp,2383,2017-05-15,OPTIMAL,True,3000.0,20.466666666666665,207289800.0,5598570.0,97.29915799040764,norel_heuristic,True,results/paper_m4pro_fullmodes_2026-04-29/logs/gurobi/test/matpower_case2383wp_2017-05-15__lazy_gnn_t080.log
matpower/case2383wp,LAZY_GNN_T080,matpower/case2383wp/2017-05-15,710.0,case2383wp,2383,2017-05-15,OPTIMAL,True,3000.0,23.666666666666668,204823400.0,5598570.0,97.26663555043028,norel_heuristic,True,results/paper_m4pro_fullmodes_2026-04-29/logs/gurobi/test/matpower_case2383wp_2017-05-15__lazy_gnn_t080.log
matpower/case2383wp,LAZY_GNN_T080,matpower/case2383wp/2017-05-15,811.0,case2383wp,2383,2017-05-15,OPTIMAL,True,3000.0,27.033333333333335,203187100.0,5598570.0,97.2446233053181,norel_heuristic,True,results/paper_m4pro_fullmodes_2026-04-29/logs/gurobi/test/matpower_case2383wp_2017-05-15__lazy_gnn_t080.log
matpower/case2383wp,LAZY_GNN_T080,matpower/case2383wp/2017-05-15,862.0,case2383wp,2383,2017-05-15,OPTIMAL,True,3000.0,28.733333333333334,202432700.0,5598570.0,97.23435492388334,norel_heuristic,True,results/paper_m4pro_fullmodes_2026-04-29/logs/gurobi/test/matpower_case2383wp_2017-05-15__lazy_gnn_t080.log
matpower/case2383wp,LAZY_GNN_T080,matpower/case2383wp/2017-05-15,943.0,case2383wp,2383,2017-05-15,OPTIMAL,True,3000.0,31.433333333333334,202430000.0,5617567.86,97.2,mip_progress,False,results/paper_m4pro_fullmodes_2026-04-29/logs/gurobi/test/matpower_case2383wp_2017-05-15__lazy_gnn_t080.log
matpower/case2383wp,LAZY_GNN_T080,matpower/case2383wp/2017-05-15,956.0,case2383wp,2383,2017-05-15,OPTIMAL,True,3000.0,31.866666666666667,202430000.0,5781305.49,97.1,mip_progress,False,results/paper_m4pro_fullmodes_2026-04-29/logs/gurobi/test/matpower_case2383wp_2017-05-15__lazy_gnn_t080.log
matpower/case2383wp,LAZY_GNN_T080,matpower/case2383wp/2017-05-15,981.0,case2383wp,2383,2017-05-15,OPTIMAL,True,3000.0,32.7,202430000.0,5781318.53,97.1,mip_progress,False,results/paper_m4pro_fullmodes_2026-04-29/logs/gurobi/test/matpower_case2383wp_2017-05-15__lazy_gnn_t080.log
matpower/case2383wp,LAZY_GNN_T080,matpower/case2383wp/2017-05-15,1007.0,case2383wp,2383,2017-05-15,OPTIMAL,True,3000.0,33.56666666666667,21420650.0,5781318.53,73.0,mip_progress,True,results/paper_m4pro_fullmodes_2026-04-29/logs/gurobi/test/matpower_case2383wp_2017-05-15__lazy_gnn_t080.log
matpower/case2383wp,LAZY_GNN_T080,matpower/case2383wp/2017-05-15,1008.0,case2383wp,2383,2017-05-15,OPTIMAL,True,3000.0,33.6,21421000.0,5785535.88,73.0,mip_progress,False,results/paper_m4pro_fullmodes_2026-04-29/logs/gurobi/test/matpower_case2383wp_2017-05-15__lazy_gnn_t080.log
matpower/case2383wp,LAZY_GNN_T080,matpower/case2383wp/2017-05-15,1010.0,case2383wp,2383,2017-05-15,OPTIMAL,True,3000.0,33.666666666666664,21421000.0,5805369.54,72.9,mip_progress,False,results/paper_m4pro_fullmodes_2026-04-29/logs/gurobi/test/matpower_case2383wp_2017-05-15__lazy_gnn_t080.log
matpower/case2383wp,LAZY_GNN_T080,matpower/case2383wp/2017-05-15,1011.0,case2383wp,2383,2017-05-15,OPTIMAL,True,3000.0,33.7,21421000.0,5805425.65,72.9,mip_progress,False,results/paper_m4pro_fullmodes_2026-04-29/logs/gurobi/test/matpower_case2383wp_2017-05-15__lazy_gnn_t080.log
matpower/case2383wp,LAZY_GNN_T080,matpower/case2383wp/2017-05-15,1013.0,case2383wp,2383,2017-05-15,OPTIMAL,True,3000.0,33.766666666666666,21421000.0,5805558.91,72.9,mip_progress,False,results/paper_m4pro_fullmodes_2026-04-29/logs/gurobi/test/matpower_case2383wp_2017-05-15__lazy_gnn_t080.log
matpower/case2383wp,LAZY_GNN_T080,matpower/case2383wp/2017-05-15,1015.0,case2383wp,2383,2017-05-15,OPTIMAL,True,3000.0,33.833333333333336,21421000.0,5805563.43,72.9,mip_progress,False,results/paper_m4pro_fullmodes_2026-04-29/logs/gurobi/test/matpower_case2383wp_2017-05-15__lazy_gnn_t080.log
matpower/case2383wp,LAZY_GNN_T080,matpower/case2383wp/2017-05-15,1040.0,case2383wp,2383,2017-05-15,OPTIMAL,True,3000.0,34.666666666666664,21421000.0,5805563.43,72.9,mip_progress,False,results/paper_m4pro_fullmodes_2026-04-29/logs/gurobi/test/matpower_case2383wp_2017-05-15__lazy_gnn_t080.log
matpower/case2383wp,LAZY_GNN_T080,matpower/case2383wp/2017-05-15,1065.0,case2383wp,2383,2017-05-15,OPTIMAL,True,3000.0,35.5,5808842.6107,5805563.43,0.06,mip_progress,True,results/paper_m4pro_fullmodes_2026-04-29/logs/gurobi/test/matpower_case2383wp_2017-05-15__lazy_gnn_t080.log
matpower/case2383wp,LAZY_GNN_T080,matpower/case2383wp/2017-05-15,1076.368052,case2383wp,2383,2017-05-15,OPTIMAL,True,3000.0,35.87893506666667,,,0.056450999999999994,result_final,False,results/paper_m4pro_fullmodes_2026-04-29/logs/gurobi/test/matpower_case2383wp_2017-05-15__lazy_gnn_t080.log
matpower/case2383wp,LAZY_GNN_T080,matpower/case2383wp/2017-07-15,587.0,case2383wp,2383,2017-07-15,OPTIMAL,True,3000.0,19.566666666666666,177453900.0,8403410.0,95.2644545991945,norel_heuristic,True,results/paper_m4pro_fullmodes_2026-04-29/logs/gurobi/test/matpower_case2383wp_2017-07-15__lazy_gnn_t080.log
matpower/case2383wp,LAZY_GNN_T080,matpower/case2383wp/2017-07-15,642.0,case2383wp,2383,2017-07-15,OPTIMAL,True,3000.0,21.4,171031900.0,8403410.0,95.08664173174712,norel_heuristic,True,results/paper_m4pro_fullmodes_2026-04-29/logs/gurobi/test/matpower_case2383wp_2017-07-15__lazy_gnn_t080.log
matpower/case2383wp,LAZY_GNN_T080,matpower/case2383wp/2017-07-15,751.0,case2383wp,2383,2017-07-15,OPTIMAL,True,3000.0,25.033333333333335,166780100.0,8403410.0,94.96138328253791,norel_heuristic,True,results/paper_m4pro_fullmodes_2026-04-29/logs/gurobi/test/matpower_case2383wp_2017-07-15__lazy_gnn_t080.log
matpower/case2383wp,LAZY_GNN_T080,matpower/case2383wp/2017-07-15,825.0,case2383wp,2383,2017-07-15,OPTIMAL,True,3000.0,27.5,164754100.0,8403410.0,94.89942283682166,norel_heuristic,True,results/paper_m4pro_fullmodes_2026-04-29/logs/gurobi/test/matpower_case2383wp_2017-07-15__lazy_gnn_t080.log
matpower/case2383wp,LAZY_GNN_T080,matpower/case2383wp/2017-07-15,875.0,case2383wp,2383,2017-07-15,OPTIMAL,True,3000.0,29.166666666666668,164172900.0,8403410.0,94.88136592580139,norel_heuristic,True,results/paper_m4pro_fullmodes_2026-04-29/logs/gurobi/test/matpower_case2383wp_2017-07-15__lazy_gnn_t080.log
matpower/case2383wp,LAZY_GNN_T080,matpower/case2383wp/2017-07-15,1018.0,case2383wp,2383,2017-07-15,OPTIMAL,True,3000.0,33.93333333333333,164170000.0,8411670.44,94.88136592580139,mip_progress,False,results/paper_m4pro_fullmodes_2026-04-29/logs/gurobi/test/matpower_case2383wp_2017-07-15__lazy_gnn_t080.log
matpower/case2383wp,LAZY_GNN_T080,matpower/case2383wp/2017-07-15,1023.0,case2383wp,2383,2017-07-15,OPTIMAL,True,3000.0,34.1,164170000.0,8508807.94,94.8,mip_progress,False,results/paper_m4pro_fullmodes_2026-04-29/logs/gurobi/test/matpower_case2383wp_2017-07-15__lazy_gnn_t080.log
matpower/case2383wp,LAZY_GNN_T080,matpower/case2383wp/2017-07-15,1048.0,case2383wp,2383,2017-07-15,OPTIMAL,True,3000.0,34.93333333333333,164170000.0,8508808.9,94.8,mip_progress,False,results/paper_m4pro_fullmodes_2026-04-29/logs/gurobi/test/matpower_case2383wp_2017-07-15__lazy_gnn_t080.log
matpower/case2383wp,LAZY_GNN_T080,matpower/case2383wp/2017-07-15,1072.0,case2383wp,2383,2017-07-15,OPTIMAL,True,3000.0,35.733333333333334,164170000.0,8508808.9,94.8,mip_progress,False,results/paper_m4pro_fullmodes_2026-04-29/logs/gurobi/test/matpower_case2383wp_2017-07-15__lazy_gnn_t080.log
matpower/case2383wp,LAZY_GNN_T080,matpower/case2383wp/2017-07-15,1097.0,case2383wp,2383,2017-07-15,OPTIMAL,True,3000.0,36.56666666666667,16992000.0,8527813.8,49.8,mip_progress,False,results/paper_m4pro_fullmodes_2026-04-29/logs/gurobi/test/matpower_case2383wp_2017-07-15__lazy_gnn_t080.log
matpower/case2383wp,LAZY_GNN_T080,matpower/case2383wp/2017-07-15,1098.0,case2383wp,2383,2017-07-15,OPTIMAL,True,3000.0,36.6,16992000.0,8527819.5,49.8,mip_progress,False,results/paper_m4pro_fullmodes_2026-04-29/logs/gurobi/test/matpower_case2383wp_2017-07-15__lazy_gnn_t080.log
matpower/case2383wp,LAZY_GNN_T080,matpower/case2383wp/2017-07-15,1099.0,case2383wp,2383,2017-07-15,OPTIMAL,True,3000.0,36.63333333333333,16992000.0,8557114.5,49.6,mip_progress,False,results/paper_m4pro_fullmodes_2026-04-29/logs/gurobi/test/matpower_case2383wp_2017-07-15__lazy_gnn_t080.log
matpower/case2383wp,LAZY_GNN_T080,matpower/case2383wp/2017-07-15,1100.0,case2383wp,2383,2017-07-15,OPTIMAL,True,3000.0,36.666666666666664,16992000.0,8557148.58,49.6,mip_progress,False,results/paper_m4pro_fullmodes_2026-04-29/logs/gurobi/test/matpower_case2383wp_2017-07-15__lazy_gnn_t080.log
matpower/case2383wp,LAZY_GNN_T080,matpower/case2383wp/2017-07-15,1103.0,case2383wp,2383,2017-07-15,OPTIMAL,True,3000.0,36.766666666666666,16992000.0,8557218.69,49.6,mip_progress,False,results/paper_m4pro_fullmodes_2026-04-29/logs/gurobi/test/matpower_case2383wp_2017-07-15__lazy_gnn_t080.log
matpower/case2383wp,LAZY_GNN_T080,matpower/case2383wp/2017-07-15,1128.0,case2383wp,2383,2017-07-15,OPTIMAL,True,3000.0,37.6,8559433.6249,8557352.77,0.02,mip_progress,True,results/paper_m4pro_fullmodes_2026-04-29/logs/gurobi/test/matpower_case2383wp_2017-07-15__lazy_gnn_t080.log
matpower/case2383wp,LAZY_GNN_T080,matpower/case2383wp/2017-07-15,1139.580005,case2383wp,2383,2017-07-15,OPTIMAL,True,3000.0,37.98600016666667,,,0.02,result_final,False,results/paper_m4pro_fullmodes_2026-04-29/logs/gurobi/test/matpower_case2383wp_2017-07-15__lazy_gnn_t080.log
matpower/case2383wp,LAZY_GNN_T080,matpower/case2383wp/2017-09-15,561.0,case2383wp,2383,2017-09-15,OPTIMAL,True,3000.0,18.7,84211190.0,6476340.0,92.30940686148718,norel_heuristic,True,results/paper_m4pro_fullmodes_2026-04-29/logs/gurobi/test/matpower_case2383wp_2017-09-15__lazy_gnn_t080.log
matpower/case2383wp,LAZY_GNN_T080,matpower/case2383wp/2017-09-15,591.0,case2383wp,2383,2017-09-15,OPTIMAL,True,3000.0,19.7,79830670.0,6476340.0,91.8874036758053,norel_heuristic,True,results/paper_m4pro_fullmodes_2026-04-29/logs/gurobi/test/matpower_case2383wp_2017-09-15__lazy_gnn_t080.log
matpower/case2383wp,LAZY_GNN_T080,matpower/case2383wp/2017-09-15,760.0,case2383wp,2383,2017-09-15,OPTIMAL,True,3000.0,25.333333333333332,76857840.0,6476340.0,91.5736117486518,norel_heuristic,True,results/paper_m4pro_fullmodes_2026-04-29/logs/gurobi/test/matpower_case2383wp_2017-09-15__lazy_gnn_t080.log
matpower/case2383wp,LAZY_GNN_T080,matpower/case2383wp/2017-09-15,833.0,case2383wp,2383,2017-09-15,OPTIMAL,True,3000.0,27.766666666666666,74673950.0,6476340.0,91.32717634462888,norel_heuristic,True,results/paper_m4pro_fullmodes_2026-04-29/logs/gurobi/test/matpower_case2383wp_2017-09-15__lazy_gnn_t080.log
matpower/case2383wp,LAZY_GNN_T080,matpower/case2383wp/2017-09-15,859.0,case2383wp,2383,2017-09-15,OPTIMAL,True,3000.0,28.633333333333333,74338590.0,6476340.0,91.28805106472964,norel_heuristic,True,results/paper_m4pro_fullmodes_2026-04-29/logs/gurobi/test/matpower_case2383wp_2017-09-15__lazy_gnn_t080.log
matpower/case2383wp,LAZY_GNN_T080,matpower/case2383wp/2017-09-15,957.0,case2383wp,2383,2017-09-15,OPTIMAL,True,3000.0,31.9,74339000.0,6485222.04,91.28805106472964,mip_progress,False,results/paper_m4pro_fullmodes_2026-04-29/logs/gurobi/test/matpower_case2383wp_2017-09-15__lazy_gnn_t080.log
matpower/case2383wp,LAZY_GNN_T080,matpower/case2383wp/2017-09-15,965.0,case2383wp,2383,2017-09-15,OPTIMAL,True,3000.0,32.166666666666664,74339000.0,6607746.05,91.1,mip_progress,False,results/paper_m4pro_fullmodes_2026-04-29/logs/gurobi/test/matpower_case2383wp_2017-09-15__lazy_gnn_t080.log
matpower/case2383wp,LAZY_GNN_T080,matpower/case2383wp/2017-09-15,989.0,case2383wp,2383,2017-09-15,OPTIMAL,True,3000.0,32.96666666666667,74339000.0,6607746.68,91.1,mip_progress,False,results/paper_m4pro_fullmodes_2026-04-29/logs/gurobi/test/matpower_case2383wp_2017-09-15__lazy_gnn_t080.log
matpower/case2383wp,LAZY_GNN_T080,matpower/case2383wp/2017-09-15,1014.0,case2383wp,2383,2017-09-15,OPTIMAL,True,3000.0,33.8,74339000.0,6607746.68,91.1,mip_progress,False,results/paper_m4pro_fullmodes_2026-04-29/logs/gurobi/test/matpower_case2383wp_2017-09-15__lazy_gnn_t080.log
matpower/case2383wp,LAZY_GNN_T080,matpower/case2383wp/2017-09-15,1039.0,case2383wp,2383,2017-09-15,OPTIMAL,True,3000.0,34.63333333333333,24618470.0,6607746.68,73.2,mip_progress,True,results/paper_m4pro_fullmodes_2026-04-29/logs/gurobi/test/matpower_case2383wp_2017-09-15__lazy_gnn_t080.log
matpower/case2383wp,LAZY_GNN_T080,matpower/case2383wp/2017-09-15,1040.0,case2383wp,2383,2017-09-15,OPTIMAL,True,3000.0,34.666666666666664,24618000.0,6614045.61,73.1,mip_progress,False,results/paper_m4pro_fullmodes_2026-04-29/logs/gurobi/test/matpower_case2383wp_2017-09-15__lazy_gnn_t080.log
matpower/case2383wp,LAZY_GNN_T080,matpower/case2383wp/2017-09-15,1042.0,case2383wp,2383,2017-09-15,OPTIMAL,True,3000.0,34.733333333333334,24618000.0,6674506.96,72.9,mip_progress,False,results/paper_m4pro_fullmodes_2026-04-29/logs/gurobi/test/matpower_case2383wp_2017-09-15__lazy_gnn_t080.log
matpower/case2383wp,LAZY_GNN_T080,matpower/case2383wp/2017-09-15,1045.0,case2383wp,2383,2017-09-15,OPTIMAL,True,3000.0,34.833333333333336,24618000.0,6674638.44,72.9,mip_progress,False,results/paper_m4pro_fullmodes_2026-04-29/logs/gurobi/test/matpower_case2383wp_2017-09-15__lazy_gnn_t080.log
matpower/case2383wp,LAZY_GNN_T080,matpower/case2383wp/2017-09-15,1070.0,case2383wp,2383,2017-09-15,OPTIMAL,True,3000.0,35.666666666666664,6674869.644,6674647.14,0.0,mip_progress,True,results/paper_m4pro_fullmodes_2026-04-29/logs/gurobi/test/matpower_case2383wp_2017-09-15__lazy_gnn_t080.log
matpower/case2383wp,LAZY_GNN_T080,matpower/case2383wp/2017-09-15,1081.021272,case2383wp,2383,2017-09-15,OPTIMAL,True,3000.0,36.0340424,,,0.0,result_final,False,results/paper_m4pro_fullmodes_2026-04-29/logs/gurobi/test/matpower_case2383wp_2017-09-15__lazy_gnn_t080.log
matpower/case2383wp,LAZY_GNN_T080,matpower/case2383wp/2017-11-15,505.0,case2383wp,2383,2017-11-15,OPTIMAL,True,3000.0,16.833333333333332,96419620.0,6165850.0,93.60519155748591,norel_heuristic,True,results/paper_m4pro_fullmodes_2026-04-29/logs/gurobi/test/matpower_case2383wp_2017-11-15__lazy_gnn_t080.log
matpower/case2383wp,LAZY_GNN_T080,matpower/case2383wp/2017-11-15,631.0,case2383wp,2383,2017-11-15,OPTIMAL,True,3000.0,21.033333333333335,92861110.0,6165850.0,93.36013752150927,norel_heuristic,True,results/paper_m4pro_fullmodes_2026-04-29/logs/gurobi/test/matpower_case2383wp_2017-11-15__lazy_gnn_t080.log
matpower/case2383wp,LAZY_GNN_T080,matpower/case2383wp/2017-11-15,747.0,case2383wp,2383,2017-11-15,OPTIMAL,True,3000.0,24.9,89279660.0,6165850.0,93.0937797030141,norel_heuristic,True,results/paper_m4pro_fullmodes_2026-04-29/logs/gurobi/test/matpower_case2383wp_2017-11-15__lazy_gnn_t080.log
matpower/case2383wp,LAZY_GNN_T080,matpower/case2383wp/2017-11-15,819.0,case2383wp,2383,2017-11-15,OPTIMAL,True,3000.0,27.3,87610140.0,6165850.0,92.9621731000544,norel_heuristic,True,results/paper_m4pro_fullmodes_2026-04-29/logs/gurobi/test/matpower_case2383wp_2017-11-15__lazy_gnn_t080.log
matpower/case2383wp,LAZY_GNN_T080,matpower/case2383wp/2017-11-15,868.0,case2383wp,2383,2017-11-15,OPTIMAL,True,3000.0,28.933333333333334,87165170.0,6165850.0,92.92624565523133,norel_heuristic,True,results/paper_m4pro_fullmodes_2026-04-29/logs/gurobi/test/matpower_case2383wp_2017-11-15__lazy_gnn_t080.log
matpower/case2383wp,LAZY_GNN_T080,matpower/case2383wp/2017-11-15,893.0,case2383wp,2383,2017-11-15,OPTIMAL,True,3000.0,29.766666666666666,87156440.0,6165850.0,92.92553711464122,norel_heuristic,True,results/paper_m4pro_fullmodes_2026-04-29/logs/gurobi/test/matpower_case2383wp_2017-11-15__lazy_gnn_t080.log
matpower/case2383wp,LAZY_GNN_T080,matpower/case2383wp/2017-11-15,1017.0,case2383wp,2383,2017-11-15,OPTIMAL,True,3000.0,33.9,87156000.0,6182942.94,92.9,mip_progress,False,results/paper_m4pro_fullmodes_2026-04-29/logs/gurobi/test/matpower_case2383wp_2017-11-15__lazy_gnn_t080.log
matpower/case2383wp,LAZY_GNN_T080,matpower/case2383wp/2017-11-15,1026.0,case2383wp,2383,2017-11-15,OPTIMAL,True,3000.0,34.2,87156000.0,6382333.91,92.7,mip_progress,False,results/paper_m4pro_fullmodes_2026-04-29/logs/gurobi/test/matpower_case2383wp_2017-11-15__lazy_gnn_t080.log
matpower/case2383wp,LAZY_GNN_T080,matpower/case2383wp/2017-11-15,1050.0,case2383wp,2383,2017-11-15,OPTIMAL,True,3000.0,35.0,87156000.0,6382354.77,92.7,mip_progress,False,results/paper_m4pro_fullmodes_2026-04-29/logs/gurobi/test/matpower_case2383wp_2017-11-15__lazy_gnn_t080.log
matpower/case2383wp,LAZY_GNN_T080,matpower/case2383wp/2017-11-15,1075.0,case2383wp,2383,2017-11-15,OPTIMAL,True,3000.0,35.833333333333336,6392722.6537,6382354.77,0.16,mip_progress,True,results/paper_m4pro_fullmodes_2026-04-29/logs/gurobi/test/matpower_case2383wp_2017-11-15__lazy_gnn_t080.log
matpower/case2383wp,LAZY_GNN_T080,matpower/case2383wp/2017-11-15,1085.794295,case2383wp,2383,2017-11-15,OPTIMAL,True,3000.0,36.193143166666665,,,0.16,result_final,False,results/paper_m4pro_fullmodes_2026-04-29/logs/gurobi/test/matpower_case2383wp_2017-11-15__lazy_gnn_t080.log
matpower/case2383wp,WARM_LAZY_GRU,matpower/case2383wp/2017-01-15,698.0,case2383wp,2383,2017-01-15,OPTIMAL,True,3000.0,23.266666666666666,172831800.0,7724600.0,95.53056787003318,norel_heuristic,True,results/paper_m4pro_fullmodes_2026-04-29/logs/gurobi/test/matpower_case2383wp_2017-01-15__warm_lazy_gru.log
matpower/case2383wp,WARM_LAZY_GRU,matpower/case2383wp/2017-01-15,801.0,case2383wp,2383,2017-01-15,OPTIMAL,True,3000.0,26.7,167083500.0,7724600.0,95.37680261665574,norel_heuristic,True,results/paper_m4pro_fullmodes_2026-04-29/logs/gurobi/test/matpower_case2383wp_2017-01-15__warm_lazy_gru.log
matpower/case2383wp,WARM_LAZY_GRU,matpower/case2383wp/2017-01-15,940.0,case2383wp,2383,2017-01-15,OPTIMAL,True,3000.0,31.333333333333332,167080000.0,7739476.23,95.37680261665574,mip_progress,False,results/paper_m4pro_fullmodes_2026-04-29/logs/gurobi/test/matpower_case2383wp_2017-01-15__warm_lazy_gru.log
matpower/case2383wp,WARM_LAZY_GRU,matpower/case2383wp/2017-01-15,965.0,case2383wp,2383,2017-01-15,OPTIMAL,True,3000.0,32.166666666666664,167080000.0,7739476.23,95.37680261665574,mip_progress,False,results/paper_m4pro_fullmodes_2026-04-29/logs/gurobi/test/matpower_case2383wp_2017-01-15__warm_lazy_gru.log
matpower/case2383wp,WARM_LAZY_GRU,matpower/case2383wp/2017-01-15,990.0,case2383wp,2383,2017-01-15,OPTIMAL,True,3000.0,33.0,8004063.372,7739476.23,3.31,mip_progress,True,results/paper_m4pro_fullmodes_2026-04-29/logs/gurobi/test/matpower_case2383wp_2017-01-15__warm_lazy_gru.log
matpower/case2383wp,WARM_LAZY_GRU,matpower/case2383wp/2017-01-15,1093.485243,case2383wp,2383,2017-01-15,OPTIMAL,True,3000.0,36.4495081,,,3.30566,result_final,False,results/paper_m4pro_fullmodes_2026-04-29/logs/gurobi/test/matpower_case2383wp_2017-01-15__warm_lazy_gru.log
matpower/case2383wp,WARM_LAZY_GRU,matpower/case2383wp/2017-03-15,696.0,case2383wp,2383,2017-03-15,OPTIMAL,True,3000.0,23.2,303641000.0,7615380.0,97.4919790146917,norel_heuristic,True,results/paper_m4pro_fullmodes_2026-04-29/logs/gurobi/test/matpower_case2383wp_2017-03-15__warm_lazy_gru.log
matpower/case2383wp,WARM_LAZY_GRU,matpower/case2383wp/2017-03-15,726.0,case2383wp,2383,2017-03-15,OPTIMAL,True,3000.0,24.2,293461100.0,7615380.0,97.40497803627125,norel_heuristic,True,results/paper_m4pro_fullmodes_2026-04-29/logs/gurobi/test/matpower_case2383wp_2017-03-15__warm_lazy_gru.log
matpower/case2383wp,WARM_LAZY_GRU,matpower/case2383wp/2017-03-15,865.0,case2383wp,2383,2017-03-15,OPTIMAL,True,3000.0,28.833333333333332,289957900.0,7615380.0,97.37362561944337,norel_heuristic,True,results/paper_m4pro_fullmodes_2026-04-29/logs/gurobi/test/matpower_case2383wp_2017-03-15__warm_lazy_gru.log
matpower/case2383wp,WARM_LAZY_GRU,matpower/case2383wp/2017-03-15,963.0,case2383wp,2383,2017-03-15,OPTIMAL,True,3000.0,32.1,289960000.0,7624771.76,97.37362561944337,mip_progress,False,results/paper_m4pro_fullmodes_2026-04-29/logs/gurobi/test/matpower_case2383wp_2017-03-15__warm_lazy_gru.log
matpower/case2383wp,WARM_LAZY_GRU,matpower/case2383wp/2017-03-15,988.0,case2383wp,2383,2017-03-15,OPTIMAL,True,3000.0,32.93333333333333,289960000.0,7624771.76,97.37362561944337,mip_progress,False,results/paper_m4pro_fullmodes_2026-04-29/logs/gurobi/test/matpower_case2383wp_2017-03-15__warm_lazy_gru.log
matpower/case2383wp,WARM_LAZY_GRU,matpower/case2383wp/2017-03-15,1012.0,case2383wp,2383,2017-03-15,OPTIMAL,True,3000.0,33.733333333333334,289960000.0,7624771.76,97.37362561944337,mip_progress,False,results/paper_m4pro_fullmodes_2026-04-29/logs/gurobi/test/matpower_case2383wp_2017-03-15__warm_lazy_gru.log
matpower/case2383wp,WARM_LAZY_GRU,matpower/case2383wp/2017-03-15,1037.0,case2383wp,2383,2017-03-15,OPTIMAL,True,3000.0,34.56666666666667,9395019.41,7635863.43,18.7,mip_progress,False,results/paper_m4pro_fullmodes_2026-04-29/logs/gurobi/test/matpower_case2383wp_2017-03-15__warm_lazy_gru.log
matpower/case2383wp,WARM_LAZY_GRU,matpower/case2383wp/2017-03-15,1046.0,case2383wp,2383,2017-03-15,OPTIMAL,True,3000.0,34.86666666666667,9395019.41,7803196.73,16.9,mip_progress,False,results/paper_m4pro_fullmodes_2026-04-29/logs/gurobi/test/matpower_case2383wp_2017-03-15__warm_lazy_gru.log
matpower/case2383wp,WARM_LAZY_GRU,matpower/case2383wp/2017-03-15,1071.0,case2383wp,2383,2017-03-15,OPTIMAL,True,3000.0,35.7,9395019.41,7803201.35,16.9,mip_progress,False,results/paper_m4pro_fullmodes_2026-04-29/logs/gurobi/test/matpower_case2383wp_2017-03-15__warm_lazy_gru.log
matpower/case2383wp,WARM_LAZY_GRU,matpower/case2383wp/2017-03-15,1072.0,case2383wp,2383,2017-03-15,OPTIMAL,True,3000.0,35.733333333333334,9395019.41,7826676.26,16.7,mip_progress,False,results/paper_m4pro_fullmodes_2026-04-29/logs/gurobi/test/matpower_case2383wp_2017-03-15__warm_lazy_gru.log
matpower/case2383wp,WARM_LAZY_GRU,matpower/case2383wp/2017-03-15,1073.0,case2383wp,2383,2017-03-15,OPTIMAL,True,3000.0,35.766666666666666,9395019.41,7826688.12,16.7,mip_progress,False,results/paper_m4pro_fullmodes_2026-04-29/logs/gurobi/test/matpower_case2383wp_2017-03-15__warm_lazy_gru.log
matpower/case2383wp,WARM_LAZY_GRU,matpower/case2383wp/2017-03-15,1076.0,case2383wp,2383,2017-03-15,OPTIMAL,True,3000.0,35.86666666666667,9395019.41,7826802.1,16.7,mip_progress,False,results/paper_m4pro_fullmodes_2026-04-29/logs/gurobi/test/matpower_case2383wp_2017-03-15__warm_lazy_gru.log
matpower/case2383wp,WARM_LAZY_GRU,matpower/case2383wp/2017-03-15,1078.0,case2383wp,2383,2017-03-15,OPTIMAL,True,3000.0,35.93333333333333,9395019.41,7826803.32,16.7,mip_progress,False,results/paper_m4pro_fullmodes_2026-04-29/logs/gurobi/test/matpower_case2383wp_2017-03-15__warm_lazy_gru.log
matpower/case2383wp,WARM_LAZY_GRU,matpower/case2383wp/2017-03-15,1102.0,case2383wp,2383,2017-03-15,OPTIMAL,True,3000.0,36.733333333333334,7846086.8683,7826803.32,0.25,mip_progress,True,results/paper_m4pro_fullmodes_2026-04-29/logs/gurobi/test/matpower_case2383wp_2017-03-15__warm_lazy_gru.log
matpower/case2383wp,WARM_LAZY_GRU,matpower/case2383wp/2017-03-15,1206.514491,case2383wp,2383,2017-03-15,OPTIMAL,True,3000.0,40.2171497,,,0.245773,result_final,False,results/paper_m4pro_fullmodes_2026-04-29/logs/gurobi/test/matpower_case2383wp_2017-03-15__warm_lazy_gru.log
matpower/case2383wp,WARM_LAZY_GRU,matpower/case2383wp/2017-05-15,560.0,case2383wp,2383,2017-05-15,OPTIMAL,True,3000.0,18.666666666666668,211730400.0,5598570.0,97.35580247333401,norel_heuristic,True,results/paper_m4pro_fullmodes_2026-04-29/logs/gurobi/test/matpower_case2383wp_2017-05-15__warm_lazy_gru.log
matpower/case2383wp,WARM_LAZY_GRU,matpower/case2383wp/2017-05-15,612.0,case2383wp,2383,2017-05-15,OPTIMAL,True,3000.0,20.4,207289800.0,5598570.0,97.29915799040764,norel_heuristic,True,results/paper_m4pro_fullmodes_2026-04-29/logs/gurobi/test/matpower_case2383wp_2017-05-15__warm_lazy_gru.log
matpower/case2383wp,WARM_LAZY_GRU,matpower/case2383wp/2017-05-15,709.0,case2383wp,2383,2017-05-15,OPTIMAL,True,3000.0,23.633333333333333,204823400.0,5598570.0,97.26663555043028,norel_heuristic,True,results/paper_m4pro_fullmodes_2026-04-29/logs/gurobi/test/matpower_case2383wp_2017-05-15__warm_lazy_gru.log
matpower/case2383wp,WARM_LAZY_GRU,matpower/case2383wp/2017-05-15,808.0,case2383wp,2383,2017-05-15,OPTIMAL,True,3000.0,26.933333333333334,203187100.0,5598570.0,97.2446233053181,norel_heuristic,True,results/paper_m4pro_fullmodes_2026-04-29/logs/gurobi/test/matpower_case2383wp_2017-05-15__warm_lazy_gru.log
matpower/case2383wp,WARM_LAZY_GRU,matpower/case2383wp/2017-05-15,858.0,case2383wp,2383,2017-05-15,OPTIMAL,True,3000.0,28.6,202432700.0,5598570.0,97.23435492388334,norel_heuristic,True,results/paper_m4pro_fullmodes_2026-04-29/logs/gurobi/test/matpower_case2383wp_2017-05-15__warm_lazy_gru.log
matpower/case2383wp,WARM_LAZY_GRU,matpower/case2383wp/2017-05-15,937.0,case2383wp,2383,2017-05-15,OPTIMAL,True,3000.0,31.233333333333334,202430000.0,5617567.86,97.2,mip_progress,False,results/paper_m4pro_fullmodes_2026-04-29/logs/gurobi/test/matpower_case2383wp_2017-05-15__warm_lazy_gru.log
matpower/case2383wp,WARM_LAZY_GRU,matpower/case2383wp/2017-05-15,962.0,case2383wp,2383,2017-05-15,OPTIMAL,True,3000.0,32.06666666666667,202430000.0,5617567.86,97.2,mip_progress,False,results/paper_m4pro_fullmodes_2026-04-29/logs/gurobi/test/matpower_case2383wp_2017-05-15__warm_lazy_gru.log
matpower/case2383wp,WARM_LAZY_GRU,matpower/case2383wp/2017-05-15,987.0,case2383wp,2383,2017-05-15,OPTIMAL,True,3000.0,32.9,5862753.0591,5617567.86,4.18,mip_progress,True,results/paper_m4pro_fullmodes_2026-04-29/logs/gurobi/test/matpower_case2383wp_2017-05-15__warm_lazy_gru.log
matpower/case2383wp,WARM_LAZY_GRU,matpower/case2383wp/2017-05-15,1090.916823,case2383wp,2383,2017-05-15,OPTIMAL,True,3000.0,36.3638941,,,4.18,result_final,False,results/paper_m4pro_fullmodes_2026-04-29/logs/gurobi/test/matpower_case2383wp_2017-05-15__warm_lazy_gru.log
matpower/case2383wp,WARM_LAZY_GRU,matpower/case2383wp/2017-07-15,582.0,case2383wp,2383,2017-07-15,OPTIMAL,True,3000.0,19.4,177453900.0,8403410.0,95.2644545991945,norel_heuristic,True,results/paper_m4pro_fullmodes_2026-04-29/logs/gurobi/test/matpower_case2383wp_2017-07-15__warm_lazy_gru.log
matpower/case2383wp,WARM_LAZY_GRU,matpower/case2383wp/2017-07-15,635.0,case2383wp,2383,2017-07-15,OPTIMAL,True,3000.0,21.166666666666668,171031900.0,8403410.0,95.08664173174712,norel_heuristic,True,results/paper_m4pro_fullmodes_2026-04-29/logs/gurobi/test/matpower_case2383wp_2017-07-15__warm_lazy_gru.log
matpower/case2383wp,WARM_LAZY_GRU,matpower/case2383wp/2017-07-15,742.0,case2383wp,2383,2017-07-15,OPTIMAL,True,3000.0,24.733333333333334,166780100.0,8403410.0,94.96138328253791,norel_heuristic,True,results/paper_m4pro_fullmodes_2026-04-29/logs/gurobi/test/matpower_case2383wp_2017-07-15__warm_lazy_gru.log
matpower/case2383wp,WARM_LAZY_GRU,matpower/case2383wp/2017-07-15,815.0,case2383wp,2383,2017-07-15,OPTIMAL,True,3000.0,27.166666666666668,164754100.0,8403410.0,94.89942283682166,norel_heuristic,True,results/paper_m4pro_fullmodes_2026-04-29/logs/gurobi/test/matpower_case2383wp_2017-07-15__warm_lazy_gru.log
matpower/case2383wp,WARM_LAZY_GRU,matpower/case2383wp/2017-07-15,864.0,case2383wp,2383,2017-07-15,OPTIMAL,True,3000.0,28.8,164172900.0,8403410.0,94.88136592580139,norel_heuristic,True,results/paper_m4pro_fullmodes_2026-04-29/logs/gurobi/test/matpower_case2383wp_2017-07-15__warm_lazy_gru.log
matpower/case2383wp,WARM_LAZY_GRU,matpower/case2383wp/2017-07-15,1006.0,case2383wp,2383,2017-07-15,OPTIMAL,True,3000.0,33.53333333333333,164170000.0,8411670.44,94.88136592580139,mip_progress,False,results/paper_m4pro_fullmodes_2026-04-29/logs/gurobi/test/matpower_case2383wp_2017-07-15__warm_lazy_gru.log
matpower/case2383wp,WARM_LAZY_GRU,matpower/case2383wp/2017-07-15,1030.0,case2383wp,2383,2017-07-15,OPTIMAL,True,3000.0,34.333333333333336,164170000.0,8411670.44,94.88136592580139,mip_progress,False,results/paper_m4pro_fullmodes_2026-04-29/logs/gurobi/test/matpower_case2383wp_2017-07-15__warm_lazy_gru.log
matpower/case2383wp,WARM_LAZY_GRU,matpower/case2383wp/2017-07-15,1055.0,case2383wp,2383,2017-07-15,OPTIMAL,True,3000.0,35.166666666666664,164170000.0,8411670.44,94.88136592580139,mip_progress,False,results/paper_m4pro_fullmodes_2026-04-29/logs/gurobi/test/matpower_case2383wp_2017-07-15__warm_lazy_gru.log
matpower/case2383wp,WARM_LAZY_GRU,matpower/case2383wp/2017-07-15,1079.0,case2383wp,2383,2017-07-15,OPTIMAL,True,3000.0,35.96666666666667,21108190.0,8411670.44,60.1,mip_progress,True,results/paper_m4pro_fullmodes_2026-04-29/logs/gurobi/test/matpower_case2383wp_2017-07-15__warm_lazy_gru.log
matpower/case2383wp,WARM_LAZY_GRU,matpower/case2383wp/2017-07-15,1080.0,case2383wp,2383,2017-07-15,OPTIMAL,True,3000.0,36.0,21108000.0,8423979.07,60.1,mip_progress,False,results/paper_m4pro_fullmodes_2026-04-29/logs/gurobi/test/matpower_case2383wp_2017-07-15__warm_lazy_gru.log
matpower/case2383wp,WARM_LAZY_GRU,matpower/case2383wp/2017-07-15,1084.0,case2383wp,2383,2017-07-15,OPTIMAL,True,3000.0,36.13333333333333,21108000.0,8520980.25,59.6,mip_progress,False,results/paper_m4pro_fullmodes_2026-04-29/logs/gurobi/test/matpower_case2383wp_2017-07-15__warm_lazy_gru.log
matpower/case2383wp,WARM_LAZY_GRU,matpower/case2383wp/2017-07-15,1108.0,case2383wp,2383,2017-07-15,OPTIMAL,True,3000.0,36.93333333333333,21108000.0,8520990.16,59.6,mip_progress,False,results/paper_m4pro_fullmodes_2026-04-29/logs/gurobi/test/matpower_case2383wp_2017-07-15__warm_lazy_gru.log
matpower/case2383wp,WARM_LAZY_GRU,matpower/case2383wp/2017-07-15,1132.0,case2383wp,2383,2017-07-15,OPTIMAL,True,3000.0,37.733333333333334,17017460.0,8520990.16,49.9,mip_progress,True,results/paper_m4pro_fullmodes_2026-04-29/logs/gurobi/test/matpower_case2383wp_2017-07-15__warm_lazy_gru.log
matpower/case2383wp,WARM_LAZY_GRU,matpower/case2383wp/2017-07-15,1133.0,case2383wp,2383,2017-07-15,OPTIMAL,True,3000.0,37.766666666666666,17017000.0,8527883.65,49.9,mip_progress,False,results/paper_m4pro_fullmodes_2026-04-29/logs/gurobi/test/matpower_case2383wp_2017-07-15__warm_lazy_gru.log
matpower/case2383wp,WARM_LAZY_GRU,matpower/case2383wp/2017-07-15,1134.0,case2383wp,2383,2017-07-15,OPTIMAL,True,3000.0,37.8,17017000.0,8557126.39,49.7,mip_progress,False,results/paper_m4pro_fullmodes_2026-04-29/logs/gurobi/test/matpower_case2383wp_2017-07-15__warm_lazy_gru.log
matpower/case2383wp,WARM_LAZY_GRU,matpower/case2383wp/2017-07-15,1135.0,case2383wp,2383,2017-07-15,OPTIMAL,True,3000.0,37.833333333333336,17017000.0,8557154.91,49.7,mip_progress,False,results/paper_m4pro_fullmodes_2026-04-29/logs/gurobi/test/matpower_case2383wp_2017-07-15__warm_lazy_gru.log
matpower/case2383wp,WARM_LAZY_GRU,matpower/case2383wp/2017-07-15,1138.0,case2383wp,2383,2017-07-15,OPTIMAL,True,3000.0,37.93333333333333,17017000.0,8557207.02,49.7,mip_progress,False,results/paper_m4pro_fullmodes_2026-04-29/logs/gurobi/test/matpower_case2383wp_2017-07-15__warm_lazy_gru.log
matpower/case2383wp,WARM_LAZY_GRU,matpower/case2383wp/2017-07-15,1162.0,case2383wp,2383,2017-07-15,OPTIMAL,True,3000.0,38.733333333333334,17017000.0,8557223.58,49.7,mip_progress,False,results/paper_m4pro_fullmodes_2026-04-29/logs/gurobi/test/matpower_case2383wp_2017-07-15__warm_lazy_gru.log
matpower/case2383wp,WARM_LAZY_GRU,matpower/case2383wp/2017-07-15,1186.0,case2383wp,2383,2017-07-15,OPTIMAL,True,3000.0,39.53333333333333,8559819.5859,8557223.58,0.03,mip_progress,True,results/paper_m4pro_fullmodes_2026-04-29/logs/gurobi/test/matpower_case2383wp_2017-07-15__warm_lazy_gru.log
matpower/case2383wp,WARM_LAZY_GRU,matpower/case2383wp/2017-07-15,1290.926798,case2383wp,2383,2017-07-15,OPTIMAL,True,3000.0,43.030893266666666,,,0.03,result_final,False,results/paper_m4pro_fullmodes_2026-04-29/logs/gurobi/test/matpower_case2383wp_2017-07-15__warm_lazy_gru.log
matpower/case2383wp,WARM_LAZY_GRU,matpower/case2383wp/2017-09-15,561.0,case2383wp,2383,2017-09-15,OPTIMAL,True,3000.0,18.7,84211190.0,6476340.0,92.30940686148718,norel_heuristic,True,results/paper_m4pro_fullmodes_2026-04-29/logs/gurobi/test/matpower_case2383wp_2017-09-15__warm_lazy_gru.log
matpower/case2383wp,WARM_LAZY_GRU,matpower/case2383wp/2017-09-15,591.0,case2383wp,2383,2017-09-15,OPTIMAL,True,3000.0,19.7,79830670.0,6476340.0,91.8874036758053,norel_heuristic,True,results/paper_m4pro_fullmodes_2026-04-29/logs/gurobi/test/matpower_case2383wp_2017-09-15__warm_lazy_gru.log
matpower/case2383wp,WARM_LAZY_GRU,matpower/case2383wp/2017-09-15,757.0,case2383wp,2383,2017-09-15,OPTIMAL,True,3000.0,25.233333333333334,76857840.0,6476340.0,91.5736117486518,norel_heuristic,True,results/paper_m4pro_fullmodes_2026-04-29/logs/gurobi/test/matpower_case2383wp_2017-09-15__warm_lazy_gru.log
matpower/case2383wp,WARM_LAZY_GRU,matpower/case2383wp/2017-09-15,830.0,case2383wp,2383,2017-09-15,OPTIMAL,True,3000.0,27.666666666666668,74673950.0,6476340.0,91.32717634462888,norel_heuristic,True,results/paper_m4pro_fullmodes_2026-04-29/logs/gurobi/test/matpower_case2383wp_2017-09-15__warm_lazy_gru.log
matpower/case2383wp,WARM_LAZY_GRU,matpower/case2383wp/2017-09-15,855.0,case2383wp,2383,2017-09-15,OPTIMAL,True,3000.0,28.5,74338590.0,6476340.0,91.28805106472964,norel_heuristic,True,results/paper_m4pro_fullmodes_2026-04-29/logs/gurobi/test/matpower_case2383wp_2017-09-15__warm_lazy_gru.log
matpower/case2383wp,WARM_LAZY_GRU,matpower/case2383wp/2017-09-15,951.0,case2383wp,2383,2017-09-15,OPTIMAL,True,3000.0,31.7,74339000.0,6485222.04,91.28805106472964,mip_progress,False,results/paper_m4pro_fullmodes_2026-04-29/logs/gurobi/test/matpower_case2383wp_2017-09-15__warm_lazy_gru.log
matpower/case2383wp,WARM_LAZY_GRU,matpower/case2383wp/2017-09-15,975.0,case2383wp,2383,2017-09-15,OPTIMAL,True,3000.0,32.5,74339000.0,6485222.04,91.28805106472964,mip_progress,False,results/paper_m4pro_fullmodes_2026-04-29/logs/gurobi/test/matpower_case2383wp_2017-09-15__warm_lazy_gru.log
matpower/case2383wp,WARM_LAZY_GRU,matpower/case2383wp/2017-09-15,1000.0,case2383wp,2383,2017-09-15,OPTIMAL,True,3000.0,33.333333333333336,6862779.1751,6485222.04,5.5,mip_progress,True,results/paper_m4pro_fullmodes_2026-04-29/logs/gurobi/test/matpower_case2383wp_2017-09-15__warm_lazy_gru.log
matpower/case2383wp,WARM_LAZY_GRU,matpower/case2383wp/2017-09-15,1006.0,case2383wp,2383,2017-09-15,OPTIMAL,True,3000.0,33.53333333333333,6862779.18,6607816.53,3.72,mip_progress,False,results/paper_m4pro_fullmodes_2026-04-29/logs/gurobi/test/matpower_case2383wp_2017-09-15__warm_lazy_gru.log
matpower/case2383wp,WARM_LAZY_GRU,matpower/case2383wp/2017-09-15,1109.776332,case2383wp,2383,2017-09-15,OPTIMAL,True,3000.0,36.9925444,,,3.7151520000000002,result_final,False,results/paper_m4pro_fullmodes_2026-04-29/logs/gurobi/test/matpower_case2383wp_2017-09-15__warm_lazy_gru.log
matpower/case2383wp,WARM_LAZY_GRU,matpower/case2383wp/2017-11-15,494.0,case2383wp,2383,2017-11-15,OPTIMAL,True,3000.0,16.466666666666665,96419620.0,6165850.0,93.60519155748591,norel_heuristic,True,results/paper_m4pro_fullmodes_2026-04-29/logs/gurobi/test/matpower_case2383wp_2017-11-15__warm_lazy_gru.log
matpower/case2383wp,WARM_LAZY_GRU,matpower/case2383wp/2017-11-15,613.0,case2383wp,2383,2017-11-15,OPTIMAL,True,3000.0,20.433333333333334,92861110.0,6165850.0,93.36013752150927,norel_heuristic,True,results/paper_m4pro_fullmodes_2026-04-29/logs/gurobi/test/matpower_case2383wp_2017-11-15__warm_lazy_gru.log
matpower/case2383wp,WARM_LAZY_GRU,matpower/case2383wp/2017-11-15,728.0,case2383wp,2383,2017-11-15,OPTIMAL,True,3000.0,24.266666666666666,89279660.0,6165850.0,93.0937797030141,norel_heuristic,True,results/paper_m4pro_fullmodes_2026-04-29/logs/gurobi/test/matpower_case2383wp_2017-11-15__warm_lazy_gru.log
matpower/case2383wp,WARM_LAZY_GRU,matpower/case2383wp/2017-11-15,801.0,case2383wp,2383,2017-11-15,OPTIMAL,True,3000.0,26.7,87610140.0,6165850.0,92.9621731000544,norel_heuristic,True,results/paper_m4pro_fullmodes_2026-04-29/logs/gurobi/test/matpower_case2383wp_2017-11-15__warm_lazy_gru.log
matpower/case2383wp,WARM_LAZY_GRU,matpower/case2383wp/2017-11-15,850.0,case2383wp,2383,2017-11-15,OPTIMAL,True,3000.0,28.333333333333332,87165170.0,6165850.0,92.92624565523133,norel_heuristic,True,results/paper_m4pro_fullmodes_2026-04-29/logs/gurobi/test/matpower_case2383wp_2017-11-15__warm_lazy_gru.log
matpower/case2383wp,WARM_LAZY_GRU,matpower/case2383wp/2017-11-15,875.0,case2383wp,2383,2017-11-15,OPTIMAL,True,3000.0,29.166666666666668,87156440.0,6165850.0,92.92553711464122,norel_heuristic,True,results/paper_m4pro_fullmodes_2026-04-29/logs/gurobi/test/matpower_case2383wp_2017-11-15__warm_lazy_gru.log
matpower/case2383wp,WARM_LAZY_GRU,matpower/case2383wp/2017-11-15,997.0,case2383wp,2383,2017-11-15,OPTIMAL,True,3000.0,33.233333333333334,87156000.0,6182942.94,92.9,mip_progress,False,results/paper_m4pro_fullmodes_2026-04-29/logs/gurobi/test/matpower_case2383wp_2017-11-15__warm_lazy_gru.log
matpower/case2383wp,WARM_LAZY_GRU,matpower/case2383wp/2017-11-15,1022.0,case2383wp,2383,2017-11-15,OPTIMAL,True,3000.0,34.06666666666667,7297998.4117,6182942.94,15.3,mip_progress,True,results/paper_m4pro_fullmodes_2026-04-29/logs/gurobi/test/matpower_case2383wp_2017-11-15__warm_lazy_gru.log
matpower/case2383wp,WARM_LAZY_GRU,matpower/case2383wp/2017-11-15,1029.0,case2383wp,2383,2017-11-15,OPTIMAL,True,3000.0,34.3,7297998.41,6382333.91,12.5,mip_progress,False,results/paper_m4pro_fullmodes_2026-04-29/logs/gurobi/test/matpower_case2383wp_2017-11-15__warm_lazy_gru.log
matpower/case2383wp,WARM_LAZY_GRU,matpower/case2383wp/2017-11-15,1053.0,case2383wp,2383,2017-11-15,OPTIMAL,True,3000.0,35.1,7297998.41,6382337.05,12.5,mip_progress,False,results/paper_m4pro_fullmodes_2026-04-29/logs/gurobi/test/matpower_case2383wp_2017-11-15__warm_lazy_gru.log
matpower/case2383wp,WARM_LAZY_GRU,matpower/case2383wp/2017-11-15,1077.0,case2383wp,2383,2017-11-15,OPTIMAL,True,3000.0,35.9,6385636.0873,6382337.05,0.05,mip_progress,True,results/paper_m4pro_fullmodes_2026-04-29/logs/gurobi/test/matpower_case2383wp_2017-11-15__warm_lazy_gru.log
matpower/case2383wp,WARM_LAZY_GRU,matpower/case2383wp/2017-11-15,1180.805852,case2383wp,2383,2017-11-15,OPTIMAL,True,3000.0,39.36019506666667,,,0.05,result_final,False,results/paper_m4pro_fullmodes_2026-04-29/logs/gurobi/test/matpower_case2383wp_2017-11-15__warm_lazy_gru.log
matpower/case2383wp,WARM_PRUNE_LAZY_T030,matpower/case2383wp/2017-01-15,575.0,case2383wp,2383,2017-01-15,OPTIMAL,False,3000.0,19.166666666666668,44457860.0,7724600.0,82.6248946755422,norel_heuristic,True,results/paper_m4pro_fullmodes_2026-04-29/logs/gurobi/test/matpower_case2383wp_2017-01-15__warm_prune_lazy_t030.log
matpower/case2383wp,WARM_PRUNE_LAZY_T030,matpower/case2383wp/2017-01-15,581.0,case2383wp,2383,2017-01-15,OPTIMAL,False,3000.0,19.366666666666667,42431140.0,7724600.0,81.79497416284362,norel_heuristic,True,results/paper_m4pro_fullmodes_2026-04-29/logs/gurobi/test/matpower_case2383wp_2017-01-15__warm_prune_lazy_t030.log
matpower/case2383wp,WARM_PRUNE_LAZY_T030,matpower/case2383wp/2017-01-15,627.0,case2383wp,2383,2017-01-15,OPTIMAL,False,3000.0,20.9,37232050.0,7724600.0,79.25282115811513,norel_heuristic,True,results/paper_m4pro_fullmodes_2026-04-29/logs/gurobi/test/matpower_case2383wp_2017-01-15__warm_prune_lazy_t030.log
matpower/case2383wp,WARM_PRUNE_LAZY_T030,matpower/case2383wp/2017-01-15,633.0,case2383wp,2383,2017-01-15,OPTIMAL,False,3000.0,21.1,36529110.0,7724600.0,78.85357732504296,norel_heuristic,True,results/paper_m4pro_fullmodes_2026-04-29/logs/gurobi/test/matpower_case2383wp_2017-01-15__warm_prune_lazy_t030.log
matpower/case2383wp,WARM_PRUNE_LAZY_T030,matpower/case2383wp/2017-01-15,731.0,case2383wp,2383,2017-01-15,OPTIMAL,False,3000.0,24.366666666666667,21889640.0,7724600.0,64.7111601652654,norel_heuristic,True,results/paper_m4pro_fullmodes_2026-04-29/logs/gurobi/test/matpower_case2383wp_2017-01-15__warm_prune_lazy_t030.log
matpower/case2383wp,WARM_PRUNE_LAZY_T030,matpower/case2383wp/2017-01-15,897.0,case2383wp,2383,2017-01-15,OPTIMAL,False,3000.0,29.9,7724940.6614,7724600.0,0.004409890184682596,norel_heuristic,True,results/paper_m4pro_fullmodes_2026-04-29/logs/gurobi/test/matpower_case2383wp_2017-01-15__warm_prune_lazy_t030.log
matpower/case2383wp,WARM_PRUNE_LAZY_T030,matpower/case2383wp/2017-01-15,1127.418414,case2383wp,2383,2017-01-15,OPTIMAL,False,3000.0,37.5806138,,,0.004358,result_final,False,results/paper_m4pro_fullmodes_2026-04-29/logs/gurobi/test/matpower_case2383wp_2017-01-15__warm_prune_lazy_t030.log
matpower/case2383wp,WARM_PRUNE_LAZY_T030,matpower/case2383wp/2017-03-15,476.0,case2383wp,2383,2017-03-15,OPTIMAL,False,3000.0,15.866666666666667,55886170.0,7615380.0,86.37340866264408,norel_heuristic,True,results/paper_m4pro_fullmodes_2026-04-29/logs/gurobi/test/matpower_case2383wp_2017-03-15__warm_prune_lazy_t030.log
matpower/case2383wp,WARM_PRUNE_LAZY_T030,matpower/case2383wp/2017-03-15,539.0,case2383wp,2383,2017-03-15,OPTIMAL,False,3000.0,17.966666666666665,49367880.0,7615380.0,84.57422113325507,norel_heuristic,True,results/paper_m4pro_fullmodes_2026-04-29/logs/gurobi/test/matpower_case2383wp_2017-03-15__warm_prune_lazy_t030.log
matpower/case2383wp,WARM_PRUNE_LAZY_T030,matpower/case2383wp/2017-03-15,547.0,case2383wp,2383,2017-03-15,OPTIMAL,False,3000.0,18.233333333333334,48620200.0,7615380.0,84.33700396131648,norel_heuristic,True,results/paper_m4pro_fullmodes_2026-04-29/logs/gurobi/test/matpower_case2383wp_2017-03-15__warm_prune_lazy_t030.log
matpower/case2383wp,WARM_PRUNE_LAZY_T030,matpower/case2383wp/2017-03-15,653.0,case2383wp,2383,2017-03-15,OPTIMAL,False,3000.0,21.766666666666666,34091030.0,7615380.0,77.66163122674791,norel_heuristic,True,results/paper_m4pro_fullmodes_2026-04-29/logs/gurobi/test/matpower_case2383wp_2017-03-15__warm_prune_lazy_t030.log
matpower/case2383wp,WARM_PRUNE_LAZY_T030,matpower/case2383wp/2017-03-15,832.0,case2383wp,2383,2017-03-15,OPTIMAL,False,3000.0,27.733333333333334,7616315.4327,7615380.0,0.012281958491156651,norel_heuristic,True,results/paper_m4pro_fullmodes_2026-04-29/logs/gurobi/test/matpower_case2383wp_2017-03-15__warm_prune_lazy_t030.log
matpower/case2383wp,WARM_PRUNE_LAZY_T030,matpower/case2383wp/2017-03-15,1085.964515,case2383wp,2383,2017-03-15,OPTIMAL,False,3000.0,36.198817166666664,,,0.012281958491156651,result_final,False,results/paper_m4pro_fullmodes_2026-04-29/logs/gurobi/test/matpower_case2383wp_2017-03-15__warm_prune_lazy_t030.log
matpower/case2383wp,WARM_PRUNE_LAZY_T030,matpower/case2383wp/2017-05-15,407.0,case2383wp,2383,2017-05-15,OPTIMAL,True,3000.0,13.566666666666666,29369500.0,5598570.0,80.93746914315872,norel_heuristic,True,results/paper_m4pro_fullmodes_2026-04-29/logs/gurobi/test/matpower_case2383wp_2017-05-15__warm_prune_lazy_t030.log
matpower/case2383wp,WARM_PRUNE_LAZY_T030,matpower/case2383wp/2017-05-15,418.0,case2383wp,2383,2017-05-15,OPTIMAL,True,3000.0,13.933333333333334,19629850.0,5598570.0,71.47930320404893,norel_heuristic,True,results/paper_m4pro_fullmodes_2026-04-29/logs/gurobi/test/matpower_case2383wp_2017-05-15__warm_prune_lazy_t030.log
matpower/case2383wp,WARM_PRUNE_LAZY_T030,matpower/case2383wp/2017-05-15,437.0,case2383wp,2383,2017-05-15,OPTIMAL,True,3000.0,14.566666666666666,19628200.0,5598570.0,71.47690567652663,norel_heuristic,True,results/paper_m4pro_fullmodes_2026-04-29/logs/gurobi/test/matpower_case2383wp_2017-05-15__warm_prune_lazy_t030.log
matpower/case2383wp,WARM_PRUNE_LAZY_T030,matpower/case2383wp/2017-05-15,585.0,case2383wp,2383,2017-05-15,OPTIMAL,True,3000.0,19.5,19392610.0,5598570.0,71.1303945162616,norel_heuristic,True,results/paper_m4pro_fullmodes_2026-04-29/logs/gurobi/test/matpower_case2383wp_2017-05-15__warm_prune_lazy_t030.log
matpower/case2383wp,WARM_PRUNE_LAZY_T030,matpower/case2383wp/2017-05-15,932.0,case2383wp,2383,2017-05-15,OPTIMAL,True,3000.0,31.066666666666666,19393000.0,5598568.01,71.1,mip_progress,False,results/paper_m4pro_fullmodes_2026-04-29/logs/gurobi/test/matpower_case2383wp_2017-05-15__warm_prune_lazy_t030.log
matpower/case2383wp,WARM_PRUNE_LAZY_T030,matpower/case2383wp/2017-05-15,935.0,case2383wp,2383,2017-05-15,OPTIMAL,True,3000.0,31.166666666666668,5862753.0591,5598568.01,4.51,mip_progress,True,results/paper_m4pro_fullmodes_2026-04-29/logs/gurobi/test/matpower_case2383wp_2017-05-15__warm_prune_lazy_t030.log
matpower/case2383wp,WARM_PRUNE_LAZY_T030,matpower/case2383wp/2017-05-15,1067.547718,case2383wp,2383,2017-05-15,OPTIMAL,True,3000.0,35.584923933333336,,,4.50616,result_final,False,results/paper_m4pro_fullmodes_2026-04-29/logs/gurobi/test/matpower_case2383wp_2017-05-15__warm_prune_lazy_t030.log
matpower/case2383wp,WARM_PRUNE_LAZY_T030,matpower/case2383wp/2017-07-15,505.0,case2383wp,2383,2017-07-15,OPTIMAL,False,3000.0,16.833333333333332,105003900.0,8403410.0,91.99704963339457,norel_heuristic,True,results/paper_m4pro_fullmodes_2026-04-29/logs/gurobi/test/matpower_case2383wp_2017-07-15__warm_prune_lazy_t030.log
matpower/case2383wp,WARM_PRUNE_LAZY_T030,matpower/case2383wp/2017-07-15,516.0,case2383wp,2383,2017-07-15,OPTIMAL,False,3000.0,17.2,101754800.0,8403410.0,91.74150998282146,norel_heuristic,True,results/paper_m4pro_fullmodes_2026-04-29/logs/gurobi/test/matpower_case2383wp_2017-07-15__warm_prune_lazy_t030.log
matpower/case2383wp,WARM_PRUNE_LAZY_T030,matpower/case2383wp/2017-07-15,573.0,case2383wp,2383,2017-07-15,OPTIMAL,False,3000.0,19.1,95476950.0,8403410.0,91.19849345836874,norel_heuristic,True,results/paper_m4pro_fullmodes_2026-04-29/logs/gurobi/test/matpower_case2383wp_2017-07-15__warm_prune_lazy_t030.log
matpower/case2383wp,WARM_PRUNE_LAZY_T030,matpower/case2383wp/2017-07-15,579.0,case2383wp,2383,2017-07-15,OPTIMAL,False,3000.0,19.3,94895710.0,8403410.0,91.14458388055688,norel_heuristic,True,results/paper_m4pro_fullmodes_2026-04-29/logs/gurobi/test/matpower_case2383wp_2017-07-15__warm_prune_lazy_t030.log
matpower/case2383wp,WARM_PRUNE_LAZY_T030,matpower/case2383wp/2017-07-15,585.0,case2383wp,2383,2017-07-15,OPTIMAL,False,3000.0,19.5,94876670.0,8403410.0,91.14280676166227,norel_heuristic,True,results/paper_m4pro_fullmodes_2026-04-29/logs/gurobi/test/matpower_case2383wp_2017-07-15__warm_prune_lazy_t030.log
matpower/case2383wp,WARM_PRUNE_LAZY_T030,matpower/case2383wp/2017-07-15,677.0,case2383wp,2383,2017-07-15,OPTIMAL,False,3000.0,22.566666666666666,36407090.0,8403410.0,76.9182046683764,norel_heuristic,True,results/paper_m4pro_fullmodes_2026-04-29/logs/gurobi/test/matpower_case2383wp_2017-07-15__warm_prune_lazy_t030.log
matpower/case2383wp,WARM_PRUNE_LAZY_T030,matpower/case2383wp/2017-07-15,1019.0,case2383wp,2383,2017-07-15,OPTIMAL,False,3000.0,33.96666666666667,36407000.0,8403790.81,76.9,mip_progress,False,results/paper_m4pro_fullmodes_2026-04-29/logs/gurobi/test/matpower_case2383wp_2017-07-15__warm_prune_lazy_t030.log
matpower/case2383wp,WARM_PRUNE_LAZY_T030,matpower/case2383wp/2017-07-15,1020.0,case2383wp,2383,2017-07-15,OPTIMAL,False,3000.0,34.0,36407000.0,8403790.81,76.9,mip_progress,False,results/paper_m4pro_fullmodes_2026-04-29/logs/gurobi/test/matpower_case2383wp_2017-07-15__warm_prune_lazy_t030.log
matpower/case2383wp,WARM_PRUNE_LAZY_T030,matpower/case2383wp/2017-07-15,1023.0,case2383wp,2383,2017-07-15,OPTIMAL,False,3000.0,34.1,20170160.0,8403790.81,58.3,mip_progress,True,results/paper_m4pro_fullmodes_2026-04-29/logs/gurobi/test/matpower_case2383wp_2017-07-15__warm_prune_lazy_t030.log
matpower/case2383wp,WARM_PRUNE_LAZY_T030,matpower/case2383wp/2017-07-15,1030.0,case2383wp,2383,2017-07-15,OPTIMAL,False,3000.0,34.333333333333336,20170000.0,8416539.2,58.3,mip_progress,False,results/paper_m4pro_fullmodes_2026-04-29/logs/gurobi/test/matpower_case2383wp_2017-07-15__warm_prune_lazy_t030.log
matpower/case2383wp,WARM_PRUNE_LAZY_T030,matpower/case2383wp/2017-07-15,1032.0,case2383wp,2383,2017-07-15,OPTIMAL,False,3000.0,34.4,8421354.1346,8416545.31,0.06,mip_progress,True,results/paper_m4pro_fullmodes_2026-04-29/logs/gurobi/test/matpower_case2383wp_2017-07-15__warm_prune_lazy_t030.log
matpower/case2383wp,WARM_PRUNE_LAZY_T030,matpower/case2383wp/2017-07-15,1165.92217,case2383wp,2383,2017-07-15,OPTIMAL,False,3000.0,38.86407233333333,,,0.057103,result_final,False,results/paper_m4pro_fullmodes_2026-04-29/logs/gurobi/test/matpower_case2383wp_2017-07-15__warm_prune_lazy_t030.log
matpower/case2383wp,WARM_PRUNE_LAZY_T030,matpower/case2383wp/2017-09-15,458.0,case2383wp,2383,2017-09-15,OPTIMAL,False,3000.0,15.266666666666667,23802960.0,6476340.0,72.79187126306981,norel_heuristic,True,results/paper_m4pro_fullmodes_2026-04-29/logs/gurobi/test/matpower_case2383wp_2017-09-15__warm_prune_lazy_t030.log
matpower/case2383wp,WARM_PRUNE_LAZY_T030,matpower/case2383wp/2017-09-15,468.0,case2383wp,2383,2017-09-15,OPTIMAL,False,3000.0,15.6,22720920.0,6476340.0,71.49613660010246,norel_heuristic,True,results/paper_m4pro_fullmodes_2026-04-29/logs/gurobi/test/matpower_case2383wp_2017-09-15__warm_prune_lazy_t030.log
matpower/case2383wp,WARM_PRUNE_LAZY_T030,matpower/case2383wp/2017-09-15,1541.0,case2383wp,2383,2017-09-15,OPTIMAL,False,3000.0,51.36666666666667,22721000.0,6476339.59,71.49613660010246,mip_progress,False,results/paper_m4pro_fullmodes_2026-04-29/logs/gurobi/test/matpower_case2383wp_2017-09-15__warm_prune_lazy_t030.log
matpower/case2383wp,WARM_PRUNE_LAZY_T030,matpower/case2383wp/2017-09-15,1544.0,case2383wp,2383,2017-09-15,OPTIMAL,False,3000.0,51.46666666666667,6862151.0319,6476339.59,5.62,mip_progress,True,results/paper_m4pro_fullmodes_2026-04-29/logs/gurobi/test/matpower_case2383wp_2017-09-15__warm_prune_lazy_t030.log
matpower/case2383wp,WARM_PRUNE_LAZY_T030,matpower/case2383wp/2017-09-15,1550.0,case2383wp,2383,2017-09-15,OPTIMAL,False,3000.0,51.666666666666664,6862151.03,6476474.24,5.62,mip_progress,False,results/paper_m4pro_fullmodes_2026-04-29/logs/gurobi/test/matpower_case2383wp_2017-09-15__warm_prune_lazy_t030.log
matpower/case2383wp,WARM_PRUNE_LAZY_T030,matpower/case2383wp/2017-09-15,1551.0,case2383wp,2383,2017-09-15,OPTIMAL,False,3000.0,51.7,6476510.4271,6476480.88,0.0,mip_progress,True,results/paper_m4pro_fullmodes_2026-04-29/logs/gurobi/test/matpower_case2383wp_2017-09-15__warm_prune_lazy_t030.log
matpower/case2383wp,WARM_PRUNE_LAZY_T030,matpower/case2383wp/2017-09-15,1685.321292,case2383wp,2383,2017-09-15,OPTIMAL,False,3000.0,56.1773764,,,0.0,result_final,False,results/paper_m4pro_fullmodes_2026-04-29/logs/gurobi/test/matpower_case2383wp_2017-09-15__warm_prune_lazy_t030.log
matpower/case2383wp,WARM_PRUNE_LAZY_T030,matpower/case2383wp/2017-11-15,508.0,case2383wp,2383,2017-11-15,OPTIMAL,False,3000.0,16.933333333333334,21876970.0,6165850.0,71.81579533180326,norel_heuristic,True,results/paper_m4pro_fullmodes_2026-04-29/logs/gurobi/test/matpower_case2383wp_2017-11-15__warm_prune_lazy_t030.log
matpower/case2383wp,WARM_PRUNE_LAZY_T030,matpower/case2383wp/2017-11-15,533.0,case2383wp,2383,2017-11-15,OPTIMAL,False,3000.0,17.766666666666666,11467870.0,6165850.0,46.23369466169393,norel_heuristic,True,results/paper_m4pro_fullmodes_2026-04-29/logs/gurobi/test/matpower_case2383wp_2017-11-15__warm_prune_lazy_t030.log
matpower/case2383wp,WARM_PRUNE_LAZY_T030,matpower/case2383wp/2017-11-15,578.0,case2383wp,2383,2017-11-15,OPTIMAL,False,3000.0,19.266666666666666,11467830.0,6165850.0,46.233507123841214,norel_heuristic,True,results/paper_m4pro_fullmodes_2026-04-29/logs/gurobi/test/matpower_case2383wp_2017-11-15__warm_prune_lazy_t030.log
matpower/case2383wp,WARM_PRUNE_LAZY_T030,matpower/case2383wp/2017-11-15,774.0,case2383wp,2383,2017-11-15,OPTIMAL,False,3000.0,25.8,11409740.0,6165850.0,45.95976770723961,norel_heuristic,True,results/paper_m4pro_fullmodes_2026-04-29/logs/gurobi/test/matpower_case2383wp_2017-11-15__warm_prune_lazy_t030.log
matpower/case2383wp,WARM_PRUNE_LAZY_T030,matpower/case2383wp/2017-11-15,930.0,case2383wp,2383,2017-11-15,OPTIMAL,False,3000.0,31.0,11410000.0,6165854.59,45.95976770723961,mip_progress,False,results/paper_m4pro_fullmodes_2026-04-29/logs/gurobi/test/matpower_case2383wp_2017-11-15__warm_prune_lazy_t030.log
matpower/case2383wp,WARM_PRUNE_LAZY_T030,matpower/case2383wp/2017-11-15,932.0,case2383wp,2383,2017-11-15,OPTIMAL,False,3000.0,31.066666666666666,7297998.4117,6165854.59,15.5,mip_progress,True,results/paper_m4pro_fullmodes_2026-04-29/logs/gurobi/test/matpower_case2383wp_2017-11-15__warm_prune_lazy_t030.log
matpower/case2383wp,WARM_PRUNE_LAZY_T030,matpower/case2383wp/2017-11-15,939.0,case2383wp,2383,2017-11-15,OPTIMAL,False,3000.0,31.3,7297998.41,6167247.67,15.5,mip_progress,False,results/paper_m4pro_fullmodes_2026-04-29/logs/gurobi/test/matpower_case2383wp_2017-11-15__warm_prune_lazy_t030.log
matpower/case2383wp,WARM_PRUNE_LAZY_T030,matpower/case2383wp/2017-11-15,940.0,case2383wp,2383,2017-11-15,OPTIMAL,False,3000.0,31.333333333333332,6168083.6241,6167253.16,0.01,mip_progress,True,results/paper_m4pro_fullmodes_2026-04-29/logs/gurobi/test/matpower_case2383wp_2017-11-15__warm_prune_lazy_t030.log
matpower/case2383wp,WARM_PRUNE_LAZY_T030,matpower/case2383wp/2017-11-15,1082.217062,case2383wp,2383,2017-11-15,OPTIMAL,False,3000.0,36.07390206666667,,,0.01,result_final,False,results/paper_m4pro_fullmodes_2026-04-29/logs/gurobi/test/matpower_case2383wp_2017-11-15__warm_prune_lazy_t030.log
matpower/case3375wp,LAZY_ALL,matpower/case3375wp/2017-01-15,1644.0,case3375wp,3375,2017-01-15,TIME_LIMIT,True,3600.0,45.666666666666664,620656900.0,25069000.0,96.0,mip_progress,True,results/paper_m4pro_fullmodes_2026-04-29/logs/gurobi/test/matpower_case3375wp_2017-01-15__lazy_all.log
matpower/case3375wp,LAZY_ALL,matpower/case3375wp/2017-01-15,2006.0,case3375wp,3375,2017-01-15,TIME_LIMIT,True,3600.0,55.72222222222222,620660000.0,33791000.0,94.6,mip_progress,False,results/paper_m4pro_fullmodes_2026-04-29/logs/gurobi/test/matpower_case3375wp_2017-01-15__lazy_all.log
matpower/case3375wp,LAZY_ALL,matpower/case3375wp/2017-01-15,2061.0,case3375wp,3375,2017-01-15,TIME_LIMIT,True,3600.0,57.25,620660000.0,33794000.0,94.6,mip_progress,False,results/paper_m4pro_fullmodes_2026-04-29/logs/gurobi/test/matpower_case3375wp_2017-01-15__lazy_all.log
matpower/case3375wp,LAZY_ALL,matpower/case3375wp/2017-01-15,2123.0,case3375wp,3375,2017-01-15,TIME_LIMIT,True,3600.0,58.97222222222222,620660000.0,33924000.0,94.5,mip_progress,False,results/paper_m4pro_fullmodes_2026-04-29/logs/gurobi/test/matpower_case3375wp_2017-01-15__lazy_all.log
matpower/case3375wp,LAZY_ALL,matpower/case3375wp/2017-01-15,2126.0,case3375wp,3375,2017-01-15,TIME_LIMIT,True,3600.0,59.05555555555556,620660000.0,33925000.0,94.5,mip_progress,False,results/paper_m4pro_fullmodes_2026-04-29/logs/gurobi/test/matpower_case3375wp_2017-01-15__lazy_all.log
matpower/case3375wp,LAZY_ALL,matpower/case3375wp/2017-01-15,2211.0,case3375wp,3375,2017-01-15,TIME_LIMIT,True,3600.0,61.416666666666664,620660000.0,34271000.0,94.5,mip_progress,False,results/paper_m4pro_fullmodes_2026-04-29/logs/gurobi/test/matpower_case3375wp_2017-01-15__lazy_all.log
matpower/case3375wp,LAZY_ALL,matpower/case3375wp/2017-01-15,2293.0,case3375wp,3375,2017-01-15,TIME_LIMIT,True,3600.0,63.69444444444444,620660000.0,34271000.0,94.5,mip_progress,False,results/paper_m4pro_fullmodes_2026-04-29/logs/gurobi/test/matpower_case3375wp_2017-01-15__lazy_all.log
matpower/case3375wp,LAZY_ALL,matpower/case3375wp/2017-01-15,2398.0,case3375wp,3375,2017-01-15,TIME_LIMIT,True,3600.0,66.61111111111111,620660000.0,34271000.0,94.5,mip_progress,False,results/paper_m4pro_fullmodes_2026-04-29/logs/gurobi/test/matpower_case3375wp_2017-01-15__lazy_all.log
matpower/case3375wp,LAZY_ALL,matpower/case3375wp/2017-01-15,2501.0,case3375wp,3375,2017-01-15,TIME_LIMIT,True,3600.0,69.47222222222223,243001700.0,34271000.0,85.9,mip_progress,True,results/paper_m4pro_fullmodes_2026-04-29/logs/gurobi/test/matpower_case3375wp_2017-01-15__lazy_all.log
matpower/case3375wp,LAZY_ALL,matpower/case3375wp/2017-01-15,2581.0,case3375wp,3375,2017-01-15,TIME_LIMIT,True,3600.0,71.69444444444444,243000000.0,35420000.0,85.4,mip_progress,False,results/paper_m4pro_fullmodes_2026-04-29/logs/gurobi/test/matpower_case3375wp_2017-01-15__lazy_all.log
matpower/case3375wp,LAZY_ALL,matpower/case3375wp/2017-01-15,2582.0,case3375wp,3375,2017-01-15,TIME_LIMIT,True,3600.0,71.72222222222223,243000000.0,35420000.0,85.4,mip_progress,False,results/paper_m4pro_fullmodes_2026-04-29/logs/gurobi/test/matpower_case3375wp_2017-01-15__lazy_all.log
matpower/case3375wp,LAZY_ALL,matpower/case3375wp/2017-01-15,2632.0,case3375wp,3375,2017-01-15,TIME_LIMIT,True,3600.0,73.11111111111111,243000000.0,35449000.0,85.4,mip_progress,False,results/paper_m4pro_fullmodes_2026-04-29/logs/gurobi/test/matpower_case3375wp_2017-01-15__lazy_all.log
matpower/case3375wp,LAZY_ALL,matpower/case3375wp/2017-01-15,2651.0,case3375wp,3375,2017-01-15,TIME_LIMIT,True,3600.0,73.63888888888889,243000000.0,35450000.0,85.4,mip_progress,False,results/paper_m4pro_fullmodes_2026-04-29/logs/gurobi/test/matpower_case3375wp_2017-01-15__lazy_all.log
matpower/case3375wp,LAZY_ALL,matpower/case3375wp/2017-01-15,2682.0,case3375wp,3375,2017-01-15,TIME_LIMIT,True,3600.0,74.5,243000000.0,35488000.0,85.4,mip_progress,False,results/paper_m4pro_fullmodes_2026-04-29/logs/gurobi/test/matpower_case3375wp_2017-01-15__lazy_all.log
matpower/case3375wp,LAZY_ALL,matpower/case3375wp/2017-01-15,2686.0,case3375wp,3375,2017-01-15,TIME_LIMIT,True,3600.0,74.61111111111111,243000000.0,35489000.0,85.4,mip_progress,False,results/paper_m4pro_fullmodes_2026-04-29/logs/gurobi/test/matpower_case3375wp_2017-01-15__lazy_all.log
matpower/case3375wp,LAZY_ALL,matpower/case3375wp/2017-01-15,2808.0,case3375wp,3375,2017-01-15,TIME_LIMIT,True,3600.0,78.0,243000000.0,35489000.0,85.4,mip_progress,False,results/paper_m4pro_fullmodes_2026-04-29/logs/gurobi/test/matpower_case3375wp_2017-01-15__lazy_all.log
matpower/case3375wp,LAZY_ALL,matpower/case3375wp/2017-01-15,2953.0,case3375wp,3375,2017-01-15,TIME_LIMIT,True,3600.0,82.02777777777777,243000000.0,35667000.0,85.3,mip_progress,False,results/paper_m4pro_fullmodes_2026-04-29/logs/gurobi/test/matpower_case3375wp_2017-01-15__lazy_all.log
matpower/case3375wp,LAZY_ALL,matpower/case3375wp/2017-01-15,2967.0,case3375wp,3375,2017-01-15,TIME_LIMIT,True,3600.0,82.41666666666667,243000000.0,35668000.0,85.3,mip_progress,False,results/paper_m4pro_fullmodes_2026-04-29/logs/gurobi/test/matpower_case3375wp_2017-01-15__lazy_all.log
matpower/case3375wp,LAZY_ALL,matpower/case3375wp/2017-01-15,3012.0,case3375wp,3375,2017-01-15,TIME_LIMIT,True,3600.0,83.66666666666667,243000000.0,35704000.0,85.3,mip_progress,False,results/paper_m4pro_fullmodes_2026-04-29/logs/gurobi/test/matpower_case3375wp_2017-01-15__lazy_all.log
matpower/case3375wp,LAZY_ALL,matpower/case3375wp/2017-01-15,3101.0,case3375wp,3375,2017-01-15,TIME_LIMIT,True,3600.0,86.13888888888889,243000000.0,35704000.0,85.3,mip_progress,False,results/paper_m4pro_fullmodes_2026-04-29/logs/gurobi/test/matpower_case3375wp_2017-01-15__lazy_all.log
matpower/case3375wp,LAZY_ALL,matpower/case3375wp/2017-01-15,3215.0,case3375wp,3375,2017-01-15,TIME_LIMIT,True,3600.0,89.30555555555556,243000000.0,35716000.0,85.3,mip_progress,False,results/paper_m4pro_fullmodes_2026-04-29/logs/gurobi/test/matpower_case3375wp_2017-01-15__lazy_all.log
matpower/case3375wp,LAZY_ALL,matpower/case3375wp/2017-01-15,3295.0,case3375wp,3375,2017-01-15,TIME_LIMIT,True,3600.0,91.52777777777777,243000000.0,35716000.0,85.3,mip_progress,False,results/paper_m4pro_fullmodes_2026-04-29/logs/gurobi/test/matpower_case3375wp_2017-01-15__lazy_all.log
matpower/case3375wp,LAZY_ALL,matpower/case3375wp/2017-01-15,3438.0,case3375wp,3375,2017-01-15,TIME_LIMIT,True,3600.0,95.5,243000000.0,35773000.0,85.3,mip_progress,False,results/paper_m4pro_fullmodes_2026-04-29/logs/gurobi/test/matpower_case3375wp_2017-01-15__lazy_all.log
matpower/case3375wp,LAZY_ALL,matpower/case3375wp/2017-01-15,3596.0,case3375wp,3375,2017-01-15,TIME_LIMIT,True,3600.0,99.88888888888889,243000000.0,35774000.0,85.3,mip_progress,False,results/paper_m4pro_fullmodes_2026-04-29/logs/gurobi/test/matpower_case3375wp_2017-01-15__lazy_all.log
matpower/case3375wp,LAZY_ALL,matpower/case3375wp/2017-01-15,3655.596515,case3375wp,3375,2017-01-15,TIME_LIMIT,True,3600.0,101.5443476388889,,,85.278473,result_final,False,results/paper_m4pro_fullmodes_2026-04-29/logs/gurobi/test/matpower_case3375wp_2017-01-15__lazy_all.log
matpower/case3375wp,LAZY_ALL,matpower/case3375wp/2017-03-15,1598.0,case3375wp,3375,2017-03-15,TIME_LIMIT,True,3600.0,44.388888888888886,449221400.0,27145000.0,94.0,mip_progress,True,results/paper_m4pro_fullmodes_2026-04-29/logs/gurobi/test/matpower_case3375wp_2017-03-15__lazy_all.log
matpower/case3375wp,LAZY_ALL,matpower/case3375wp/2017-03-15,2054.0,case3375wp,3375,2017-03-15,TIME_LIMIT,True,3600.0,57.05555555555556,449220000.0,36630000.0,91.8,mip_progress,False,results/paper_m4pro_fullmodes_2026-04-29/logs/gurobi/test/matpower_case3375wp_2017-03-15__lazy_all.log
matpower/case3375wp,LAZY_ALL,matpower/case3375wp/2017-03-15,2145.0,case3375wp,3375,2017-03-15,TIME_LIMIT,True,3600.0,59.583333333333336,449220000.0,36667000.0,91.8,mip_progress,False,results/paper_m4pro_fullmodes_2026-04-29/logs/gurobi/test/matpower_case3375wp_2017-03-15__lazy_all.log
matpower/case3375wp,LAZY_ALL,matpower/case3375wp/2017-03-15,2242.0,case3375wp,3375,2017-03-15,TIME_LIMIT,True,3600.0,62.27777777777778,449220000.0,36667000.0,91.8,mip_progress,False,results/paper_m4pro_fullmodes_2026-04-29/logs/gurobi/test/matpower_case3375wp_2017-03-15__lazy_all.log
matpower/case3375wp,LAZY_ALL,matpower/case3375wp/2017-03-15,2350.0,case3375wp,3375,2017-03-15,TIME_LIMIT,True,3600.0,65.27777777777777,449220000.0,36667000.0,91.8,mip_progress,False,results/paper_m4pro_fullmodes_2026-04-29/logs/gurobi/test/matpower_case3375wp_2017-03-15__lazy_all.log
matpower/case3375wp,LAZY_ALL,matpower/case3375wp/2017-03-15,2453.0,case3375wp,3375,2017-03-15,TIME_LIMIT,True,3600.0,68.13888888888889,324847300.0,36667000.0,88.7,mip_progress,True,results/paper_m4pro_fullmodes_2026-04-29/logs/gurobi/test/matpower_case3375wp_2017-03-15__lazy_all.log
matpower/case3375wp,LAZY_ALL,matpower/case3375wp/2017-03-15,2538.0,case3375wp,3375,2017-03-15,TIME_LIMIT,True,3600.0,70.5,324850000.0,38171000.0,88.2,mip_progress,False,results/paper_m4pro_fullmodes_2026-04-29/logs/gurobi/test/matpower_case3375wp_2017-03-15__lazy_all.log
matpower/case3375wp,LAZY_ALL,matpower/case3375wp/2017-03-15,2554.0,case3375wp,3375,2017-03-15,TIME_LIMIT,True,3600.0,70.94444444444444,324850000.0,38175000.0,88.2,mip_progress,False,results/paper_m4pro_fullmodes_2026-04-29/logs/gurobi/test/matpower_case3375wp_2017-03-15__lazy_all.log
matpower/case3375wp,LAZY_ALL,matpower/case3375wp/2017-03-15,2610.0,case3375wp,3375,2017-03-15,TIME_LIMIT,True,3600.0,72.5,324850000.0,38328000.0,88.2,mip_progress,False,results/paper_m4pro_fullmodes_2026-04-29/logs/gurobi/test/matpower_case3375wp_2017-03-15__lazy_all.log
matpower/case3375wp,LAZY_ALL,matpower/case3375wp/2017-03-15,2614.0,case3375wp,3375,2017-03-15,TIME_LIMIT,True,3600.0,72.61111111111111,324850000.0,38331000.0,88.2,mip_progress,False,results/paper_m4pro_fullmodes_2026-04-29/logs/gurobi/test/matpower_case3375wp_2017-03-15__lazy_all.log
matpower/case3375wp,LAZY_ALL,matpower/case3375wp/2017-03-15,2665.0,case3375wp,3375,2017-03-15,TIME_LIMIT,True,3600.0,74.02777777777777,324850000.0,38553000.0,88.1,mip_progress,False,results/paper_m4pro_fullmodes_2026-04-29/logs/gurobi/test/matpower_case3375wp_2017-03-15__lazy_all.log
matpower/case3375wp,LAZY_ALL,matpower/case3375wp/2017-03-15,2667.0,case3375wp,3375,2017-03-15,TIME_LIMIT,True,3600.0,74.08333333333333,324850000.0,38553000.0,88.1,mip_progress,False,results/paper_m4pro_fullmodes_2026-04-29/logs/gurobi/test/matpower_case3375wp_2017-03-15__lazy_all.log
matpower/case3375wp,LAZY_ALL,matpower/case3375wp/2017-03-15,2678.0,case3375wp,3375,2017-03-15,TIME_LIMIT,True,3600.0,74.38888888888889,324850000.0,38554000.0,88.1,mip_progress,False,results/paper_m4pro_fullmodes_2026-04-29/logs/gurobi/test/matpower_case3375wp_2017-03-15__lazy_all.log
matpower/case3375wp,LAZY_ALL,matpower/case3375wp/2017-03-15,2682.0,case3375wp,3375,2017-03-15,TIME_LIMIT,True,3600.0,74.5,324850000.0,38554000.0,88.1,mip_progress,False,results/paper_m4pro_fullmodes_2026-04-29/logs/gurobi/test/matpower_case3375wp_2017-03-15__lazy_all.log
matpower/case3375wp,LAZY_ALL,matpower/case3375wp/2017-03-15,2770.0,case3375wp,3375,2017-03-15,TIME_LIMIT,True,3600.0,76.94444444444444,324850000.0,38555000.0,88.1,mip_progress,False,results/paper_m4pro_fullmodes_2026-04-29/logs/gurobi/test/matpower_case3375wp_2017-03-15__lazy_all.log
matpower/case3375wp,LAZY_ALL,matpower/case3375wp/2017-03-15,2866.0,case3375wp,3375,2017-03-15,TIME_LIMIT,True,3600.0,79.61111111111111,324850000.0,38555000.0,88.1,mip_progress,False,results/paper_m4pro_fullmodes_2026-04-29/logs/gurobi/test/matpower_case3375wp_2017-03-15__lazy_all.log
matpower/case3375wp,LAZY_ALL,matpower/case3375wp/2017-03-15,2982.0,case3375wp,3375,2017-03-15,TIME_LIMIT,True,3600.0,82.83333333333333,324850000.0,38555000.0,88.1,mip_progress,False,results/paper_m4pro_fullmodes_2026-04-29/logs/gurobi/test/matpower_case3375wp_2017-03-15__lazy_all.log
matpower/case3375wp,LAZY_ALL,matpower/case3375wp/2017-03-15,3080.0,case3375wp,3375,2017-03-15,TIME_LIMIT,True,3600.0,85.55555555555556,281761700.0,38555000.0,86.3,mip_progress,True,results/paper_m4pro_fullmodes_2026-04-29/logs/gurobi/test/matpower_case3375wp_2017-03-15__lazy_all.log
matpower/case3375wp,LAZY_ALL,matpower/case3375wp/2017-03-15,3127.0,case3375wp,3375,2017-03-15,TIME_LIMIT,True,3600.0,86.86111111111111,281761700.0,38555000.0,86.3,mip_progress,True,results/paper_m4pro_fullmodes_2026-04-29/logs/gurobi/test/matpower_case3375wp_2017-03-15__lazy_all.log
matpower/case3375wp,LAZY_ALL,matpower/case3375wp/2017-03-15,3199.0,case3375wp,3375,2017-03-15,TIME_LIMIT,True,3600.0,88.86111111111111,281760000.0,38709000.0,86.3,mip_progress,False,results/paper_m4pro_fullmodes_2026-04-29/logs/gurobi/test/matpower_case3375wp_2017-03-15__lazy_all.log
matpower/case3375wp,LAZY_ALL,matpower/case3375wp/2017-03-15,3218.0,case3375wp,3375,2017-03-15,TIME_LIMIT,True,3600.0,89.38888888888889,281760000.0,38709000.0,86.3,mip_progress,False,results/paper_m4pro_fullmodes_2026-04-29/logs/gurobi/test/matpower_case3375wp_2017-03-15__lazy_all.log
matpower/case3375wp,LAZY_ALL,matpower/case3375wp/2017-03-15,3238.0,case3375wp,3375,2017-03-15,TIME_LIMIT,True,3600.0,89.94444444444444,281760000.0,38716000.0,86.3,mip_progress,False,results/paper_m4pro_fullmodes_2026-04-29/logs/gurobi/test/matpower_case3375wp_2017-03-15__lazy_all.log
matpower/case3375wp,LAZY_ALL,matpower/case3375wp/2017-03-15,3264.0,case3375wp,3375,2017-03-15,TIME_LIMIT,True,3600.0,90.66666666666667,281760000.0,38716000.0,86.3,mip_progress,False,results/paper_m4pro_fullmodes_2026-04-29/logs/gurobi/test/matpower_case3375wp_2017-03-15__lazy_all.log
matpower/case3375wp,LAZY_ALL,matpower/case3375wp/2017-03-15,3288.0,case3375wp,3375,2017-03-15,TIME_LIMIT,True,3600.0,91.33333333333333,281760000.0,38722000.0,86.3,mip_progress,False,results/paper_m4pro_fullmodes_2026-04-29/logs/gurobi/test/matpower_case3375wp_2017-03-15__lazy_all.log
matpower/case3375wp,LAZY_ALL,matpower/case3375wp/2017-03-15,3319.0,case3375wp,3375,2017-03-15,TIME_LIMIT,True,3600.0,92.19444444444444,281760000.0,38722000.0,86.3,mip_progress,False,results/paper_m4pro_fullmodes_2026-04-29/logs/gurobi/test/matpower_case3375wp_2017-03-15__lazy_all.log
matpower/case3375wp,LAZY_ALL,matpower/case3375wp/2017-03-15,3359.0,case3375wp,3375,2017-03-15,TIME_LIMIT,True,3600.0,93.30555555555556,281760000.0,38729000.0,86.3,mip_progress,False,results/paper_m4pro_fullmodes_2026-04-29/logs/gurobi/test/matpower_case3375wp_2017-03-15__lazy_all.log
matpower/case3375wp,LAZY_ALL,matpower/case3375wp/2017-03-15,3404.0,case3375wp,3375,2017-03-15,TIME_LIMIT,True,3600.0,94.55555555555556,281760000.0,38731000.0,86.3,mip_progress,False,results/paper_m4pro_fullmodes_2026-04-29/logs/gurobi/test/matpower_case3375wp_2017-03-15__lazy_all.log
matpower/case3375wp,LAZY_ALL,matpower/case3375wp/2017-03-15,3455.0,case3375wp,3375,2017-03-15,TIME_LIMIT,True,3600.0,95.97222222222223,281760000.0,38731000.0,86.3,mip_progress,False,results/paper_m4pro_fullmodes_2026-04-29/logs/gurobi/test/matpower_case3375wp_2017-03-15__lazy_all.log
matpower/case3375wp,LAZY_ALL,matpower/case3375wp/2017-03-15,3510.0,case3375wp,3375,2017-03-15,TIME_LIMIT,True,3600.0,97.5,281760000.0,38731000.0,86.3,mip_progress,False,results/paper_m4pro_fullmodes_2026-04-29/logs/gurobi/test/matpower_case3375wp_2017-03-15__lazy_all.log
matpower/case3375wp,LAZY_ALL,matpower/case3375wp/2017-03-15,3566.0,case3375wp,3375,2017-03-15,TIME_LIMIT,True,3600.0,99.05555555555556,281760000.0,38731000.0,86.3,mip_progress,False,results/paper_m4pro_fullmodes_2026-04-29/logs/gurobi/test/matpower_case3375wp_2017-03-15__lazy_all.log
matpower/case3375wp,LAZY_ALL,matpower/case3375wp/2017-03-15,3600.0,case3375wp,3375,2017-03-15,TIME_LIMIT,True,3600.0,100.0,281760000.0,38731000.0,86.3,mip_progress,False,results/paper_m4pro_fullmodes_2026-04-29/logs/gurobi/test/matpower_case3375wp_2017-03-15__lazy_all.log
matpower/case3375wp,LAZY_ALL,matpower/case3375wp/2017-03-15,3612.645365,case3375wp,3375,2017-03-15,TIME_LIMIT,True,3600.0,100.35126013888889,,,86.254041,result_final,False,results/paper_m4pro_fullmodes_2026-04-29/logs/gurobi/test/matpower_case3375wp_2017-03-15__lazy_all.log
matpower/case3375wp,LAZY_ALL,matpower/case3375wp/2017-07-15,1688.0,case3375wp,3375,2017-07-15,TIME_LIMIT,True,3600.0,46.888888888888886,513442700.0,25373000.0,95.1,mip_progress,True,results/paper_m4pro_fullmodes_2026-04-29/logs/gurobi/test/matpower_case3375wp_2017-07-15__lazy_all.log
matpower/case3375wp,LAZY_ALL,matpower/case3375wp/2017-07-15,2104.0,case3375wp,3375,2017-07-15,TIME_LIMIT,True,3600.0,58.44444444444444,513440000.0,33956000.0,93.4,mip_progress,False,results/paper_m4pro_fullmodes_2026-04-29/logs/gurobi/test/matpower_case3375wp_2017-07-15__lazy_all.log
matpower/case3375wp,LAZY_ALL,matpower/case3375wp/2017-07-15,2221.0,case3375wp,3375,2017-07-15,TIME_LIMIT,True,3600.0,61.69444444444444,513440000.0,33956000.0,93.4,mip_progress,False,results/paper_m4pro_fullmodes_2026-04-29/logs/gurobi/test/matpower_case3375wp_2017-07-15__lazy_all.log
matpower/case3375wp,LAZY_ALL,matpower/case3375wp/2017-07-15,2338.0,case3375wp,3375,2017-07-15,TIME_LIMIT,True,3600.0,64.94444444444444,513440000.0,33956000.0,93.4,mip_progress,False,results/paper_m4pro_fullmodes_2026-04-29/logs/gurobi/test/matpower_case3375wp_2017-07-15__lazy_all.log
matpower/case3375wp,LAZY_ALL,matpower/case3375wp/2017-07-15,2455.0,case3375wp,3375,2017-07-15,TIME_LIMIT,True,3600.0,68.19444444444444,513440000.0,33956000.0,93.4,mip_progress,False,results/paper_m4pro_fullmodes_2026-04-29/logs/gurobi/test/matpower_case3375wp_2017-07-15__lazy_all.log
matpower/case3375wp,LAZY_ALL,matpower/case3375wp/2017-07-15,2573.0,case3375wp,3375,2017-07-15,TIME_LIMIT,True,3600.0,71.47222222222223,376244900.0,33956000.0,91.0,mip_progress,True,results/paper_m4pro_fullmodes_2026-04-29/logs/gurobi/test/matpower_case3375wp_2017-07-15__lazy_all.log
matpower/case3375wp,LAZY_ALL,matpower/case3375wp/2017-07-15,2620.0,case3375wp,3375,2017-07-15,TIME_LIMIT,True,3600.0,72.77777777777777,376233500.0,33956000.0,91.0,mip_progress,True,results/paper_m4pro_fullmodes_2026-04-29/logs/gurobi/test/matpower_case3375wp_2017-07-15__lazy_all.log
matpower/case3375wp,LAZY_ALL,matpower/case3375wp/2017-07-15,2735.0,case3375wp,3375,2017-07-15,TIME_LIMIT,True,3600.0,75.97222222222223,376230000.0,34805000.0,90.7,mip_progress,False,results/paper_m4pro_fullmodes_2026-04-29/logs/gurobi/test/matpower_case3375wp_2017-07-15__lazy_all.log
matpower/case3375wp,LAZY_ALL,matpower/case3375wp/2017-07-15,2744.0,case3375wp,3375,2017-07-15,TIME_LIMIT,True,3600.0,76.22222222222223,376230000.0,34808000.0,90.7,mip_progress,False,results/paper_m4pro_fullmodes_2026-04-29/logs/gurobi/test/matpower_case3375wp_2017-07-15__lazy_all.log
matpower/case3375wp,LAZY_ALL,matpower/case3375wp/2017-07-15,2821.0,case3375wp,3375,2017-07-15,TIME_LIMIT,True,3600.0,78.36111111111111,376230000.0,35036000.0,90.7,mip_progress,False,results/paper_m4pro_fullmodes_2026-04-29/logs/gurobi/test/matpower_case3375wp_2017-07-15__lazy_all.log
matpower/case3375wp,LAZY_ALL,matpower/case3375wp/2017-07-15,2826.0,case3375wp,3375,2017-07-15,TIME_LIMIT,True,3600.0,78.5,376230000.0,35037000.0,90.7,mip_progress,False,results/paper_m4pro_fullmodes_2026-04-29/logs/gurobi/test/matpower_case3375wp_2017-07-15__lazy_all.log
matpower/case3375wp,LAZY_ALL,matpower/case3375wp/2017-07-15,2893.0,case3375wp,3375,2017-07-15,TIME_LIMIT,True,3600.0,80.36111111111111,376230000.0,35190000.0,90.6,mip_progress,False,results/paper_m4pro_fullmodes_2026-04-29/logs/gurobi/test/matpower_case3375wp_2017-07-15__lazy_all.log
matpower/case3375wp,LAZY_ALL,matpower/case3375wp/2017-07-15,2898.0,case3375wp,3375,2017-07-15,TIME_LIMIT,True,3600.0,80.5,376230000.0,35190000.0,90.6,mip_progress,False,results/paper_m4pro_fullmodes_2026-04-29/logs/gurobi/test/matpower_case3375wp_2017-07-15__lazy_all.log
matpower/case3375wp,LAZY_ALL,matpower/case3375wp/2017-07-15,3008.0,case3375wp,3375,2017-07-15,TIME_LIMIT,True,3600.0,83.55555555555556,376230000.0,35191000.0,90.6,mip_progress,False,results/paper_m4pro_fullmodes_2026-04-29/logs/gurobi/test/matpower_case3375wp_2017-07-15__lazy_all.log
matpower/case3375wp,LAZY_ALL,matpower/case3375wp/2017-07-15,3155.0,case3375wp,3375,2017-07-15,TIME_LIMIT,True,3600.0,87.63888888888889,376230000.0,35191000.0,90.6,mip_progress,False,results/paper_m4pro_fullmodes_2026-04-29/logs/gurobi/test/matpower_case3375wp_2017-07-15__lazy_all.log
matpower/case3375wp,LAZY_ALL,matpower/case3375wp/2017-07-15,3321.0,case3375wp,3375,2017-07-15,TIME_LIMIT,True,3600.0,92.25,376230000.0,35272000.0,90.6,mip_progress,False,results/paper_m4pro_fullmodes_2026-04-29/logs/gurobi/test/matpower_case3375wp_2017-07-15__lazy_all.log
matpower/case3375wp,LAZY_ALL,matpower/case3375wp/2017-07-15,3335.0,case3375wp,3375,2017-07-15,TIME_LIMIT,True,3600.0,92.63888888888889,376230000.0,35272000.0,90.6,mip_progress,False,results/paper_m4pro_fullmodes_2026-04-29/logs/gurobi/test/matpower_case3375wp_2017-07-15__lazy_all.log
matpower/case3375wp,LAZY_ALL,matpower/case3375wp/2017-07-15,3349.0,case3375wp,3375,2017-07-15,TIME_LIMIT,True,3600.0,93.02777777777777,376230000.0,35276000.0,90.6,mip_progress,False,results/paper_m4pro_fullmodes_2026-04-29/logs/gurobi/test/matpower_case3375wp_2017-07-15__lazy_all.log
matpower/case3375wp,LAZY_ALL,matpower/case3375wp/2017-07-15,3381.0,case3375wp,3375,2017-07-15,TIME_LIMIT,True,3600.0,93.91666666666667,376230000.0,35276000.0,90.6,mip_progress,False,results/paper_m4pro_fullmodes_2026-04-29/logs/gurobi/test/matpower_case3375wp_2017-07-15__lazy_all.log
matpower/case3375wp,LAZY_ALL,matpower/case3375wp/2017-07-15,3475.0,case3375wp,3375,2017-07-15,TIME_LIMIT,True,3600.0,96.52777777777777,376230000.0,35276000.0,90.6,mip_progress,False,results/paper_m4pro_fullmodes_2026-04-29/logs/gurobi/test/matpower_case3375wp_2017-07-15__lazy_all.log
matpower/case3375wp,LAZY_ALL,matpower/case3375wp/2017-07-15,3566.0,case3375wp,3375,2017-07-15,TIME_LIMIT,True,3600.0,99.05555555555556,376230000.0,35276000.0,90.6,mip_progress,False,results/paper_m4pro_fullmodes_2026-04-29/logs/gurobi/test/matpower_case3375wp_2017-07-15__lazy_all.log
matpower/case3375wp,LAZY_ALL,matpower/case3375wp/2017-07-15,3600.0,case3375wp,3375,2017-07-15,TIME_LIMIT,True,3600.0,100.0,376230000.0,35332000.0,90.6,mip_progress,False,results/paper_m4pro_fullmodes_2026-04-29/logs/gurobi/test/matpower_case3375wp_2017-07-15__lazy_all.log
matpower/case3375wp,LAZY_ALL,matpower/case3375wp/2017-07-15,3612.656078,case3375wp,3375,2017-07-15,TIME_LIMIT,True,3600.0,100.35155772222222,,,90.6,result_final,False,results/paper_m4pro_fullmodes_2026-04-29/logs/gurobi/test/matpower_case3375wp_2017-07-15__lazy_all.log
matpower/case3375wp,LAZY_BANDIT,matpower/case3375wp/2017-01-15,1326.0,case3375wp,3375,2017-01-15,TIME_LIMIT,False,3600.0,36.833333333333336,159565900.0,25069000.0,84.3,mip_progress,True,results/paper_m4pro_fullmodes_2026-04-29/logs/gurobi/test/matpower_case3375wp_2017-01-15__lazy_bandit.log
matpower/case3375wp,LAZY_BANDIT,matpower/case3375wp/2017-01-15,1555.0,case3375wp,3375,2017-01-15,TIME_LIMIT,False,3600.0,43.19444444444444,159570000.0,28960000.0,81.9,mip_progress,False,results/paper_m4pro_fullmodes_2026-04-29/logs/gurobi/test/matpower_case3375wp_2017-01-15__lazy_bandit.log
matpower/case3375wp,LAZY_BANDIT,matpower/case3375wp/2017-01-15,1601.0,case3375wp,3375,2017-01-15,TIME_LIMIT,False,3600.0,44.47222222222222,159570000.0,28966000.0,81.8,mip_progress,False,results/paper_m4pro_fullmodes_2026-04-29/logs/gurobi/test/matpower_case3375wp_2017-01-15__lazy_bandit.log
matpower/case3375wp,LAZY_BANDIT,matpower/case3375wp/2017-01-15,1602.0,case3375wp,3375,2017-01-15,TIME_LIMIT,False,3600.0,44.5,159570000.0,28966000.0,81.8,mip_progress,False,results/paper_m4pro_fullmodes_2026-04-29/logs/gurobi/test/matpower_case3375wp_2017-01-15__lazy_bandit.log
matpower/case3375wp,LAZY_BANDIT,matpower/case3375wp/2017-01-15,1635.0,case3375wp,3375,2017-01-15,TIME_LIMIT,False,3600.0,45.416666666666664,159570000.0,29026000.0,81.8,mip_progress,False,results/paper_m4pro_fullmodes_2026-04-29/logs/gurobi/test/matpower_case3375wp_2017-01-15__lazy_bandit.log
matpower/case3375wp,LAZY_BANDIT,matpower/case3375wp/2017-01-15,1639.0,case3375wp,3375,2017-01-15,TIME_LIMIT,False,3600.0,45.52777777777778,159570000.0,29027000.0,81.8,mip_progress,False,results/paper_m4pro_fullmodes_2026-04-29/logs/gurobi/test/matpower_case3375wp_2017-01-15__lazy_bandit.log
matpower/case3375wp,LAZY_BANDIT,matpower/case3375wp/2017-01-15,1641.0,case3375wp,3375,2017-01-15,TIME_LIMIT,False,3600.0,45.583333333333336,159570000.0,29027000.0,81.8,mip_progress,False,results/paper_m4pro_fullmodes_2026-04-29/logs/gurobi/test/matpower_case3375wp_2017-01-15__lazy_bandit.log
matpower/case3375wp,LAZY_BANDIT,matpower/case3375wp/2017-01-15,1667.0,case3375wp,3375,2017-01-15,TIME_LIMIT,False,3600.0,46.30555555555556,159570000.0,29047000.0,81.8,mip_progress,False,results/paper_m4pro_fullmodes_2026-04-29/logs/gurobi/test/matpower_case3375wp_2017-01-15__lazy_bandit.log
matpower/case3375wp,LAZY_BANDIT,matpower/case3375wp/2017-01-15,1733.0,case3375wp,3375,2017-01-15,TIME_LIMIT,False,3600.0,48.138888888888886,159570000.0,29047000.0,81.8,mip_progress,False,results/paper_m4pro_fullmodes_2026-04-29/logs/gurobi/test/matpower_case3375wp_2017-01-15__lazy_bandit.log
matpower/case3375wp,LAZY_BANDIT,matpower/case3375wp/2017-01-15,1797.0,case3375wp,3375,2017-01-15,TIME_LIMIT,False,3600.0,49.916666666666664,159570000.0,31114000.0,80.5,mip_progress,False,results/paper_m4pro_fullmodes_2026-04-29/logs/gurobi/test/matpower_case3375wp_2017-01-15__lazy_bandit.log
matpower/case3375wp,LAZY_BANDIT,matpower/case3375wp/2017-01-15,1807.0,case3375wp,3375,2017-01-15,TIME_LIMIT,False,3600.0,50.19444444444444,159570000.0,31115000.0,80.5,mip_progress,False,results/paper_m4pro_fullmodes_2026-04-29/logs/gurobi/test/matpower_case3375wp_2017-01-15__lazy_bandit.log
matpower/case3375wp,LAZY_BANDIT,matpower/case3375wp/2017-01-15,1813.0,case3375wp,3375,2017-01-15,TIME_LIMIT,False,3600.0,50.361111111111114,159570000.0,31116000.0,80.5,mip_progress,False,results/paper_m4pro_fullmodes_2026-04-29/logs/gurobi/test/matpower_case3375wp_2017-01-15__lazy_bandit.log
matpower/case3375wp,LAZY_BANDIT,matpower/case3375wp/2017-01-15,1814.0,case3375wp,3375,2017-01-15,TIME_LIMIT,False,3600.0,50.388888888888886,159570000.0,31116000.0,80.5,mip_progress,False,results/paper_m4pro_fullmodes_2026-04-29/logs/gurobi/test/matpower_case3375wp_2017-01-15__lazy_bandit.log
matpower/case3375wp,LAZY_BANDIT,matpower/case3375wp/2017-01-15,1868.0,case3375wp,3375,2017-01-15,TIME_LIMIT,False,3600.0,51.888888888888886,159570000.0,31418000.0,80.3,mip_progress,False,results/paper_m4pro_fullmodes_2026-04-29/logs/gurobi/test/matpower_case3375wp_2017-01-15__lazy_bandit.log
matpower/case3375wp,LAZY_BANDIT,matpower/case3375wp/2017-01-15,1875.0,case3375wp,3375,2017-01-15,TIME_LIMIT,False,3600.0,52.083333333333336,159570000.0,31418000.0,80.3,mip_progress,False,results/paper_m4pro_fullmodes_2026-04-29/logs/gurobi/test/matpower_case3375wp_2017-01-15__lazy_bandit.log
matpower/case3375wp,LAZY_BANDIT,matpower/case3375wp/2017-01-15,1895.0,case3375wp,3375,2017-01-15,TIME_LIMIT,False,3600.0,52.638888888888886,159570000.0,31446000.0,80.3,mip_progress,False,results/paper_m4pro_fullmodes_2026-04-29/logs/gurobi/test/matpower_case3375wp_2017-01-15__lazy_bandit.log
matpower/case3375wp,LAZY_BANDIT,matpower/case3375wp/2017-01-15,1927.0,case3375wp,3375,2017-01-15,TIME_LIMIT,False,3600.0,53.52777777777778,159570000.0,31448000.0,80.3,mip_progress,False,results/paper_m4pro_fullmodes_2026-04-29/logs/gurobi/test/matpower_case3375wp_2017-01-15__lazy_bandit.log
matpower/case3375wp,LAZY_BANDIT,matpower/case3375wp/2017-01-15,1930.0,case3375wp,3375,2017-01-15,TIME_LIMIT,False,3600.0,53.611111111111114,159570000.0,31448000.0,80.3,mip_progress,False,results/paper_m4pro_fullmodes_2026-04-29/logs/gurobi/test/matpower_case3375wp_2017-01-15__lazy_bandit.log
matpower/case3375wp,LAZY_BANDIT,matpower/case3375wp/2017-01-15,1931.0,case3375wp,3375,2017-01-15,TIME_LIMIT,False,3600.0,53.638888888888886,159570000.0,31450000.0,80.3,mip_progress,False,results/paper_m4pro_fullmodes_2026-04-29/logs/gurobi/test/matpower_case3375wp_2017-01-15__lazy_bandit.log
matpower/case3375wp,LAZY_BANDIT,matpower/case3375wp/2017-01-15,1933.0,case3375wp,3375,2017-01-15,TIME_LIMIT,False,3600.0,53.69444444444444,159570000.0,31450000.0,80.3,mip_progress,False,results/paper_m4pro_fullmodes_2026-04-29/logs/gurobi/test/matpower_case3375wp_2017-01-15__lazy_bandit.log
matpower/case3375wp,LAZY_BANDIT,matpower/case3375wp/2017-01-15,1934.0,case3375wp,3375,2017-01-15,TIME_LIMIT,False,3600.0,53.72222222222222,159570000.0,31450000.0,80.3,mip_progress,False,results/paper_m4pro_fullmodes_2026-04-29/logs/gurobi/test/matpower_case3375wp_2017-01-15__lazy_bandit.log
matpower/case3375wp,LAZY_BANDIT,matpower/case3375wp/2017-01-15,1935.0,case3375wp,3375,2017-01-15,TIME_LIMIT,False,3600.0,53.75,159570000.0,31450000.0,80.3,mip_progress,False,results/paper_m4pro_fullmodes_2026-04-29/logs/gurobi/test/matpower_case3375wp_2017-01-15__lazy_bandit.log
matpower/case3375wp,LAZY_BANDIT,matpower/case3375wp/2017-01-15,1937.0,case3375wp,3375,2017-01-15,TIME_LIMIT,False,3600.0,53.80555555555556,159570000.0,31450000.0,80.3,mip_progress,False,results/paper_m4pro_fullmodes_2026-04-29/logs/gurobi/test/matpower_case3375wp_2017-01-15__lazy_bandit.log
matpower/case3375wp,LAZY_BANDIT,matpower/case3375wp/2017-01-15,1938.0,case3375wp,3375,2017-01-15,TIME_LIMIT,False,3600.0,53.833333333333336,159570000.0,31450000.0,80.3,mip_progress,False,results/paper_m4pro_fullmodes_2026-04-29/logs/gurobi/test/matpower_case3375wp_2017-01-15__lazy_bandit.log
matpower/case3375wp,LAZY_BANDIT,matpower/case3375wp/2017-01-15,1941.0,case3375wp,3375,2017-01-15,TIME_LIMIT,False,3600.0,53.916666666666664,159570000.0,31450000.0,80.3,mip_progress,False,results/paper_m4pro_fullmodes_2026-04-29/logs/gurobi/test/matpower_case3375wp_2017-01-15__lazy_bandit.log
matpower/case3375wp,LAZY_BANDIT,matpower/case3375wp/2017-01-15,2023.0,case3375wp,3375,2017-01-15,TIME_LIMIT,False,3600.0,56.19444444444444,159570000.0,31450000.0,80.3,mip_progress,False,results/paper_m4pro_fullmodes_2026-04-29/logs/gurobi/test/matpower_case3375wp_2017-01-15__lazy_bandit.log
matpower/case3375wp,LAZY_BANDIT,matpower/case3375wp/2017-01-15,2137.0,case3375wp,3375,2017-01-15,TIME_LIMIT,False,3600.0,59.361111111111114,159570000.0,31450000.0,80.3,mip_progress,False,results/paper_m4pro_fullmodes_2026-04-29/logs/gurobi/test/matpower_case3375wp_2017-01-15__lazy_bandit.log
matpower/case3375wp,LAZY_BANDIT,matpower/case3375wp/2017-01-15,2214.0,case3375wp,3375,2017-01-15,TIME_LIMIT,False,3600.0,61.5,159570000.0,31450000.0,80.3,mip_progress,False,results/paper_m4pro_fullmodes_2026-04-29/logs/gurobi/test/matpower_case3375wp_2017-01-15__lazy_bandit.log
matpower/case3375wp,LAZY_BANDIT,matpower/case3375wp/2017-01-15,2286.0,case3375wp,3375,2017-01-15,TIME_LIMIT,False,3600.0,63.5,159570000.0,31450000.0,80.3,mip_progress,False,results/paper_m4pro_fullmodes_2026-04-29/logs/gurobi/test/matpower_case3375wp_2017-01-15__lazy_bandit.log
matpower/case3375wp,LAZY_BANDIT,matpower/case3375wp/2017-01-15,2363.0,case3375wp,3375,2017-01-15,TIME_LIMIT,False,3600.0,65.63888888888889,130421700.0,31450000.0,75.9,mip_progress,True,results/paper_m4pro_fullmodes_2026-04-29/logs/gurobi/test/matpower_case3375wp_2017-01-15__lazy_bandit.log
matpower/case3375wp,LAZY_BANDIT,matpower/case3375wp/2017-01-15,2425.0,case3375wp,3375,2017-01-15,TIME_LIMIT,False,3600.0,67.36111111111111,130420000.0,31645000.0,75.7,mip_progress,False,results/paper_m4pro_fullmodes_2026-04-29/logs/gurobi/test/matpower_case3375wp_2017-01-15__lazy_bandit.log
matpower/case3375wp,LAZY_BANDIT,matpower/case3375wp/2017-01-15,2436.0,case3375wp,3375,2017-01-15,TIME_LIMIT,False,3600.0,67.66666666666667,130420000.0,31645000.0,75.7,mip_progress,False,results/paper_m4pro_fullmodes_2026-04-29/logs/gurobi/test/matpower_case3375wp_2017-01-15__lazy_bandit.log
matpower/case3375wp,LAZY_BANDIT,matpower/case3375wp/2017-01-15,2455.0,case3375wp,3375,2017-01-15,TIME_LIMIT,False,3600.0,68.19444444444444,130420000.0,31645000.0,75.7,mip_progress,False,results/paper_m4pro_fullmodes_2026-04-29/logs/gurobi/test/matpower_case3375wp_2017-01-15__lazy_bandit.log
matpower/case3375wp,LAZY_BANDIT,matpower/case3375wp/2017-01-15,2482.0,case3375wp,3375,2017-01-15,TIME_LIMIT,False,3600.0,68.94444444444444,130420000.0,31700000.0,75.7,mip_progress,False,results/paper_m4pro_fullmodes_2026-04-29/logs/gurobi/test/matpower_case3375wp_2017-01-15__lazy_bandit.log
matpower/case3375wp,LAZY_BANDIT,matpower/case3375wp/2017-01-15,2505.0,case3375wp,3375,2017-01-15,TIME_LIMIT,False,3600.0,69.58333333333333,130420000.0,31709000.0,75.7,mip_progress,False,results/paper_m4pro_fullmodes_2026-04-29/logs/gurobi/test/matpower_case3375wp_2017-01-15__lazy_bandit.log
matpower/case3375wp,LAZY_BANDIT,matpower/case3375wp/2017-01-15,2548.0,case3375wp,3375,2017-01-15,TIME_LIMIT,False,3600.0,70.77777777777777,130420000.0,31735000.0,75.7,mip_progress,False,results/paper_m4pro_fullmodes_2026-04-29/logs/gurobi/test/matpower_case3375wp_2017-01-15__lazy_bandit.log
matpower/case3375wp,LAZY_BANDIT,matpower/case3375wp/2017-01-15,2585.0,case3375wp,3375,2017-01-15,TIME_LIMIT,False,3600.0,71.80555555555556,130420000.0,31765000.0,75.6,mip_progress,False,results/paper_m4pro_fullmodes_2026-04-29/logs/gurobi/test/matpower_case3375wp_2017-01-15__lazy_bandit.log
matpower/case3375wp,LAZY_BANDIT,matpower/case3375wp/2017-01-15,2617.0,case3375wp,3375,2017-01-15,TIME_LIMIT,False,3600.0,72.69444444444444,130420000.0,31765000.0,75.6,mip_progress,False,results/paper_m4pro_fullmodes_2026-04-29/logs/gurobi/test/matpower_case3375wp_2017-01-15__lazy_bandit.log
matpower/case3375wp,LAZY_BANDIT,matpower/case3375wp/2017-01-15,2657.0,case3375wp,3375,2017-01-15,TIME_LIMIT,False,3600.0,73.80555555555556,130420000.0,31765000.0,75.6,mip_progress,False,results/paper_m4pro_fullmodes_2026-04-29/logs/gurobi/test/matpower_case3375wp_2017-01-15__lazy_bandit.log
matpower/case3375wp,LAZY_BANDIT,matpower/case3375wp/2017-01-15,2701.0,case3375wp,3375,2017-01-15,TIME_LIMIT,False,3600.0,75.02777777777777,130420000.0,31765000.0,75.6,mip_progress,False,results/paper_m4pro_fullmodes_2026-04-29/logs/gurobi/test/matpower_case3375wp_2017-01-15__lazy_bandit.log
matpower/case3375wp,LAZY_BANDIT,matpower/case3375wp/2017-01-15,2743.0,case3375wp,3375,2017-01-15,TIME_LIMIT,False,3600.0,76.19444444444444,130420000.0,31765000.0,75.6,mip_progress,False,results/paper_m4pro_fullmodes_2026-04-29/logs/gurobi/test/matpower_case3375wp_2017-01-15__lazy_bandit.log
matpower/case3375wp,LAZY_BANDIT,matpower/case3375wp/2017-01-15,2789.0,case3375wp,3375,2017-01-15,TIME_LIMIT,False,3600.0,77.47222222222223,86897410.0,31765000.0,63.4,mip_progress,True,results/paper_m4pro_fullmodes_2026-04-29/logs/gurobi/test/matpower_case3375wp_2017-01-15__lazy_bandit.log
matpower/case3375wp,LAZY_BANDIT,matpower/case3375wp/2017-01-15,2834.0,case3375wp,3375,2017-01-15,TIME_LIMIT,False,3600.0,78.72222222222223,86897000.0,31765000.0,63.4,mip_progress,False,results/paper_m4pro_fullmodes_2026-04-29/logs/gurobi/test/matpower_case3375wp_2017-01-15__lazy_bandit.log
matpower/case3375wp,LAZY_BANDIT,matpower/case3375wp/2017-01-15,2886.0,case3375wp,3375,2017-01-15,TIME_LIMIT,False,3600.0,80.16666666666667,86897000.0,31765000.0,63.4,mip_progress,False,results/paper_m4pro_fullmodes_2026-04-29/logs/gurobi/test/matpower_case3375wp_2017-01-15__lazy_bandit.log
matpower/case3375wp,LAZY_BANDIT,matpower/case3375wp/2017-01-15,2930.0,case3375wp,3375,2017-01-15,TIME_LIMIT,False,3600.0,81.38888888888889,86897000.0,31765000.0,63.4,mip_progress,False,results/paper_m4pro_fullmodes_2026-04-29/logs/gurobi/test/matpower_case3375wp_2017-01-15__lazy_bandit.log
matpower/case3375wp,LAZY_BANDIT,matpower/case3375wp/2017-01-15,2976.0,case3375wp,3375,2017-01-15,TIME_LIMIT,False,3600.0,82.66666666666667,86897000.0,31765000.0,63.4,mip_progress,False,results/paper_m4pro_fullmodes_2026-04-29/logs/gurobi/test/matpower_case3375wp_2017-01-15__lazy_bandit.log
matpower/case3375wp,LAZY_BANDIT,matpower/case3375wp/2017-01-15,3015.0,case3375wp,3375,2017-01-15,TIME_LIMIT,False,3600.0,83.75,86897000.0,31765000.0,63.4,mip_progress,False,results/paper_m4pro_fullmodes_2026-04-29/logs/gurobi/test/matpower_case3375wp_2017-01-15__lazy_bandit.log
matpower/case3375wp,LAZY_BANDIT,matpower/case3375wp/2017-01-15,3052.0,case3375wp,3375,2017-01-15,TIME_LIMIT,False,3600.0,84.77777777777777,86897000.0,31765000.0,63.4,mip_progress,False,results/paper_m4pro_fullmodes_2026-04-29/logs/gurobi/test/matpower_case3375wp_2017-01-15__lazy_bandit.log
matpower/case3375wp,LAZY_BANDIT,matpower/case3375wp/2017-01-15,3133.0,case3375wp,3375,2017-01-15,TIME_LIMIT,False,3600.0,87.02777777777777,86897000.0,31765000.0,63.4,mip_progress,False,results/paper_m4pro_fullmodes_2026-04-29/logs/gurobi/test/matpower_case3375wp_2017-01-15__lazy_bandit.log
matpower/case3375wp,LAZY_BANDIT,matpower/case3375wp/2017-01-15,3179.0,case3375wp,3375,2017-01-15,TIME_LIMIT,False,3600.0,88.30555555555556,86897000.0,31765000.0,63.4,mip_progress,False,results/paper_m4pro_fullmodes_2026-04-29/logs/gurobi/test/matpower_case3375wp_2017-01-15__lazy_bandit.log
matpower/case3375wp,LAZY_BANDIT,matpower/case3375wp/2017-01-15,3216.0,case3375wp,3375,2017-01-15,TIME_LIMIT,False,3600.0,89.33333333333333,86897000.0,31765000.0,63.4,mip_progress,False,results/paper_m4pro_fullmodes_2026-04-29/logs/gurobi/test/matpower_case3375wp_2017-01-15__lazy_bandit.log
matpower/case3375wp,LAZY_BANDIT,matpower/case3375wp/2017-01-15,3250.0,case3375wp,3375,2017-01-15,TIME_LIMIT,False,3600.0,90.27777777777777,86897000.0,31765000.0,63.4,mip_progress,False,results/paper_m4pro_fullmodes_2026-04-29/logs/gurobi/test/matpower_case3375wp_2017-01-15__lazy_bandit.log
matpower/case3375wp,LAZY_BANDIT,matpower/case3375wp/2017-01-15,3286.0,case3375wp,3375,2017-01-15,TIME_LIMIT,False,3600.0,91.27777777777777,86897000.0,31765000.0,63.4,mip_progress,False,results/paper_m4pro_fullmodes_2026-04-29/logs/gurobi/test/matpower_case3375wp_2017-01-15__lazy_bandit.log
matpower/case3375wp,LAZY_BANDIT,matpower/case3375wp/2017-01-15,3325.0,case3375wp,3375,2017-01-15,TIME_LIMIT,False,3600.0,92.36111111111111,86897000.0,31765000.0,63.4,mip_progress,False,results/paper_m4pro_fullmodes_2026-04-29/logs/gurobi/test/matpower_case3375wp_2017-01-15__lazy_bandit.log
matpower/case3375wp,LAZY_BANDIT,matpower/case3375wp/2017-01-15,3361.0,case3375wp,3375,2017-01-15,TIME_LIMIT,False,3600.0,93.36111111111111,86897000.0,31765000.0,63.4,mip_progress,False,results/paper_m4pro_fullmodes_2026-04-29/logs/gurobi/test/matpower_case3375wp_2017-01-15__lazy_bandit.log
matpower/case3375wp,LAZY_BANDIT,matpower/case3375wp/2017-01-15,3443.0,case3375wp,3375,2017-01-15,TIME_LIMIT,False,3600.0,95.63888888888889,86897000.0,31765000.0,63.4,mip_progress,False,results/paper_m4pro_fullmodes_2026-04-29/logs/gurobi/test/matpower_case3375wp_2017-01-15__lazy_bandit.log
matpower/case3375wp,LAZY_BANDIT,matpower/case3375wp/2017-01-15,3483.0,case3375wp,3375,2017-01-15,TIME_LIMIT,False,3600.0,96.75,86897000.0,31765000.0,63.4,mip_progress,False,results/paper_m4pro_fullmodes_2026-04-29/logs/gurobi/test/matpower_case3375wp_2017-01-15__lazy_bandit.log
matpower/case3375wp,LAZY_BANDIT,matpower/case3375wp/2017-01-15,3517.0,case3375wp,3375,2017-01-15,TIME_LIMIT,False,3600.0,97.69444444444444,86897000.0,31765000.0,63.4,mip_progress,False,results/paper_m4pro_fullmodes_2026-04-29/logs/gurobi/test/matpower_case3375wp_2017-01-15__lazy_bandit.log
matpower/case3375wp,LAZY_BANDIT,matpower/case3375wp/2017-01-15,3552.0,case3375wp,3375,2017-01-15,TIME_LIMIT,False,3600.0,98.66666666666667,86897000.0,31765000.0,63.4,mip_progress,False,results/paper_m4pro_fullmodes_2026-04-29/logs/gurobi/test/matpower_case3375wp_2017-01-15__lazy_bandit.log
matpower/case3375wp,LAZY_BANDIT,matpower/case3375wp/2017-01-15,3593.0,case3375wp,3375,2017-01-15,TIME_LIMIT,False,3600.0,99.80555555555556,86897000.0,31765000.0,63.4,mip_progress,False,results/paper_m4pro_fullmodes_2026-04-29/logs/gurobi/test/matpower_case3375wp_2017-01-15__lazy_bandit.log
matpower/case3375wp,LAZY_BANDIT,matpower/case3375wp/2017-01-15,3613.592706,case3375wp,3375,2017-01-15,TIME_LIMIT,False,3600.0,100.37757516666666,,,63.4,result_final,False,results/paper_m4pro_fullmodes_2026-04-29/logs/gurobi/test/matpower_case3375wp_2017-01-15__lazy_bandit.log
matpower/case3375wp,LAZY_BANDIT,matpower/case3375wp/2017-03-15,1375.0,case3375wp,3375,2017-03-15,TIME_LIMIT,False,3600.0,38.19444444444444,91187070.0,27145000.0,70.2,mip_progress,True,results/paper_m4pro_fullmodes_2026-04-29/logs/gurobi/test/matpower_case3375wp_2017-03-15__lazy_bandit.log
matpower/case3375wp,LAZY_BANDIT,matpower/case3375wp/2017-03-15,1491.0,case3375wp,3375,2017-03-15,TIME_LIMIT,False,3600.0,41.416666666666664,91187000.0,27145000.0,70.2,mip_progress,False,results/paper_m4pro_fullmodes_2026-04-29/logs/gurobi/test/matpower_case3375wp_2017-03-15__lazy_bandit.log
matpower/case3375wp,LAZY_BANDIT,matpower/case3375wp/2017-03-15,1750.0,case3375wp,3375,2017-03-15,TIME_LIMIT,False,3600.0,48.611111111111114,91187000.0,32280000.0,64.6,mip_progress,False,results/paper_m4pro_fullmodes_2026-04-29/logs/gurobi/test/matpower_case3375wp_2017-03-15__lazy_bandit.log
matpower/case3375wp,LAZY_BANDIT,matpower/case3375wp/2017-03-15,1817.0,case3375wp,3375,2017-03-15,TIME_LIMIT,False,3600.0,50.47222222222222,91187000.0,32280000.0,64.6,mip_progress,False,results/paper_m4pro_fullmodes_2026-04-29/logs/gurobi/test/matpower_case3375wp_2017-03-15__lazy_bandit.log
matpower/case3375wp,LAZY_BANDIT,matpower/case3375wp/2017-03-15,1884.0,case3375wp,3375,2017-03-15,TIME_LIMIT,False,3600.0,52.333333333333336,91187000.0,32280000.0,64.6,mip_progress,False,results/paper_m4pro_fullmodes_2026-04-29/logs/gurobi/test/matpower_case3375wp_2017-03-15__lazy_bandit.log
matpower/case3375wp,LAZY_BANDIT,matpower/case3375wp/2017-03-15,1946.0,case3375wp,3375,2017-03-15,TIME_LIMIT,False,3600.0,54.05555555555556,91187000.0,32545000.0,64.3,mip_progress,False,results/paper_m4pro_fullmodes_2026-04-29/logs/gurobi/test/matpower_case3375wp_2017-03-15__lazy_bandit.log
matpower/case3375wp,LAZY_BANDIT,matpower/case3375wp/2017-03-15,1960.0,case3375wp,3375,2017-03-15,TIME_LIMIT,False,3600.0,54.44444444444444,91187000.0,32557000.0,64.3,mip_progress,False,results/paper_m4pro_fullmodes_2026-04-29/logs/gurobi/test/matpower_case3375wp_2017-03-15__lazy_bandit.log
matpower/case3375wp,LAZY_BANDIT,matpower/case3375wp/2017-03-15,1962.0,case3375wp,3375,2017-03-15,TIME_LIMIT,False,3600.0,54.5,91187000.0,32558000.0,64.3,mip_progress,False,results/paper_m4pro_fullmodes_2026-04-29/logs/gurobi/test/matpower_case3375wp_2017-03-15__lazy_bandit.log
matpower/case3375wp,LAZY_BANDIT,matpower/case3375wp/2017-03-15,2004.0,case3375wp,3375,2017-03-15,TIME_LIMIT,False,3600.0,55.666666666666664,91187000.0,32780000.0,64.1,mip_progress,False,results/paper_m4pro_fullmodes_2026-04-29/logs/gurobi/test/matpower_case3375wp_2017-03-15__lazy_bandit.log
matpower/case3375wp,LAZY_BANDIT,matpower/case3375wp/2017-03-15,2010.0,case3375wp,3375,2017-03-15,TIME_LIMIT,False,3600.0,55.833333333333336,91187000.0,32782000.0,64.1,mip_progress,False,results/paper_m4pro_fullmodes_2026-04-29/logs/gurobi/test/matpower_case3375wp_2017-03-15__lazy_bandit.log
matpower/case3375wp,LAZY_BANDIT,matpower/case3375wp/2017-03-15,2017.0,case3375wp,3375,2017-03-15,TIME_LIMIT,False,3600.0,56.02777777777778,91187000.0,32784000.0,64.0,mip_progress,False,results/paper_m4pro_fullmodes_2026-04-29/logs/gurobi/test/matpower_case3375wp_2017-03-15__lazy_bandit.log
matpower/case3375wp,LAZY_BANDIT,matpower/case3375wp/2017-03-15,2059.0,case3375wp,3375,2017-03-15,TIME_LIMIT,False,3600.0,57.19444444444444,91187000.0,32862000.0,64.0,mip_progress,False,results/paper_m4pro_fullmodes_2026-04-29/logs/gurobi/test/matpower_case3375wp_2017-03-15__lazy_bandit.log
matpower/case3375wp,LAZY_BANDIT,matpower/case3375wp/2017-03-15,2135.0,case3375wp,3375,2017-03-15,TIME_LIMIT,False,3600.0,59.30555555555556,91187000.0,32864000.0,64.0,mip_progress,False,results/paper_m4pro_fullmodes_2026-04-29/logs/gurobi/test/matpower_case3375wp_2017-03-15__lazy_bandit.log
matpower/case3375wp,LAZY_BANDIT,matpower/case3375wp/2017-03-15,2185.0,case3375wp,3375,2017-03-15,TIME_LIMIT,False,3600.0,60.69444444444444,91187000.0,33018000.0,63.8,mip_progress,False,results/paper_m4pro_fullmodes_2026-04-29/logs/gurobi/test/matpower_case3375wp_2017-03-15__lazy_bandit.log
matpower/case3375wp,LAZY_BANDIT,matpower/case3375wp/2017-03-15,2187.0,case3375wp,3375,2017-03-15,TIME_LIMIT,False,3600.0,60.75,91187000.0,33019000.0,63.8,mip_progress,False,results/paper_m4pro_fullmodes_2026-04-29/logs/gurobi/test/matpower_case3375wp_2017-03-15__lazy_bandit.log
matpower/case3375wp,LAZY_BANDIT,matpower/case3375wp/2017-03-15,2214.0,case3375wp,3375,2017-03-15,TIME_LIMIT,False,3600.0,61.5,91187000.0,33034000.0,63.8,mip_progress,False,results/paper_m4pro_fullmodes_2026-04-29/logs/gurobi/test/matpower_case3375wp_2017-03-15__lazy_bandit.log
matpower/case3375wp,LAZY_BANDIT,matpower/case3375wp/2017-03-15,2219.0,case3375wp,3375,2017-03-15,TIME_LIMIT,False,3600.0,61.638888888888886,91187000.0,33040000.0,63.8,mip_progress,False,results/paper_m4pro_fullmodes_2026-04-29/logs/gurobi/test/matpower_case3375wp_2017-03-15__lazy_bandit.log
matpower/case3375wp,LAZY_BANDIT,matpower/case3375wp/2017-03-15,2223.0,case3375wp,3375,2017-03-15,TIME_LIMIT,False,3600.0,61.75,91187000.0,33040000.0,63.8,mip_progress,False,results/paper_m4pro_fullmodes_2026-04-29/logs/gurobi/test/matpower_case3375wp_2017-03-15__lazy_bandit.log
matpower/case3375wp,LAZY_BANDIT,matpower/case3375wp/2017-03-15,2225.0,case3375wp,3375,2017-03-15,TIME_LIMIT,False,3600.0,61.80555555555556,91187000.0,33040000.0,63.8,mip_progress,False,results/paper_m4pro_fullmodes_2026-04-29/logs/gurobi/test/matpower_case3375wp_2017-03-15__lazy_bandit.log
matpower/case3375wp,LAZY_BANDIT,matpower/case3375wp/2017-03-15,2231.0,case3375wp,3375,2017-03-15,TIME_LIMIT,False,3600.0,61.97222222222222,91187000.0,33040000.0,63.8,mip_progress,False,results/paper_m4pro_fullmodes_2026-04-29/logs/gurobi/test/matpower_case3375wp_2017-03-15__lazy_bandit.log
matpower/case3375wp,LAZY_BANDIT,matpower/case3375wp/2017-03-15,2301.0,case3375wp,3375,2017-03-15,TIME_LIMIT,False,3600.0,63.916666666666664,91187000.0,33040000.0,63.8,mip_progress,False,results/paper_m4pro_fullmodes_2026-04-29/logs/gurobi/test/matpower_case3375wp_2017-03-15__lazy_bandit.log
matpower/case3375wp,LAZY_BANDIT,matpower/case3375wp/2017-03-15,2406.0,case3375wp,3375,2017-03-15,TIME_LIMIT,False,3600.0,66.83333333333333,91187000.0,33040000.0,63.8,mip_progress,False,results/paper_m4pro_fullmodes_2026-04-29/logs/gurobi/test/matpower_case3375wp_2017-03-15__lazy_bandit.log
matpower/case3375wp,LAZY_BANDIT,matpower/case3375wp/2017-03-15,2453.0,case3375wp,3375,2017-03-15,TIME_LIMIT,False,3600.0,68.13888888888889,91187000.0,33110000.0,63.7,mip_progress,False,results/paper_m4pro_fullmodes_2026-04-29/logs/gurobi/test/matpower_case3375wp_2017-03-15__lazy_bandit.log
matpower/case3375wp,LAZY_BANDIT,matpower/case3375wp/2017-03-15,2459.0,case3375wp,3375,2017-03-15,TIME_LIMIT,False,3600.0,68.30555555555556,91187000.0,33110000.0,63.7,mip_progress,False,results/paper_m4pro_fullmodes_2026-04-29/logs/gurobi/test/matpower_case3375wp_2017-03-15__lazy_bandit.log
matpower/case3375wp,LAZY_BANDIT,matpower/case3375wp/2017-03-15,2480.0,case3375wp,3375,2017-03-15,TIME_LIMIT,False,3600.0,68.88888888888889,91187000.0,33113000.0,63.7,mip_progress,False,results/paper_m4pro_fullmodes_2026-04-29/logs/gurobi/test/matpower_case3375wp_2017-03-15__lazy_bandit.log
matpower/case3375wp,LAZY_BANDIT,matpower/case3375wp/2017-03-15,2504.0,case3375wp,3375,2017-03-15,TIME_LIMIT,False,3600.0,69.55555555555556,91187000.0,33113000.0,63.7,mip_progress,False,results/paper_m4pro_fullmodes_2026-04-29/logs/gurobi/test/matpower_case3375wp_2017-03-15__lazy_bandit.log
matpower/case3375wp,LAZY_BANDIT,matpower/case3375wp/2017-03-15,2536.0,case3375wp,3375,2017-03-15,TIME_LIMIT,False,3600.0,70.44444444444444,91187000.0,33126000.0,63.7,mip_progress,False,results/paper_m4pro_fullmodes_2026-04-29/logs/gurobi/test/matpower_case3375wp_2017-03-15__lazy_bandit.log
matpower/case3375wp,LAZY_BANDIT,matpower/case3375wp/2017-03-15,2560.0,case3375wp,3375,2017-03-15,TIME_LIMIT,False,3600.0,71.11111111111111,91187000.0,33128000.0,63.7,mip_progress,False,results/paper_m4pro_fullmodes_2026-04-29/logs/gurobi/test/matpower_case3375wp_2017-03-15__lazy_bandit.log
matpower/case3375wp,LAZY_BANDIT,matpower/case3375wp/2017-03-15,2586.0,case3375wp,3375,2017-03-15,TIME_LIMIT,False,3600.0,71.83333333333333,91187000.0,33130000.0,63.7,mip_progress,False,results/paper_m4pro_fullmodes_2026-04-29/logs/gurobi/test/matpower_case3375wp_2017-03-15__lazy_bandit.log
matpower/case3375wp,LAZY_BANDIT,matpower/case3375wp/2017-03-15,2609.0,case3375wp,3375,2017-03-15,TIME_LIMIT,False,3600.0,72.47222222222223,91187000.0,33130000.0,63.7,mip_progress,False,results/paper_m4pro_fullmodes_2026-04-29/logs/gurobi/test/matpower_case3375wp_2017-03-15__lazy_bandit.log
matpower/case3375wp,LAZY_BANDIT,matpower/case3375wp/2017-03-15,2639.0,case3375wp,3375,2017-03-15,TIME_LIMIT,False,3600.0,73.30555555555556,91187000.0,33130000.0,63.7,mip_progress,False,results/paper_m4pro_fullmodes_2026-04-29/logs/gurobi/test/matpower_case3375wp_2017-03-15__lazy_bandit.log
matpower/case3375wp,LAZY_BANDIT,matpower/case3375wp/2017-03-15,2662.0,case3375wp,3375,2017-03-15,TIME_LIMIT,False,3600.0,73.94444444444444,91187000.0,33130000.0,63.7,mip_progress,False,results/paper_m4pro_fullmodes_2026-04-29/logs/gurobi/test/matpower_case3375wp_2017-03-15__lazy_bandit.log
matpower/case3375wp,LAZY_BANDIT,matpower/case3375wp/2017-03-15,2689.0,case3375wp,3375,2017-03-15,TIME_LIMIT,False,3600.0,74.69444444444444,91187000.0,33130000.0,63.7,mip_progress,False,results/paper_m4pro_fullmodes_2026-04-29/logs/gurobi/test/matpower_case3375wp_2017-03-15__lazy_bandit.log
matpower/case3375wp,LAZY_BANDIT,matpower/case3375wp/2017-03-15,2713.0,case3375wp,3375,2017-03-15,TIME_LIMIT,False,3600.0,75.36111111111111,91187000.0,33130000.0,63.7,mip_progress,False,results/paper_m4pro_fullmodes_2026-04-29/logs/gurobi/test/matpower_case3375wp_2017-03-15__lazy_bandit.log
matpower/case3375wp,LAZY_BANDIT,matpower/case3375wp/2017-03-15,2738.0,case3375wp,3375,2017-03-15,TIME_LIMIT,False,3600.0,76.05555555555556,91187000.0,33130000.0,63.7,mip_progress,False,results/paper_m4pro_fullmodes_2026-04-29/logs/gurobi/test/matpower_case3375wp_2017-03-15__lazy_bandit.log
matpower/case3375wp,LAZY_BANDIT,matpower/case3375wp/2017-03-15,2765.0,case3375wp,3375,2017-03-15,TIME_LIMIT,False,3600.0,76.80555555555556,91187000.0,33130000.0,63.7,mip_progress,False,results/paper_m4pro_fullmodes_2026-04-29/logs/gurobi/test/matpower_case3375wp_2017-03-15__lazy_bandit.log
matpower/case3375wp,LAZY_BANDIT,matpower/case3375wp/2017-03-15,2794.0,case3375wp,3375,2017-03-15,TIME_LIMIT,False,3600.0,77.61111111111111,91187000.0,33130000.0,63.7,mip_progress,False,results/paper_m4pro_fullmodes_2026-04-29/logs/gurobi/test/matpower_case3375wp_2017-03-15__lazy_bandit.log
matpower/case3375wp,LAZY_BANDIT,matpower/case3375wp/2017-03-15,2818.0,case3375wp,3375,2017-03-15,TIME_LIMIT,False,3600.0,78.27777777777777,91187000.0,33130000.0,63.7,mip_progress,False,results/paper_m4pro_fullmodes_2026-04-29/logs/gurobi/test/matpower_case3375wp_2017-03-15__lazy_bandit.log
matpower/case3375wp,LAZY_BANDIT,matpower/case3375wp/2017-03-15,2844.0,case3375wp,3375,2017-03-15,TIME_LIMIT,False,3600.0,79.0,91187000.0,33130000.0,63.7,mip_progress,False,results/paper_m4pro_fullmodes_2026-04-29/logs/gurobi/test/matpower_case3375wp_2017-03-15__lazy_bandit.log
matpower/case3375wp,LAZY_BANDIT,matpower/case3375wp/2017-03-15,2879.0,case3375wp,3375,2017-03-15,TIME_LIMIT,False,3600.0,79.97222222222223,91187000.0,33130000.0,63.7,mip_progress,False,results/paper_m4pro_fullmodes_2026-04-29/logs/gurobi/test/matpower_case3375wp_2017-03-15__lazy_bandit.log
matpower/case3375wp,LAZY_BANDIT,matpower/case3375wp/2017-03-15,2911.0,case3375wp,3375,2017-03-15,TIME_LIMIT,False,3600.0,80.86111111111111,91187000.0,33130000.0,63.7,mip_progress,False,results/paper_m4pro_fullmodes_2026-04-29/logs/gurobi/test/matpower_case3375wp_2017-03-15__lazy_bandit.log
matpower/case3375wp,LAZY_BANDIT,matpower/case3375wp/2017-03-15,2940.0,case3375wp,3375,2017-03-15,TIME_LIMIT,False,3600.0,81.66666666666667,91187000.0,33130000.0,63.7,mip_progress,False,results/paper_m4pro_fullmodes_2026-04-29/logs/gurobi/test/matpower_case3375wp_2017-03-15__lazy_bandit.log
matpower/case3375wp,LAZY_BANDIT,matpower/case3375wp/2017-03-15,2968.0,case3375wp,3375,2017-03-15,TIME_LIMIT,False,3600.0,82.44444444444444,91187000.0,33130000.0,63.7,mip_progress,False,results/paper_m4pro_fullmodes_2026-04-29/logs/gurobi/test/matpower_case3375wp_2017-03-15__lazy_bandit.log
matpower/case3375wp,LAZY_BANDIT,matpower/case3375wp/2017-03-15,2993.0,case3375wp,3375,2017-03-15,TIME_LIMIT,False,3600.0,83.13888888888889,91187000.0,33130000.0,63.7,mip_progress,False,results/paper_m4pro_fullmodes_2026-04-29/logs/gurobi/test/matpower_case3375wp_2017-03-15__lazy_bandit.log
matpower/case3375wp,LAZY_BANDIT,matpower/case3375wp/2017-03-15,3017.0,case3375wp,3375,2017-03-15,TIME_LIMIT,False,3600.0,83.80555555555556,91187000.0,33130000.0,63.7,mip_progress,False,results/paper_m4pro_fullmodes_2026-04-29/logs/gurobi/test/matpower_case3375wp_2017-03-15__lazy_bandit.log
matpower/case3375wp,LAZY_BANDIT,matpower/case3375wp/2017-03-15,3045.0,case3375wp,3375,2017-03-15,TIME_LIMIT,False,3600.0,84.58333333333333,91187000.0,33130000.0,63.7,mip_progress,False,results/paper_m4pro_fullmodes_2026-04-29/logs/gurobi/test/matpower_case3375wp_2017-03-15__lazy_bandit.log
matpower/case3375wp,LAZY_BANDIT,matpower/case3375wp/2017-03-15,3072.0,case3375wp,3375,2017-03-15,TIME_LIMIT,False,3600.0,85.33333333333333,91187000.0,33130000.0,63.7,mip_progress,False,results/paper_m4pro_fullmodes_2026-04-29/logs/gurobi/test/matpower_case3375wp_2017-03-15__lazy_bandit.log
matpower/case3375wp,LAZY_BANDIT,matpower/case3375wp/2017-03-15,3097.0,case3375wp,3375,2017-03-15,TIME_LIMIT,False,3600.0,86.02777777777777,91187000.0,33130000.0,63.7,mip_progress,False,results/paper_m4pro_fullmodes_2026-04-29/logs/gurobi/test/matpower_case3375wp_2017-03-15__lazy_bandit.log
matpower/case3375wp,LAZY_BANDIT,matpower/case3375wp/2017-03-15,3126.0,case3375wp,3375,2017-03-15,TIME_LIMIT,False,3600.0,86.83333333333333,91187000.0,33130000.0,63.7,mip_progress,False,results/paper_m4pro_fullmodes_2026-04-29/logs/gurobi/test/matpower_case3375wp_2017-03-15__lazy_bandit.log
matpower/case3375wp,LAZY_BANDIT,matpower/case3375wp/2017-03-15,3152.0,case3375wp,3375,2017-03-15,TIME_LIMIT,False,3600.0,87.55555555555556,91187000.0,33130000.0,63.7,mip_progress,False,results/paper_m4pro_fullmodes_2026-04-29/logs/gurobi/test/matpower_case3375wp_2017-03-15__lazy_bandit.log
matpower/case3375wp,LAZY_BANDIT,matpower/case3375wp/2017-03-15,3179.0,case3375wp,3375,2017-03-15,TIME_LIMIT,False,3600.0,88.30555555555556,91187000.0,33130000.0,63.7,mip_progress,False,results/paper_m4pro_fullmodes_2026-04-29/logs/gurobi/test/matpower_case3375wp_2017-03-15__lazy_bandit.log
matpower/case3375wp,LAZY_BANDIT,matpower/case3375wp/2017-03-15,3208.0,case3375wp,3375,2017-03-15,TIME_LIMIT,False,3600.0,89.11111111111111,91187000.0,33130000.0,63.7,mip_progress,False,results/paper_m4pro_fullmodes_2026-04-29/logs/gurobi/test/matpower_case3375wp_2017-03-15__lazy_bandit.log
matpower/case3375wp,LAZY_BANDIT,matpower/case3375wp/2017-03-15,3237.0,case3375wp,3375,2017-03-15,TIME_LIMIT,False,3600.0,89.91666666666667,91187000.0,33130000.0,63.7,mip_progress,False,results/paper_m4pro_fullmodes_2026-04-29/logs/gurobi/test/matpower_case3375wp_2017-03-15__lazy_bandit.log
matpower/case3375wp,LAZY_BANDIT,matpower/case3375wp/2017-03-15,3268.0,case3375wp,3375,2017-03-15,TIME_LIMIT,False,3600.0,90.77777777777777,91187000.0,33130000.0,63.7,mip_progress,False,results/paper_m4pro_fullmodes_2026-04-29/logs/gurobi/test/matpower_case3375wp_2017-03-15__lazy_bandit.log
matpower/case3375wp,LAZY_BANDIT,matpower/case3375wp/2017-03-15,3309.0,case3375wp,3375,2017-03-15,TIME_LIMIT,False,3600.0,91.91666666666667,91187000.0,33130000.0,63.7,mip_progress,False,results/paper_m4pro_fullmodes_2026-04-29/logs/gurobi/test/matpower_case3375wp_2017-03-15__lazy_bandit.log
matpower/case3375wp,LAZY_BANDIT,matpower/case3375wp/2017-03-15,3343.0,case3375wp,3375,2017-03-15,TIME_LIMIT,False,3600.0,92.86111111111111,91187000.0,33130000.0,63.7,mip_progress,False,results/paper_m4pro_fullmodes_2026-04-29/logs/gurobi/test/matpower_case3375wp_2017-03-15__lazy_bandit.log
matpower/case3375wp,LAZY_BANDIT,matpower/case3375wp/2017-03-15,3376.0,case3375wp,3375,2017-03-15,TIME_LIMIT,False,3600.0,93.77777777777777,91187000.0,33130000.0,63.7,mip_progress,False,results/paper_m4pro_fullmodes_2026-04-29/logs/gurobi/test/matpower_case3375wp_2017-03-15__lazy_bandit.log
matpower/case3375wp,LAZY_BANDIT,matpower/case3375wp/2017-03-15,3421.0,case3375wp,3375,2017-03-15,TIME_LIMIT,False,3600.0,95.02777777777777,91187000.0,33130000.0,63.7,mip_progress,False,results/paper_m4pro_fullmodes_2026-04-29/logs/gurobi/test/matpower_case3375wp_2017-03-15__lazy_bandit.log
matpower/case3375wp,LAZY_BANDIT,matpower/case3375wp/2017-03-15,3460.0,case3375wp,3375,2017-03-15,TIME_LIMIT,False,3600.0,96.11111111111111,91187000.0,33130000.0,63.7,mip_progress,False,results/paper_m4pro_fullmodes_2026-04-29/logs/gurobi/test/matpower_case3375wp_2017-03-15__lazy_bandit.log
matpower/case3375wp,LAZY_BANDIT,matpower/case3375wp/2017-03-15,3501.0,case3375wp,3375,2017-03-15,TIME_LIMIT,False,3600.0,97.25,91187000.0,33130000.0,63.7,mip_progress,False,results/paper_m4pro_fullmodes_2026-04-29/logs/gurobi/test/matpower_case3375wp_2017-03-15__lazy_bandit.log
matpower/case3375wp,LAZY_BANDIT,matpower/case3375wp/2017-03-15,3542.0,case3375wp,3375,2017-03-15,TIME_LIMIT,False,3600.0,98.38888888888889,91187000.0,33130000.0,63.7,mip_progress,False,results/paper_m4pro_fullmodes_2026-04-29/logs/gurobi/test/matpower_case3375wp_2017-03-15__lazy_bandit.log
matpower/case3375wp,LAZY_BANDIT,matpower/case3375wp/2017-03-15,3586.0,case3375wp,3375,2017-03-15,TIME_LIMIT,False,3600.0,99.61111111111111,91187000.0,33130000.0,63.7,mip_progress,False,results/paper_m4pro_fullmodes_2026-04-29/logs/gurobi/test/matpower_case3375wp_2017-03-15__lazy_bandit.log
matpower/case3375wp,LAZY_BANDIT,matpower/case3375wp/2017-03-15,3600.0,case3375wp,3375,2017-03-15,TIME_LIMIT,False,3600.0,100.0,91187000.0,33130000.0,63.7,mip_progress,False,results/paper_m4pro_fullmodes_2026-04-29/logs/gurobi/test/matpower_case3375wp_2017-03-15__lazy_bandit.log
matpower/case3375wp,LAZY_BANDIT,matpower/case3375wp/2017-03-15,3612.022398,case3375wp,3375,2017-03-15,TIME_LIMIT,False,3600.0,100.3339555,,,63.668553,result_final,False,results/paper_m4pro_fullmodes_2026-04-29/logs/gurobi/test/matpower_case3375wp_2017-03-15__lazy_bandit.log
matpower/case3375wp,LAZY_BANDIT,matpower/case3375wp/2017-07-15,1445.0,case3375wp,3375,2017-07-15,TIME_LIMIT,False,3600.0,40.138888888888886,116883000.0,25373000.0,78.3,mip_progress,True,results/paper_m4pro_fullmodes_2026-04-29/logs/gurobi/test/matpower_case3375wp_2017-07-15__lazy_bandit.log
matpower/case3375wp,LAZY_BANDIT,matpower/case3375wp/2017-07-15,1721.0,case3375wp,3375,2017-07-15,TIME_LIMIT,False,3600.0,47.80555555555556,116880000.0,29333000.0,74.9,mip_progress,False,results/paper_m4pro_fullmodes_2026-04-29/logs/gurobi/test/matpower_case3375wp_2017-07-15__lazy_bandit.log
matpower/case3375wp,LAZY_BANDIT,matpower/case3375wp/2017-07-15,1789.0,case3375wp,3375,2017-07-15,TIME_LIMIT,False,3600.0,49.69444444444444,116880000.0,29340000.0,74.9,mip_progress,False,results/paper_m4pro_fullmodes_2026-04-29/logs/gurobi/test/matpower_case3375wp_2017-07-15__lazy_bandit.log
matpower/case3375wp,LAZY_BANDIT,matpower/case3375wp/2017-07-15,1860.0,case3375wp,3375,2017-07-15,TIME_LIMIT,False,3600.0,51.666666666666664,116880000.0,29340000.0,74.9,mip_progress,False,results/paper_m4pro_fullmodes_2026-04-29/logs/gurobi/test/matpower_case3375wp_2017-07-15__lazy_bandit.log
matpower/case3375wp,LAZY_BANDIT,matpower/case3375wp/2017-07-15,1952.0,case3375wp,3375,2017-07-15,TIME_LIMIT,False,3600.0,54.22222222222222,116880000.0,29614000.0,74.7,mip_progress,False,results/paper_m4pro_fullmodes_2026-04-29/logs/gurobi/test/matpower_case3375wp_2017-07-15__lazy_bandit.log
matpower/case3375wp,LAZY_BANDIT,matpower/case3375wp/2017-07-15,1955.0,case3375wp,3375,2017-07-15,TIME_LIMIT,False,3600.0,54.30555555555556,116880000.0,29615000.0,74.7,mip_progress,False,results/paper_m4pro_fullmodes_2026-04-29/logs/gurobi/test/matpower_case3375wp_2017-07-15__lazy_bandit.log
matpower/case3375wp,LAZY_BANDIT,matpower/case3375wp/2017-07-15,1995.0,case3375wp,3375,2017-07-15,TIME_LIMIT,False,3600.0,55.416666666666664,116880000.0,29721000.0,74.6,mip_progress,False,results/paper_m4pro_fullmodes_2026-04-29/logs/gurobi/test/matpower_case3375wp_2017-07-15__lazy_bandit.log
matpower/case3375wp,LAZY_BANDIT,matpower/case3375wp/2017-07-15,1998.0,case3375wp,3375,2017-07-15,TIME_LIMIT,False,3600.0,55.5,116880000.0,29721000.0,74.6,mip_progress,False,results/paper_m4pro_fullmodes_2026-04-29/logs/gurobi/test/matpower_case3375wp_2017-07-15__lazy_bandit.log
matpower/case3375wp,LAZY_BANDIT,matpower/case3375wp/2017-07-15,2016.0,case3375wp,3375,2017-07-15,TIME_LIMIT,False,3600.0,56.0,116880000.0,29723000.0,74.6,mip_progress,False,results/paper_m4pro_fullmodes_2026-04-29/logs/gurobi/test/matpower_case3375wp_2017-07-15__lazy_bandit.log
matpower/case3375wp,LAZY_BANDIT,matpower/case3375wp/2017-07-15,2018.0,case3375wp,3375,2017-07-15,TIME_LIMIT,False,3600.0,56.05555555555556,116880000.0,29723000.0,74.6,mip_progress,False,results/paper_m4pro_fullmodes_2026-04-29/logs/gurobi/test/matpower_case3375wp_2017-07-15__lazy_bandit.log
matpower/case3375wp,LAZY_BANDIT,matpower/case3375wp/2017-07-15,2033.0,case3375wp,3375,2017-07-15,TIME_LIMIT,False,3600.0,56.47222222222222,116880000.0,29724000.0,74.6,mip_progress,False,results/paper_m4pro_fullmodes_2026-04-29/logs/gurobi/test/matpower_case3375wp_2017-07-15__lazy_bandit.log
matpower/case3375wp,LAZY_BANDIT,matpower/case3375wp/2017-07-15,2036.0,case3375wp,3375,2017-07-15,TIME_LIMIT,False,3600.0,56.55555555555556,116880000.0,29724000.0,74.6,mip_progress,False,results/paper_m4pro_fullmodes_2026-04-29/logs/gurobi/test/matpower_case3375wp_2017-07-15__lazy_bandit.log
matpower/case3375wp,LAZY_BANDIT,matpower/case3375wp/2017-07-15,2038.0,case3375wp,3375,2017-07-15,TIME_LIMIT,False,3600.0,56.611111111111114,116880000.0,29724000.0,74.6,mip_progress,False,results/paper_m4pro_fullmodes_2026-04-29/logs/gurobi/test/matpower_case3375wp_2017-07-15__lazy_bandit.log
matpower/case3375wp,LAZY_BANDIT,matpower/case3375wp/2017-07-15,2039.0,case3375wp,3375,2017-07-15,TIME_LIMIT,False,3600.0,56.638888888888886,116880000.0,29724000.0,74.6,mip_progress,False,results/paper_m4pro_fullmodes_2026-04-29/logs/gurobi/test/matpower_case3375wp_2017-07-15__lazy_bandit.log
matpower/case3375wp,LAZY_BANDIT,matpower/case3375wp/2017-07-15,2040.0,case3375wp,3375,2017-07-15,TIME_LIMIT,False,3600.0,56.666666666666664,116880000.0,29724000.0,74.6,mip_progress,False,results/paper_m4pro_fullmodes_2026-04-29/logs/gurobi/test/matpower_case3375wp_2017-07-15__lazy_bandit.log
matpower/case3375wp,LAZY_BANDIT,matpower/case3375wp/2017-07-15,2044.0,case3375wp,3375,2017-07-15,TIME_LIMIT,False,3600.0,56.77777777777778,116880000.0,29724000.0,74.6,mip_progress,False,results/paper_m4pro_fullmodes_2026-04-29/logs/gurobi/test/matpower_case3375wp_2017-07-15__lazy_bandit.log
matpower/case3375wp,LAZY_BANDIT,matpower/case3375wp/2017-07-15,2046.0,case3375wp,3375,2017-07-15,TIME_LIMIT,False,3600.0,56.833333333333336,116880000.0,29724000.0,74.6,mip_progress,False,results/paper_m4pro_fullmodes_2026-04-29/logs/gurobi/test/matpower_case3375wp_2017-07-15__lazy_bandit.log
matpower/case3375wp,LAZY_BANDIT,matpower/case3375wp/2017-07-15,2047.0,case3375wp,3375,2017-07-15,TIME_LIMIT,False,3600.0,56.861111111111114,116880000.0,29724000.0,74.6,mip_progress,False,results/paper_m4pro_fullmodes_2026-04-29/logs/gurobi/test/matpower_case3375wp_2017-07-15__lazy_bandit.log
matpower/case3375wp,LAZY_BANDIT,matpower/case3375wp/2017-07-15,2049.0,case3375wp,3375,2017-07-15,TIME_LIMIT,False,3600.0,56.916666666666664,116880000.0,29724000.0,74.6,mip_progress,False,results/paper_m4pro_fullmodes_2026-04-29/logs/gurobi/test/matpower_case3375wp_2017-07-15__lazy_bandit.log
matpower/case3375wp,LAZY_BANDIT,matpower/case3375wp/2017-07-15,2052.0,case3375wp,3375,2017-07-15,TIME_LIMIT,False,3600.0,57.0,116880000.0,29724000.0,74.6,mip_progress,False,results/paper_m4pro_fullmodes_2026-04-29/logs/gurobi/test/matpower_case3375wp_2017-07-15__lazy_bandit.log
matpower/case3375wp,LAZY_BANDIT,matpower/case3375wp/2017-07-15,2131.0,case3375wp,3375,2017-07-15,TIME_LIMIT,False,3600.0,59.19444444444444,116880000.0,29724000.0,74.6,mip_progress,False,results/paper_m4pro_fullmodes_2026-04-29/logs/gurobi/test/matpower_case3375wp_2017-07-15__lazy_bandit.log
matpower/case3375wp,LAZY_BANDIT,matpower/case3375wp/2017-07-15,2209.0,case3375wp,3375,2017-07-15,TIME_LIMIT,False,3600.0,61.361111111111114,116880000.0,29724000.0,74.6,mip_progress,False,results/paper_m4pro_fullmodes_2026-04-29/logs/gurobi/test/matpower_case3375wp_2017-07-15__lazy_bandit.log
matpower/case3375wp,LAZY_BANDIT,matpower/case3375wp/2017-07-15,2308.0,case3375wp,3375,2017-07-15,TIME_LIMIT,False,3600.0,64.11111111111111,116880000.0,29834000.0,74.5,mip_progress,False,results/paper_m4pro_fullmodes_2026-04-29/logs/gurobi/test/matpower_case3375wp_2017-07-15__lazy_bandit.log
matpower/case3375wp,LAZY_BANDIT,matpower/case3375wp/2017-07-15,2316.0,case3375wp,3375,2017-07-15,TIME_LIMIT,False,3600.0,64.33333333333333,116880000.0,29834000.0,74.5,mip_progress,False,results/paper_m4pro_fullmodes_2026-04-29/logs/gurobi/test/matpower_case3375wp_2017-07-15__lazy_bandit.log
matpower/case3375wp,LAZY_BANDIT,matpower/case3375wp/2017-07-15,2326.0,case3375wp,3375,2017-07-15,TIME_LIMIT,False,3600.0,64.61111111111111,116880000.0,29837000.0,74.5,mip_progress,False,results/paper_m4pro_fullmodes_2026-04-29/logs/gurobi/test/matpower_case3375wp_2017-07-15__lazy_bandit.log
matpower/case3375wp,LAZY_BANDIT,matpower/case3375wp/2017-07-15,2380.0,case3375wp,3375,2017-07-15,TIME_LIMIT,False,3600.0,66.11111111111111,116880000.0,29839000.0,74.5,mip_progress,False,results/paper_m4pro_fullmodes_2026-04-29/logs/gurobi/test/matpower_case3375wp_2017-07-15__lazy_bandit.log
matpower/case3375wp,LAZY_BANDIT,matpower/case3375wp/2017-07-15,2405.0,case3375wp,3375,2017-07-15,TIME_LIMIT,False,3600.0,66.80555555555556,116880000.0,29841000.0,74.5,mip_progress,False,results/paper_m4pro_fullmodes_2026-04-29/logs/gurobi/test/matpower_case3375wp_2017-07-15__lazy_bandit.log
matpower/case3375wp,LAZY_BANDIT,matpower/case3375wp/2017-07-15,2433.0,case3375wp,3375,2017-07-15,TIME_LIMIT,False,3600.0,67.58333333333333,116880000.0,29851000.0,74.5,mip_progress,False,results/paper_m4pro_fullmodes_2026-04-29/logs/gurobi/test/matpower_case3375wp_2017-07-15__lazy_bandit.log
matpower/case3375wp,LAZY_BANDIT,matpower/case3375wp/2017-07-15,2463.0,case3375wp,3375,2017-07-15,TIME_LIMIT,False,3600.0,68.41666666666667,116880000.0,29851000.0,74.5,mip_progress,False,results/paper_m4pro_fullmodes_2026-04-29/logs/gurobi/test/matpower_case3375wp_2017-07-15__lazy_bandit.log
matpower/case3375wp,LAZY_BANDIT,matpower/case3375wp/2017-07-15,2497.0,case3375wp,3375,2017-07-15,TIME_LIMIT,False,3600.0,69.36111111111111,116880000.0,29851000.0,74.5,mip_progress,False,results/paper_m4pro_fullmodes_2026-04-29/logs/gurobi/test/matpower_case3375wp_2017-07-15__lazy_bandit.log
matpower/case3375wp,LAZY_BANDIT,matpower/case3375wp/2017-07-15,2536.0,case3375wp,3375,2017-07-15,TIME_LIMIT,False,3600.0,70.44444444444444,116880000.0,29851000.0,74.5,mip_progress,False,results/paper_m4pro_fullmodes_2026-04-29/logs/gurobi/test/matpower_case3375wp_2017-07-15__lazy_bandit.log
matpower/case3375wp,LAZY_BANDIT,matpower/case3375wp/2017-07-15,2579.0,case3375wp,3375,2017-07-15,TIME_LIMIT,False,3600.0,71.63888888888889,116880000.0,29851000.0,74.5,mip_progress,False,results/paper_m4pro_fullmodes_2026-04-29/logs/gurobi/test/matpower_case3375wp_2017-07-15__lazy_bandit.log
matpower/case3375wp,LAZY_BANDIT,matpower/case3375wp/2017-07-15,2619.0,case3375wp,3375,2017-07-15,TIME_LIMIT,False,3600.0,72.75,116880000.0,29851000.0,74.5,mip_progress,False,results/paper_m4pro_fullmodes_2026-04-29/logs/gurobi/test/matpower_case3375wp_2017-07-15__lazy_bandit.log
matpower/case3375wp,LAZY_BANDIT,matpower/case3375wp/2017-07-15,2661.0,case3375wp,3375,2017-07-15,TIME_LIMIT,False,3600.0,73.91666666666667,116880000.0,29851000.0,74.5,mip_progress,False,results/paper_m4pro_fullmodes_2026-04-29/logs/gurobi/test/matpower_case3375wp_2017-07-15__lazy_bandit.log
matpower/case3375wp,LAZY_BANDIT,matpower/case3375wp/2017-07-15,2693.0,case3375wp,3375,2017-07-15,TIME_LIMIT,False,3600.0,74.80555555555556,116880000.0,29851000.0,74.5,mip_progress,False,results/paper_m4pro_fullmodes_2026-04-29/logs/gurobi/test/matpower_case3375wp_2017-07-15__lazy_bandit.log
matpower/case3375wp,LAZY_BANDIT,matpower/case3375wp/2017-07-15,2721.0,case3375wp,3375,2017-07-15,TIME_LIMIT,False,3600.0,75.58333333333333,116880000.0,29851000.0,74.5,mip_progress,False,results/paper_m4pro_fullmodes_2026-04-29/logs/gurobi/test/matpower_case3375wp_2017-07-15__lazy_bandit.log
matpower/case3375wp,LAZY_BANDIT,matpower/case3375wp/2017-07-15,2800.0,case3375wp,3375,2017-07-15,TIME_LIMIT,False,3600.0,77.77777777777777,116880000.0,29851000.0,74.5,mip_progress,False,results/paper_m4pro_fullmodes_2026-04-29/logs/gurobi/test/matpower_case3375wp_2017-07-15__lazy_bandit.log
matpower/case3375wp,LAZY_BANDIT,matpower/case3375wp/2017-07-15,2830.0,case3375wp,3375,2017-07-15,TIME_LIMIT,False,3600.0,78.61111111111111,116880000.0,29851000.0,74.5,mip_progress,False,results/paper_m4pro_fullmodes_2026-04-29/logs/gurobi/test/matpower_case3375wp_2017-07-15__lazy_bandit.log
matpower/case3375wp,LAZY_BANDIT,matpower/case3375wp/2017-07-15,2859.0,case3375wp,3375,2017-07-15,TIME_LIMIT,False,3600.0,79.41666666666667,116880000.0,29851000.0,74.5,mip_progress,False,results/paper_m4pro_fullmodes_2026-04-29/logs/gurobi/test/matpower_case3375wp_2017-07-15__lazy_bandit.log
matpower/case3375wp,LAZY_BANDIT,matpower/case3375wp/2017-07-15,2892.0,case3375wp,3375,2017-07-15,TIME_LIMIT,False,3600.0,80.33333333333333,116880000.0,29851000.0,74.5,mip_progress,False,results/paper_m4pro_fullmodes_2026-04-29/logs/gurobi/test/matpower_case3375wp_2017-07-15__lazy_bandit.log
matpower/case3375wp,LAZY_BANDIT,matpower/case3375wp/2017-07-15,2920.0,case3375wp,3375,2017-07-15,TIME_LIMIT,False,3600.0,81.11111111111111,116880000.0,29851000.0,74.5,mip_progress,False,results/paper_m4pro_fullmodes_2026-04-29/logs/gurobi/test/matpower_case3375wp_2017-07-15__lazy_bandit.log
matpower/case3375wp,LAZY_BANDIT,matpower/case3375wp/2017-07-15,2998.0,case3375wp,3375,2017-07-15,TIME_LIMIT,False,3600.0,83.27777777777777,116880000.0,29851000.0,74.5,mip_progress,False,results/paper_m4pro_fullmodes_2026-04-29/logs/gurobi/test/matpower_case3375wp_2017-07-15__lazy_bandit.log
matpower/case3375wp,LAZY_BANDIT,matpower/case3375wp/2017-07-15,3024.0,case3375wp,3375,2017-07-15,TIME_LIMIT,False,3600.0,84.0,116880000.0,29851000.0,74.5,mip_progress,False,results/paper_m4pro_fullmodes_2026-04-29/logs/gurobi/test/matpower_case3375wp_2017-07-15__lazy_bandit.log
matpower/case3375wp,LAZY_BANDIT,matpower/case3375wp/2017-07-15,3053.0,case3375wp,3375,2017-07-15,TIME_LIMIT,False,3600.0,84.80555555555556,116880000.0,29851000.0,74.5,mip_progress,False,results/paper_m4pro_fullmodes_2026-04-29/logs/gurobi/test/matpower_case3375wp_2017-07-15__lazy_bandit.log
matpower/case3375wp,LAZY_BANDIT,matpower/case3375wp/2017-07-15,3078.0,case3375wp,3375,2017-07-15,TIME_LIMIT,False,3600.0,85.5,116880000.0,29851000.0,74.5,mip_progress,False,results/paper_m4pro_fullmodes_2026-04-29/logs/gurobi/test/matpower_case3375wp_2017-07-15__lazy_bandit.log
matpower/case3375wp,LAZY_BANDIT,matpower/case3375wp/2017-07-15,3106.0,case3375wp,3375,2017-07-15,TIME_LIMIT,False,3600.0,86.27777777777777,116880000.0,29851000.0,74.5,mip_progress,False,results/paper_m4pro_fullmodes_2026-04-29/logs/gurobi/test/matpower_case3375wp_2017-07-15__lazy_bandit.log
matpower/case3375wp,LAZY_BANDIT,matpower/case3375wp/2017-07-15,3133.0,case3375wp,3375,2017-07-15,TIME_LIMIT,False,3600.0,87.02777777777777,116880000.0,29851000.0,74.5,mip_progress,False,results/paper_m4pro_fullmodes_2026-04-29/logs/gurobi/test/matpower_case3375wp_2017-07-15__lazy_bandit.log
matpower/case3375wp,LAZY_BANDIT,matpower/case3375wp/2017-07-15,3159.0,case3375wp,3375,2017-07-15,TIME_LIMIT,False,3600.0,87.75,116880000.0,29851000.0,74.5,mip_progress,False,results/paper_m4pro_fullmodes_2026-04-29/logs/gurobi/test/matpower_case3375wp_2017-07-15__lazy_bandit.log
matpower/case3375wp,LAZY_BANDIT,matpower/case3375wp/2017-07-15,3186.0,case3375wp,3375,2017-07-15,TIME_LIMIT,False,3600.0,88.5,116880000.0,29851000.0,74.5,mip_progress,False,results/paper_m4pro_fullmodes_2026-04-29/logs/gurobi/test/matpower_case3375wp_2017-07-15__lazy_bandit.log
matpower/case3375wp,LAZY_BANDIT,matpower/case3375wp/2017-07-15,3212.0,case3375wp,3375,2017-07-15,TIME_LIMIT,False,3600.0,89.22222222222223,116880000.0,29851000.0,74.5,mip_progress,False,results/paper_m4pro_fullmodes_2026-04-29/logs/gurobi/test/matpower_case3375wp_2017-07-15__lazy_bandit.log
matpower/case3375wp,LAZY_BANDIT,matpower/case3375wp/2017-07-15,3239.0,case3375wp,3375,2017-07-15,TIME_LIMIT,False,3600.0,89.97222222222223,116880000.0,29851000.0,74.5,mip_progress,False,results/paper_m4pro_fullmodes_2026-04-29/logs/gurobi/test/matpower_case3375wp_2017-07-15__lazy_bandit.log
matpower/case3375wp,LAZY_BANDIT,matpower/case3375wp/2017-07-15,3270.0,case3375wp,3375,2017-07-15,TIME_LIMIT,False,3600.0,90.83333333333333,116880000.0,29851000.0,74.5,mip_progress,False,results/paper_m4pro_fullmodes_2026-04-29/logs/gurobi/test/matpower_case3375wp_2017-07-15__lazy_bandit.log
matpower/case3375wp,LAZY_BANDIT,matpower/case3375wp/2017-07-15,3306.0,case3375wp,3375,2017-07-15,TIME_LIMIT,False,3600.0,91.83333333333333,116880000.0,29851000.0,74.5,mip_progress,False,results/paper_m4pro_fullmodes_2026-04-29/logs/gurobi/test/matpower_case3375wp_2017-07-15__lazy_bandit.log
matpower/case3375wp,LAZY_BANDIT,matpower/case3375wp/2017-07-15,3338.0,case3375wp,3375,2017-07-15,TIME_LIMIT,False,3600.0,92.72222222222223,116880000.0,29851000.0,74.5,mip_progress,False,results/paper_m4pro_fullmodes_2026-04-29/logs/gurobi/test/matpower_case3375wp_2017-07-15__lazy_bandit.log
matpower/case3375wp,LAZY_BANDIT,matpower/case3375wp/2017-07-15,3373.0,case3375wp,3375,2017-07-15,TIME_LIMIT,False,3600.0,93.69444444444444,116880000.0,29851000.0,74.5,mip_progress,False,results/paper_m4pro_fullmodes_2026-04-29/logs/gurobi/test/matpower_case3375wp_2017-07-15__lazy_bandit.log
matpower/case3375wp,LAZY_BANDIT,matpower/case3375wp/2017-07-15,3416.0,case3375wp,3375,2017-07-15,TIME_LIMIT,False,3600.0,94.88888888888889,116880000.0,29851000.0,74.5,mip_progress,False,results/paper_m4pro_fullmodes_2026-04-29/logs/gurobi/test/matpower_case3375wp_2017-07-15__lazy_bandit.log
matpower/case3375wp,LAZY_BANDIT,matpower/case3375wp/2017-07-15,3497.0,case3375wp,3375,2017-07-15,TIME_LIMIT,False,3600.0,97.13888888888889,116880000.0,29851000.0,74.5,mip_progress,False,results/paper_m4pro_fullmodes_2026-04-29/logs/gurobi/test/matpower_case3375wp_2017-07-15__lazy_bandit.log
matpower/case3375wp,LAZY_BANDIT,matpower/case3375wp/2017-07-15,3541.0,case3375wp,3375,2017-07-15,TIME_LIMIT,False,3600.0,98.36111111111111,116880000.0,29851000.0,74.5,mip_progress,False,results/paper_m4pro_fullmodes_2026-04-29/logs/gurobi/test/matpower_case3375wp_2017-07-15__lazy_bandit.log
matpower/case3375wp,LAZY_BANDIT,matpower/case3375wp/2017-07-15,3583.0,case3375wp,3375,2017-07-15,TIME_LIMIT,False,3600.0,99.52777777777777,116880000.0,29851000.0,74.5,mip_progress,False,results/paper_m4pro_fullmodes_2026-04-29/logs/gurobi/test/matpower_case3375wp_2017-07-15__lazy_bandit.log
matpower/case3375wp,LAZY_BANDIT,matpower/case3375wp/2017-07-15,3600.0,case3375wp,3375,2017-07-15,TIME_LIMIT,False,3600.0,100.0,116880000.0,29851000.0,74.5,mip_progress,False,results/paper_m4pro_fullmodes_2026-04-29/logs/gurobi/test/matpower_case3375wp_2017-07-15__lazy_bandit.log
matpower/case3375wp,LAZY_BANDIT,matpower/case3375wp/2017-07-15,3861.400705,case3375wp,3375,2017-07-15,TIME_LIMIT,False,3600.0,107.26113069444445,,,74.46037199999999,result_final,False,results/paper_m4pro_fullmodes_2026-04-29/logs/gurobi/test/matpower_case3375wp_2017-07-15__lazy_bandit.log
matpower/case3375wp,LAZY_COMMIT_HINTS,matpower/case3375wp/2017-01-15,1666.0,case3375wp,3375,2017-01-15,TIME_LIMIT,True,3600.0,46.27777777777778,620656900.0,25069000.0,96.0,mip_progress,True,results/paper_m4pro_fullmodes_2026-04-29/logs/gurobi/test/matpower_case3375wp_2017-01-15__lazy_commit_hints.log
matpower/case3375wp,LAZY_COMMIT_HINTS,matpower/case3375wp/2017-01-15,1820.0,case3375wp,3375,2017-01-15,TIME_LIMIT,True,3600.0,50.55555555555556,620660000.0,25069000.0,96.0,mip_progress,False,results/paper_m4pro_fullmodes_2026-04-29/logs/gurobi/test/matpower_case3375wp_2017-01-15__lazy_commit_hints.log
matpower/case3375wp,LAZY_COMMIT_HINTS,matpower/case3375wp/2017-01-15,1895.0,case3375wp,3375,2017-01-15,TIME_LIMIT,True,3600.0,52.638888888888886,620660000.0,25069000.0,96.0,mip_progress,False,results/paper_m4pro_fullmodes_2026-04-29/logs/gurobi/test/matpower_case3375wp_2017-01-15__lazy_commit_hints.log
matpower/case3375wp,LAZY_COMMIT_HINTS,matpower/case3375wp/2017-01-15,1971.0,case3375wp,3375,2017-01-15,TIME_LIMIT,True,3600.0,54.75,95365780.0,25069000.0,73.7,mip_progress,True,results/paper_m4pro_fullmodes_2026-04-29/logs/gurobi/test/matpower_case3375wp_2017-01-15__lazy_commit_hints.log
matpower/case3375wp,LAZY_COMMIT_HINTS,matpower/case3375wp/2017-01-15,2017.0,case3375wp,3375,2017-01-15,TIME_LIMIT,True,3600.0,56.02777777777778,95365180.0,25069000.0,73.7,mip_progress,True,results/paper_m4pro_fullmodes_2026-04-29/logs/gurobi/test/matpower_case3375wp_2017-01-15__lazy_commit_hints.log
matpower/case3375wp,LAZY_COMMIT_HINTS,matpower/case3375wp/2017-01-15,2319.0,case3375wp,3375,2017-01-15,TIME_LIMIT,True,3600.0,64.41666666666667,95365000.0,35122000.0,63.2,mip_progress,False,results/paper_m4pro_fullmodes_2026-04-29/logs/gurobi/test/matpower_case3375wp_2017-01-15__lazy_commit_hints.log
matpower/case3375wp,LAZY_COMMIT_HINTS,matpower/case3375wp/2017-01-15,2411.0,case3375wp,3375,2017-01-15,TIME_LIMIT,True,3600.0,66.97222222222223,95365000.0,35124000.0,63.2,mip_progress,False,results/paper_m4pro_fullmodes_2026-04-29/logs/gurobi/test/matpower_case3375wp_2017-01-15__lazy_commit_hints.log
matpower/case3375wp,LAZY_COMMIT_HINTS,matpower/case3375wp/2017-01-15,2502.0,case3375wp,3375,2017-01-15,TIME_LIMIT,True,3600.0,69.5,92729420.0,35124000.0,62.1,mip_progress,True,results/paper_m4pro_fullmodes_2026-04-29/logs/gurobi/test/matpower_case3375wp_2017-01-15__lazy_commit_hints.log
matpower/case3375wp,LAZY_COMMIT_HINTS,matpower/case3375wp/2017-01-15,2547.0,case3375wp,3375,2017-01-15,TIME_LIMIT,True,3600.0,70.75,92729020.0,35124000.0,62.1,mip_progress,True,results/paper_m4pro_fullmodes_2026-04-29/logs/gurobi/test/matpower_case3375wp_2017-01-15__lazy_commit_hints.log
matpower/case3375wp,LAZY_COMMIT_HINTS,matpower/case3375wp/2017-01-15,2637.0,case3375wp,3375,2017-01-15,TIME_LIMIT,True,3600.0,73.25,92729000.0,35124000.0,62.1,mip_progress,False,results/paper_m4pro_fullmodes_2026-04-29/logs/gurobi/test/matpower_case3375wp_2017-01-15__lazy_commit_hints.log
matpower/case3375wp,LAZY_COMMIT_HINTS,matpower/case3375wp/2017-01-15,2726.0,case3375wp,3375,2017-01-15,TIME_LIMIT,True,3600.0,75.72222222222223,92729000.0,35180000.0,62.1,mip_progress,False,results/paper_m4pro_fullmodes_2026-04-29/logs/gurobi/test/matpower_case3375wp_2017-01-15__lazy_commit_hints.log
matpower/case3375wp,LAZY_COMMIT_HINTS,matpower/case3375wp/2017-01-15,2729.0,case3375wp,3375,2017-01-15,TIME_LIMIT,True,3600.0,75.80555555555556,92729000.0,35181000.0,62.1,mip_progress,False,results/paper_m4pro_fullmodes_2026-04-29/logs/gurobi/test/matpower_case3375wp_2017-01-15__lazy_commit_hints.log
matpower/case3375wp,LAZY_COMMIT_HINTS,matpower/case3375wp/2017-01-15,2788.0,case3375wp,3375,2017-01-15,TIME_LIMIT,True,3600.0,77.44444444444444,92729000.0,35421000.0,61.8,mip_progress,False,results/paper_m4pro_fullmodes_2026-04-29/logs/gurobi/test/matpower_case3375wp_2017-01-15__lazy_commit_hints.log
matpower/case3375wp,LAZY_COMMIT_HINTS,matpower/case3375wp/2017-01-15,2921.0,case3375wp,3375,2017-01-15,TIME_LIMIT,True,3600.0,81.13888888888889,92728570.0,35422000.0,61.8,mip_progress,True,results/paper_m4pro_fullmodes_2026-04-29/logs/gurobi/test/matpower_case3375wp_2017-01-15__lazy_commit_hints.log
matpower/case3375wp,LAZY_COMMIT_HINTS,matpower/case3375wp/2017-01-15,2966.0,case3375wp,3375,2017-01-15,TIME_LIMIT,True,3600.0,82.38888888888889,92728370.0,35422000.0,61.8,mip_progress,True,results/paper_m4pro_fullmodes_2026-04-29/logs/gurobi/test/matpower_case3375wp_2017-01-15__lazy_commit_hints.log
matpower/case3375wp,LAZY_COMMIT_HINTS,matpower/case3375wp/2017-01-15,2972.0,case3375wp,3375,2017-01-15,TIME_LIMIT,True,3600.0,82.55555555555556,92728000.0,35423000.0,61.8,mip_progress,False,results/paper_m4pro_fullmodes_2026-04-29/logs/gurobi/test/matpower_case3375wp_2017-01-15__lazy_commit_hints.log
matpower/case3375wp,LAZY_COMMIT_HINTS,matpower/case3375wp/2017-01-15,3031.0,case3375wp,3375,2017-01-15,TIME_LIMIT,True,3600.0,84.19444444444444,92728000.0,35552000.0,61.7,mip_progress,False,results/paper_m4pro_fullmodes_2026-04-29/logs/gurobi/test/matpower_case3375wp_2017-01-15__lazy_commit_hints.log
matpower/case3375wp,LAZY_COMMIT_HINTS,matpower/case3375wp/2017-01-15,3036.0,case3375wp,3375,2017-01-15,TIME_LIMIT,True,3600.0,84.33333333333333,92728000.0,35552000.0,61.7,mip_progress,False,results/paper_m4pro_fullmodes_2026-04-29/logs/gurobi/test/matpower_case3375wp_2017-01-15__lazy_commit_hints.log
matpower/case3375wp,LAZY_COMMIT_HINTS,matpower/case3375wp/2017-01-15,3319.0,case3375wp,3375,2017-01-15,TIME_LIMIT,True,3600.0,92.19444444444444,92728190.0,35553000.0,61.7,mip_progress,True,results/paper_m4pro_fullmodes_2026-04-29/logs/gurobi/test/matpower_case3375wp_2017-01-15__lazy_commit_hints.log
matpower/case3375wp,LAZY_COMMIT_HINTS,matpower/case3375wp/2017-01-15,3406.0,case3375wp,3375,2017-01-15,TIME_LIMIT,True,3600.0,94.61111111111111,92728000.0,35553000.0,61.7,mip_progress,False,results/paper_m4pro_fullmodes_2026-04-29/logs/gurobi/test/matpower_case3375wp_2017-01-15__lazy_commit_hints.log
matpower/case3375wp,LAZY_COMMIT_HINTS,matpower/case3375wp/2017-01-15,3568.0,case3375wp,3375,2017-01-15,TIME_LIMIT,True,3600.0,99.11111111111111,92481650.0,35569000.0,61.5,mip_progress,True,results/paper_m4pro_fullmodes_2026-04-29/logs/gurobi/test/matpower_case3375wp_2017-01-15__lazy_commit_hints.log
matpower/case3375wp,LAZY_COMMIT_HINTS,matpower/case3375wp/2017-01-15,3621.0,case3375wp,3375,2017-01-15,TIME_LIMIT,True,3600.0,100.58333333333333,92481050.0,35569000.0,61.5,mip_progress,True,results/paper_m4pro_fullmodes_2026-04-29/logs/gurobi/test/matpower_case3375wp_2017-01-15__lazy_commit_hints.log
matpower/case3375wp,LAZY_COMMIT_HINTS,matpower/case3375wp/2017-01-15,3633.884483,case3375wp,3375,2017-01-15,TIME_LIMIT,True,3600.0,100.94123563888888,,,61.5,result_final,False,results/paper_m4pro_fullmodes_2026-04-29/logs/gurobi/test/matpower_case3375wp_2017-01-15__lazy_commit_hints.log
matpower/case3375wp,LAZY_COMMIT_HINTS,matpower/case3375wp/2017-03-15,1608.0,case3375wp,3375,2017-03-15,TIME_LIMIT,True,3600.0,44.666666666666664,449221400.0,27145000.0,94.0,mip_progress,True,results/paper_m4pro_fullmodes_2026-04-29/logs/gurobi/test/matpower_case3375wp_2017-03-15__lazy_commit_hints.log
matpower/case3375wp,LAZY_COMMIT_HINTS,matpower/case3375wp/2017-03-15,1845.0,case3375wp,3375,2017-03-15,TIME_LIMIT,True,3600.0,51.25,449220000.0,27145000.0,94.0,mip_progress,False,results/paper_m4pro_fullmodes_2026-04-29/logs/gurobi/test/matpower_case3375wp_2017-03-15__lazy_commit_hints.log
matpower/case3375wp,LAZY_COMMIT_HINTS,matpower/case3375wp/2017-03-15,1956.0,case3375wp,3375,2017-03-15,TIME_LIMIT,True,3600.0,54.333333333333336,449220000.0,27145000.0,94.0,mip_progress,False,results/paper_m4pro_fullmodes_2026-04-29/logs/gurobi/test/matpower_case3375wp_2017-03-15__lazy_commit_hints.log
matpower/case3375wp,LAZY_COMMIT_HINTS,matpower/case3375wp/2017-03-15,2056.0,case3375wp,3375,2017-03-15,TIME_LIMIT,True,3600.0,57.111111111111114,449220000.0,27145000.0,94.0,mip_progress,False,results/paper_m4pro_fullmodes_2026-04-29/logs/gurobi/test/matpower_case3375wp_2017-03-15__lazy_commit_hints.log
matpower/case3375wp,LAZY_COMMIT_HINTS,matpower/case3375wp/2017-03-15,2159.0,case3375wp,3375,2017-03-15,TIME_LIMIT,True,3600.0,59.97222222222222,265184900.0,27145000.0,89.8,mip_progress,True,results/paper_m4pro_fullmodes_2026-04-29/logs/gurobi/test/matpower_case3375wp_2017-03-15__lazy_commit_hints.log
matpower/case3375wp,LAZY_COMMIT_HINTS,matpower/case3375wp/2017-03-15,2611.0,case3375wp,3375,2017-03-15,TIME_LIMIT,True,3600.0,72.52777777777777,265180000.0,38135000.0,85.6,mip_progress,False,results/paper_m4pro_fullmodes_2026-04-29/logs/gurobi/test/matpower_case3375wp_2017-03-15__lazy_commit_hints.log
matpower/case3375wp,LAZY_COMMIT_HINTS,matpower/case3375wp/2017-03-15,2727.0,case3375wp,3375,2017-03-15,TIME_LIMIT,True,3600.0,75.75,265153200.0,38136000.0,85.6,mip_progress,True,results/paper_m4pro_fullmodes_2026-04-29/logs/gurobi/test/matpower_case3375wp_2017-03-15__lazy_commit_hints.log
matpower/case3375wp,LAZY_COMMIT_HINTS,matpower/case3375wp/2017-03-15,2907.0,case3375wp,3375,2017-03-15,TIME_LIMIT,True,3600.0,80.75,265150000.0,38192000.0,85.6,mip_progress,False,results/paper_m4pro_fullmodes_2026-04-29/logs/gurobi/test/matpower_case3375wp_2017-03-15__lazy_commit_hints.log
matpower/case3375wp,LAZY_COMMIT_HINTS,matpower/case3375wp/2017-03-15,2911.0,case3375wp,3375,2017-03-15,TIME_LIMIT,True,3600.0,80.86111111111111,265150000.0,38194000.0,85.6,mip_progress,False,results/paper_m4pro_fullmodes_2026-04-29/logs/gurobi/test/matpower_case3375wp_2017-03-15__lazy_commit_hints.log
matpower/case3375wp,LAZY_COMMIT_HINTS,matpower/case3375wp/2017-03-15,2981.0,case3375wp,3375,2017-03-15,TIME_LIMIT,True,3600.0,82.80555555555556,265150000.0,38450000.0,85.5,mip_progress,False,results/paper_m4pro_fullmodes_2026-04-29/logs/gurobi/test/matpower_case3375wp_2017-03-15__lazy_commit_hints.log
matpower/case3375wp,LAZY_COMMIT_HINTS,matpower/case3375wp/2017-03-15,3083.0,case3375wp,3375,2017-03-15,TIME_LIMIT,True,3600.0,85.63888888888889,265108000.0,38450000.0,85.5,mip_progress,True,results/paper_m4pro_fullmodes_2026-04-29/logs/gurobi/test/matpower_case3375wp_2017-03-15__lazy_commit_hints.log
matpower/case3375wp,LAZY_COMMIT_HINTS,matpower/case3375wp/2017-03-15,3090.0,case3375wp,3375,2017-03-15,TIME_LIMIT,True,3600.0,85.83333333333333,265110000.0,38452000.0,85.5,mip_progress,False,results/paper_m4pro_fullmodes_2026-04-29/logs/gurobi/test/matpower_case3375wp_2017-03-15__lazy_commit_hints.log
matpower/case3375wp,LAZY_COMMIT_HINTS,matpower/case3375wp/2017-03-15,3143.0,case3375wp,3375,2017-03-15,TIME_LIMIT,True,3600.0,87.30555555555556,265110000.0,38569000.0,85.5,mip_progress,False,results/paper_m4pro_fullmodes_2026-04-29/logs/gurobi/test/matpower_case3375wp_2017-03-15__lazy_commit_hints.log
matpower/case3375wp,LAZY_COMMIT_HINTS,matpower/case3375wp/2017-03-15,3148.0,case3375wp,3375,2017-03-15,TIME_LIMIT,True,3600.0,87.44444444444444,265110000.0,38569000.0,85.5,mip_progress,False,results/paper_m4pro_fullmodes_2026-04-29/logs/gurobi/test/matpower_case3375wp_2017-03-15__lazy_commit_hints.log
matpower/case3375wp,LAZY_COMMIT_HINTS,matpower/case3375wp/2017-03-15,3249.0,case3375wp,3375,2017-03-15,TIME_LIMIT,True,3600.0,90.25,265110000.0,38569000.0,85.5,mip_progress,False,results/paper_m4pro_fullmodes_2026-04-29/logs/gurobi/test/matpower_case3375wp_2017-03-15__lazy_commit_hints.log
matpower/case3375wp,LAZY_COMMIT_HINTS,matpower/case3375wp/2017-03-15,3495.0,case3375wp,3375,2017-03-15,TIME_LIMIT,True,3600.0,97.08333333333333,265092900.0,38569000.0,85.5,mip_progress,True,results/paper_m4pro_fullmodes_2026-04-29/logs/gurobi/test/matpower_case3375wp_2017-03-15__lazy_commit_hints.log
matpower/case3375wp,LAZY_COMMIT_HINTS,matpower/case3375wp/2017-03-15,3612.020971,case3375wp,3375,2017-03-15,TIME_LIMIT,True,3600.0,100.33391586111111,,,85.450629,result_final,False,results/paper_m4pro_fullmodes_2026-04-29/logs/gurobi/test/matpower_case3375wp_2017-03-15__lazy_commit_hints.log
matpower/case3375wp,LAZY_COMMIT_HINTS,matpower/case3375wp/2017-05-15,1521.0,case3375wp,3375,2017-05-15,TIME_LIMIT,True,3600.0,42.25,56940300.0,16826000.0,70.5,mip_progress,True,results/paper_m4pro_fullmodes_2026-04-29/logs/gurobi/test/matpower_case3375wp_2017-05-15__lazy_commit_hints.log
matpower/case3375wp,LAZY_COMMIT_HINTS,matpower/case3375wp/2017-05-15,1647.0,case3375wp,3375,2017-05-15,TIME_LIMIT,True,3600.0,45.75,56940000.0,22324000.0,60.8,mip_progress,False,results/paper_m4pro_fullmodes_2026-04-29/logs/gurobi/test/matpower_case3375wp_2017-05-15__lazy_commit_hints.log
matpower/case3375wp,LAZY_COMMIT_HINTS,matpower/case3375wp/2017-05-15,1713.0,case3375wp,3375,2017-05-15,TIME_LIMIT,True,3600.0,47.583333333333336,56738430.0,22325000.0,60.7,mip_progress,True,results/paper_m4pro_fullmodes_2026-04-29/logs/gurobi/test/matpower_case3375wp_2017-05-15__lazy_commit_hints.log
matpower/case3375wp,LAZY_COMMIT_HINTS,matpower/case3375wp/2017-05-15,1756.0,case3375wp,3375,2017-05-15,TIME_LIMIT,True,3600.0,48.77777777777778,56738000.0,22396000.0,60.5,mip_progress,False,results/paper_m4pro_fullmodes_2026-04-29/logs/gurobi/test/matpower_case3375wp_2017-05-15__lazy_commit_hints.log
matpower/case3375wp,LAZY_COMMIT_HINTS,matpower/case3375wp/2017-05-15,1759.0,case3375wp,3375,2017-05-15,TIME_LIMIT,True,3600.0,48.861111111111114,56738000.0,22400000.0,60.5,mip_progress,False,results/paper_m4pro_fullmodes_2026-04-29/logs/gurobi/test/matpower_case3375wp_2017-05-15__lazy_commit_hints.log
matpower/case3375wp,LAZY_COMMIT_HINTS,matpower/case3375wp/2017-05-15,1789.0,case3375wp,3375,2017-05-15,TIME_LIMIT,True,3600.0,49.69444444444444,56738000.0,22610000.0,60.1,mip_progress,False,results/paper_m4pro_fullmodes_2026-04-29/logs/gurobi/test/matpower_case3375wp_2017-05-15__lazy_commit_hints.log
matpower/case3375wp,LAZY_COMMIT_HINTS,matpower/case3375wp/2017-05-15,1794.0,case3375wp,3375,2017-05-15,TIME_LIMIT,True,3600.0,49.833333333333336,56738000.0,22614000.0,60.1,mip_progress,False,results/paper_m4pro_fullmodes_2026-04-29/logs/gurobi/test/matpower_case3375wp_2017-05-15__lazy_commit_hints.log
matpower/case3375wp,LAZY_COMMIT_HINTS,matpower/case3375wp/2017-05-15,1795.0,case3375wp,3375,2017-05-15,TIME_LIMIT,True,3600.0,49.861111111111114,56738000.0,22614000.0,60.1,mip_progress,False,results/paper_m4pro_fullmodes_2026-04-29/logs/gurobi/test/matpower_case3375wp_2017-05-15__lazy_commit_hints.log
matpower/case3375wp,LAZY_COMMIT_HINTS,matpower/case3375wp/2017-05-15,1825.0,case3375wp,3375,2017-05-15,TIME_LIMIT,True,3600.0,50.69444444444444,56738000.0,22668000.0,60.0,mip_progress,False,results/paper_m4pro_fullmodes_2026-04-29/logs/gurobi/test/matpower_case3375wp_2017-05-15__lazy_commit_hints.log
matpower/case3375wp,LAZY_COMMIT_HINTS,matpower/case3375wp/2017-05-15,1856.0,case3375wp,3375,2017-05-15,TIME_LIMIT,True,3600.0,51.55555555555556,56738000.0,22675000.0,60.0,mip_progress,False,results/paper_m4pro_fullmodes_2026-04-29/logs/gurobi/test/matpower_case3375wp_2017-05-15__lazy_commit_hints.log
matpower/case3375wp,LAZY_COMMIT_HINTS,matpower/case3375wp/2017-05-15,1857.0,case3375wp,3375,2017-05-15,TIME_LIMIT,True,3600.0,51.583333333333336,56738000.0,22675000.0,60.0,mip_progress,False,results/paper_m4pro_fullmodes_2026-04-29/logs/gurobi/test/matpower_case3375wp_2017-05-15__lazy_commit_hints.log
matpower/case3375wp,LAZY_COMMIT_HINTS,matpower/case3375wp/2017-05-15,1875.0,case3375wp,3375,2017-05-15,TIME_LIMIT,True,3600.0,52.083333333333336,56738000.0,22699000.0,60.0,mip_progress,False,results/paper_m4pro_fullmodes_2026-04-29/logs/gurobi/test/matpower_case3375wp_2017-05-15__lazy_commit_hints.log
matpower/case3375wp,LAZY_COMMIT_HINTS,matpower/case3375wp/2017-05-15,1882.0,case3375wp,3375,2017-05-15,TIME_LIMIT,True,3600.0,52.27777777777778,56738000.0,22699000.0,60.0,mip_progress,False,results/paper_m4pro_fullmodes_2026-04-29/logs/gurobi/test/matpower_case3375wp_2017-05-15__lazy_commit_hints.log
matpower/case3375wp,LAZY_COMMIT_HINTS,matpower/case3375wp/2017-05-15,1884.0,case3375wp,3375,2017-05-15,TIME_LIMIT,True,3600.0,52.333333333333336,56738000.0,22699000.0,60.0,mip_progress,False,results/paper_m4pro_fullmodes_2026-04-29/logs/gurobi/test/matpower_case3375wp_2017-05-15__lazy_commit_hints.log
matpower/case3375wp,LAZY_COMMIT_HINTS,matpower/case3375wp/2017-05-15,1906.0,case3375wp,3375,2017-05-15,TIME_LIMIT,True,3600.0,52.94444444444444,56738000.0,22699000.0,60.0,mip_progress,False,results/paper_m4pro_fullmodes_2026-04-29/logs/gurobi/test/matpower_case3375wp_2017-05-15__lazy_commit_hints.log
matpower/case3375wp,LAZY_COMMIT_HINTS,matpower/case3375wp/2017-05-15,1908.0,case3375wp,3375,2017-05-15,TIME_LIMIT,True,3600.0,53.0,56738000.0,22699000.0,60.0,mip_progress,False,results/paper_m4pro_fullmodes_2026-04-29/logs/gurobi/test/matpower_case3375wp_2017-05-15__lazy_commit_hints.log
matpower/case3375wp,LAZY_COMMIT_HINTS,matpower/case3375wp/2017-05-15,1918.0,case3375wp,3375,2017-05-15,TIME_LIMIT,True,3600.0,53.27777777777778,56738000.0,22699000.0,60.0,mip_progress,False,results/paper_m4pro_fullmodes_2026-04-29/logs/gurobi/test/matpower_case3375wp_2017-05-15__lazy_commit_hints.log
matpower/case3375wp,LAZY_COMMIT_HINTS,matpower/case3375wp/2017-05-15,1920.0,case3375wp,3375,2017-05-15,TIME_LIMIT,True,3600.0,53.333333333333336,56738000.0,22699000.0,60.0,mip_progress,False,results/paper_m4pro_fullmodes_2026-04-29/logs/gurobi/test/matpower_case3375wp_2017-05-15__lazy_commit_hints.log
matpower/case3375wp,LAZY_COMMIT_HINTS,matpower/case3375wp/2017-05-15,1923.0,case3375wp,3375,2017-05-15,TIME_LIMIT,True,3600.0,53.416666666666664,56738000.0,22699000.0,60.0,mip_progress,False,results/paper_m4pro_fullmodes_2026-04-29/logs/gurobi/test/matpower_case3375wp_2017-05-15__lazy_commit_hints.log
matpower/case3375wp,LAZY_COMMIT_HINTS,matpower/case3375wp/2017-05-15,2002.0,case3375wp,3375,2017-05-15,TIME_LIMIT,True,3600.0,55.611111111111114,56738000.0,22699000.0,60.0,mip_progress,False,results/paper_m4pro_fullmodes_2026-04-29/logs/gurobi/test/matpower_case3375wp_2017-05-15__lazy_commit_hints.log
matpower/case3375wp,LAZY_COMMIT_HINTS,matpower/case3375wp/2017-05-15,2005.0,case3375wp,3375,2017-05-15,TIME_LIMIT,True,3600.0,55.69444444444444,56738000.0,22699000.0,60.0,mip_progress,False,results/paper_m4pro_fullmodes_2026-04-29/logs/gurobi/test/matpower_case3375wp_2017-05-15__lazy_commit_hints.log
matpower/case3375wp,LAZY_COMMIT_HINTS,matpower/case3375wp/2017-05-15,2017.0,case3375wp,3375,2017-05-15,TIME_LIMIT,True,3600.0,56.02777777777778,56738000.0,22702000.0,60.0,mip_progress,False,results/paper_m4pro_fullmodes_2026-04-29/logs/gurobi/test/matpower_case3375wp_2017-05-15__lazy_commit_hints.log
matpower/case3375wp,LAZY_COMMIT_HINTS,matpower/case3375wp/2017-05-15,2032.0,case3375wp,3375,2017-05-15,TIME_LIMIT,True,3600.0,56.44444444444444,56738000.0,22703000.0,60.0,mip_progress,False,results/paper_m4pro_fullmodes_2026-04-29/logs/gurobi/test/matpower_case3375wp_2017-05-15__lazy_commit_hints.log
matpower/case3375wp,LAZY_COMMIT_HINTS,matpower/case3375wp/2017-05-15,2043.0,case3375wp,3375,2017-05-15,TIME_LIMIT,True,3600.0,56.75,56738000.0,22704000.0,60.0,mip_progress,False,results/paper_m4pro_fullmodes_2026-04-29/logs/gurobi/test/matpower_case3375wp_2017-05-15__lazy_commit_hints.log
matpower/case3375wp,LAZY_COMMIT_HINTS,matpower/case3375wp/2017-05-15,2051.0,case3375wp,3375,2017-05-15,TIME_LIMIT,True,3600.0,56.97222222222222,56738000.0,22705000.0,60.0,mip_progress,False,results/paper_m4pro_fullmodes_2026-04-29/logs/gurobi/test/matpower_case3375wp_2017-05-15__lazy_commit_hints.log
matpower/case3375wp,LAZY_COMMIT_HINTS,matpower/case3375wp/2017-05-15,2057.0,case3375wp,3375,2017-05-15,TIME_LIMIT,True,3600.0,57.138888888888886,56738000.0,22705000.0,60.0,mip_progress,False,results/paper_m4pro_fullmodes_2026-04-29/logs/gurobi/test/matpower_case3375wp_2017-05-15__lazy_commit_hints.log
matpower/case3375wp,LAZY_COMMIT_HINTS,matpower/case3375wp/2017-05-15,2069.0,case3375wp,3375,2017-05-15,TIME_LIMIT,True,3600.0,57.47222222222222,56738000.0,22705000.0,60.0,mip_progress,False,results/paper_m4pro_fullmodes_2026-04-29/logs/gurobi/test/matpower_case3375wp_2017-05-15__lazy_commit_hints.log
matpower/case3375wp,LAZY_COMMIT_HINTS,matpower/case3375wp/2017-05-15,2076.0,case3375wp,3375,2017-05-15,TIME_LIMIT,True,3600.0,57.666666666666664,56738000.0,22705000.0,60.0,mip_progress,False,results/paper_m4pro_fullmodes_2026-04-29/logs/gurobi/test/matpower_case3375wp_2017-05-15__lazy_commit_hints.log
matpower/case3375wp,LAZY_COMMIT_HINTS,matpower/case3375wp/2017-05-15,2084.0,case3375wp,3375,2017-05-15,TIME_LIMIT,True,3600.0,57.888888888888886,56738000.0,22705000.0,60.0,mip_progress,False,results/paper_m4pro_fullmodes_2026-04-29/logs/gurobi/test/matpower_case3375wp_2017-05-15__lazy_commit_hints.log
matpower/case3375wp,LAZY_COMMIT_HINTS,matpower/case3375wp/2017-05-15,2091.0,case3375wp,3375,2017-05-15,TIME_LIMIT,True,3600.0,58.083333333333336,56738000.0,22705000.0,60.0,mip_progress,False,results/paper_m4pro_fullmodes_2026-04-29/logs/gurobi/test/matpower_case3375wp_2017-05-15__lazy_commit_hints.log
matpower/case3375wp,LAZY_COMMIT_HINTS,matpower/case3375wp/2017-05-15,2107.0,case3375wp,3375,2017-05-15,TIME_LIMIT,True,3600.0,58.52777777777778,56738000.0,22705000.0,60.0,mip_progress,False,results/paper_m4pro_fullmodes_2026-04-29/logs/gurobi/test/matpower_case3375wp_2017-05-15__lazy_commit_hints.log
matpower/case3375wp,LAZY_COMMIT_HINTS,matpower/case3375wp/2017-05-15,2112.0,case3375wp,3375,2017-05-15,TIME_LIMIT,True,3600.0,58.666666666666664,56738000.0,22705000.0,60.0,mip_progress,False,results/paper_m4pro_fullmodes_2026-04-29/logs/gurobi/test/matpower_case3375wp_2017-05-15__lazy_commit_hints.log
matpower/case3375wp,LAZY_COMMIT_HINTS,matpower/case3375wp/2017-05-15,2120.0,case3375wp,3375,2017-05-15,TIME_LIMIT,True,3600.0,58.888888888888886,56738000.0,22705000.0,60.0,mip_progress,False,results/paper_m4pro_fullmodes_2026-04-29/logs/gurobi/test/matpower_case3375wp_2017-05-15__lazy_commit_hints.log
matpower/case3375wp,LAZY_COMMIT_HINTS,matpower/case3375wp/2017-05-15,2132.0,case3375wp,3375,2017-05-15,TIME_LIMIT,True,3600.0,59.22222222222222,56738000.0,22705000.0,60.0,mip_progress,False,results/paper_m4pro_fullmodes_2026-04-29/logs/gurobi/test/matpower_case3375wp_2017-05-15__lazy_commit_hints.log
matpower/case3375wp,LAZY_COMMIT_HINTS,matpower/case3375wp/2017-05-15,2140.0,case3375wp,3375,2017-05-15,TIME_LIMIT,True,3600.0,59.44444444444444,56738000.0,22705000.0,60.0,mip_progress,False,results/paper_m4pro_fullmodes_2026-04-29/logs/gurobi/test/matpower_case3375wp_2017-05-15__lazy_commit_hints.log
matpower/case3375wp,LAZY_COMMIT_HINTS,matpower/case3375wp/2017-05-15,2146.0,case3375wp,3375,2017-05-15,TIME_LIMIT,True,3600.0,59.611111111111114,56738000.0,22705000.0,60.0,mip_progress,False,results/paper_m4pro_fullmodes_2026-04-29/logs/gurobi/test/matpower_case3375wp_2017-05-15__lazy_commit_hints.log
matpower/case3375wp,LAZY_COMMIT_HINTS,matpower/case3375wp/2017-05-15,2166.0,case3375wp,3375,2017-05-15,TIME_LIMIT,True,3600.0,60.166666666666664,56738000.0,22705000.0,60.0,mip_progress,False,results/paper_m4pro_fullmodes_2026-04-29/logs/gurobi/test/matpower_case3375wp_2017-05-15__lazy_commit_hints.log
matpower/case3375wp,LAZY_COMMIT_HINTS,matpower/case3375wp/2017-05-15,2173.0,case3375wp,3375,2017-05-15,TIME_LIMIT,True,3600.0,60.361111111111114,56738000.0,22705000.0,60.0,mip_progress,False,results/paper_m4pro_fullmodes_2026-04-29/logs/gurobi/test/matpower_case3375wp_2017-05-15__lazy_commit_hints.log
matpower/case3375wp,LAZY_COMMIT_HINTS,matpower/case3375wp/2017-05-15,2181.0,case3375wp,3375,2017-05-15,TIME_LIMIT,True,3600.0,60.583333333333336,56738000.0,22705000.0,60.0,mip_progress,False,results/paper_m4pro_fullmodes_2026-04-29/logs/gurobi/test/matpower_case3375wp_2017-05-15__lazy_commit_hints.log
matpower/case3375wp,LAZY_COMMIT_HINTS,matpower/case3375wp/2017-05-15,2188.0,case3375wp,3375,2017-05-15,TIME_LIMIT,True,3600.0,60.77777777777778,56738000.0,22705000.0,60.0,mip_progress,False,results/paper_m4pro_fullmodes_2026-04-29/logs/gurobi/test/matpower_case3375wp_2017-05-15__lazy_commit_hints.log
matpower/case3375wp,LAZY_COMMIT_HINTS,matpower/case3375wp/2017-05-15,2196.0,case3375wp,3375,2017-05-15,TIME_LIMIT,True,3600.0,61.0,56738000.0,22705000.0,60.0,mip_progress,False,results/paper_m4pro_fullmodes_2026-04-29/logs/gurobi/test/matpower_case3375wp_2017-05-15__lazy_commit_hints.log
matpower/case3375wp,LAZY_COMMIT_HINTS,matpower/case3375wp/2017-05-15,2203.0,case3375wp,3375,2017-05-15,TIME_LIMIT,True,3600.0,61.19444444444444,56738000.0,22705000.0,60.0,mip_progress,False,results/paper_m4pro_fullmodes_2026-04-29/logs/gurobi/test/matpower_case3375wp_2017-05-15__lazy_commit_hints.log
matpower/case3375wp,LAZY_COMMIT_HINTS,matpower/case3375wp/2017-05-15,2216.0,case3375wp,3375,2017-05-15,TIME_LIMIT,True,3600.0,61.55555555555556,56738000.0,22705000.0,60.0,mip_progress,False,results/paper_m4pro_fullmodes_2026-04-29/logs/gurobi/test/matpower_case3375wp_2017-05-15__lazy_commit_hints.log
matpower/case3375wp,LAZY_COMMIT_HINTS,matpower/case3375wp/2017-05-15,2223.0,case3375wp,3375,2017-05-15,TIME_LIMIT,True,3600.0,61.75,56738000.0,22705000.0,60.0,mip_progress,False,results/paper_m4pro_fullmodes_2026-04-29/logs/gurobi/test/matpower_case3375wp_2017-05-15__lazy_commit_hints.log
matpower/case3375wp,LAZY_COMMIT_HINTS,matpower/case3375wp/2017-05-15,2230.0,case3375wp,3375,2017-05-15,TIME_LIMIT,True,3600.0,61.94444444444444,56738000.0,22705000.0,60.0,mip_progress,False,results/paper_m4pro_fullmodes_2026-04-29/logs/gurobi/test/matpower_case3375wp_2017-05-15__lazy_commit_hints.log
matpower/case3375wp,LAZY_COMMIT_HINTS,matpower/case3375wp/2017-05-15,2238.0,case3375wp,3375,2017-05-15,TIME_LIMIT,True,3600.0,62.166666666666664,56738000.0,22705000.0,60.0,mip_progress,False,results/paper_m4pro_fullmodes_2026-04-29/logs/gurobi/test/matpower_case3375wp_2017-05-15__lazy_commit_hints.log
matpower/case3375wp,LAZY_COMMIT_HINTS,matpower/case3375wp/2017-05-15,2246.0,case3375wp,3375,2017-05-15,TIME_LIMIT,True,3600.0,62.388888888888886,56738000.0,22705000.0,60.0,mip_progress,False,results/paper_m4pro_fullmodes_2026-04-29/logs/gurobi/test/matpower_case3375wp_2017-05-15__lazy_commit_hints.log
matpower/case3375wp,LAZY_COMMIT_HINTS,matpower/case3375wp/2017-05-15,2254.0,case3375wp,3375,2017-05-15,TIME_LIMIT,True,3600.0,62.611111111111114,56738000.0,22705000.0,60.0,mip_progress,False,results/paper_m4pro_fullmodes_2026-04-29/logs/gurobi/test/matpower_case3375wp_2017-05-15__lazy_commit_hints.log
matpower/case3375wp,LAZY_COMMIT_HINTS,matpower/case3375wp/2017-05-15,2274.0,case3375wp,3375,2017-05-15,TIME_LIMIT,True,3600.0,63.166666666666664,56738000.0,22705000.0,60.0,mip_progress,False,results/paper_m4pro_fullmodes_2026-04-29/logs/gurobi/test/matpower_case3375wp_2017-05-15__lazy_commit_hints.log
matpower/case3375wp,LAZY_COMMIT_HINTS,matpower/case3375wp/2017-05-15,2283.0,case3375wp,3375,2017-05-15,TIME_LIMIT,True,3600.0,63.416666666666664,56738000.0,22705000.0,60.0,mip_progress,False,results/paper_m4pro_fullmodes_2026-04-29/logs/gurobi/test/matpower_case3375wp_2017-05-15__lazy_commit_hints.log
matpower/case3375wp,LAZY_COMMIT_HINTS,matpower/case3375wp/2017-05-15,2292.0,case3375wp,3375,2017-05-15,TIME_LIMIT,True,3600.0,63.666666666666664,56738000.0,22705000.0,60.0,mip_progress,False,results/paper_m4pro_fullmodes_2026-04-29/logs/gurobi/test/matpower_case3375wp_2017-05-15__lazy_commit_hints.log
matpower/case3375wp,LAZY_COMMIT_HINTS,matpower/case3375wp/2017-05-15,2301.0,case3375wp,3375,2017-05-15,TIME_LIMIT,True,3600.0,63.916666666666664,56738000.0,22705000.0,60.0,mip_progress,False,results/paper_m4pro_fullmodes_2026-04-29/logs/gurobi/test/matpower_case3375wp_2017-05-15__lazy_commit_hints.log
matpower/case3375wp,LAZY_COMMIT_HINTS,matpower/case3375wp/2017-05-15,2315.0,case3375wp,3375,2017-05-15,TIME_LIMIT,True,3600.0,64.30555555555556,56738000.0,22705000.0,60.0,mip_progress,False,results/paper_m4pro_fullmodes_2026-04-29/logs/gurobi/test/matpower_case3375wp_2017-05-15__lazy_commit_hints.log
matpower/case3375wp,LAZY_COMMIT_HINTS,matpower/case3375wp/2017-05-15,2326.0,case3375wp,3375,2017-05-15,TIME_LIMIT,True,3600.0,64.61111111111111,56738000.0,22705000.0,60.0,mip_progress,False,results/paper_m4pro_fullmodes_2026-04-29/logs/gurobi/test/matpower_case3375wp_2017-05-15__lazy_commit_hints.log
matpower/case3375wp,LAZY_COMMIT_HINTS,matpower/case3375wp/2017-05-15,2336.0,case3375wp,3375,2017-05-15,TIME_LIMIT,True,3600.0,64.88888888888889,56738000.0,22705000.0,60.0,mip_progress,False,results/paper_m4pro_fullmodes_2026-04-29/logs/gurobi/test/matpower_case3375wp_2017-05-15__lazy_commit_hints.log
matpower/case3375wp,LAZY_COMMIT_HINTS,matpower/case3375wp/2017-05-15,2348.0,case3375wp,3375,2017-05-15,TIME_LIMIT,True,3600.0,65.22222222222223,56738000.0,22705000.0,60.0,mip_progress,False,results/paper_m4pro_fullmodes_2026-04-29/logs/gurobi/test/matpower_case3375wp_2017-05-15__lazy_commit_hints.log
matpower/case3375wp,LAZY_COMMIT_HINTS,matpower/case3375wp/2017-05-15,2361.0,case3375wp,3375,2017-05-15,TIME_LIMIT,True,3600.0,65.58333333333333,56738000.0,22705000.0,60.0,mip_progress,False,results/paper_m4pro_fullmodes_2026-04-29/logs/gurobi/test/matpower_case3375wp_2017-05-15__lazy_commit_hints.log
matpower/case3375wp,LAZY_COMMIT_HINTS,matpower/case3375wp/2017-05-15,2390.0,case3375wp,3375,2017-05-15,TIME_LIMIT,True,3600.0,66.38888888888889,56738000.0,22705000.0,60.0,mip_progress,False,results/paper_m4pro_fullmodes_2026-04-29/logs/gurobi/test/matpower_case3375wp_2017-05-15__lazy_commit_hints.log
matpower/case3375wp,LAZY_COMMIT_HINTS,matpower/case3375wp/2017-05-15,2544.0,case3375wp,3375,2017-05-15,TIME_LIMIT,True,3600.0,70.66666666666667,56738000.0,22705000.0,60.0,mip_progress,False,results/paper_m4pro_fullmodes_2026-04-29/logs/gurobi/test/matpower_case3375wp_2017-05-15__lazy_commit_hints.log
matpower/case3375wp,LAZY_COMMIT_HINTS,matpower/case3375wp/2017-05-15,2563.0,case3375wp,3375,2017-05-15,TIME_LIMIT,True,3600.0,71.19444444444444,56738000.0,22705000.0,60.0,mip_progress,False,results/paper_m4pro_fullmodes_2026-04-29/logs/gurobi/test/matpower_case3375wp_2017-05-15__lazy_commit_hints.log
matpower/case3375wp,LAZY_COMMIT_HINTS,matpower/case3375wp/2017-05-15,2582.0,case3375wp,3375,2017-05-15,TIME_LIMIT,True,3600.0,71.72222222222223,56738000.0,22705000.0,60.0,mip_progress,False,results/paper_m4pro_fullmodes_2026-04-29/logs/gurobi/test/matpower_case3375wp_2017-05-15__lazy_commit_hints.log
matpower/case3375wp,LAZY_COMMIT_HINTS,matpower/case3375wp/2017-05-15,2597.0,case3375wp,3375,2017-05-15,TIME_LIMIT,True,3600.0,72.13888888888889,56738000.0,22705000.0,60.0,mip_progress,False,results/paper_m4pro_fullmodes_2026-04-29/logs/gurobi/test/matpower_case3375wp_2017-05-15__lazy_commit_hints.log
matpower/case3375wp,LAZY_COMMIT_HINTS,matpower/case3375wp/2017-05-15,2612.0,case3375wp,3375,2017-05-15,TIME_LIMIT,True,3600.0,72.55555555555556,56738000.0,22705000.0,60.0,mip_progress,False,results/paper_m4pro_fullmodes_2026-04-29/logs/gurobi/test/matpower_case3375wp_2017-05-15__lazy_commit_hints.log
matpower/case3375wp,LAZY_COMMIT_HINTS,matpower/case3375wp/2017-05-15,2632.0,case3375wp,3375,2017-05-15,TIME_LIMIT,True,3600.0,73.11111111111111,56738000.0,22705000.0,60.0,mip_progress,False,results/paper_m4pro_fullmodes_2026-04-29/logs/gurobi/test/matpower_case3375wp_2017-05-15__lazy_commit_hints.log
matpower/case3375wp,LAZY_COMMIT_HINTS,matpower/case3375wp/2017-05-15,2646.0,case3375wp,3375,2017-05-15,TIME_LIMIT,True,3600.0,73.5,56738000.0,22705000.0,60.0,mip_progress,False,results/paper_m4pro_fullmodes_2026-04-29/logs/gurobi/test/matpower_case3375wp_2017-05-15__lazy_commit_hints.log
matpower/case3375wp,LAZY_COMMIT_HINTS,matpower/case3375wp/2017-05-15,2664.0,case3375wp,3375,2017-05-15,TIME_LIMIT,True,3600.0,74.0,56738000.0,22705000.0,60.0,mip_progress,False,results/paper_m4pro_fullmodes_2026-04-29/logs/gurobi/test/matpower_case3375wp_2017-05-15__lazy_commit_hints.log
matpower/case3375wp,LAZY_COMMIT_HINTS,matpower/case3375wp/2017-05-15,2684.0,case3375wp,3375,2017-05-15,TIME_LIMIT,True,3600.0,74.55555555555556,56738000.0,22705000.0,60.0,mip_progress,False,results/paper_m4pro_fullmodes_2026-04-29/logs/gurobi/test/matpower_case3375wp_2017-05-15__lazy_commit_hints.log
matpower/case3375wp,LAZY_COMMIT_HINTS,matpower/case3375wp/2017-05-15,2700.0,case3375wp,3375,2017-05-15,TIME_LIMIT,True,3600.0,75.0,56738000.0,22705000.0,60.0,mip_progress,False,results/paper_m4pro_fullmodes_2026-04-29/logs/gurobi/test/matpower_case3375wp_2017-05-15__lazy_commit_hints.log
matpower/case3375wp,LAZY_COMMIT_HINTS,matpower/case3375wp/2017-05-15,2718.0,case3375wp,3375,2017-05-15,TIME_LIMIT,True,3600.0,75.5,56738000.0,22705000.0,60.0,mip_progress,False,results/paper_m4pro_fullmodes_2026-04-29/logs/gurobi/test/matpower_case3375wp_2017-05-15__lazy_commit_hints.log
matpower/case3375wp,LAZY_COMMIT_HINTS,matpower/case3375wp/2017-05-15,2744.0,case3375wp,3375,2017-05-15,TIME_LIMIT,True,3600.0,76.22222222222223,56738000.0,22705000.0,60.0,mip_progress,False,results/paper_m4pro_fullmodes_2026-04-29/logs/gurobi/test/matpower_case3375wp_2017-05-15__lazy_commit_hints.log
matpower/case3375wp,LAZY_COMMIT_HINTS,matpower/case3375wp/2017-05-15,2764.0,case3375wp,3375,2017-05-15,TIME_LIMIT,True,3600.0,76.77777777777777,56738000.0,22705000.0,60.0,mip_progress,False,results/paper_m4pro_fullmodes_2026-04-29/logs/gurobi/test/matpower_case3375wp_2017-05-15__lazy_commit_hints.log
matpower/case3375wp,LAZY_COMMIT_HINTS,matpower/case3375wp/2017-05-15,2794.0,case3375wp,3375,2017-05-15,TIME_LIMIT,True,3600.0,77.61111111111111,56738000.0,22705000.0,60.0,mip_progress,False,results/paper_m4pro_fullmodes_2026-04-29/logs/gurobi/test/matpower_case3375wp_2017-05-15__lazy_commit_hints.log
matpower/case3375wp,LAZY_COMMIT_HINTS,matpower/case3375wp/2017-05-15,2814.0,case3375wp,3375,2017-05-15,TIME_LIMIT,True,3600.0,78.16666666666667,56738000.0,22705000.0,60.0,mip_progress,False,results/paper_m4pro_fullmodes_2026-04-29/logs/gurobi/test/matpower_case3375wp_2017-05-15__lazy_commit_hints.log
matpower/case3375wp,LAZY_COMMIT_HINTS,matpower/case3375wp/2017-05-15,2835.0,case3375wp,3375,2017-05-15,TIME_LIMIT,True,3600.0,78.75,56738000.0,22705000.0,60.0,mip_progress,False,results/paper_m4pro_fullmodes_2026-04-29/logs/gurobi/test/matpower_case3375wp_2017-05-15__lazy_commit_hints.log
matpower/case3375wp,LAZY_COMMIT_HINTS,matpower/case3375wp/2017-05-15,2859.0,case3375wp,3375,2017-05-15,TIME_LIMIT,True,3600.0,79.41666666666667,56738000.0,22705000.0,60.0,mip_progress,False,results/paper_m4pro_fullmodes_2026-04-29/logs/gurobi/test/matpower_case3375wp_2017-05-15__lazy_commit_hints.log
matpower/case3375wp,LAZY_COMMIT_HINTS,matpower/case3375wp/2017-05-15,2896.0,case3375wp,3375,2017-05-15,TIME_LIMIT,True,3600.0,80.44444444444444,56738000.0,22705000.0,60.0,mip_progress,False,results/paper_m4pro_fullmodes_2026-04-29/logs/gurobi/test/matpower_case3375wp_2017-05-15__lazy_commit_hints.log
matpower/case3375wp,LAZY_COMMIT_HINTS,matpower/case3375wp/2017-05-15,2921.0,case3375wp,3375,2017-05-15,TIME_LIMIT,True,3600.0,81.13888888888889,56738000.0,22705000.0,60.0,mip_progress,False,results/paper_m4pro_fullmodes_2026-04-29/logs/gurobi/test/matpower_case3375wp_2017-05-15__lazy_commit_hints.log
matpower/case3375wp,LAZY_COMMIT_HINTS,matpower/case3375wp/2017-05-15,2947.0,case3375wp,3375,2017-05-15,TIME_LIMIT,True,3600.0,81.86111111111111,56738000.0,22705000.0,60.0,mip_progress,False,results/paper_m4pro_fullmodes_2026-04-29/logs/gurobi/test/matpower_case3375wp_2017-05-15__lazy_commit_hints.log
matpower/case3375wp,LAZY_COMMIT_HINTS,matpower/case3375wp/2017-05-15,2974.0,case3375wp,3375,2017-05-15,TIME_LIMIT,True,3600.0,82.61111111111111,56738000.0,22705000.0,60.0,mip_progress,False,results/paper_m4pro_fullmodes_2026-04-29/logs/gurobi/test/matpower_case3375wp_2017-05-15__lazy_commit_hints.log
matpower/case3375wp,LAZY_COMMIT_HINTS,matpower/case3375wp/2017-05-15,3000.0,case3375wp,3375,2017-05-15,TIME_LIMIT,True,3600.0,83.33333333333333,56738000.0,22705000.0,60.0,mip_progress,False,results/paper_m4pro_fullmodes_2026-04-29/logs/gurobi/test/matpower_case3375wp_2017-05-15__lazy_commit_hints.log
matpower/case3375wp,LAZY_COMMIT_HINTS,matpower/case3375wp/2017-05-15,3032.0,case3375wp,3375,2017-05-15,TIME_LIMIT,True,3600.0,84.22222222222223,56738000.0,22705000.0,60.0,mip_progress,False,results/paper_m4pro_fullmodes_2026-04-29/logs/gurobi/test/matpower_case3375wp_2017-05-15__lazy_commit_hints.log
matpower/case3375wp,LAZY_COMMIT_HINTS,matpower/case3375wp/2017-05-15,3059.0,case3375wp,3375,2017-05-15,TIME_LIMIT,True,3600.0,84.97222222222223,56738000.0,22705000.0,60.0,mip_progress,False,results/paper_m4pro_fullmodes_2026-04-29/logs/gurobi/test/matpower_case3375wp_2017-05-15__lazy_commit_hints.log
matpower/case3375wp,LAZY_COMMIT_HINTS,matpower/case3375wp/2017-05-15,3089.0,case3375wp,3375,2017-05-15,TIME_LIMIT,True,3600.0,85.80555555555556,56738000.0,22705000.0,60.0,mip_progress,False,results/paper_m4pro_fullmodes_2026-04-29/logs/gurobi/test/matpower_case3375wp_2017-05-15__lazy_commit_hints.log
matpower/case3375wp,LAZY_COMMIT_HINTS,matpower/case3375wp/2017-05-15,3122.0,case3375wp,3375,2017-05-15,TIME_LIMIT,True,3600.0,86.72222222222223,56738000.0,22705000.0,60.0,mip_progress,False,results/paper_m4pro_fullmodes_2026-04-29/logs/gurobi/test/matpower_case3375wp_2017-05-15__lazy_commit_hints.log
matpower/case3375wp,LAZY_COMMIT_HINTS,matpower/case3375wp/2017-05-15,3156.0,case3375wp,3375,2017-05-15,TIME_LIMIT,True,3600.0,87.66666666666667,56738000.0,22705000.0,60.0,mip_progress,False,results/paper_m4pro_fullmodes_2026-04-29/logs/gurobi/test/matpower_case3375wp_2017-05-15__lazy_commit_hints.log
matpower/case3375wp,LAZY_COMMIT_HINTS,matpower/case3375wp/2017-05-15,3188.0,case3375wp,3375,2017-05-15,TIME_LIMIT,True,3600.0,88.55555555555556,56738000.0,22705000.0,60.0,mip_progress,False,results/paper_m4pro_fullmodes_2026-04-29/logs/gurobi/test/matpower_case3375wp_2017-05-15__lazy_commit_hints.log
matpower/case3375wp,LAZY_COMMIT_HINTS,matpower/case3375wp/2017-05-15,3233.0,case3375wp,3375,2017-05-15,TIME_LIMIT,True,3600.0,89.80555555555556,56738000.0,22705000.0,60.0,mip_progress,False,results/paper_m4pro_fullmodes_2026-04-29/logs/gurobi/test/matpower_case3375wp_2017-05-15__lazy_commit_hints.log
matpower/case3375wp,LAZY_COMMIT_HINTS,matpower/case3375wp/2017-05-15,3269.0,case3375wp,3375,2017-05-15,TIME_LIMIT,True,3600.0,90.80555555555556,56738000.0,22705000.0,60.0,mip_progress,False,results/paper_m4pro_fullmodes_2026-04-29/logs/gurobi/test/matpower_case3375wp_2017-05-15__lazy_commit_hints.log
matpower/case3375wp,LAZY_COMMIT_HINTS,matpower/case3375wp/2017-05-15,3311.0,case3375wp,3375,2017-05-15,TIME_LIMIT,True,3600.0,91.97222222222223,56738000.0,22705000.0,60.0,mip_progress,False,results/paper_m4pro_fullmodes_2026-04-29/logs/gurobi/test/matpower_case3375wp_2017-05-15__lazy_commit_hints.log
matpower/case3375wp,LAZY_COMMIT_HINTS,matpower/case3375wp/2017-05-15,3351.0,case3375wp,3375,2017-05-15,TIME_LIMIT,True,3600.0,93.08333333333333,56738000.0,22705000.0,60.0,mip_progress,False,results/paper_m4pro_fullmodes_2026-04-29/logs/gurobi/test/matpower_case3375wp_2017-05-15__lazy_commit_hints.log
matpower/case3375wp,LAZY_COMMIT_HINTS,matpower/case3375wp/2017-05-15,3391.0,case3375wp,3375,2017-05-15,TIME_LIMIT,True,3600.0,94.19444444444444,56738000.0,22705000.0,60.0,mip_progress,False,results/paper_m4pro_fullmodes_2026-04-29/logs/gurobi/test/matpower_case3375wp_2017-05-15__lazy_commit_hints.log
matpower/case3375wp,LAZY_COMMIT_HINTS,matpower/case3375wp/2017-05-15,3433.0,case3375wp,3375,2017-05-15,TIME_LIMIT,True,3600.0,95.36111111111111,56738000.0,22705000.0,60.0,mip_progress,False,results/paper_m4pro_fullmodes_2026-04-29/logs/gurobi/test/matpower_case3375wp_2017-05-15__lazy_commit_hints.log
matpower/case3375wp,LAZY_COMMIT_HINTS,matpower/case3375wp/2017-05-15,3483.0,case3375wp,3375,2017-05-15,TIME_LIMIT,True,3600.0,96.75,56738000.0,22705000.0,60.0,mip_progress,False,results/paper_m4pro_fullmodes_2026-04-29/logs/gurobi/test/matpower_case3375wp_2017-05-15__lazy_commit_hints.log
matpower/case3375wp,LAZY_COMMIT_HINTS,matpower/case3375wp/2017-05-15,3524.0,case3375wp,3375,2017-05-15,TIME_LIMIT,True,3600.0,97.88888888888889,56738000.0,22705000.0,60.0,mip_progress,False,results/paper_m4pro_fullmodes_2026-04-29/logs/gurobi/test/matpower_case3375wp_2017-05-15__lazy_commit_hints.log
matpower/case3375wp,LAZY_COMMIT_HINTS,matpower/case3375wp/2017-05-15,3567.0,case3375wp,3375,2017-05-15,TIME_LIMIT,True,3600.0,99.08333333333333,56738000.0,22705000.0,60.0,mip_progress,False,results/paper_m4pro_fullmodes_2026-04-29/logs/gurobi/test/matpower_case3375wp_2017-05-15__lazy_commit_hints.log
matpower/case3375wp,LAZY_COMMIT_HINTS,matpower/case3375wp/2017-05-15,3600.0,case3375wp,3375,2017-05-15,TIME_LIMIT,True,3600.0,100.0,56738000.0,22705000.0,60.0,mip_progress,False,results/paper_m4pro_fullmodes_2026-04-29/logs/gurobi/test/matpower_case3375wp_2017-05-15__lazy_commit_hints.log
matpower/case3375wp,LAZY_COMMIT_HINTS,matpower/case3375wp/2017-05-15,3612.692023,case3375wp,3375,2017-05-15,TIME_LIMIT,True,3600.0,100.35255619444445,,,59.982259000000006,result_final,False,results/paper_m4pro_fullmodes_2026-04-29/logs/gurobi/test/matpower_case3375wp_2017-05-15__lazy_commit_hints.log
matpower/case3375wp,LAZY_COMMIT_HINTS,matpower/case3375wp/2017-07-15,1694.0,case3375wp,3375,2017-07-15,TIME_LIMIT,True,3600.0,47.05555555555556,513442700.0,25373000.0,95.1,mip_progress,True,results/paper_m4pro_fullmodes_2026-04-29/logs/gurobi/test/matpower_case3375wp_2017-07-15__lazy_commit_hints.log
matpower/case3375wp,LAZY_COMMIT_HINTS,matpower/case3375wp/2017-07-15,1854.0,case3375wp,3375,2017-07-15,TIME_LIMIT,True,3600.0,51.5,513440000.0,25373000.0,95.1,mip_progress,False,results/paper_m4pro_fullmodes_2026-04-29/logs/gurobi/test/matpower_case3375wp_2017-07-15__lazy_commit_hints.log
matpower/case3375wp,LAZY_COMMIT_HINTS,matpower/case3375wp/2017-07-15,1962.0,case3375wp,3375,2017-07-15,TIME_LIMIT,True,3600.0,54.5,513440000.0,25373000.0,95.1,mip_progress,False,results/paper_m4pro_fullmodes_2026-04-29/logs/gurobi/test/matpower_case3375wp_2017-07-15__lazy_commit_hints.log
matpower/case3375wp,LAZY_COMMIT_HINTS,matpower/case3375wp/2017-07-15,2071.0,case3375wp,3375,2017-07-15,TIME_LIMIT,True,3600.0,57.52777777777778,513440000.0,25373000.0,95.1,mip_progress,False,results/paper_m4pro_fullmodes_2026-04-29/logs/gurobi/test/matpower_case3375wp_2017-07-15__lazy_commit_hints.log
matpower/case3375wp,LAZY_COMMIT_HINTS,matpower/case3375wp/2017-07-15,2178.0,case3375wp,3375,2017-07-15,TIME_LIMIT,True,3600.0,60.5,317708100.0,25373000.0,92.0,mip_progress,True,results/paper_m4pro_fullmodes_2026-04-29/logs/gurobi/test/matpower_case3375wp_2017-07-15__lazy_commit_hints.log
matpower/case3375wp,LAZY_COMMIT_HINTS,matpower/case3375wp/2017-07-15,2659.0,case3375wp,3375,2017-07-15,TIME_LIMIT,True,3600.0,73.86111111111111,317710000.0,34531000.0,89.1,mip_progress,False,results/paper_m4pro_fullmodes_2026-04-29/logs/gurobi/test/matpower_case3375wp_2017-07-15__lazy_commit_hints.log
matpower/case3375wp,LAZY_COMMIT_HINTS,matpower/case3375wp/2017-07-15,2778.0,case3375wp,3375,2017-07-15,TIME_LIMIT,True,3600.0,77.16666666666667,317710000.0,34531000.0,89.1,mip_progress,False,results/paper_m4pro_fullmodes_2026-04-29/logs/gurobi/test/matpower_case3375wp_2017-07-15__lazy_commit_hints.log
matpower/case3375wp,LAZY_COMMIT_HINTS,matpower/case3375wp/2017-07-15,2914.0,case3375wp,3375,2017-07-15,TIME_LIMIT,True,3600.0,80.94444444444444,317477300.0,34531000.0,89.1,mip_progress,True,results/paper_m4pro_fullmodes_2026-04-29/logs/gurobi/test/matpower_case3375wp_2017-07-15__lazy_commit_hints.log
matpower/case3375wp,LAZY_COMMIT_HINTS,matpower/case3375wp/2017-07-15,3043.0,case3375wp,3375,2017-07-15,TIME_LIMIT,True,3600.0,84.52777777777777,317480000.0,34728000.0,89.1,mip_progress,False,results/paper_m4pro_fullmodes_2026-04-29/logs/gurobi/test/matpower_case3375wp_2017-07-15__lazy_commit_hints.log
matpower/case3375wp,LAZY_COMMIT_HINTS,matpower/case3375wp/2017-07-15,3051.0,case3375wp,3375,2017-07-15,TIME_LIMIT,True,3600.0,84.75,317480000.0,34731000.0,89.1,mip_progress,False,results/paper_m4pro_fullmodes_2026-04-29/logs/gurobi/test/matpower_case3375wp_2017-07-15__lazy_commit_hints.log
matpower/case3375wp,LAZY_COMMIT_HINTS,matpower/case3375wp/2017-07-15,3120.0,case3375wp,3375,2017-07-15,TIME_LIMIT,True,3600.0,86.66666666666667,317480000.0,34966000.0,89.0,mip_progress,False,results/paper_m4pro_fullmodes_2026-04-29/logs/gurobi/test/matpower_case3375wp_2017-07-15__lazy_commit_hints.log
matpower/case3375wp,LAZY_COMMIT_HINTS,matpower/case3375wp/2017-07-15,3198.0,case3375wp,3375,2017-07-15,TIME_LIMIT,True,3600.0,88.83333333333333,317480000.0,34969000.0,89.0,mip_progress,False,results/paper_m4pro_fullmodes_2026-04-29/logs/gurobi/test/matpower_case3375wp_2017-07-15__lazy_commit_hints.log
matpower/case3375wp,LAZY_COMMIT_HINTS,matpower/case3375wp/2017-07-15,3260.0,case3375wp,3375,2017-07-15,TIME_LIMIT,True,3600.0,90.55555555555556,317480000.0,35146000.0,88.9,mip_progress,False,results/paper_m4pro_fullmodes_2026-04-29/logs/gurobi/test/matpower_case3375wp_2017-07-15__lazy_commit_hints.log
matpower/case3375wp,LAZY_COMMIT_HINTS,matpower/case3375wp/2017-07-15,3367.0,case3375wp,3375,2017-07-15,TIME_LIMIT,True,3600.0,93.52777777777777,317480000.0,35146000.0,88.9,mip_progress,False,results/paper_m4pro_fullmodes_2026-04-29/logs/gurobi/test/matpower_case3375wp_2017-07-15__lazy_commit_hints.log
matpower/case3375wp,LAZY_COMMIT_HINTS,matpower/case3375wp/2017-07-15,3488.0,case3375wp,3375,2017-07-15,TIME_LIMIT,True,3600.0,96.88888888888889,317480000.0,35146000.0,88.9,mip_progress,False,results/paper_m4pro_fullmodes_2026-04-29/logs/gurobi/test/matpower_case3375wp_2017-07-15__lazy_commit_hints.log
matpower/case3375wp,LAZY_COMMIT_HINTS,matpower/case3375wp/2017-07-15,3606.0,case3375wp,3375,2017-07-15,TIME_LIMIT,True,3600.0,100.16666666666667,242209600.0,35146000.0,85.5,mip_progress,True,results/paper_m4pro_fullmodes_2026-04-29/logs/gurobi/test/matpower_case3375wp_2017-07-15__lazy_commit_hints.log
matpower/case3375wp,LAZY_COMMIT_HINTS,matpower/case3375wp/2017-07-15,3618.939186,case3375wp,3375,2017-07-15,TIME_LIMIT,True,3600.0,100.52608850000001,,,85.489373,result_final,False,results/paper_m4pro_fullmodes_2026-04-29/logs/gurobi/test/matpower_case3375wp_2017-07-15__lazy_commit_hints.log
matpower/case3375wp,LAZY_COMMIT_HINTS,matpower/case3375wp/2017-09-15,1613.0,case3375wp,3375,2017-09-15,TIME_LIMIT,True,3600.0,44.80555555555556,95971530.0,22154000.0,76.9,mip_progress,True,results/paper_m4pro_fullmodes_2026-04-29/logs/gurobi/test/matpower_case3375wp_2017-09-15__lazy_commit_hints.log
matpower/case3375wp,LAZY_COMMIT_HINTS,matpower/case3375wp/2017-09-15,1790.0,case3375wp,3375,2017-09-15,TIME_LIMIT,True,3600.0,49.72222222222222,95972000.0,28111000.0,70.7,mip_progress,False,results/paper_m4pro_fullmodes_2026-04-29/logs/gurobi/test/matpower_case3375wp_2017-09-15__lazy_commit_hints.log
matpower/case3375wp,LAZY_COMMIT_HINTS,matpower/case3375wp/2017-09-15,1868.0,case3375wp,3375,2017-09-15,TIME_LIMIT,True,3600.0,51.888888888888886,95972000.0,28111000.0,70.7,mip_progress,False,results/paper_m4pro_fullmodes_2026-04-29/logs/gurobi/test/matpower_case3375wp_2017-09-15__lazy_commit_hints.log
matpower/case3375wp,LAZY_COMMIT_HINTS,matpower/case3375wp/2017-09-15,1941.0,case3375wp,3375,2017-09-15,TIME_LIMIT,True,3600.0,53.916666666666664,95591150.0,28111000.0,70.6,mip_progress,True,results/paper_m4pro_fullmodes_2026-04-29/logs/gurobi/test/matpower_case3375wp_2017-09-15__lazy_commit_hints.log
matpower/case3375wp,LAZY_COMMIT_HINTS,matpower/case3375wp/2017-09-15,1986.0,case3375wp,3375,2017-09-15,TIME_LIMIT,True,3600.0,55.166666666666664,95591110.0,28111000.0,70.6,mip_progress,True,results/paper_m4pro_fullmodes_2026-04-29/logs/gurobi/test/matpower_case3375wp_2017-09-15__lazy_commit_hints.log
matpower/case3375wp,LAZY_COMMIT_HINTS,matpower/case3375wp/2017-09-15,2022.0,case3375wp,3375,2017-09-15,TIME_LIMIT,True,3600.0,56.166666666666664,95591000.0,28119000.0,70.6,mip_progress,False,results/paper_m4pro_fullmodes_2026-04-29/logs/gurobi/test/matpower_case3375wp_2017-09-15__lazy_commit_hints.log
matpower/case3375wp,LAZY_COMMIT_HINTS,matpower/case3375wp/2017-09-15,2045.0,case3375wp,3375,2017-09-15,TIME_LIMIT,True,3600.0,56.80555555555556,95591000.0,28147000.0,70.6,mip_progress,False,results/paper_m4pro_fullmodes_2026-04-29/logs/gurobi/test/matpower_case3375wp_2017-09-15__lazy_commit_hints.log
matpower/case3375wp,LAZY_COMMIT_HINTS,matpower/case3375wp/2017-09-15,2048.0,case3375wp,3375,2017-09-15,TIME_LIMIT,True,3600.0,56.888888888888886,95591000.0,28148000.0,70.6,mip_progress,False,results/paper_m4pro_fullmodes_2026-04-29/logs/gurobi/test/matpower_case3375wp_2017-09-15__lazy_commit_hints.log
matpower/case3375wp,LAZY_COMMIT_HINTS,matpower/case3375wp/2017-09-15,2067.0,case3375wp,3375,2017-09-15,TIME_LIMIT,True,3600.0,57.416666666666664,95591000.0,28150000.0,70.6,mip_progress,False,results/paper_m4pro_fullmodes_2026-04-29/logs/gurobi/test/matpower_case3375wp_2017-09-15__lazy_commit_hints.log
matpower/case3375wp,LAZY_COMMIT_HINTS,matpower/case3375wp/2017-09-15,2116.0,case3375wp,3375,2017-09-15,TIME_LIMIT,True,3600.0,58.77777777777778,95591000.0,28150000.0,70.6,mip_progress,False,results/paper_m4pro_fullmodes_2026-04-29/logs/gurobi/test/matpower_case3375wp_2017-09-15__lazy_commit_hints.log
matpower/case3375wp,LAZY_COMMIT_HINTS,matpower/case3375wp/2017-09-15,2129.0,case3375wp,3375,2017-09-15,TIME_LIMIT,True,3600.0,59.138888888888886,95591000.0,28151000.0,70.6,mip_progress,False,results/paper_m4pro_fullmodes_2026-04-29/logs/gurobi/test/matpower_case3375wp_2017-09-15__lazy_commit_hints.log
matpower/case3375wp,LAZY_COMMIT_HINTS,matpower/case3375wp/2017-09-15,2137.0,case3375wp,3375,2017-09-15,TIME_LIMIT,True,3600.0,59.361111111111114,95591000.0,28151000.0,70.6,mip_progress,False,results/paper_m4pro_fullmodes_2026-04-29/logs/gurobi/test/matpower_case3375wp_2017-09-15__lazy_commit_hints.log
matpower/case3375wp,LAZY_COMMIT_HINTS,matpower/case3375wp/2017-09-15,2140.0,case3375wp,3375,2017-09-15,TIME_LIMIT,True,3600.0,59.44444444444444,95591000.0,28151000.0,70.6,mip_progress,False,results/paper_m4pro_fullmodes_2026-04-29/logs/gurobi/test/matpower_case3375wp_2017-09-15__lazy_commit_hints.log
matpower/case3375wp,LAZY_COMMIT_HINTS,matpower/case3375wp/2017-09-15,2142.0,case3375wp,3375,2017-09-15,TIME_LIMIT,True,3600.0,59.5,95591000.0,28151000.0,70.6,mip_progress,False,results/paper_m4pro_fullmodes_2026-04-29/logs/gurobi/test/matpower_case3375wp_2017-09-15__lazy_commit_hints.log
matpower/case3375wp,LAZY_COMMIT_HINTS,matpower/case3375wp/2017-09-15,2213.0,case3375wp,3375,2017-09-15,TIME_LIMIT,True,3600.0,61.47222222222222,95591000.0,28151000.0,70.6,mip_progress,False,results/paper_m4pro_fullmodes_2026-04-29/logs/gurobi/test/matpower_case3375wp_2017-09-15__lazy_commit_hints.log
matpower/case3375wp,LAZY_COMMIT_HINTS,matpower/case3375wp/2017-09-15,2478.0,case3375wp,3375,2017-09-15,TIME_LIMIT,True,3600.0,68.83333333333333,95591000.0,28521000.0,70.2,mip_progress,False,results/paper_m4pro_fullmodes_2026-04-29/logs/gurobi/test/matpower_case3375wp_2017-09-15__lazy_commit_hints.log
matpower/case3375wp,LAZY_COMMIT_HINTS,matpower/case3375wp/2017-09-15,2495.0,case3375wp,3375,2017-09-15,TIME_LIMIT,True,3600.0,69.30555555555556,95591000.0,28522000.0,70.2,mip_progress,False,results/paper_m4pro_fullmodes_2026-04-29/logs/gurobi/test/matpower_case3375wp_2017-09-15__lazy_commit_hints.log
matpower/case3375wp,LAZY_COMMIT_HINTS,matpower/case3375wp/2017-09-15,2526.0,case3375wp,3375,2017-09-15,TIME_LIMIT,True,3600.0,70.16666666666667,95591000.0,28538000.0,70.1,mip_progress,False,results/paper_m4pro_fullmodes_2026-04-29/logs/gurobi/test/matpower_case3375wp_2017-09-15__lazy_commit_hints.log
matpower/case3375wp,LAZY_COMMIT_HINTS,matpower/case3375wp/2017-09-15,2537.0,case3375wp,3375,2017-09-15,TIME_LIMIT,True,3600.0,70.47222222222223,95591000.0,28540000.0,70.1,mip_progress,False,results/paper_m4pro_fullmodes_2026-04-29/logs/gurobi/test/matpower_case3375wp_2017-09-15__lazy_commit_hints.log
matpower/case3375wp,LAZY_COMMIT_HINTS,matpower/case3375wp/2017-09-15,2560.0,case3375wp,3375,2017-09-15,TIME_LIMIT,True,3600.0,71.11111111111111,95591000.0,28540000.0,70.1,mip_progress,False,results/paper_m4pro_fullmodes_2026-04-29/logs/gurobi/test/matpower_case3375wp_2017-09-15__lazy_commit_hints.log
matpower/case3375wp,LAZY_COMMIT_HINTS,matpower/case3375wp/2017-09-15,2590.0,case3375wp,3375,2017-09-15,TIME_LIMIT,True,3600.0,71.94444444444444,95591000.0,28541000.0,70.1,mip_progress,False,results/paper_m4pro_fullmodes_2026-04-29/logs/gurobi/test/matpower_case3375wp_2017-09-15__lazy_commit_hints.log
matpower/case3375wp,LAZY_COMMIT_HINTS,matpower/case3375wp/2017-09-15,2603.0,case3375wp,3375,2017-09-15,TIME_LIMIT,True,3600.0,72.30555555555556,95591000.0,28541000.0,70.1,mip_progress,False,results/paper_m4pro_fullmodes_2026-04-29/logs/gurobi/test/matpower_case3375wp_2017-09-15__lazy_commit_hints.log
matpower/case3375wp,LAZY_COMMIT_HINTS,matpower/case3375wp/2017-09-15,2617.0,case3375wp,3375,2017-09-15,TIME_LIMIT,True,3600.0,72.69444444444444,95591000.0,28541000.0,70.1,mip_progress,False,results/paper_m4pro_fullmodes_2026-04-29/logs/gurobi/test/matpower_case3375wp_2017-09-15__lazy_commit_hints.log
matpower/case3375wp,LAZY_COMMIT_HINTS,matpower/case3375wp/2017-09-15,2630.0,case3375wp,3375,2017-09-15,TIME_LIMIT,True,3600.0,73.05555555555556,95591000.0,28541000.0,70.1,mip_progress,False,results/paper_m4pro_fullmodes_2026-04-29/logs/gurobi/test/matpower_case3375wp_2017-09-15__lazy_commit_hints.log
matpower/case3375wp,LAZY_COMMIT_HINTS,matpower/case3375wp/2017-09-15,2645.0,case3375wp,3375,2017-09-15,TIME_LIMIT,True,3600.0,73.47222222222223,95591000.0,28541000.0,70.1,mip_progress,False,results/paper_m4pro_fullmodes_2026-04-29/logs/gurobi/test/matpower_case3375wp_2017-09-15__lazy_commit_hints.log
matpower/case3375wp,LAZY_COMMIT_HINTS,matpower/case3375wp/2017-09-15,2660.0,case3375wp,3375,2017-09-15,TIME_LIMIT,True,3600.0,73.88888888888889,95591000.0,28541000.0,70.1,mip_progress,False,results/paper_m4pro_fullmodes_2026-04-29/logs/gurobi/test/matpower_case3375wp_2017-09-15__lazy_commit_hints.log
matpower/case3375wp,LAZY_COMMIT_HINTS,matpower/case3375wp/2017-09-15,2687.0,case3375wp,3375,2017-09-15,TIME_LIMIT,True,3600.0,74.63888888888889,95591000.0,28541000.0,70.1,mip_progress,False,results/paper_m4pro_fullmodes_2026-04-29/logs/gurobi/test/matpower_case3375wp_2017-09-15__lazy_commit_hints.log
matpower/case3375wp,LAZY_COMMIT_HINTS,matpower/case3375wp/2017-09-15,2702.0,case3375wp,3375,2017-09-15,TIME_LIMIT,True,3600.0,75.05555555555556,95591000.0,28541000.0,70.1,mip_progress,False,results/paper_m4pro_fullmodes_2026-04-29/logs/gurobi/test/matpower_case3375wp_2017-09-15__lazy_commit_hints.log
matpower/case3375wp,LAZY_COMMIT_HINTS,matpower/case3375wp/2017-09-15,2718.0,case3375wp,3375,2017-09-15,TIME_LIMIT,True,3600.0,75.5,95591000.0,28541000.0,70.1,mip_progress,False,results/paper_m4pro_fullmodes_2026-04-29/logs/gurobi/test/matpower_case3375wp_2017-09-15__lazy_commit_hints.log
matpower/case3375wp,LAZY_COMMIT_HINTS,matpower/case3375wp/2017-09-15,2735.0,case3375wp,3375,2017-09-15,TIME_LIMIT,True,3600.0,75.97222222222223,95591000.0,28541000.0,70.1,mip_progress,False,results/paper_m4pro_fullmodes_2026-04-29/logs/gurobi/test/matpower_case3375wp_2017-09-15__lazy_commit_hints.log
matpower/case3375wp,LAZY_COMMIT_HINTS,matpower/case3375wp/2017-09-15,2751.0,case3375wp,3375,2017-09-15,TIME_LIMIT,True,3600.0,76.41666666666667,95591000.0,28541000.0,70.1,mip_progress,False,results/paper_m4pro_fullmodes_2026-04-29/logs/gurobi/test/matpower_case3375wp_2017-09-15__lazy_commit_hints.log
matpower/case3375wp,LAZY_COMMIT_HINTS,matpower/case3375wp/2017-09-15,2772.0,case3375wp,3375,2017-09-15,TIME_LIMIT,True,3600.0,77.0,95591000.0,28541000.0,70.1,mip_progress,False,results/paper_m4pro_fullmodes_2026-04-29/logs/gurobi/test/matpower_case3375wp_2017-09-15__lazy_commit_hints.log
matpower/case3375wp,LAZY_COMMIT_HINTS,matpower/case3375wp/2017-09-15,2788.0,case3375wp,3375,2017-09-15,TIME_LIMIT,True,3600.0,77.44444444444444,95591000.0,28541000.0,70.1,mip_progress,False,results/paper_m4pro_fullmodes_2026-04-29/logs/gurobi/test/matpower_case3375wp_2017-09-15__lazy_commit_hints.log
matpower/case3375wp,LAZY_COMMIT_HINTS,matpower/case3375wp/2017-09-15,2802.0,case3375wp,3375,2017-09-15,TIME_LIMIT,True,3600.0,77.83333333333333,95591000.0,28541000.0,70.1,mip_progress,False,results/paper_m4pro_fullmodes_2026-04-29/logs/gurobi/test/matpower_case3375wp_2017-09-15__lazy_commit_hints.log
matpower/case3375wp,LAZY_COMMIT_HINTS,matpower/case3375wp/2017-09-15,2819.0,case3375wp,3375,2017-09-15,TIME_LIMIT,True,3600.0,78.30555555555556,95591000.0,28541000.0,70.1,mip_progress,False,results/paper_m4pro_fullmodes_2026-04-29/logs/gurobi/test/matpower_case3375wp_2017-09-15__lazy_commit_hints.log
matpower/case3375wp,LAZY_COMMIT_HINTS,matpower/case3375wp/2017-09-15,2834.0,case3375wp,3375,2017-09-15,TIME_LIMIT,True,3600.0,78.72222222222223,95591000.0,28541000.0,70.1,mip_progress,False,results/paper_m4pro_fullmodes_2026-04-29/logs/gurobi/test/matpower_case3375wp_2017-09-15__lazy_commit_hints.log
matpower/case3375wp,LAZY_COMMIT_HINTS,matpower/case3375wp/2017-09-15,2852.0,case3375wp,3375,2017-09-15,TIME_LIMIT,True,3600.0,79.22222222222223,95591000.0,28541000.0,70.1,mip_progress,False,results/paper_m4pro_fullmodes_2026-04-29/logs/gurobi/test/matpower_case3375wp_2017-09-15__lazy_commit_hints.log
matpower/case3375wp,LAZY_COMMIT_HINTS,matpower/case3375wp/2017-09-15,2887.0,case3375wp,3375,2017-09-15,TIME_LIMIT,True,3600.0,80.19444444444444,95591000.0,28541000.0,70.1,mip_progress,False,results/paper_m4pro_fullmodes_2026-04-29/logs/gurobi/test/matpower_case3375wp_2017-09-15__lazy_commit_hints.log
matpower/case3375wp,LAZY_COMMIT_HINTS,matpower/case3375wp/2017-09-15,2903.0,case3375wp,3375,2017-09-15,TIME_LIMIT,True,3600.0,80.63888888888889,95591000.0,28541000.0,70.1,mip_progress,False,results/paper_m4pro_fullmodes_2026-04-29/logs/gurobi/test/matpower_case3375wp_2017-09-15__lazy_commit_hints.log
matpower/case3375wp,LAZY_COMMIT_HINTS,matpower/case3375wp/2017-09-15,2919.0,case3375wp,3375,2017-09-15,TIME_LIMIT,True,3600.0,81.08333333333333,95591000.0,28541000.0,70.1,mip_progress,False,results/paper_m4pro_fullmodes_2026-04-29/logs/gurobi/test/matpower_case3375wp_2017-09-15__lazy_commit_hints.log
matpower/case3375wp,LAZY_COMMIT_HINTS,matpower/case3375wp/2017-09-15,2946.0,case3375wp,3375,2017-09-15,TIME_LIMIT,True,3600.0,81.83333333333333,95591000.0,28541000.0,70.1,mip_progress,False,results/paper_m4pro_fullmodes_2026-04-29/logs/gurobi/test/matpower_case3375wp_2017-09-15__lazy_commit_hints.log
matpower/case3375wp,LAZY_COMMIT_HINTS,matpower/case3375wp/2017-09-15,2993.0,case3375wp,3375,2017-09-15,TIME_LIMIT,True,3600.0,83.13888888888889,95556700.0,28541000.0,70.1,mip_progress,True,results/paper_m4pro_fullmodes_2026-04-29/logs/gurobi/test/matpower_case3375wp_2017-09-15__lazy_commit_hints.log
matpower/case3375wp,LAZY_COMMIT_HINTS,matpower/case3375wp/2017-09-15,3055.0,case3375wp,3375,2017-09-15,TIME_LIMIT,True,3600.0,84.86111111111111,95556660.0,28541000.0,70.1,mip_progress,True,results/paper_m4pro_fullmodes_2026-04-29/logs/gurobi/test/matpower_case3375wp_2017-09-15__lazy_commit_hints.log
matpower/case3375wp,LAZY_COMMIT_HINTS,matpower/case3375wp/2017-09-15,3070.0,case3375wp,3375,2017-09-15,TIME_LIMIT,True,3600.0,85.27777777777777,95557000.0,28541000.0,70.1,mip_progress,False,results/paper_m4pro_fullmodes_2026-04-29/logs/gurobi/test/matpower_case3375wp_2017-09-15__lazy_commit_hints.log
matpower/case3375wp,LAZY_COMMIT_HINTS,matpower/case3375wp/2017-09-15,3086.0,case3375wp,3375,2017-09-15,TIME_LIMIT,True,3600.0,85.72222222222223,95557000.0,28541000.0,70.1,mip_progress,False,results/paper_m4pro_fullmodes_2026-04-29/logs/gurobi/test/matpower_case3375wp_2017-09-15__lazy_commit_hints.log
matpower/case3375wp,LAZY_COMMIT_HINTS,matpower/case3375wp/2017-09-15,3101.0,case3375wp,3375,2017-09-15,TIME_LIMIT,True,3600.0,86.13888888888889,95557000.0,28541000.0,70.1,mip_progress,False,results/paper_m4pro_fullmodes_2026-04-29/logs/gurobi/test/matpower_case3375wp_2017-09-15__lazy_commit_hints.log
matpower/case3375wp,LAZY_COMMIT_HINTS,matpower/case3375wp/2017-09-15,3117.0,case3375wp,3375,2017-09-15,TIME_LIMIT,True,3600.0,86.58333333333333,95557000.0,28541000.0,70.1,mip_progress,False,results/paper_m4pro_fullmodes_2026-04-29/logs/gurobi/test/matpower_case3375wp_2017-09-15__lazy_commit_hints.log
matpower/case3375wp,LAZY_COMMIT_HINTS,matpower/case3375wp/2017-09-15,3157.0,case3375wp,3375,2017-09-15,TIME_LIMIT,True,3600.0,87.69444444444444,95557000.0,28541000.0,70.1,mip_progress,False,results/paper_m4pro_fullmodes_2026-04-29/logs/gurobi/test/matpower_case3375wp_2017-09-15__lazy_commit_hints.log
matpower/case3375wp,LAZY_COMMIT_HINTS,matpower/case3375wp/2017-09-15,3177.0,case3375wp,3375,2017-09-15,TIME_LIMIT,True,3600.0,88.25,95557000.0,28541000.0,70.1,mip_progress,False,results/paper_m4pro_fullmodes_2026-04-29/logs/gurobi/test/matpower_case3375wp_2017-09-15__lazy_commit_hints.log
matpower/case3375wp,LAZY_COMMIT_HINTS,matpower/case3375wp/2017-09-15,3199.0,case3375wp,3375,2017-09-15,TIME_LIMIT,True,3600.0,88.86111111111111,95557000.0,28541000.0,70.1,mip_progress,False,results/paper_m4pro_fullmodes_2026-04-29/logs/gurobi/test/matpower_case3375wp_2017-09-15__lazy_commit_hints.log
matpower/case3375wp,LAZY_COMMIT_HINTS,matpower/case3375wp/2017-09-15,3222.0,case3375wp,3375,2017-09-15,TIME_LIMIT,True,3600.0,89.5,95557000.0,28541000.0,70.1,mip_progress,False,results/paper_m4pro_fullmodes_2026-04-29/logs/gurobi/test/matpower_case3375wp_2017-09-15__lazy_commit_hints.log
matpower/case3375wp,LAZY_COMMIT_HINTS,matpower/case3375wp/2017-09-15,3244.0,case3375wp,3375,2017-09-15,TIME_LIMIT,True,3600.0,90.11111111111111,95557000.0,28541000.0,70.1,mip_progress,False,results/paper_m4pro_fullmodes_2026-04-29/logs/gurobi/test/matpower_case3375wp_2017-09-15__lazy_commit_hints.log
matpower/case3375wp,LAZY_COMMIT_HINTS,matpower/case3375wp/2017-09-15,3277.0,case3375wp,3375,2017-09-15,TIME_LIMIT,True,3600.0,91.02777777777777,95557000.0,28541000.0,70.1,mip_progress,False,results/paper_m4pro_fullmodes_2026-04-29/logs/gurobi/test/matpower_case3375wp_2017-09-15__lazy_commit_hints.log
matpower/case3375wp,LAZY_COMMIT_HINTS,matpower/case3375wp/2017-09-15,3298.0,case3375wp,3375,2017-09-15,TIME_LIMIT,True,3600.0,91.61111111111111,95557000.0,28541000.0,70.1,mip_progress,False,results/paper_m4pro_fullmodes_2026-04-29/logs/gurobi/test/matpower_case3375wp_2017-09-15__lazy_commit_hints.log
matpower/case3375wp,LAZY_COMMIT_HINTS,matpower/case3375wp/2017-09-15,3321.0,case3375wp,3375,2017-09-15,TIME_LIMIT,True,3600.0,92.25,95557000.0,28541000.0,70.1,mip_progress,False,results/paper_m4pro_fullmodes_2026-04-29/logs/gurobi/test/matpower_case3375wp_2017-09-15__lazy_commit_hints.log
matpower/case3375wp,LAZY_COMMIT_HINTS,matpower/case3375wp/2017-09-15,3350.0,case3375wp,3375,2017-09-15,TIME_LIMIT,True,3600.0,93.05555555555556,95557000.0,28541000.0,70.1,mip_progress,False,results/paper_m4pro_fullmodes_2026-04-29/logs/gurobi/test/matpower_case3375wp_2017-09-15__lazy_commit_hints.log
matpower/case3375wp,LAZY_COMMIT_HINTS,matpower/case3375wp/2017-09-15,3375.0,case3375wp,3375,2017-09-15,TIME_LIMIT,True,3600.0,93.75,95557000.0,28541000.0,70.1,mip_progress,False,results/paper_m4pro_fullmodes_2026-04-29/logs/gurobi/test/matpower_case3375wp_2017-09-15__lazy_commit_hints.log
matpower/case3375wp,LAZY_COMMIT_HINTS,matpower/case3375wp/2017-09-15,3425.0,case3375wp,3375,2017-09-15,TIME_LIMIT,True,3600.0,95.13888888888889,95557000.0,28541000.0,70.1,mip_progress,False,results/paper_m4pro_fullmodes_2026-04-29/logs/gurobi/test/matpower_case3375wp_2017-09-15__lazy_commit_hints.log
matpower/case3375wp,LAZY_COMMIT_HINTS,matpower/case3375wp/2017-09-15,3451.0,case3375wp,3375,2017-09-15,TIME_LIMIT,True,3600.0,95.86111111111111,95557000.0,28541000.0,70.1,mip_progress,False,results/paper_m4pro_fullmodes_2026-04-29/logs/gurobi/test/matpower_case3375wp_2017-09-15__lazy_commit_hints.log
matpower/case3375wp,LAZY_COMMIT_HINTS,matpower/case3375wp/2017-09-15,3484.0,case3375wp,3375,2017-09-15,TIME_LIMIT,True,3600.0,96.77777777777777,95557000.0,28541000.0,70.1,mip_progress,False,results/paper_m4pro_fullmodes_2026-04-29/logs/gurobi/test/matpower_case3375wp_2017-09-15__lazy_commit_hints.log
matpower/case3375wp,LAZY_COMMIT_HINTS,matpower/case3375wp/2017-09-15,3514.0,case3375wp,3375,2017-09-15,TIME_LIMIT,True,3600.0,97.61111111111111,95557000.0,28541000.0,70.1,mip_progress,False,results/paper_m4pro_fullmodes_2026-04-29/logs/gurobi/test/matpower_case3375wp_2017-09-15__lazy_commit_hints.log
matpower/case3375wp,LAZY_COMMIT_HINTS,matpower/case3375wp/2017-09-15,3546.0,case3375wp,3375,2017-09-15,TIME_LIMIT,True,3600.0,98.5,95557000.0,28541000.0,70.1,mip_progress,False,results/paper_m4pro_fullmodes_2026-04-29/logs/gurobi/test/matpower_case3375wp_2017-09-15__lazy_commit_hints.log
matpower/case3375wp,LAZY_COMMIT_HINTS,matpower/case3375wp/2017-09-15,3578.0,case3375wp,3375,2017-09-15,TIME_LIMIT,True,3600.0,99.38888888888889,95557000.0,28541000.0,70.1,mip_progress,False,results/paper_m4pro_fullmodes_2026-04-29/logs/gurobi/test/matpower_case3375wp_2017-09-15__lazy_commit_hints.log
matpower/case3375wp,LAZY_COMMIT_HINTS,matpower/case3375wp/2017-09-15,3600.0,case3375wp,3375,2017-09-15,TIME_LIMIT,True,3600.0,100.0,95557000.0,28541000.0,70.1,mip_progress,False,results/paper_m4pro_fullmodes_2026-04-29/logs/gurobi/test/matpower_case3375wp_2017-09-15__lazy_commit_hints.log
matpower/case3375wp,LAZY_COMMIT_HINTS,matpower/case3375wp/2017-09-15,3612.679864,case3375wp,3375,2017-09-15,TIME_LIMIT,True,3600.0,100.35221844444445,,,70.1,result_final,False,results/paper_m4pro_fullmodes_2026-04-29/logs/gurobi/test/matpower_case3375wp_2017-09-15__lazy_commit_hints.log
matpower/case3375wp,LAZY_COMMIT_HINTS,matpower/case3375wp/2017-11-15,1735.0,case3375wp,3375,2017-11-15,TIME_LIMIT,True,3600.0,48.19444444444444,218113400.0,21850000.0,90.0,mip_progress,True,results/paper_m4pro_fullmodes_2026-04-29/logs/gurobi/test/matpower_case3375wp_2017-11-15__lazy_commit_hints.log
matpower/case3375wp,LAZY_COMMIT_HINTS,matpower/case3375wp/2017-11-15,1968.0,case3375wp,3375,2017-11-15,TIME_LIMIT,True,3600.0,54.666666666666664,218110000.0,29765000.0,86.4,mip_progress,False,results/paper_m4pro_fullmodes_2026-04-29/logs/gurobi/test/matpower_case3375wp_2017-11-15__lazy_commit_hints.log
matpower/case3375wp,LAZY_COMMIT_HINTS,matpower/case3375wp/2017-11-15,2054.0,case3375wp,3375,2017-11-15,TIME_LIMIT,True,3600.0,57.05555555555556,215916800.0,29777000.0,86.2,mip_progress,True,results/paper_m4pro_fullmodes_2026-04-29/logs/gurobi/test/matpower_case3375wp_2017-11-15__lazy_commit_hints.log
matpower/case3375wp,LAZY_COMMIT_HINTS,matpower/case3375wp/2017-11-15,2126.0,case3375wp,3375,2017-11-15,TIME_LIMIT,True,3600.0,59.05555555555556,215920000.0,29777000.0,86.2,mip_progress,False,results/paper_m4pro_fullmodes_2026-04-29/logs/gurobi/test/matpower_case3375wp_2017-11-15__lazy_commit_hints.log
matpower/case3375wp,LAZY_COMMIT_HINTS,matpower/case3375wp/2017-11-15,2202.0,case3375wp,3375,2017-11-15,TIME_LIMIT,True,3600.0,61.166666666666664,215920000.0,29777000.0,86.2,mip_progress,False,results/paper_m4pro_fullmodes_2026-04-29/logs/gurobi/test/matpower_case3375wp_2017-11-15__lazy_commit_hints.log
matpower/case3375wp,LAZY_COMMIT_HINTS,matpower/case3375wp/2017-11-15,2291.0,case3375wp,3375,2017-11-15,TIME_LIMIT,True,3600.0,63.638888888888886,215920000.0,29777000.0,86.2,mip_progress,False,results/paper_m4pro_fullmodes_2026-04-29/logs/gurobi/test/matpower_case3375wp_2017-11-15__lazy_commit_hints.log
matpower/case3375wp,LAZY_COMMIT_HINTS,matpower/case3375wp/2017-11-15,2375.0,case3375wp,3375,2017-11-15,TIME_LIMIT,True,3600.0,65.97222222222223,184530900.0,29777000.0,83.9,mip_progress,True,results/paper_m4pro_fullmodes_2026-04-29/logs/gurobi/test/matpower_case3375wp_2017-11-15__lazy_commit_hints.log
matpower/case3375wp,LAZY_COMMIT_HINTS,matpower/case3375wp/2017-11-15,2395.0,case3375wp,3375,2017-11-15,TIME_LIMIT,True,3600.0,66.52777777777777,184530000.0,29800000.0,83.9,mip_progress,False,results/paper_m4pro_fullmodes_2026-04-29/logs/gurobi/test/matpower_case3375wp_2017-11-15__lazy_commit_hints.log
matpower/case3375wp,LAZY_COMMIT_HINTS,matpower/case3375wp/2017-11-15,2396.0,case3375wp,3375,2017-11-15,TIME_LIMIT,True,3600.0,66.55555555555556,184530000.0,29800000.0,83.9,mip_progress,False,results/paper_m4pro_fullmodes_2026-04-29/logs/gurobi/test/matpower_case3375wp_2017-11-15__lazy_commit_hints.log
matpower/case3375wp,LAZY_COMMIT_HINTS,matpower/case3375wp/2017-11-15,2445.0,case3375wp,3375,2017-11-15,TIME_LIMIT,True,3600.0,67.91666666666667,184530000.0,29951000.0,83.8,mip_progress,False,results/paper_m4pro_fullmodes_2026-04-29/logs/gurobi/test/matpower_case3375wp_2017-11-15__lazy_commit_hints.log
matpower/case3375wp,LAZY_COMMIT_HINTS,matpower/case3375wp/2017-11-15,2487.0,case3375wp,3375,2017-11-15,TIME_LIMIT,True,3600.0,69.08333333333333,184530000.0,29954000.0,83.8,mip_progress,False,results/paper_m4pro_fullmodes_2026-04-29/logs/gurobi/test/matpower_case3375wp_2017-11-15__lazy_commit_hints.log
matpower/case3375wp,LAZY_COMMIT_HINTS,matpower/case3375wp/2017-11-15,2533.0,case3375wp,3375,2017-11-15,TIME_LIMIT,True,3600.0,70.36111111111111,184530000.0,30033000.0,83.7,mip_progress,False,results/paper_m4pro_fullmodes_2026-04-29/logs/gurobi/test/matpower_case3375wp_2017-11-15__lazy_commit_hints.log
matpower/case3375wp,LAZY_COMMIT_HINTS,matpower/case3375wp/2017-11-15,2572.0,case3375wp,3375,2017-11-15,TIME_LIMIT,True,3600.0,71.44444444444444,184530000.0,30037000.0,83.7,mip_progress,False,results/paper_m4pro_fullmodes_2026-04-29/logs/gurobi/test/matpower_case3375wp_2017-11-15__lazy_commit_hints.log
matpower/case3375wp,LAZY_COMMIT_HINTS,matpower/case3375wp/2017-11-15,2586.0,case3375wp,3375,2017-11-15,TIME_LIMIT,True,3600.0,71.83333333333333,184530000.0,30037000.0,83.7,mip_progress,False,results/paper_m4pro_fullmodes_2026-04-29/logs/gurobi/test/matpower_case3375wp_2017-11-15__lazy_commit_hints.log
matpower/case3375wp,LAZY_COMMIT_HINTS,matpower/case3375wp/2017-11-15,2589.0,case3375wp,3375,2017-11-15,TIME_LIMIT,True,3600.0,71.91666666666667,184530000.0,30037000.0,83.7,mip_progress,False,results/paper_m4pro_fullmodes_2026-04-29/logs/gurobi/test/matpower_case3375wp_2017-11-15__lazy_commit_hints.log
matpower/case3375wp,LAZY_COMMIT_HINTS,matpower/case3375wp/2017-11-15,2786.0,case3375wp,3375,2017-11-15,TIME_LIMIT,True,3600.0,77.38888888888889,184530000.0,30044000.0,83.7,mip_progress,False,results/paper_m4pro_fullmodes_2026-04-29/logs/gurobi/test/matpower_case3375wp_2017-11-15__lazy_commit_hints.log
matpower/case3375wp,LAZY_COMMIT_HINTS,matpower/case3375wp/2017-11-15,2852.0,case3375wp,3375,2017-11-15,TIME_LIMIT,True,3600.0,79.22222222222223,142209600.0,30044000.0,78.9,mip_progress,True,results/paper_m4pro_fullmodes_2026-04-29/logs/gurobi/test/matpower_case3375wp_2017-11-15__lazy_commit_hints.log
matpower/case3375wp,LAZY_COMMIT_HINTS,matpower/case3375wp/2017-11-15,2911.0,case3375wp,3375,2017-11-15,TIME_LIMIT,True,3600.0,80.86111111111111,142210000.0,30044000.0,78.9,mip_progress,False,results/paper_m4pro_fullmodes_2026-04-29/logs/gurobi/test/matpower_case3375wp_2017-11-15__lazy_commit_hints.log
matpower/case3375wp,LAZY_COMMIT_HINTS,matpower/case3375wp/2017-11-15,2918.0,case3375wp,3375,2017-11-15,TIME_LIMIT,True,3600.0,81.05555555555556,142210000.0,30044000.0,78.9,mip_progress,False,results/paper_m4pro_fullmodes_2026-04-29/logs/gurobi/test/matpower_case3375wp_2017-11-15__lazy_commit_hints.log
matpower/case3375wp,LAZY_COMMIT_HINTS,matpower/case3375wp/2017-11-15,2950.0,case3375wp,3375,2017-11-15,TIME_LIMIT,True,3600.0,81.94444444444444,142210000.0,30048000.0,78.9,mip_progress,False,results/paper_m4pro_fullmodes_2026-04-29/logs/gurobi/test/matpower_case3375wp_2017-11-15__lazy_commit_hints.log
matpower/case3375wp,LAZY_COMMIT_HINTS,matpower/case3375wp/2017-11-15,2965.0,case3375wp,3375,2017-11-15,TIME_LIMIT,True,3600.0,82.36111111111111,142210000.0,30060000.0,78.9,mip_progress,False,results/paper_m4pro_fullmodes_2026-04-29/logs/gurobi/test/matpower_case3375wp_2017-11-15__lazy_commit_hints.log
matpower/case3375wp,LAZY_COMMIT_HINTS,matpower/case3375wp/2017-11-15,2985.0,case3375wp,3375,2017-11-15,TIME_LIMIT,True,3600.0,82.91666666666667,142210000.0,30080000.0,78.8,mip_progress,False,results/paper_m4pro_fullmodes_2026-04-29/logs/gurobi/test/matpower_case3375wp_2017-11-15__lazy_commit_hints.log
matpower/case3375wp,LAZY_COMMIT_HINTS,matpower/case3375wp/2017-11-15,3016.0,case3375wp,3375,2017-11-15,TIME_LIMIT,True,3600.0,83.77777777777777,142210000.0,30080000.0,78.8,mip_progress,False,results/paper_m4pro_fullmodes_2026-04-29/logs/gurobi/test/matpower_case3375wp_2017-11-15__lazy_commit_hints.log
matpower/case3375wp,LAZY_COMMIT_HINTS,matpower/case3375wp/2017-11-15,3031.0,case3375wp,3375,2017-11-15,TIME_LIMIT,True,3600.0,84.19444444444444,142210000.0,30080000.0,78.8,mip_progress,False,results/paper_m4pro_fullmodes_2026-04-29/logs/gurobi/test/matpower_case3375wp_2017-11-15__lazy_commit_hints.log
matpower/case3375wp,LAZY_COMMIT_HINTS,matpower/case3375wp/2017-11-15,3047.0,case3375wp,3375,2017-11-15,TIME_LIMIT,True,3600.0,84.63888888888889,142210000.0,30080000.0,78.8,mip_progress,False,results/paper_m4pro_fullmodes_2026-04-29/logs/gurobi/test/matpower_case3375wp_2017-11-15__lazy_commit_hints.log
matpower/case3375wp,LAZY_COMMIT_HINTS,matpower/case3375wp/2017-11-15,3064.0,case3375wp,3375,2017-11-15,TIME_LIMIT,True,3600.0,85.11111111111111,142210000.0,30080000.0,78.8,mip_progress,False,results/paper_m4pro_fullmodes_2026-04-29/logs/gurobi/test/matpower_case3375wp_2017-11-15__lazy_commit_hints.log
matpower/case3375wp,LAZY_COMMIT_HINTS,matpower/case3375wp/2017-11-15,3132.0,case3375wp,3375,2017-11-15,TIME_LIMIT,True,3600.0,87.0,142210000.0,30080000.0,78.8,mip_progress,False,results/paper_m4pro_fullmodes_2026-04-29/logs/gurobi/test/matpower_case3375wp_2017-11-15__lazy_commit_hints.log
matpower/case3375wp,LAZY_COMMIT_HINTS,matpower/case3375wp/2017-11-15,3180.0,case3375wp,3375,2017-11-15,TIME_LIMIT,True,3600.0,88.33333333333333,142210000.0,30080000.0,78.8,mip_progress,False,results/paper_m4pro_fullmodes_2026-04-29/logs/gurobi/test/matpower_case3375wp_2017-11-15__lazy_commit_hints.log
matpower/case3375wp,LAZY_COMMIT_HINTS,matpower/case3375wp/2017-11-15,3200.0,case3375wp,3375,2017-11-15,TIME_LIMIT,True,3600.0,88.88888888888889,142210000.0,30080000.0,78.8,mip_progress,False,results/paper_m4pro_fullmodes_2026-04-29/logs/gurobi/test/matpower_case3375wp_2017-11-15__lazy_commit_hints.log
matpower/case3375wp,LAZY_COMMIT_HINTS,matpower/case3375wp/2017-11-15,3247.0,case3375wp,3375,2017-11-15,TIME_LIMIT,True,3600.0,90.19444444444444,142210000.0,30080000.0,78.8,mip_progress,False,results/paper_m4pro_fullmodes_2026-04-29/logs/gurobi/test/matpower_case3375wp_2017-11-15__lazy_commit_hints.log
matpower/case3375wp,LAZY_COMMIT_HINTS,matpower/case3375wp/2017-11-15,3322.0,case3375wp,3375,2017-11-15,TIME_LIMIT,True,3600.0,92.27777777777777,141978900.0,30080000.0,78.8,mip_progress,True,results/paper_m4pro_fullmodes_2026-04-29/logs/gurobi/test/matpower_case3375wp_2017-11-15__lazy_commit_hints.log
matpower/case3375wp,LAZY_COMMIT_HINTS,matpower/case3375wp/2017-11-15,3338.0,case3375wp,3375,2017-11-15,TIME_LIMIT,True,3600.0,92.72222222222223,141980000.0,30080000.0,78.8,mip_progress,False,results/paper_m4pro_fullmodes_2026-04-29/logs/gurobi/test/matpower_case3375wp_2017-11-15__lazy_commit_hints.log
matpower/case3375wp,LAZY_COMMIT_HINTS,matpower/case3375wp/2017-11-15,3355.0,case3375wp,3375,2017-11-15,TIME_LIMIT,True,3600.0,93.19444444444444,141980000.0,30080000.0,78.8,mip_progress,False,results/paper_m4pro_fullmodes_2026-04-29/logs/gurobi/test/matpower_case3375wp_2017-11-15__lazy_commit_hints.log
matpower/case3375wp,LAZY_COMMIT_HINTS,matpower/case3375wp/2017-11-15,3367.0,case3375wp,3375,2017-11-15,TIME_LIMIT,True,3600.0,93.52777777777777,141980000.0,30080000.0,78.8,mip_progress,False,results/paper_m4pro_fullmodes_2026-04-29/logs/gurobi/test/matpower_case3375wp_2017-11-15__lazy_commit_hints.log
matpower/case3375wp,LAZY_COMMIT_HINTS,matpower/case3375wp/2017-11-15,3415.0,case3375wp,3375,2017-11-15,TIME_LIMIT,True,3600.0,94.86111111111111,141789700.0,30080000.0,78.8,mip_progress,True,results/paper_m4pro_fullmodes_2026-04-29/logs/gurobi/test/matpower_case3375wp_2017-11-15__lazy_commit_hints.log
matpower/case3375wp,LAZY_COMMIT_HINTS,matpower/case3375wp/2017-11-15,3427.0,case3375wp,3375,2017-11-15,TIME_LIMIT,True,3600.0,95.19444444444444,141790000.0,30080000.0,78.8,mip_progress,False,results/paper_m4pro_fullmodes_2026-04-29/logs/gurobi/test/matpower_case3375wp_2017-11-15__lazy_commit_hints.log
matpower/case3375wp,LAZY_COMMIT_HINTS,matpower/case3375wp/2017-11-15,3437.0,case3375wp,3375,2017-11-15,TIME_LIMIT,True,3600.0,95.47222222222223,141790000.0,30080000.0,78.8,mip_progress,False,results/paper_m4pro_fullmodes_2026-04-29/logs/gurobi/test/matpower_case3375wp_2017-11-15__lazy_commit_hints.log
matpower/case3375wp,LAZY_COMMIT_HINTS,matpower/case3375wp/2017-11-15,3457.0,case3375wp,3375,2017-11-15,TIME_LIMIT,True,3600.0,96.02777777777777,141790000.0,30080000.0,78.8,mip_progress,False,results/paper_m4pro_fullmodes_2026-04-29/logs/gurobi/test/matpower_case3375wp_2017-11-15__lazy_commit_hints.log
matpower/case3375wp,LAZY_COMMIT_HINTS,matpower/case3375wp/2017-11-15,3467.0,case3375wp,3375,2017-11-15,TIME_LIMIT,True,3600.0,96.30555555555556,141790000.0,30080000.0,78.8,mip_progress,False,results/paper_m4pro_fullmodes_2026-04-29/logs/gurobi/test/matpower_case3375wp_2017-11-15__lazy_commit_hints.log
matpower/case3375wp,LAZY_COMMIT_HINTS,matpower/case3375wp/2017-11-15,3477.0,case3375wp,3375,2017-11-15,TIME_LIMIT,True,3600.0,96.58333333333333,141790000.0,30080000.0,78.8,mip_progress,False,results/paper_m4pro_fullmodes_2026-04-29/logs/gurobi/test/matpower_case3375wp_2017-11-15__lazy_commit_hints.log
matpower/case3375wp,LAZY_COMMIT_HINTS,matpower/case3375wp/2017-11-15,3503.0,case3375wp,3375,2017-11-15,TIME_LIMIT,True,3600.0,97.30555555555556,141790000.0,30080000.0,78.8,mip_progress,False,results/paper_m4pro_fullmodes_2026-04-29/logs/gurobi/test/matpower_case3375wp_2017-11-15__lazy_commit_hints.log
matpower/case3375wp,LAZY_COMMIT_HINTS,matpower/case3375wp/2017-11-15,3513.0,case3375wp,3375,2017-11-15,TIME_LIMIT,True,3600.0,97.58333333333333,141790000.0,30080000.0,78.8,mip_progress,False,results/paper_m4pro_fullmodes_2026-04-29/logs/gurobi/test/matpower_case3375wp_2017-11-15__lazy_commit_hints.log
matpower/case3375wp,LAZY_COMMIT_HINTS,matpower/case3375wp/2017-11-15,3561.0,case3375wp,3375,2017-11-15,TIME_LIMIT,True,3600.0,98.91666666666667,141433600.0,30080000.0,78.7,mip_progress,True,results/paper_m4pro_fullmodes_2026-04-29/logs/gurobi/test/matpower_case3375wp_2017-11-15__lazy_commit_hints.log
matpower/case3375wp,LAZY_COMMIT_HINTS,matpower/case3375wp/2017-11-15,3574.0,case3375wp,3375,2017-11-15,TIME_LIMIT,True,3600.0,99.27777777777777,141430000.0,30080000.0,78.7,mip_progress,False,results/paper_m4pro_fullmodes_2026-04-29/logs/gurobi/test/matpower_case3375wp_2017-11-15__lazy_commit_hints.log
matpower/case3375wp,LAZY_COMMIT_HINTS,matpower/case3375wp/2017-11-15,3600.0,case3375wp,3375,2017-11-15,TIME_LIMIT,True,3600.0,100.0,141430000.0,30080000.0,78.7,mip_progress,False,results/paper_m4pro_fullmodes_2026-04-29/logs/gurobi/test/matpower_case3375wp_2017-11-15__lazy_commit_hints.log
matpower/case3375wp,LAZY_COMMIT_HINTS,matpower/case3375wp/2017-11-15,3612.709395,case3375wp,3375,2017-11-15,TIME_LIMIT,True,3600.0,100.35303875,,,78.7,result_final,False,results/paper_m4pro_fullmodes_2026-04-29/logs/gurobi/test/matpower_case3375wp_2017-11-15__lazy_commit_hints.log
matpower/case3375wp,LAZY_GNN_T080,matpower/case3375wp/2017-01-15,1663.0,case3375wp,3375,2017-01-15,TIME_LIMIT,True,3600.0,46.19444444444444,620656900.0,25069000.0,96.0,mip_progress,True,results/paper_m4pro_fullmodes_2026-04-29/logs/gurobi/test/matpower_case3375wp_2017-01-15__lazy_gnn_t080.log
matpower/case3375wp,LAZY_GNN_T080,matpower/case3375wp/2017-01-15,2025.0,case3375wp,3375,2017-01-15,TIME_LIMIT,True,3600.0,56.25,620660000.0,33791000.0,94.6,mip_progress,False,results/paper_m4pro_fullmodes_2026-04-29/logs/gurobi/test/matpower_case3375wp_2017-01-15__lazy_gnn_t080.log
matpower/case3375wp,LAZY_GNN_T080,matpower/case3375wp/2017-01-15,2080.0,case3375wp,3375,2017-01-15,TIME_LIMIT,True,3600.0,57.77777777777778,620660000.0,33794000.0,94.6,mip_progress,False,results/paper_m4pro_fullmodes_2026-04-29/logs/gurobi/test/matpower_case3375wp_2017-01-15__lazy_gnn_t080.log
matpower/case3375wp,LAZY_GNN_T080,matpower/case3375wp/2017-01-15,2141.0,case3375wp,3375,2017-01-15,TIME_LIMIT,True,3600.0,59.47222222222222,620660000.0,33924000.0,94.5,mip_progress,False,results/paper_m4pro_fullmodes_2026-04-29/logs/gurobi/test/matpower_case3375wp_2017-01-15__lazy_gnn_t080.log
matpower/case3375wp,LAZY_GNN_T080,matpower/case3375wp/2017-01-15,2144.0,case3375wp,3375,2017-01-15,TIME_LIMIT,True,3600.0,59.55555555555556,620660000.0,33925000.0,94.5,mip_progress,False,results/paper_m4pro_fullmodes_2026-04-29/logs/gurobi/test/matpower_case3375wp_2017-01-15__lazy_gnn_t080.log
matpower/case3375wp,LAZY_GNN_T080,matpower/case3375wp/2017-01-15,2230.0,case3375wp,3375,2017-01-15,TIME_LIMIT,True,3600.0,61.94444444444444,620660000.0,34271000.0,94.5,mip_progress,False,results/paper_m4pro_fullmodes_2026-04-29/logs/gurobi/test/matpower_case3375wp_2017-01-15__lazy_gnn_t080.log
matpower/case3375wp,LAZY_GNN_T080,matpower/case3375wp/2017-01-15,2311.0,case3375wp,3375,2017-01-15,TIME_LIMIT,True,3600.0,64.19444444444444,620660000.0,34271000.0,94.5,mip_progress,False,results/paper_m4pro_fullmodes_2026-04-29/logs/gurobi/test/matpower_case3375wp_2017-01-15__lazy_gnn_t080.log
matpower/case3375wp,LAZY_GNN_T080,matpower/case3375wp/2017-01-15,2415.0,case3375wp,3375,2017-01-15,TIME_LIMIT,True,3600.0,67.08333333333333,620660000.0,34271000.0,94.5,mip_progress,False,results/paper_m4pro_fullmodes_2026-04-29/logs/gurobi/test/matpower_case3375wp_2017-01-15__lazy_gnn_t080.log
matpower/case3375wp,LAZY_GNN_T080,matpower/case3375wp/2017-01-15,2518.0,case3375wp,3375,2017-01-15,TIME_LIMIT,True,3600.0,69.94444444444444,243001700.0,34271000.0,85.9,mip_progress,True,results/paper_m4pro_fullmodes_2026-04-29/logs/gurobi/test/matpower_case3375wp_2017-01-15__lazy_gnn_t080.log
matpower/case3375wp,LAZY_GNN_T080,matpower/case3375wp/2017-01-15,2597.0,case3375wp,3375,2017-01-15,TIME_LIMIT,True,3600.0,72.13888888888889,243000000.0,35420000.0,85.4,mip_progress,False,results/paper_m4pro_fullmodes_2026-04-29/logs/gurobi/test/matpower_case3375wp_2017-01-15__lazy_gnn_t080.log
matpower/case3375wp,LAZY_GNN_T080,matpower/case3375wp/2017-01-15,2599.0,case3375wp,3375,2017-01-15,TIME_LIMIT,True,3600.0,72.19444444444444,243000000.0,35420000.0,85.4,mip_progress,False,results/paper_m4pro_fullmodes_2026-04-29/logs/gurobi/test/matpower_case3375wp_2017-01-15__lazy_gnn_t080.log
matpower/case3375wp,LAZY_GNN_T080,matpower/case3375wp/2017-01-15,2649.0,case3375wp,3375,2017-01-15,TIME_LIMIT,True,3600.0,73.58333333333333,243000000.0,35449000.0,85.4,mip_progress,False,results/paper_m4pro_fullmodes_2026-04-29/logs/gurobi/test/matpower_case3375wp_2017-01-15__lazy_gnn_t080.log
matpower/case3375wp,LAZY_GNN_T080,matpower/case3375wp/2017-01-15,2668.0,case3375wp,3375,2017-01-15,TIME_LIMIT,True,3600.0,74.11111111111111,243000000.0,35450000.0,85.4,mip_progress,False,results/paper_m4pro_fullmodes_2026-04-29/logs/gurobi/test/matpower_case3375wp_2017-01-15__lazy_gnn_t080.log
matpower/case3375wp,LAZY_GNN_T080,matpower/case3375wp/2017-01-15,2699.0,case3375wp,3375,2017-01-15,TIME_LIMIT,True,3600.0,74.97222222222223,243000000.0,35488000.0,85.4,mip_progress,False,results/paper_m4pro_fullmodes_2026-04-29/logs/gurobi/test/matpower_case3375wp_2017-01-15__lazy_gnn_t080.log
matpower/case3375wp,LAZY_GNN_T080,matpower/case3375wp/2017-01-15,2702.0,case3375wp,3375,2017-01-15,TIME_LIMIT,True,3600.0,75.05555555555556,243000000.0,35489000.0,85.4,mip_progress,False,results/paper_m4pro_fullmodes_2026-04-29/logs/gurobi/test/matpower_case3375wp_2017-01-15__lazy_gnn_t080.log
matpower/case3375wp,LAZY_GNN_T080,matpower/case3375wp/2017-01-15,2825.0,case3375wp,3375,2017-01-15,TIME_LIMIT,True,3600.0,78.47222222222223,243000000.0,35489000.0,85.4,mip_progress,False,results/paper_m4pro_fullmodes_2026-04-29/logs/gurobi/test/matpower_case3375wp_2017-01-15__lazy_gnn_t080.log
matpower/case3375wp,LAZY_GNN_T080,matpower/case3375wp/2017-01-15,2969.0,case3375wp,3375,2017-01-15,TIME_LIMIT,True,3600.0,82.47222222222223,243000000.0,35667000.0,85.3,mip_progress,False,results/paper_m4pro_fullmodes_2026-04-29/logs/gurobi/test/matpower_case3375wp_2017-01-15__lazy_gnn_t080.log
matpower/case3375wp,LAZY_GNN_T080,matpower/case3375wp/2017-01-15,2985.0,case3375wp,3375,2017-01-15,TIME_LIMIT,True,3600.0,82.91666666666667,243000000.0,35668000.0,85.3,mip_progress,False,results/paper_m4pro_fullmodes_2026-04-29/logs/gurobi/test/matpower_case3375wp_2017-01-15__lazy_gnn_t080.log
matpower/case3375wp,LAZY_GNN_T080,matpower/case3375wp/2017-01-15,3030.0,case3375wp,3375,2017-01-15,TIME_LIMIT,True,3600.0,84.16666666666667,243000000.0,35704000.0,85.3,mip_progress,False,results/paper_m4pro_fullmodes_2026-04-29/logs/gurobi/test/matpower_case3375wp_2017-01-15__lazy_gnn_t080.log
matpower/case3375wp,LAZY_GNN_T080,matpower/case3375wp/2017-01-15,3119.0,case3375wp,3375,2017-01-15,TIME_LIMIT,True,3600.0,86.63888888888889,243000000.0,35704000.0,85.3,mip_progress,False,results/paper_m4pro_fullmodes_2026-04-29/logs/gurobi/test/matpower_case3375wp_2017-01-15__lazy_gnn_t080.log
matpower/case3375wp,LAZY_GNN_T080,matpower/case3375wp/2017-01-15,3235.0,case3375wp,3375,2017-01-15,TIME_LIMIT,True,3600.0,89.86111111111111,243000000.0,35716000.0,85.3,mip_progress,False,results/paper_m4pro_fullmodes_2026-04-29/logs/gurobi/test/matpower_case3375wp_2017-01-15__lazy_gnn_t080.log
matpower/case3375wp,LAZY_GNN_T080,matpower/case3375wp/2017-01-15,3316.0,case3375wp,3375,2017-01-15,TIME_LIMIT,True,3600.0,92.11111111111111,243000000.0,35716000.0,85.3,mip_progress,False,results/paper_m4pro_fullmodes_2026-04-29/logs/gurobi/test/matpower_case3375wp_2017-01-15__lazy_gnn_t080.log
matpower/case3375wp,LAZY_GNN_T080,matpower/case3375wp/2017-01-15,3458.0,case3375wp,3375,2017-01-15,TIME_LIMIT,True,3600.0,96.05555555555556,243000000.0,35773000.0,85.3,mip_progress,False,results/paper_m4pro_fullmodes_2026-04-29/logs/gurobi/test/matpower_case3375wp_2017-01-15__lazy_gnn_t080.log
matpower/case3375wp,LAZY_GNN_T080,matpower/case3375wp/2017-01-15,3600.0,case3375wp,3375,2017-01-15,TIME_LIMIT,True,3600.0,100.0,243000000.0,35774000.0,85.3,mip_progress,False,results/paper_m4pro_fullmodes_2026-04-29/logs/gurobi/test/matpower_case3375wp_2017-01-15__lazy_gnn_t080.log
matpower/case3375wp,LAZY_GNN_T080,matpower/case3375wp/2017-01-15,3665.392053,case3375wp,3375,2017-01-15,TIME_LIMIT,True,3600.0,101.81644591666668,,,85.278473,result_final,False,results/paper_m4pro_fullmodes_2026-04-29/logs/gurobi/test/matpower_case3375wp_2017-01-15__lazy_gnn_t080.log
matpower/case3375wp,LAZY_GNN_T080,matpower/case3375wp/2017-03-15,1587.0,case3375wp,3375,2017-03-15,TIME_LIMIT,True,3600.0,44.083333333333336,449221400.0,27145000.0,94.0,mip_progress,True,results/paper_m4pro_fullmodes_2026-04-29/logs/gurobi/test/matpower_case3375wp_2017-03-15__lazy_gnn_t080.log
matpower/case3375wp,LAZY_GNN_T080,matpower/case3375wp/2017-03-15,2043.0,case3375wp,3375,2017-03-15,TIME_LIMIT,True,3600.0,56.75,449220000.0,36630000.0,91.8,mip_progress,False,results/paper_m4pro_fullmodes_2026-04-29/logs/gurobi/test/matpower_case3375wp_2017-03-15__lazy_gnn_t080.log
matpower/case3375wp,LAZY_GNN_T080,matpower/case3375wp/2017-03-15,2135.0,case3375wp,3375,2017-03-15,TIME_LIMIT,True,3600.0,59.30555555555556,449220000.0,36667000.0,91.8,mip_progress,False,results/paper_m4pro_fullmodes_2026-04-29/logs/gurobi/test/matpower_case3375wp_2017-03-15__lazy_gnn_t080.log
matpower/case3375wp,LAZY_GNN_T080,matpower/case3375wp/2017-03-15,2232.0,case3375wp,3375,2017-03-15,TIME_LIMIT,True,3600.0,62.0,449220000.0,36667000.0,91.8,mip_progress,False,results/paper_m4pro_fullmodes_2026-04-29/logs/gurobi/test/matpower_case3375wp_2017-03-15__lazy_gnn_t080.log
matpower/case3375wp,LAZY_GNN_T080,matpower/case3375wp/2017-03-15,2340.0,case3375wp,3375,2017-03-15,TIME_LIMIT,True,3600.0,65.0,449220000.0,36667000.0,91.8,mip_progress,False,results/paper_m4pro_fullmodes_2026-04-29/logs/gurobi/test/matpower_case3375wp_2017-03-15__lazy_gnn_t080.log
matpower/case3375wp,LAZY_GNN_T080,matpower/case3375wp/2017-03-15,2440.0,case3375wp,3375,2017-03-15,TIME_LIMIT,True,3600.0,67.77777777777777,324847300.0,36667000.0,88.7,mip_progress,True,results/paper_m4pro_fullmodes_2026-04-29/logs/gurobi/test/matpower_case3375wp_2017-03-15__lazy_gnn_t080.log
matpower/case3375wp,LAZY_GNN_T080,matpower/case3375wp/2017-03-15,2525.0,case3375wp,3375,2017-03-15,TIME_LIMIT,True,3600.0,70.13888888888889,324850000.0,38171000.0,88.2,mip_progress,False,results/paper_m4pro_fullmodes_2026-04-29/logs/gurobi/test/matpower_case3375wp_2017-03-15__lazy_gnn_t080.log
matpower/case3375wp,LAZY_GNN_T080,matpower/case3375wp/2017-03-15,2540.0,case3375wp,3375,2017-03-15,TIME_LIMIT,True,3600.0,70.55555555555556,324850000.0,38175000.0,88.2,mip_progress,False,results/paper_m4pro_fullmodes_2026-04-29/logs/gurobi/test/matpower_case3375wp_2017-03-15__lazy_gnn_t080.log
matpower/case3375wp,LAZY_GNN_T080,matpower/case3375wp/2017-03-15,2598.0,case3375wp,3375,2017-03-15,TIME_LIMIT,True,3600.0,72.16666666666667,324850000.0,38328000.0,88.2,mip_progress,False,results/paper_m4pro_fullmodes_2026-04-29/logs/gurobi/test/matpower_case3375wp_2017-03-15__lazy_gnn_t080.log
matpower/case3375wp,LAZY_GNN_T080,matpower/case3375wp/2017-03-15,2601.0,case3375wp,3375,2017-03-15,TIME_LIMIT,True,3600.0,72.25,324850000.0,38331000.0,88.2,mip_progress,False,results/paper_m4pro_fullmodes_2026-04-29/logs/gurobi/test/matpower_case3375wp_2017-03-15__lazy_gnn_t080.log
matpower/case3375wp,LAZY_GNN_T080,matpower/case3375wp/2017-03-15,2653.0,case3375wp,3375,2017-03-15,TIME_LIMIT,True,3600.0,73.69444444444444,324850000.0,38553000.0,88.1,mip_progress,False,results/paper_m4pro_fullmodes_2026-04-29/logs/gurobi/test/matpower_case3375wp_2017-03-15__lazy_gnn_t080.log
matpower/case3375wp,LAZY_GNN_T080,matpower/case3375wp/2017-03-15,2654.0,case3375wp,3375,2017-03-15,TIME_LIMIT,True,3600.0,73.72222222222223,324850000.0,38553000.0,88.1,mip_progress,False,results/paper_m4pro_fullmodes_2026-04-29/logs/gurobi/test/matpower_case3375wp_2017-03-15__lazy_gnn_t080.log
matpower/case3375wp,LAZY_GNN_T080,matpower/case3375wp/2017-03-15,2666.0,case3375wp,3375,2017-03-15,TIME_LIMIT,True,3600.0,74.05555555555556,324850000.0,38554000.0,88.1,mip_progress,False,results/paper_m4pro_fullmodes_2026-04-29/logs/gurobi/test/matpower_case3375wp_2017-03-15__lazy_gnn_t080.log
matpower/case3375wp,LAZY_GNN_T080,matpower/case3375wp/2017-03-15,2670.0,case3375wp,3375,2017-03-15,TIME_LIMIT,True,3600.0,74.16666666666667,324850000.0,38554000.0,88.1,mip_progress,False,results/paper_m4pro_fullmodes_2026-04-29/logs/gurobi/test/matpower_case3375wp_2017-03-15__lazy_gnn_t080.log
matpower/case3375wp,LAZY_GNN_T080,matpower/case3375wp/2017-03-15,2758.0,case3375wp,3375,2017-03-15,TIME_LIMIT,True,3600.0,76.61111111111111,324850000.0,38555000.0,88.1,mip_progress,False,results/paper_m4pro_fullmodes_2026-04-29/logs/gurobi/test/matpower_case3375wp_2017-03-15__lazy_gnn_t080.log
matpower/case3375wp,LAZY_GNN_T080,matpower/case3375wp/2017-03-15,2854.0,case3375wp,3375,2017-03-15,TIME_LIMIT,True,3600.0,79.27777777777777,324850000.0,38555000.0,88.1,mip_progress,False,results/paper_m4pro_fullmodes_2026-04-29/logs/gurobi/test/matpower_case3375wp_2017-03-15__lazy_gnn_t080.log
matpower/case3375wp,LAZY_GNN_T080,matpower/case3375wp/2017-03-15,2971.0,case3375wp,3375,2017-03-15,TIME_LIMIT,True,3600.0,82.52777777777777,324850000.0,38555000.0,88.1,mip_progress,False,results/paper_m4pro_fullmodes_2026-04-29/logs/gurobi/test/matpower_case3375wp_2017-03-15__lazy_gnn_t080.log
matpower/case3375wp,LAZY_GNN_T080,matpower/case3375wp/2017-03-15,3069.0,case3375wp,3375,2017-03-15,TIME_LIMIT,True,3600.0,85.25,281761700.0,38555000.0,86.3,mip_progress,True,results/paper_m4pro_fullmodes_2026-04-29/logs/gurobi/test/matpower_case3375wp_2017-03-15__lazy_gnn_t080.log
matpower/case3375wp,LAZY_GNN_T080,matpower/case3375wp/2017-03-15,3116.0,case3375wp,3375,2017-03-15,TIME_LIMIT,True,3600.0,86.55555555555556,281761700.0,38555000.0,86.3,mip_progress,True,results/paper_m4pro_fullmodes_2026-04-29/logs/gurobi/test/matpower_case3375wp_2017-03-15__lazy_gnn_t080.log
matpower/case3375wp,LAZY_GNN_T080,matpower/case3375wp/2017-03-15,3189.0,case3375wp,3375,2017-03-15,TIME_LIMIT,True,3600.0,88.58333333333333,281760000.0,38709000.0,86.3,mip_progress,False,results/paper_m4pro_fullmodes_2026-04-29/logs/gurobi/test/matpower_case3375wp_2017-03-15__lazy_gnn_t080.log
matpower/case3375wp,LAZY_GNN_T080,matpower/case3375wp/2017-03-15,3207.0,case3375wp,3375,2017-03-15,TIME_LIMIT,True,3600.0,89.08333333333333,281760000.0,38709000.0,86.3,mip_progress,False,results/paper_m4pro_fullmodes_2026-04-29/logs/gurobi/test/matpower_case3375wp_2017-03-15__lazy_gnn_t080.log
matpower/case3375wp,LAZY_GNN_T080,matpower/case3375wp/2017-03-15,3226.0,case3375wp,3375,2017-03-15,TIME_LIMIT,True,3600.0,89.61111111111111,281760000.0,38716000.0,86.3,mip_progress,False,results/paper_m4pro_fullmodes_2026-04-29/logs/gurobi/test/matpower_case3375wp_2017-03-15__lazy_gnn_t080.log
matpower/case3375wp,LAZY_GNN_T080,matpower/case3375wp/2017-03-15,3251.0,case3375wp,3375,2017-03-15,TIME_LIMIT,True,3600.0,90.30555555555556,281760000.0,38716000.0,86.3,mip_progress,False,results/paper_m4pro_fullmodes_2026-04-29/logs/gurobi/test/matpower_case3375wp_2017-03-15__lazy_gnn_t080.log
matpower/case3375wp,LAZY_GNN_T080,matpower/case3375wp/2017-03-15,3275.0,case3375wp,3375,2017-03-15,TIME_LIMIT,True,3600.0,90.97222222222223,281760000.0,38722000.0,86.3,mip_progress,False,results/paper_m4pro_fullmodes_2026-04-29/logs/gurobi/test/matpower_case3375wp_2017-03-15__lazy_gnn_t080.log
matpower/case3375wp,LAZY_GNN_T080,matpower/case3375wp/2017-03-15,3306.0,case3375wp,3375,2017-03-15,TIME_LIMIT,True,3600.0,91.83333333333333,281760000.0,38722000.0,86.3,mip_progress,False,results/paper_m4pro_fullmodes_2026-04-29/logs/gurobi/test/matpower_case3375wp_2017-03-15__lazy_gnn_t080.log
matpower/case3375wp,LAZY_GNN_T080,matpower/case3375wp/2017-03-15,3347.0,case3375wp,3375,2017-03-15,TIME_LIMIT,True,3600.0,92.97222222222223,281760000.0,38729000.0,86.3,mip_progress,False,results/paper_m4pro_fullmodes_2026-04-29/logs/gurobi/test/matpower_case3375wp_2017-03-15__lazy_gnn_t080.log
matpower/case3375wp,LAZY_GNN_T080,matpower/case3375wp/2017-03-15,3392.0,case3375wp,3375,2017-03-15,TIME_LIMIT,True,3600.0,94.22222222222223,281760000.0,38731000.0,86.3,mip_progress,False,results/paper_m4pro_fullmodes_2026-04-29/logs/gurobi/test/matpower_case3375wp_2017-03-15__lazy_gnn_t080.log
matpower/case3375wp,LAZY_GNN_T080,matpower/case3375wp/2017-03-15,3444.0,case3375wp,3375,2017-03-15,TIME_LIMIT,True,3600.0,95.66666666666667,281760000.0,38731000.0,86.3,mip_progress,False,results/paper_m4pro_fullmodes_2026-04-29/logs/gurobi/test/matpower_case3375wp_2017-03-15__lazy_gnn_t080.log
matpower/case3375wp,LAZY_GNN_T080,matpower/case3375wp/2017-03-15,3499.0,case3375wp,3375,2017-03-15,TIME_LIMIT,True,3600.0,97.19444444444444,281760000.0,38731000.0,86.3,mip_progress,False,results/paper_m4pro_fullmodes_2026-04-29/logs/gurobi/test/matpower_case3375wp_2017-03-15__lazy_gnn_t080.log
matpower/case3375wp,LAZY_GNN_T080,matpower/case3375wp/2017-03-15,3555.0,case3375wp,3375,2017-03-15,TIME_LIMIT,True,3600.0,98.75,281760000.0,38731000.0,86.3,mip_progress,False,results/paper_m4pro_fullmodes_2026-04-29/logs/gurobi/test/matpower_case3375wp_2017-03-15__lazy_gnn_t080.log
matpower/case3375wp,LAZY_GNN_T080,matpower/case3375wp/2017-03-15,3600.0,case3375wp,3375,2017-03-15,TIME_LIMIT,True,3600.0,100.0,281760000.0,38731000.0,86.3,mip_progress,False,results/paper_m4pro_fullmodes_2026-04-29/logs/gurobi/test/matpower_case3375wp_2017-03-15__lazy_gnn_t080.log
matpower/case3375wp,LAZY_GNN_T080,matpower/case3375wp/2017-03-15,3618.467167,case3375wp,3375,2017-03-15,TIME_LIMIT,True,3600.0,100.51297686111111,,,86.254041,result_final,False,results/paper_m4pro_fullmodes_2026-04-29/logs/gurobi/test/matpower_case3375wp_2017-03-15__lazy_gnn_t080.log
matpower/case3375wp,LAZY_GNN_T080,matpower/case3375wp/2017-07-15,1684.0,case3375wp,3375,2017-07-15,TIME_LIMIT,True,3600.0,46.77777777777778,513442700.0,25373000.0,95.1,mip_progress,True,results/paper_m4pro_fullmodes_2026-04-29/logs/gurobi/test/matpower_case3375wp_2017-07-15__lazy_gnn_t080.log
matpower/case3375wp,LAZY_GNN_T080,matpower/case3375wp/2017-07-15,2107.0,case3375wp,3375,2017-07-15,TIME_LIMIT,True,3600.0,58.52777777777778,513440000.0,33956000.0,93.4,mip_progress,False,results/paper_m4pro_fullmodes_2026-04-29/logs/gurobi/test/matpower_case3375wp_2017-07-15__lazy_gnn_t080.log
matpower/case3375wp,LAZY_GNN_T080,matpower/case3375wp/2017-07-15,2227.0,case3375wp,3375,2017-07-15,TIME_LIMIT,True,3600.0,61.861111111111114,513440000.0,33956000.0,93.4,mip_progress,False,results/paper_m4pro_fullmodes_2026-04-29/logs/gurobi/test/matpower_case3375wp_2017-07-15__lazy_gnn_t080.log
matpower/case3375wp,LAZY_GNN_T080,matpower/case3375wp/2017-07-15,2345.0,case3375wp,3375,2017-07-15,TIME_LIMIT,True,3600.0,65.13888888888889,513440000.0,33956000.0,93.4,mip_progress,False,results/paper_m4pro_fullmodes_2026-04-29/logs/gurobi/test/matpower_case3375wp_2017-07-15__lazy_gnn_t080.log
matpower/case3375wp,LAZY_GNN_T080,matpower/case3375wp/2017-07-15,2464.0,case3375wp,3375,2017-07-15,TIME_LIMIT,True,3600.0,68.44444444444444,513440000.0,33956000.0,93.4,mip_progress,False,results/paper_m4pro_fullmodes_2026-04-29/logs/gurobi/test/matpower_case3375wp_2017-07-15__lazy_gnn_t080.log
matpower/case3375wp,LAZY_GNN_T080,matpower/case3375wp/2017-07-15,2584.0,case3375wp,3375,2017-07-15,TIME_LIMIT,True,3600.0,71.77777777777777,376244900.0,33956000.0,91.0,mip_progress,True,results/paper_m4pro_fullmodes_2026-04-29/logs/gurobi/test/matpower_case3375wp_2017-07-15__lazy_gnn_t080.log
matpower/case3375wp,LAZY_GNN_T080,matpower/case3375wp/2017-07-15,2632.0,case3375wp,3375,2017-07-15,TIME_LIMIT,True,3600.0,73.11111111111111,376233500.0,33956000.0,91.0,mip_progress,True,results/paper_m4pro_fullmodes_2026-04-29/logs/gurobi/test/matpower_case3375wp_2017-07-15__lazy_gnn_t080.log
matpower/case3375wp,LAZY_GNN_T080,matpower/case3375wp/2017-07-15,2749.0,case3375wp,3375,2017-07-15,TIME_LIMIT,True,3600.0,76.36111111111111,376230000.0,34805000.0,90.7,mip_progress,False,results/paper_m4pro_fullmodes_2026-04-29/logs/gurobi/test/matpower_case3375wp_2017-07-15__lazy_gnn_t080.log
matpower/case3375wp,LAZY_GNN_T080,matpower/case3375wp/2017-07-15,2759.0,case3375wp,3375,2017-07-15,TIME_LIMIT,True,3600.0,76.63888888888889,376230000.0,34808000.0,90.7,mip_progress,False,results/paper_m4pro_fullmodes_2026-04-29/logs/gurobi/test/matpower_case3375wp_2017-07-15__lazy_gnn_t080.log
matpower/case3375wp,LAZY_GNN_T080,matpower/case3375wp/2017-07-15,2838.0,case3375wp,3375,2017-07-15,TIME_LIMIT,True,3600.0,78.83333333333333,376230000.0,35036000.0,90.7,mip_progress,False,results/paper_m4pro_fullmodes_2026-04-29/logs/gurobi/test/matpower_case3375wp_2017-07-15__lazy_gnn_t080.log
matpower/case3375wp,LAZY_GNN_T080,matpower/case3375wp/2017-07-15,2842.0,case3375wp,3375,2017-07-15,TIME_LIMIT,True,3600.0,78.94444444444444,376230000.0,35037000.0,90.7,mip_progress,False,results/paper_m4pro_fullmodes_2026-04-29/logs/gurobi/test/matpower_case3375wp_2017-07-15__lazy_gnn_t080.log
matpower/case3375wp,LAZY_GNN_T080,matpower/case3375wp/2017-07-15,2912.0,case3375wp,3375,2017-07-15,TIME_LIMIT,True,3600.0,80.88888888888889,376230000.0,35190000.0,90.6,mip_progress,False,results/paper_m4pro_fullmodes_2026-04-29/logs/gurobi/test/matpower_case3375wp_2017-07-15__lazy_gnn_t080.log
matpower/case3375wp,LAZY_GNN_T080,matpower/case3375wp/2017-07-15,2916.0,case3375wp,3375,2017-07-15,TIME_LIMIT,True,3600.0,81.0,376230000.0,35190000.0,90.6,mip_progress,False,results/paper_m4pro_fullmodes_2026-04-29/logs/gurobi/test/matpower_case3375wp_2017-07-15__lazy_gnn_t080.log
matpower/case3375wp,LAZY_GNN_T080,matpower/case3375wp/2017-07-15,3029.0,case3375wp,3375,2017-07-15,TIME_LIMIT,True,3600.0,84.13888888888889,376230000.0,35191000.0,90.6,mip_progress,False,results/paper_m4pro_fullmodes_2026-04-29/logs/gurobi/test/matpower_case3375wp_2017-07-15__lazy_gnn_t080.log
matpower/case3375wp,LAZY_GNN_T080,matpower/case3375wp/2017-07-15,3179.0,case3375wp,3375,2017-07-15,TIME_LIMIT,True,3600.0,88.30555555555556,376230000.0,35191000.0,90.6,mip_progress,False,results/paper_m4pro_fullmodes_2026-04-29/logs/gurobi/test/matpower_case3375wp_2017-07-15__lazy_gnn_t080.log
matpower/case3375wp,LAZY_GNN_T080,matpower/case3375wp/2017-07-15,3349.0,case3375wp,3375,2017-07-15,TIME_LIMIT,True,3600.0,93.02777777777777,376230000.0,35272000.0,90.6,mip_progress,False,results/paper_m4pro_fullmodes_2026-04-29/logs/gurobi/test/matpower_case3375wp_2017-07-15__lazy_gnn_t080.log
matpower/case3375wp,LAZY_GNN_T080,matpower/case3375wp/2017-07-15,3362.0,case3375wp,3375,2017-07-15,TIME_LIMIT,True,3600.0,93.38888888888889,376230000.0,35272000.0,90.6,mip_progress,False,results/paper_m4pro_fullmodes_2026-04-29/logs/gurobi/test/matpower_case3375wp_2017-07-15__lazy_gnn_t080.log
matpower/case3375wp,LAZY_GNN_T080,matpower/case3375wp/2017-07-15,3377.0,case3375wp,3375,2017-07-15,TIME_LIMIT,True,3600.0,93.80555555555556,376230000.0,35276000.0,90.6,mip_progress,False,results/paper_m4pro_fullmodes_2026-04-29/logs/gurobi/test/matpower_case3375wp_2017-07-15__lazy_gnn_t080.log
matpower/case3375wp,LAZY_GNN_T080,matpower/case3375wp/2017-07-15,3408.0,case3375wp,3375,2017-07-15,TIME_LIMIT,True,3600.0,94.66666666666667,376230000.0,35276000.0,90.6,mip_progress,False,results/paper_m4pro_fullmodes_2026-04-29/logs/gurobi/test/matpower_case3375wp_2017-07-15__lazy_gnn_t080.log
matpower/case3375wp,LAZY_GNN_T080,matpower/case3375wp/2017-07-15,3504.0,case3375wp,3375,2017-07-15,TIME_LIMIT,True,3600.0,97.33333333333333,376230000.0,35276000.0,90.6,mip_progress,False,results/paper_m4pro_fullmodes_2026-04-29/logs/gurobi/test/matpower_case3375wp_2017-07-15__lazy_gnn_t080.log
matpower/case3375wp,LAZY_GNN_T080,matpower/case3375wp/2017-07-15,3595.0,case3375wp,3375,2017-07-15,TIME_LIMIT,True,3600.0,99.86111111111111,376230000.0,35276000.0,90.6,mip_progress,False,results/paper_m4pro_fullmodes_2026-04-29/logs/gurobi/test/matpower_case3375wp_2017-07-15__lazy_gnn_t080.log
matpower/case3375wp,LAZY_GNN_T080,matpower/case3375wp/2017-07-15,3628.068019,case3375wp,3375,2017-07-15,TIME_LIMIT,True,3600.0,100.77966719444443,,,90.6,result_final,False,results/paper_m4pro_fullmodes_2026-04-29/logs/gurobi/test/matpower_case3375wp_2017-07-15__lazy_gnn_t080.log
matpower/case3375wp,WARM_LAZY_GRU,matpower/case3375wp/2017-01-15,1566.0,case3375wp,3375,2017-01-15,TIME_LIMIT,True,3600.0,43.5,238050000.0,25069000.0,89.5,mip_progress,True,results/paper_m4pro_fullmodes_2026-04-29/logs/gurobi/test/matpower_case3375wp_2017-01-15__warm_lazy_gru.log
matpower/case3375wp,WARM_LAZY_GRU,matpower/case3375wp/2017-01-15,1596.0,case3375wp,3375,2017-01-15,TIME_LIMIT,True,3600.0,44.333333333333336,238050000.0,30796000.0,87.1,mip_progress,False,results/paper_m4pro_fullmodes_2026-04-29/logs/gurobi/test/matpower_case3375wp_2017-01-15__warm_lazy_gru.log
matpower/case3375wp,WARM_LAZY_GRU,matpower/case3375wp/2017-01-15,1642.0,case3375wp,3375,2017-01-15,TIME_LIMIT,True,3600.0,45.611111111111114,238049300.0,30796000.0,87.1,mip_progress,True,results/paper_m4pro_fullmodes_2026-04-29/logs/gurobi/test/matpower_case3375wp_2017-01-15__warm_lazy_gru.log
matpower/case3375wp,WARM_LAZY_GRU,matpower/case3375wp/2017-01-15,1854.0,case3375wp,3375,2017-01-15,TIME_LIMIT,True,3600.0,51.5,238050000.0,34683000.0,85.4,mip_progress,False,results/paper_m4pro_fullmodes_2026-04-29/logs/gurobi/test/matpower_case3375wp_2017-01-15__warm_lazy_gru.log
matpower/case3375wp,WARM_LAZY_GRU,matpower/case3375wp/2017-01-15,1939.0,case3375wp,3375,2017-01-15,TIME_LIMIT,True,3600.0,53.861111111111114,238050000.0,34683000.0,85.4,mip_progress,False,results/paper_m4pro_fullmodes_2026-04-29/logs/gurobi/test/matpower_case3375wp_2017-01-15__warm_lazy_gru.log
matpower/case3375wp,WARM_LAZY_GRU,matpower/case3375wp/2017-01-15,2024.0,case3375wp,3375,2017-01-15,TIME_LIMIT,True,3600.0,56.22222222222222,238050000.0,35177000.0,85.2,mip_progress,False,results/paper_m4pro_fullmodes_2026-04-29/logs/gurobi/test/matpower_case3375wp_2017-01-15__warm_lazy_gru.log
matpower/case3375wp,WARM_LAZY_GRU,matpower/case3375wp/2017-01-15,2025.0,case3375wp,3375,2017-01-15,TIME_LIMIT,True,3600.0,56.25,238050000.0,35177000.0,85.2,mip_progress,False,results/paper_m4pro_fullmodes_2026-04-29/logs/gurobi/test/matpower_case3375wp_2017-01-15__warm_lazy_gru.log
matpower/case3375wp,WARM_LAZY_GRU,matpower/case3375wp/2017-01-15,2079.0,case3375wp,3375,2017-01-15,TIME_LIMIT,True,3600.0,57.75,238050000.0,35313000.0,85.2,mip_progress,False,results/paper_m4pro_fullmodes_2026-04-29/logs/gurobi/test/matpower_case3375wp_2017-01-15__warm_lazy_gru.log
matpower/case3375wp,WARM_LAZY_GRU,matpower/case3375wp/2017-01-15,2085.0,case3375wp,3375,2017-01-15,TIME_LIMIT,True,3600.0,57.916666666666664,238050000.0,35314000.0,85.2,mip_progress,False,results/paper_m4pro_fullmodes_2026-04-29/logs/gurobi/test/matpower_case3375wp_2017-01-15__warm_lazy_gru.log
matpower/case3375wp,WARM_LAZY_GRU,matpower/case3375wp/2017-01-15,2140.0,case3375wp,3375,2017-01-15,TIME_LIMIT,True,3600.0,59.44444444444444,238050000.0,35560000.0,85.1,mip_progress,False,results/paper_m4pro_fullmodes_2026-04-29/logs/gurobi/test/matpower_case3375wp_2017-01-15__warm_lazy_gru.log
matpower/case3375wp,WARM_LAZY_GRU,matpower/case3375wp/2017-01-15,2218.0,case3375wp,3375,2017-01-15,TIME_LIMIT,True,3600.0,61.611111111111114,238050000.0,35560000.0,85.1,mip_progress,False,results/paper_m4pro_fullmodes_2026-04-29/logs/gurobi/test/matpower_case3375wp_2017-01-15__warm_lazy_gru.log
matpower/case3375wp,WARM_LAZY_GRU,matpower/case3375wp/2017-01-15,2301.0,case3375wp,3375,2017-01-15,TIME_LIMIT,True,3600.0,63.916666666666664,238050000.0,35560000.0,85.1,mip_progress,False,results/paper_m4pro_fullmodes_2026-04-29/logs/gurobi/test/matpower_case3375wp_2017-01-15__warm_lazy_gru.log
matpower/case3375wp,WARM_LAZY_GRU,matpower/case3375wp/2017-01-15,2391.0,case3375wp,3375,2017-01-15,TIME_LIMIT,True,3600.0,66.41666666666667,143475200.0,35560000.0,75.2,mip_progress,True,results/paper_m4pro_fullmodes_2026-04-29/logs/gurobi/test/matpower_case3375wp_2017-01-15__warm_lazy_gru.log
matpower/case3375wp,WARM_LAZY_GRU,matpower/case3375wp/2017-01-15,2436.0,case3375wp,3375,2017-01-15,TIME_LIMIT,True,3600.0,67.66666666666667,143474500.0,35560000.0,75.2,mip_progress,True,results/paper_m4pro_fullmodes_2026-04-29/logs/gurobi/test/matpower_case3375wp_2017-01-15__warm_lazy_gru.log
matpower/case3375wp,WARM_LAZY_GRU,matpower/case3375wp/2017-01-15,2450.0,case3375wp,3375,2017-01-15,TIME_LIMIT,True,3600.0,68.05555555555556,143470000.0,35566000.0,75.2,mip_progress,False,results/paper_m4pro_fullmodes_2026-04-29/logs/gurobi/test/matpower_case3375wp_2017-01-15__warm_lazy_gru.log
matpower/case3375wp,WARM_LAZY_GRU,matpower/case3375wp/2017-01-15,2451.0,case3375wp,3375,2017-01-15,TIME_LIMIT,True,3600.0,68.08333333333333,143470000.0,35566000.0,75.2,mip_progress,False,results/paper_m4pro_fullmodes_2026-04-29/logs/gurobi/test/matpower_case3375wp_2017-01-15__warm_lazy_gru.log
matpower/case3375wp,WARM_LAZY_GRU,matpower/case3375wp/2017-01-15,2467.0,case3375wp,3375,2017-01-15,TIME_LIMIT,True,3600.0,68.52777777777777,143470000.0,35567000.0,75.2,mip_progress,False,results/paper_m4pro_fullmodes_2026-04-29/logs/gurobi/test/matpower_case3375wp_2017-01-15__warm_lazy_gru.log
matpower/case3375wp,WARM_LAZY_GRU,matpower/case3375wp/2017-01-15,2471.0,case3375wp,3375,2017-01-15,TIME_LIMIT,True,3600.0,68.63888888888889,143470000.0,35567000.0,75.2,mip_progress,False,results/paper_m4pro_fullmodes_2026-04-29/logs/gurobi/test/matpower_case3375wp_2017-01-15__warm_lazy_gru.log
matpower/case3375wp,WARM_LAZY_GRU,matpower/case3375wp/2017-01-15,2535.0,case3375wp,3375,2017-01-15,TIME_LIMIT,True,3600.0,70.41666666666667,143470000.0,35567000.0,75.2,mip_progress,False,results/paper_m4pro_fullmodes_2026-04-29/logs/gurobi/test/matpower_case3375wp_2017-01-15__warm_lazy_gru.log
matpower/case3375wp,WARM_LAZY_GRU,matpower/case3375wp/2017-01-15,2545.0,case3375wp,3375,2017-01-15,TIME_LIMIT,True,3600.0,70.69444444444444,143470000.0,35575000.0,75.2,mip_progress,False,results/paper_m4pro_fullmodes_2026-04-29/logs/gurobi/test/matpower_case3375wp_2017-01-15__warm_lazy_gru.log
matpower/case3375wp,WARM_LAZY_GRU,matpower/case3375wp/2017-01-15,2570.0,case3375wp,3375,2017-01-15,TIME_LIMIT,True,3600.0,71.38888888888889,143470000.0,35575000.0,75.2,mip_progress,False,results/paper_m4pro_fullmodes_2026-04-29/logs/gurobi/test/matpower_case3375wp_2017-01-15__warm_lazy_gru.log
matpower/case3375wp,WARM_LAZY_GRU,matpower/case3375wp/2017-01-15,2586.0,case3375wp,3375,2017-01-15,TIME_LIMIT,True,3600.0,71.83333333333333,143470000.0,35584000.0,75.2,mip_progress,False,results/paper_m4pro_fullmodes_2026-04-29/logs/gurobi/test/matpower_case3375wp_2017-01-15__warm_lazy_gru.log
matpower/case3375wp,WARM_LAZY_GRU,matpower/case3375wp/2017-01-15,2608.0,case3375wp,3375,2017-01-15,TIME_LIMIT,True,3600.0,72.44444444444444,143470000.0,35604000.0,75.2,mip_progress,False,results/paper_m4pro_fullmodes_2026-04-29/logs/gurobi/test/matpower_case3375wp_2017-01-15__warm_lazy_gru.log
matpower/case3375wp,WARM_LAZY_GRU,matpower/case3375wp/2017-01-15,2650.0,case3375wp,3375,2017-01-15,TIME_LIMIT,True,3600.0,73.61111111111111,143470000.0,35606000.0,75.2,mip_progress,False,results/paper_m4pro_fullmodes_2026-04-29/logs/gurobi/test/matpower_case3375wp_2017-01-15__warm_lazy_gru.log
matpower/case3375wp,WARM_LAZY_GRU,matpower/case3375wp/2017-01-15,2683.0,case3375wp,3375,2017-01-15,TIME_LIMIT,True,3600.0,74.52777777777777,143470000.0,35606000.0,75.2,mip_progress,False,results/paper_m4pro_fullmodes_2026-04-29/logs/gurobi/test/matpower_case3375wp_2017-01-15__warm_lazy_gru.log
matpower/case3375wp,WARM_LAZY_GRU,matpower/case3375wp/2017-01-15,2714.0,case3375wp,3375,2017-01-15,TIME_LIMIT,True,3600.0,75.38888888888889,143470000.0,35606000.0,75.2,mip_progress,False,results/paper_m4pro_fullmodes_2026-04-29/logs/gurobi/test/matpower_case3375wp_2017-01-15__warm_lazy_gru.log
matpower/case3375wp,WARM_LAZY_GRU,matpower/case3375wp/2017-01-15,2744.0,case3375wp,3375,2017-01-15,TIME_LIMIT,True,3600.0,76.22222222222223,143470000.0,35606000.0,75.2,mip_progress,False,results/paper_m4pro_fullmodes_2026-04-29/logs/gurobi/test/matpower_case3375wp_2017-01-15__warm_lazy_gru.log
matpower/case3375wp,WARM_LAZY_GRU,matpower/case3375wp/2017-01-15,2782.0,case3375wp,3375,2017-01-15,TIME_LIMIT,True,3600.0,77.27777777777777,143470000.0,35606000.0,75.2,mip_progress,False,results/paper_m4pro_fullmodes_2026-04-29/logs/gurobi/test/matpower_case3375wp_2017-01-15__warm_lazy_gru.log
matpower/case3375wp,WARM_LAZY_GRU,matpower/case3375wp/2017-01-15,2824.0,case3375wp,3375,2017-01-15,TIME_LIMIT,True,3600.0,78.44444444444444,143470000.0,35606000.0,75.2,mip_progress,False,results/paper_m4pro_fullmodes_2026-04-29/logs/gurobi/test/matpower_case3375wp_2017-01-15__warm_lazy_gru.log
matpower/case3375wp,WARM_LAZY_GRU,matpower/case3375wp/2017-01-15,2867.0,case3375wp,3375,2017-01-15,TIME_LIMIT,True,3600.0,79.63888888888889,143470000.0,35606000.0,75.2,mip_progress,False,results/paper_m4pro_fullmodes_2026-04-29/logs/gurobi/test/matpower_case3375wp_2017-01-15__warm_lazy_gru.log
matpower/case3375wp,WARM_LAZY_GRU,matpower/case3375wp/2017-01-15,2909.0,case3375wp,3375,2017-01-15,TIME_LIMIT,True,3600.0,80.80555555555556,143470000.0,35606000.0,75.2,mip_progress,False,results/paper_m4pro_fullmodes_2026-04-29/logs/gurobi/test/matpower_case3375wp_2017-01-15__warm_lazy_gru.log
matpower/case3375wp,WARM_LAZY_GRU,matpower/case3375wp/2017-01-15,2954.0,case3375wp,3375,2017-01-15,TIME_LIMIT,True,3600.0,82.05555555555556,143470000.0,35606000.0,75.2,mip_progress,False,results/paper_m4pro_fullmodes_2026-04-29/logs/gurobi/test/matpower_case3375wp_2017-01-15__warm_lazy_gru.log
matpower/case3375wp,WARM_LAZY_GRU,matpower/case3375wp/2017-01-15,3063.0,case3375wp,3375,2017-01-15,TIME_LIMIT,True,3600.0,85.08333333333333,143470000.0,35606000.0,75.2,mip_progress,False,results/paper_m4pro_fullmodes_2026-04-29/logs/gurobi/test/matpower_case3375wp_2017-01-15__warm_lazy_gru.log
matpower/case3375wp,WARM_LAZY_GRU,matpower/case3375wp/2017-01-15,3111.0,case3375wp,3375,2017-01-15,TIME_LIMIT,True,3600.0,86.41666666666667,143470000.0,35606000.0,75.2,mip_progress,False,results/paper_m4pro_fullmodes_2026-04-29/logs/gurobi/test/matpower_case3375wp_2017-01-15__warm_lazy_gru.log
matpower/case3375wp,WARM_LAZY_GRU,matpower/case3375wp/2017-01-15,3158.0,case3375wp,3375,2017-01-15,TIME_LIMIT,True,3600.0,87.72222222222223,143470000.0,35606000.0,75.2,mip_progress,False,results/paper_m4pro_fullmodes_2026-04-29/logs/gurobi/test/matpower_case3375wp_2017-01-15__warm_lazy_gru.log
matpower/case3375wp,WARM_LAZY_GRU,matpower/case3375wp/2017-01-15,3197.0,case3375wp,3375,2017-01-15,TIME_LIMIT,True,3600.0,88.80555555555556,143470000.0,35606000.0,75.2,mip_progress,False,results/paper_m4pro_fullmodes_2026-04-29/logs/gurobi/test/matpower_case3375wp_2017-01-15__warm_lazy_gru.log
matpower/case3375wp,WARM_LAZY_GRU,matpower/case3375wp/2017-01-15,3237.0,case3375wp,3375,2017-01-15,TIME_LIMIT,True,3600.0,89.91666666666667,143470000.0,35606000.0,75.2,mip_progress,False,results/paper_m4pro_fullmodes_2026-04-29/logs/gurobi/test/matpower_case3375wp_2017-01-15__warm_lazy_gru.log
matpower/case3375wp,WARM_LAZY_GRU,matpower/case3375wp/2017-01-15,3275.0,case3375wp,3375,2017-01-15,TIME_LIMIT,True,3600.0,90.97222222222223,143470000.0,35606000.0,75.2,mip_progress,False,results/paper_m4pro_fullmodes_2026-04-29/logs/gurobi/test/matpower_case3375wp_2017-01-15__warm_lazy_gru.log
matpower/case3375wp,WARM_LAZY_GRU,matpower/case3375wp/2017-01-15,3313.0,case3375wp,3375,2017-01-15,TIME_LIMIT,True,3600.0,92.02777777777777,143470000.0,35606000.0,75.2,mip_progress,False,results/paper_m4pro_fullmodes_2026-04-29/logs/gurobi/test/matpower_case3375wp_2017-01-15__warm_lazy_gru.log
matpower/case3375wp,WARM_LAZY_GRU,matpower/case3375wp/2017-01-15,3461.0,case3375wp,3375,2017-01-15,TIME_LIMIT,True,3600.0,96.13888888888889,140098300.0,35606000.0,74.6,mip_progress,True,results/paper_m4pro_fullmodes_2026-04-29/logs/gurobi/test/matpower_case3375wp_2017-01-15__warm_lazy_gru.log
matpower/case3375wp,WARM_LAZY_GRU,matpower/case3375wp/2017-01-15,3501.0,case3375wp,3375,2017-01-15,TIME_LIMIT,True,3600.0,97.25,140100000.0,35606000.0,74.6,mip_progress,False,results/paper_m4pro_fullmodes_2026-04-29/logs/gurobi/test/matpower_case3375wp_2017-01-15__warm_lazy_gru.log
matpower/case3375wp,WARM_LAZY_GRU,matpower/case3375wp/2017-01-15,3541.0,case3375wp,3375,2017-01-15,TIME_LIMIT,True,3600.0,98.36111111111111,140100000.0,35606000.0,74.6,mip_progress,False,results/paper_m4pro_fullmodes_2026-04-29/logs/gurobi/test/matpower_case3375wp_2017-01-15__warm_lazy_gru.log
matpower/case3375wp,WARM_LAZY_GRU,matpower/case3375wp/2017-01-15,3581.0,case3375wp,3375,2017-01-15,TIME_LIMIT,True,3600.0,99.47222222222223,140100000.0,35606000.0,74.6,mip_progress,False,results/paper_m4pro_fullmodes_2026-04-29/logs/gurobi/test/matpower_case3375wp_2017-01-15__warm_lazy_gru.log
matpower/case3375wp,WARM_LAZY_GRU,matpower/case3375wp/2017-01-15,3600.0,case3375wp,3375,2017-01-15,TIME_LIMIT,True,3600.0,100.0,140100000.0,35606000.0,74.6,mip_progress,False,results/paper_m4pro_fullmodes_2026-04-29/logs/gurobi/test/matpower_case3375wp_2017-01-15__warm_lazy_gru.log
matpower/case3375wp,WARM_LAZY_GRU,matpower/case3375wp/2017-01-15,3802.360742,case3375wp,3375,2017-01-15,TIME_LIMIT,True,3600.0,105.62113172222222,,,74.584788,result_final,False,results/paper_m4pro_fullmodes_2026-04-29/logs/gurobi/test/matpower_case3375wp_2017-01-15__warm_lazy_gru.log
matpower/case3375wp,WARM_LAZY_GRU,matpower/case3375wp/2017-03-15,1660.0,case3375wp,3375,2017-03-15,TIME_LIMIT,True,3600.0,46.111111111111114,449221400.0,27145000.0,94.0,mip_progress,True,results/paper_m4pro_fullmodes_2026-04-29/logs/gurobi/test/matpower_case3375wp_2017-03-15__warm_lazy_gru.log
matpower/case3375wp,WARM_LAZY_GRU,matpower/case3375wp/2017-03-15,2109.0,case3375wp,3375,2017-03-15,TIME_LIMIT,True,3600.0,58.583333333333336,449220000.0,36630000.0,91.8,mip_progress,False,results/paper_m4pro_fullmodes_2026-04-29/logs/gurobi/test/matpower_case3375wp_2017-03-15__warm_lazy_gru.log
matpower/case3375wp,WARM_LAZY_GRU,matpower/case3375wp/2017-03-15,2199.0,case3375wp,3375,2017-03-15,TIME_LIMIT,True,3600.0,61.083333333333336,449220000.0,36667000.0,91.8,mip_progress,False,results/paper_m4pro_fullmodes_2026-04-29/logs/gurobi/test/matpower_case3375wp_2017-03-15__warm_lazy_gru.log
matpower/case3375wp,WARM_LAZY_GRU,matpower/case3375wp/2017-03-15,2295.0,case3375wp,3375,2017-03-15,TIME_LIMIT,True,3600.0,63.75,449220000.0,36667000.0,91.8,mip_progress,False,results/paper_m4pro_fullmodes_2026-04-29/logs/gurobi/test/matpower_case3375wp_2017-03-15__warm_lazy_gru.log
matpower/case3375wp,WARM_LAZY_GRU,matpower/case3375wp/2017-03-15,2401.0,case3375wp,3375,2017-03-15,TIME_LIMIT,True,3600.0,66.69444444444444,449220000.0,36667000.0,91.8,mip_progress,False,results/paper_m4pro_fullmodes_2026-04-29/logs/gurobi/test/matpower_case3375wp_2017-03-15__warm_lazy_gru.log
matpower/case3375wp,WARM_LAZY_GRU,matpower/case3375wp/2017-03-15,2499.0,case3375wp,3375,2017-03-15,TIME_LIMIT,True,3600.0,69.41666666666667,324847300.0,36667000.0,88.7,mip_progress,True,results/paper_m4pro_fullmodes_2026-04-29/logs/gurobi/test/matpower_case3375wp_2017-03-15__warm_lazy_gru.log
matpower/case3375wp,WARM_LAZY_GRU,matpower/case3375wp/2017-03-15,2582.0,case3375wp,3375,2017-03-15,TIME_LIMIT,True,3600.0,71.72222222222223,324850000.0,38171000.0,88.2,mip_progress,False,results/paper_m4pro_fullmodes_2026-04-29/logs/gurobi/test/matpower_case3375wp_2017-03-15__warm_lazy_gru.log
matpower/case3375wp,WARM_LAZY_GRU,matpower/case3375wp/2017-03-15,2598.0,case3375wp,3375,2017-03-15,TIME_LIMIT,True,3600.0,72.16666666666667,324850000.0,38175000.0,88.2,mip_progress,False,results/paper_m4pro_fullmodes_2026-04-29/logs/gurobi/test/matpower_case3375wp_2017-03-15__warm_lazy_gru.log
matpower/case3375wp,WARM_LAZY_GRU,matpower/case3375wp/2017-03-15,2653.0,case3375wp,3375,2017-03-15,TIME_LIMIT,True,3600.0,73.69444444444444,324850000.0,38328000.0,88.2,mip_progress,False,results/paper_m4pro_fullmodes_2026-04-29/logs/gurobi/test/matpower_case3375wp_2017-03-15__warm_lazy_gru.log
matpower/case3375wp,WARM_LAZY_GRU,matpower/case3375wp/2017-03-15,2657.0,case3375wp,3375,2017-03-15,TIME_LIMIT,True,3600.0,73.80555555555556,324850000.0,38331000.0,88.2,mip_progress,False,results/paper_m4pro_fullmodes_2026-04-29/logs/gurobi/test/matpower_case3375wp_2017-03-15__warm_lazy_gru.log
matpower/case3375wp,WARM_LAZY_GRU,matpower/case3375wp/2017-03-15,2707.0,case3375wp,3375,2017-03-15,TIME_LIMIT,True,3600.0,75.19444444444444,324850000.0,38553000.0,88.1,mip_progress,False,results/paper_m4pro_fullmodes_2026-04-29/logs/gurobi/test/matpower_case3375wp_2017-03-15__warm_lazy_gru.log
matpower/case3375wp,WARM_LAZY_GRU,matpower/case3375wp/2017-03-15,2709.0,case3375wp,3375,2017-03-15,TIME_LIMIT,True,3600.0,75.25,324850000.0,38553000.0,88.1,mip_progress,False,results/paper_m4pro_fullmodes_2026-04-29/logs/gurobi/test/matpower_case3375wp_2017-03-15__warm_lazy_gru.log
matpower/case3375wp,WARM_LAZY_GRU,matpower/case3375wp/2017-03-15,2720.0,case3375wp,3375,2017-03-15,TIME_LIMIT,True,3600.0,75.55555555555556,324850000.0,38554000.0,88.1,mip_progress,False,results/paper_m4pro_fullmodes_2026-04-29/logs/gurobi/test/matpower_case3375wp_2017-03-15__warm_lazy_gru.log
matpower/case3375wp,WARM_LAZY_GRU,matpower/case3375wp/2017-03-15,2724.0,case3375wp,3375,2017-03-15,TIME_LIMIT,True,3600.0,75.66666666666667,324850000.0,38554000.0,88.1,mip_progress,False,results/paper_m4pro_fullmodes_2026-04-29/logs/gurobi/test/matpower_case3375wp_2017-03-15__warm_lazy_gru.log
matpower/case3375wp,WARM_LAZY_GRU,matpower/case3375wp/2017-03-15,2811.0,case3375wp,3375,2017-03-15,TIME_LIMIT,True,3600.0,78.08333333333333,324850000.0,38555000.0,88.1,mip_progress,False,results/paper_m4pro_fullmodes_2026-04-29/logs/gurobi/test/matpower_case3375wp_2017-03-15__warm_lazy_gru.log
matpower/case3375wp,WARM_LAZY_GRU,matpower/case3375wp/2017-03-15,2904.0,case3375wp,3375,2017-03-15,TIME_LIMIT,True,3600.0,80.66666666666667,324850000.0,38555000.0,88.1,mip_progress,False,results/paper_m4pro_fullmodes_2026-04-29/logs/gurobi/test/matpower_case3375wp_2017-03-15__warm_lazy_gru.log
matpower/case3375wp,WARM_LAZY_GRU,matpower/case3375wp/2017-03-15,3019.0,case3375wp,3375,2017-03-15,TIME_LIMIT,True,3600.0,83.86111111111111,324850000.0,38555000.0,88.1,mip_progress,False,results/paper_m4pro_fullmodes_2026-04-29/logs/gurobi/test/matpower_case3375wp_2017-03-15__warm_lazy_gru.log
matpower/case3375wp,WARM_LAZY_GRU,matpower/case3375wp/2017-03-15,3115.0,case3375wp,3375,2017-03-15,TIME_LIMIT,True,3600.0,86.52777777777777,281761700.0,38555000.0,86.3,mip_progress,True,results/paper_m4pro_fullmodes_2026-04-29/logs/gurobi/test/matpower_case3375wp_2017-03-15__warm_lazy_gru.log
matpower/case3375wp,WARM_LAZY_GRU,matpower/case3375wp/2017-03-15,3161.0,case3375wp,3375,2017-03-15,TIME_LIMIT,True,3600.0,87.80555555555556,281761700.0,38555000.0,86.3,mip_progress,True,results/paper_m4pro_fullmodes_2026-04-29/logs/gurobi/test/matpower_case3375wp_2017-03-15__warm_lazy_gru.log
matpower/case3375wp,WARM_LAZY_GRU,matpower/case3375wp/2017-03-15,3233.0,case3375wp,3375,2017-03-15,TIME_LIMIT,True,3600.0,89.80555555555556,281760000.0,38709000.0,86.3,mip_progress,False,results/paper_m4pro_fullmodes_2026-04-29/logs/gurobi/test/matpower_case3375wp_2017-03-15__warm_lazy_gru.log
matpower/case3375wp,WARM_LAZY_GRU,matpower/case3375wp/2017-03-15,3251.0,case3375wp,3375,2017-03-15,TIME_LIMIT,True,3600.0,90.30555555555556,281760000.0,38709000.0,86.3,mip_progress,False,results/paper_m4pro_fullmodes_2026-04-29/logs/gurobi/test/matpower_case3375wp_2017-03-15__warm_lazy_gru.log
matpower/case3375wp,WARM_LAZY_GRU,matpower/case3375wp/2017-03-15,3270.0,case3375wp,3375,2017-03-15,TIME_LIMIT,True,3600.0,90.83333333333333,281760000.0,38716000.0,86.3,mip_progress,False,results/paper_m4pro_fullmodes_2026-04-29/logs/gurobi/test/matpower_case3375wp_2017-03-15__warm_lazy_gru.log
matpower/case3375wp,WARM_LAZY_GRU,matpower/case3375wp/2017-03-15,3294.0,case3375wp,3375,2017-03-15,TIME_LIMIT,True,3600.0,91.5,281760000.0,38716000.0,86.3,mip_progress,False,results/paper_m4pro_fullmodes_2026-04-29/logs/gurobi/test/matpower_case3375wp_2017-03-15__warm_lazy_gru.log
matpower/case3375wp,WARM_LAZY_GRU,matpower/case3375wp/2017-03-15,3318.0,case3375wp,3375,2017-03-15,TIME_LIMIT,True,3600.0,92.16666666666667,281760000.0,38722000.0,86.3,mip_progress,False,results/paper_m4pro_fullmodes_2026-04-29/logs/gurobi/test/matpower_case3375wp_2017-03-15__warm_lazy_gru.log
matpower/case3375wp,WARM_LAZY_GRU,matpower/case3375wp/2017-03-15,3348.0,case3375wp,3375,2017-03-15,TIME_LIMIT,True,3600.0,93.0,281760000.0,38722000.0,86.3,mip_progress,False,results/paper_m4pro_fullmodes_2026-04-29/logs/gurobi/test/matpower_case3375wp_2017-03-15__warm_lazy_gru.log
matpower/case3375wp,WARM_LAZY_GRU,matpower/case3375wp/2017-03-15,3389.0,case3375wp,3375,2017-03-15,TIME_LIMIT,True,3600.0,94.13888888888889,281760000.0,38729000.0,86.3,mip_progress,False,results/paper_m4pro_fullmodes_2026-04-29/logs/gurobi/test/matpower_case3375wp_2017-03-15__warm_lazy_gru.log
matpower/case3375wp,WARM_LAZY_GRU,matpower/case3375wp/2017-03-15,3433.0,case3375wp,3375,2017-03-15,TIME_LIMIT,True,3600.0,95.36111111111111,281760000.0,38731000.0,86.3,mip_progress,False,results/paper_m4pro_fullmodes_2026-04-29/logs/gurobi/test/matpower_case3375wp_2017-03-15__warm_lazy_gru.log
matpower/case3375wp,WARM_LAZY_GRU,matpower/case3375wp/2017-03-15,3484.0,case3375wp,3375,2017-03-15,TIME_LIMIT,True,3600.0,96.77777777777777,281760000.0,38731000.0,86.3,mip_progress,False,results/paper_m4pro_fullmodes_2026-04-29/logs/gurobi/test/matpower_case3375wp_2017-03-15__warm_lazy_gru.log
matpower/case3375wp,WARM_LAZY_GRU,matpower/case3375wp/2017-03-15,3539.0,case3375wp,3375,2017-03-15,TIME_LIMIT,True,3600.0,98.30555555555556,281760000.0,38731000.0,86.3,mip_progress,False,results/paper_m4pro_fullmodes_2026-04-29/logs/gurobi/test/matpower_case3375wp_2017-03-15__warm_lazy_gru.log
matpower/case3375wp,WARM_LAZY_GRU,matpower/case3375wp/2017-03-15,3595.0,case3375wp,3375,2017-03-15,TIME_LIMIT,True,3600.0,99.86111111111111,281760000.0,38731000.0,86.3,mip_progress,False,results/paper_m4pro_fullmodes_2026-04-29/logs/gurobi/test/matpower_case3375wp_2017-03-15__warm_lazy_gru.log
matpower/case3375wp,WARM_LAZY_GRU,matpower/case3375wp/2017-03-15,3799.714253,case3375wp,3375,2017-03-15,TIME_LIMIT,True,3600.0,105.5476181388889,,,86.254041,result_final,False,results/paper_m4pro_fullmodes_2026-04-29/logs/gurobi/test/matpower_case3375wp_2017-03-15__warm_lazy_gru.log
matpower/case3375wp,WARM_LAZY_GRU,matpower/case3375wp/2017-07-15,1654.0,case3375wp,3375,2017-07-15,TIME_LIMIT,True,3600.0,45.94444444444444,402302600.0,25373000.0,93.7,mip_progress,True,results/paper_m4pro_fullmodes_2026-04-29/logs/gurobi/test/matpower_case3375wp_2017-07-15__warm_lazy_gru.log
matpower/case3375wp,WARM_LAZY_GRU,matpower/case3375wp/2017-07-15,1701.0,case3375wp,3375,2017-07-15,TIME_LIMIT,True,3600.0,47.25,402300000.0,25373000.0,93.7,mip_progress,False,results/paper_m4pro_fullmodes_2026-04-29/logs/gurobi/test/matpower_case3375wp_2017-07-15__warm_lazy_gru.log
matpower/case3375wp,WARM_LAZY_GRU,matpower/case3375wp/2017-07-15,1754.0,case3375wp,3375,2017-07-15,TIME_LIMIT,True,3600.0,48.72222222222222,402300000.0,30157000.0,92.5,mip_progress,False,results/paper_m4pro_fullmodes_2026-04-29/logs/gurobi/test/matpower_case3375wp_2017-07-15__warm_lazy_gru.log
matpower/case3375wp,WARM_LAZY_GRU,matpower/case3375wp/2017-07-15,2053.0,case3375wp,3375,2017-07-15,TIME_LIMIT,True,3600.0,57.02777777777778,402300000.0,34117000.0,91.5,mip_progress,False,results/paper_m4pro_fullmodes_2026-04-29/logs/gurobi/test/matpower_case3375wp_2017-07-15__warm_lazy_gru.log
matpower/case3375wp,WARM_LAZY_GRU,matpower/case3375wp/2017-07-15,2155.0,case3375wp,3375,2017-07-15,TIME_LIMIT,True,3600.0,59.861111111111114,402300000.0,34117000.0,91.5,mip_progress,False,results/paper_m4pro_fullmodes_2026-04-29/logs/gurobi/test/matpower_case3375wp_2017-07-15__warm_lazy_gru.log
matpower/case3375wp,WARM_LAZY_GRU,matpower/case3375wp/2017-07-15,2272.0,case3375wp,3375,2017-07-15,TIME_LIMIT,True,3600.0,63.111111111111114,402300000.0,34302000.0,91.5,mip_progress,False,results/paper_m4pro_fullmodes_2026-04-29/logs/gurobi/test/matpower_case3375wp_2017-07-15__warm_lazy_gru.log
matpower/case3375wp,WARM_LAZY_GRU,matpower/case3375wp/2017-07-15,2284.0,case3375wp,3375,2017-07-15,TIME_LIMIT,True,3600.0,63.44444444444444,402300000.0,34307000.0,91.5,mip_progress,False,results/paper_m4pro_fullmodes_2026-04-29/logs/gurobi/test/matpower_case3375wp_2017-07-15__warm_lazy_gru.log
matpower/case3375wp,WARM_LAZY_GRU,matpower/case3375wp/2017-07-15,2285.0,case3375wp,3375,2017-07-15,TIME_LIMIT,True,3600.0,63.47222222222222,402300000.0,34307000.0,91.5,mip_progress,False,results/paper_m4pro_fullmodes_2026-04-29/logs/gurobi/test/matpower_case3375wp_2017-07-15__warm_lazy_gru.log
matpower/case3375wp,WARM_LAZY_GRU,matpower/case3375wp/2017-07-15,2350.0,case3375wp,3375,2017-07-15,TIME_LIMIT,True,3600.0,65.27777777777777,402300000.0,34655000.0,91.4,mip_progress,False,results/paper_m4pro_fullmodes_2026-04-29/logs/gurobi/test/matpower_case3375wp_2017-07-15__warm_lazy_gru.log
matpower/case3375wp,WARM_LAZY_GRU,matpower/case3375wp/2017-07-15,2369.0,case3375wp,3375,2017-07-15,TIME_LIMIT,True,3600.0,65.80555555555556,402300000.0,34713000.0,91.4,mip_progress,False,results/paper_m4pro_fullmodes_2026-04-29/logs/gurobi/test/matpower_case3375wp_2017-07-15__warm_lazy_gru.log
matpower/case3375wp,WARM_LAZY_GRU,matpower/case3375wp/2017-07-15,2370.0,case3375wp,3375,2017-07-15,TIME_LIMIT,True,3600.0,65.83333333333333,402300000.0,34713000.0,91.4,mip_progress,False,results/paper_m4pro_fullmodes_2026-04-29/logs/gurobi/test/matpower_case3375wp_2017-07-15__warm_lazy_gru.log
matpower/case3375wp,WARM_LAZY_GRU,matpower/case3375wp/2017-07-15,2409.0,case3375wp,3375,2017-07-15,TIME_LIMIT,True,3600.0,66.91666666666667,402300000.0,34748000.0,91.4,mip_progress,False,results/paper_m4pro_fullmodes_2026-04-29/logs/gurobi/test/matpower_case3375wp_2017-07-15__warm_lazy_gru.log
matpower/case3375wp,WARM_LAZY_GRU,matpower/case3375wp/2017-07-15,2411.0,case3375wp,3375,2017-07-15,TIME_LIMIT,True,3600.0,66.97222222222223,402300000.0,34749000.0,91.4,mip_progress,False,results/paper_m4pro_fullmodes_2026-04-29/logs/gurobi/test/matpower_case3375wp_2017-07-15__warm_lazy_gru.log
matpower/case3375wp,WARM_LAZY_GRU,matpower/case3375wp/2017-07-15,2428.0,case3375wp,3375,2017-07-15,TIME_LIMIT,True,3600.0,67.44444444444444,402300000.0,34749000.0,91.4,mip_progress,False,results/paper_m4pro_fullmodes_2026-04-29/logs/gurobi/test/matpower_case3375wp_2017-07-15__warm_lazy_gru.log
matpower/case3375wp,WARM_LAZY_GRU,matpower/case3375wp/2017-07-15,2432.0,case3375wp,3375,2017-07-15,TIME_LIMIT,True,3600.0,67.55555555555556,402300000.0,34749000.0,91.4,mip_progress,False,results/paper_m4pro_fullmodes_2026-04-29/logs/gurobi/test/matpower_case3375wp_2017-07-15__warm_lazy_gru.log
matpower/case3375wp,WARM_LAZY_GRU,matpower/case3375wp/2017-07-15,2612.0,case3375wp,3375,2017-07-15,TIME_LIMIT,True,3600.0,72.55555555555556,402300000.0,34749000.0,91.4,mip_progress,False,results/paper_m4pro_fullmodes_2026-04-29/logs/gurobi/test/matpower_case3375wp_2017-07-15__warm_lazy_gru.log
matpower/case3375wp,WARM_LAZY_GRU,matpower/case3375wp/2017-07-15,2729.0,case3375wp,3375,2017-07-15,TIME_LIMIT,True,3600.0,75.80555555555556,402300000.0,34749000.0,91.4,mip_progress,False,results/paper_m4pro_fullmodes_2026-04-29/logs/gurobi/test/matpower_case3375wp_2017-07-15__warm_lazy_gru.log
matpower/case3375wp,WARM_LAZY_GRU,matpower/case3375wp/2017-07-15,2846.0,case3375wp,3375,2017-07-15,TIME_LIMIT,True,3600.0,79.05555555555556,285872800.0,34749000.0,87.8,mip_progress,True,results/paper_m4pro_fullmodes_2026-04-29/logs/gurobi/test/matpower_case3375wp_2017-07-15__warm_lazy_gru.log
matpower/case3375wp,WARM_LAZY_GRU,matpower/case3375wp/2017-07-15,2889.0,case3375wp,3375,2017-07-15,TIME_LIMIT,True,3600.0,80.25,285870000.0,34760000.0,87.8,mip_progress,False,results/paper_m4pro_fullmodes_2026-04-29/logs/gurobi/test/matpower_case3375wp_2017-07-15__warm_lazy_gru.log
matpower/case3375wp,WARM_LAZY_GRU,matpower/case3375wp/2017-07-15,2898.0,case3375wp,3375,2017-07-15,TIME_LIMIT,True,3600.0,80.5,285870000.0,34760000.0,87.8,mip_progress,False,results/paper_m4pro_fullmodes_2026-04-29/logs/gurobi/test/matpower_case3375wp_2017-07-15__warm_lazy_gru.log
matpower/case3375wp,WARM_LAZY_GRU,matpower/case3375wp/2017-07-15,2911.0,case3375wp,3375,2017-07-15,TIME_LIMIT,True,3600.0,80.86111111111111,285870000.0,34761000.0,87.8,mip_progress,False,results/paper_m4pro_fullmodes_2026-04-29/logs/gurobi/test/matpower_case3375wp_2017-07-15__warm_lazy_gru.log
matpower/case3375wp,WARM_LAZY_GRU,matpower/case3375wp/2017-07-15,2990.0,case3375wp,3375,2017-07-15,TIME_LIMIT,True,3600.0,83.05555555555556,285870000.0,34765000.0,87.8,mip_progress,False,results/paper_m4pro_fullmodes_2026-04-29/logs/gurobi/test/matpower_case3375wp_2017-07-15__warm_lazy_gru.log
matpower/case3375wp,WARM_LAZY_GRU,matpower/case3375wp/2017-07-15,3085.0,case3375wp,3375,2017-07-15,TIME_LIMIT,True,3600.0,85.69444444444444,285870000.0,34768000.0,87.8,mip_progress,False,results/paper_m4pro_fullmodes_2026-04-29/logs/gurobi/test/matpower_case3375wp_2017-07-15__warm_lazy_gru.log
matpower/case3375wp,WARM_LAZY_GRU,matpower/case3375wp/2017-07-15,3142.0,case3375wp,3375,2017-07-15,TIME_LIMIT,True,3600.0,87.27777777777777,285870000.0,34768000.0,87.8,mip_progress,False,results/paper_m4pro_fullmodes_2026-04-29/logs/gurobi/test/matpower_case3375wp_2017-07-15__warm_lazy_gru.log
matpower/case3375wp,WARM_LAZY_GRU,matpower/case3375wp/2017-07-15,3205.0,case3375wp,3375,2017-07-15,TIME_LIMIT,True,3600.0,89.02777777777777,285870000.0,34769000.0,87.8,mip_progress,False,results/paper_m4pro_fullmodes_2026-04-29/logs/gurobi/test/matpower_case3375wp_2017-07-15__warm_lazy_gru.log
matpower/case3375wp,WARM_LAZY_GRU,matpower/case3375wp/2017-07-15,3286.0,case3375wp,3375,2017-07-15,TIME_LIMIT,True,3600.0,91.27777777777777,285870000.0,34769000.0,87.8,mip_progress,False,results/paper_m4pro_fullmodes_2026-04-29/logs/gurobi/test/matpower_case3375wp_2017-07-15__warm_lazy_gru.log
matpower/case3375wp,WARM_LAZY_GRU,matpower/case3375wp/2017-07-15,3380.0,case3375wp,3375,2017-07-15,TIME_LIMIT,True,3600.0,93.88888888888889,285870000.0,34769000.0,87.8,mip_progress,False,results/paper_m4pro_fullmodes_2026-04-29/logs/gurobi/test/matpower_case3375wp_2017-07-15__warm_lazy_gru.log
matpower/case3375wp,WARM_LAZY_GRU,matpower/case3375wp/2017-07-15,3476.0,case3375wp,3375,2017-07-15,TIME_LIMIT,True,3600.0,96.55555555555556,285870000.0,34769000.0,87.8,mip_progress,False,results/paper_m4pro_fullmodes_2026-04-29/logs/gurobi/test/matpower_case3375wp_2017-07-15__warm_lazy_gru.log
matpower/case3375wp,WARM_LAZY_GRU,matpower/case3375wp/2017-07-15,3588.0,case3375wp,3375,2017-07-15,TIME_LIMIT,True,3600.0,99.66666666666667,285870000.0,34769000.0,87.8,mip_progress,False,results/paper_m4pro_fullmodes_2026-04-29/logs/gurobi/test/matpower_case3375wp_2017-07-15__warm_lazy_gru.log
matpower/case3375wp,WARM_LAZY_GRU,matpower/case3375wp/2017-07-15,3600.0,case3375wp,3375,2017-07-15,TIME_LIMIT,True,3600.0,100.0,285870000.0,34769000.0,87.8,mip_progress,False,results/paper_m4pro_fullmodes_2026-04-29/logs/gurobi/test/matpower_case3375wp_2017-07-15__warm_lazy_gru.log
matpower/case3375wp,WARM_LAZY_GRU,matpower/case3375wp/2017-07-15,3799.783859,case3375wp,3375,2017-07-15,TIME_LIMIT,True,3600.0,105.54955163888889,,,87.8,result_final,False,results/paper_m4pro_fullmodes_2026-04-29/logs/gurobi/test/matpower_case3375wp_2017-07-15__warm_lazy_gru.log
matpower/case3375wp,WARM_LAZY_GRU,matpower/case3375wp/2017-09-15,1611.0,case3375wp,3375,2017-09-15,TIME_LIMIT,True,3600.0,44.75,462010800.0,22154000.0,95.2,mip_progress,True,results/paper_m4pro_fullmodes_2026-04-29/logs/gurobi/test/matpower_case3375wp_2017-09-15__warm_lazy_gru.log
matpower/case3375wp,WARM_LAZY_GRU,matpower/case3375wp/2017-09-15,1640.0,case3375wp,3375,2017-09-15,TIME_LIMIT,True,3600.0,45.55555555555556,462010000.0,25880000.0,94.4,mip_progress,False,results/paper_m4pro_fullmodes_2026-04-29/logs/gurobi/test/matpower_case3375wp_2017-09-15__warm_lazy_gru.log
matpower/case3375wp,WARM_LAZY_GRU,matpower/case3375wp/2017-09-15,1688.0,case3375wp,3375,2017-09-15,TIME_LIMIT,True,3600.0,46.888888888888886,462003500.0,25880000.0,94.4,mip_progress,True,results/paper_m4pro_fullmodes_2026-04-29/logs/gurobi/test/matpower_case3375wp_2017-09-15__warm_lazy_gru.log
matpower/case3375wp,WARM_LAZY_GRU,matpower/case3375wp/2017-09-15,1894.0,case3375wp,3375,2017-09-15,TIME_LIMIT,True,3600.0,52.611111111111114,462000000.0,27850000.0,94.0,mip_progress,False,results/paper_m4pro_fullmodes_2026-04-29/logs/gurobi/test/matpower_case3375wp_2017-09-15__warm_lazy_gru.log
matpower/case3375wp,WARM_LAZY_GRU,matpower/case3375wp/2017-09-15,1995.0,case3375wp,3375,2017-09-15,TIME_LIMIT,True,3600.0,55.416666666666664,462000000.0,27850000.0,94.0,mip_progress,False,results/paper_m4pro_fullmodes_2026-04-29/logs/gurobi/test/matpower_case3375wp_2017-09-15__warm_lazy_gru.log
matpower/case3375wp,WARM_LAZY_GRU,matpower/case3375wp/2017-09-15,2110.0,case3375wp,3375,2017-09-15,TIME_LIMIT,True,3600.0,58.611111111111114,462000000.0,27850000.0,94.0,mip_progress,False,results/paper_m4pro_fullmodes_2026-04-29/logs/gurobi/test/matpower_case3375wp_2017-09-15__warm_lazy_gru.log
matpower/case3375wp,WARM_LAZY_GRU,matpower/case3375wp/2017-09-15,2225.0,case3375wp,3375,2017-09-15,TIME_LIMIT,True,3600.0,61.80555555555556,462000000.0,27850000.0,94.0,mip_progress,False,results/paper_m4pro_fullmodes_2026-04-29/logs/gurobi/test/matpower_case3375wp_2017-09-15__warm_lazy_gru.log
matpower/case3375wp,WARM_LAZY_GRU,matpower/case3375wp/2017-09-15,2328.0,case3375wp,3375,2017-09-15,TIME_LIMIT,True,3600.0,64.66666666666667,402284100.0,27850000.0,93.1,mip_progress,True,results/paper_m4pro_fullmodes_2026-04-29/logs/gurobi/test/matpower_case3375wp_2017-09-15__warm_lazy_gru.log
matpower/case3375wp,WARM_LAZY_GRU,matpower/case3375wp/2017-09-15,2368.0,case3375wp,3375,2017-09-15,TIME_LIMIT,True,3600.0,65.77777777777777,402280000.0,28058000.0,93.0,mip_progress,False,results/paper_m4pro_fullmodes_2026-04-29/logs/gurobi/test/matpower_case3375wp_2017-09-15__warm_lazy_gru.log
matpower/case3375wp,WARM_LAZY_GRU,matpower/case3375wp/2017-09-15,2372.0,case3375wp,3375,2017-09-15,TIME_LIMIT,True,3600.0,65.88888888888889,402280000.0,28059000.0,93.0,mip_progress,False,results/paper_m4pro_fullmodes_2026-04-29/logs/gurobi/test/matpower_case3375wp_2017-09-15__warm_lazy_gru.log
matpower/case3375wp,WARM_LAZY_GRU,matpower/case3375wp/2017-09-15,2414.0,case3375wp,3375,2017-09-15,TIME_LIMIT,True,3600.0,67.05555555555556,402280000.0,28173000.0,93.0,mip_progress,False,results/paper_m4pro_fullmodes_2026-04-29/logs/gurobi/test/matpower_case3375wp_2017-09-15__warm_lazy_gru.log
matpower/case3375wp,WARM_LAZY_GRU,matpower/case3375wp/2017-09-15,2415.0,case3375wp,3375,2017-09-15,TIME_LIMIT,True,3600.0,67.08333333333333,402280000.0,28173000.0,93.0,mip_progress,False,results/paper_m4pro_fullmodes_2026-04-29/logs/gurobi/test/matpower_case3375wp_2017-09-15__warm_lazy_gru.log
matpower/case3375wp,WARM_LAZY_GRU,matpower/case3375wp/2017-09-15,2470.0,case3375wp,3375,2017-09-15,TIME_LIMIT,True,3600.0,68.61111111111111,402280000.0,28317000.0,93.0,mip_progress,False,results/paper_m4pro_fullmodes_2026-04-29/logs/gurobi/test/matpower_case3375wp_2017-09-15__warm_lazy_gru.log
matpower/case3375wp,WARM_LAZY_GRU,matpower/case3375wp/2017-09-15,2478.0,case3375wp,3375,2017-09-15,TIME_LIMIT,True,3600.0,68.83333333333333,402280000.0,28320000.0,93.0,mip_progress,False,results/paper_m4pro_fullmodes_2026-04-29/logs/gurobi/test/matpower_case3375wp_2017-09-15__warm_lazy_gru.log
matpower/case3375wp,WARM_LAZY_GRU,matpower/case3375wp/2017-09-15,2496.0,case3375wp,3375,2017-09-15,TIME_LIMIT,True,3600.0,69.33333333333333,402280000.0,28322000.0,93.0,mip_progress,False,results/paper_m4pro_fullmodes_2026-04-29/logs/gurobi/test/matpower_case3375wp_2017-09-15__warm_lazy_gru.log
matpower/case3375wp,WARM_LAZY_GRU,matpower/case3375wp/2017-09-15,2500.0,case3375wp,3375,2017-09-15,TIME_LIMIT,True,3600.0,69.44444444444444,402280000.0,28322000.0,93.0,mip_progress,False,results/paper_m4pro_fullmodes_2026-04-29/logs/gurobi/test/matpower_case3375wp_2017-09-15__warm_lazy_gru.log
matpower/case3375wp,WARM_LAZY_GRU,matpower/case3375wp/2017-09-15,2592.0,case3375wp,3375,2017-09-15,TIME_LIMIT,True,3600.0,72.0,402280000.0,28323000.0,93.0,mip_progress,False,results/paper_m4pro_fullmodes_2026-04-29/logs/gurobi/test/matpower_case3375wp_2017-09-15__warm_lazy_gru.log
matpower/case3375wp,WARM_LAZY_GRU,matpower/case3375wp/2017-09-15,2705.0,case3375wp,3375,2017-09-15,TIME_LIMIT,True,3600.0,75.13888888888889,402280000.0,28323000.0,93.0,mip_progress,False,results/paper_m4pro_fullmodes_2026-04-29/logs/gurobi/test/matpower_case3375wp_2017-09-15__warm_lazy_gru.log
matpower/case3375wp,WARM_LAZY_GRU,matpower/case3375wp/2017-09-15,2832.0,case3375wp,3375,2017-09-15,TIME_LIMIT,True,3600.0,78.66666666666667,295913900.0,28323000.0,90.4,mip_progress,True,results/paper_m4pro_fullmodes_2026-04-29/logs/gurobi/test/matpower_case3375wp_2017-09-15__warm_lazy_gru.log
matpower/case3375wp,WARM_LAZY_GRU,matpower/case3375wp/2017-09-15,2938.0,case3375wp,3375,2017-09-15,TIME_LIMIT,True,3600.0,81.61111111111111,295912000.0,28323000.0,90.4,mip_progress,True,results/paper_m4pro_fullmodes_2026-04-29/logs/gurobi/test/matpower_case3375wp_2017-09-15__warm_lazy_gru.log
matpower/case3375wp,WARM_LAZY_GRU,matpower/case3375wp/2017-09-15,3001.0,case3375wp,3375,2017-09-15,TIME_LIMIT,True,3600.0,83.36111111111111,295910000.0,28396000.0,90.4,mip_progress,False,results/paper_m4pro_fullmodes_2026-04-29/logs/gurobi/test/matpower_case3375wp_2017-09-15__warm_lazy_gru.log
matpower/case3375wp,WARM_LAZY_GRU,matpower/case3375wp/2017-09-15,3009.0,case3375wp,3375,2017-09-15,TIME_LIMIT,True,3600.0,83.58333333333333,295910000.0,28396000.0,90.4,mip_progress,False,results/paper_m4pro_fullmodes_2026-04-29/logs/gurobi/test/matpower_case3375wp_2017-09-15__warm_lazy_gru.log
matpower/case3375wp,WARM_LAZY_GRU,matpower/case3375wp/2017-09-15,3023.0,case3375wp,3375,2017-09-15,TIME_LIMIT,True,3600.0,83.97222222222223,295910000.0,28397000.0,90.4,mip_progress,False,results/paper_m4pro_fullmodes_2026-04-29/logs/gurobi/test/matpower_case3375wp_2017-09-15__warm_lazy_gru.log
matpower/case3375wp,WARM_LAZY_GRU,matpower/case3375wp/2017-09-15,3049.0,case3375wp,3375,2017-09-15,TIME_LIMIT,True,3600.0,84.69444444444444,295910000.0,28398000.0,90.4,mip_progress,False,results/paper_m4pro_fullmodes_2026-04-29/logs/gurobi/test/matpower_case3375wp_2017-09-15__warm_lazy_gru.log
matpower/case3375wp,WARM_LAZY_GRU,matpower/case3375wp/2017-09-15,3082.0,case3375wp,3375,2017-09-15,TIME_LIMIT,True,3600.0,85.61111111111111,295910000.0,28400000.0,90.4,mip_progress,False,results/paper_m4pro_fullmodes_2026-04-29/logs/gurobi/test/matpower_case3375wp_2017-09-15__warm_lazy_gru.log
matpower/case3375wp,WARM_LAZY_GRU,matpower/case3375wp/2017-09-15,3114.0,case3375wp,3375,2017-09-15,TIME_LIMIT,True,3600.0,86.5,295910000.0,28404000.0,90.4,mip_progress,False,results/paper_m4pro_fullmodes_2026-04-29/logs/gurobi/test/matpower_case3375wp_2017-09-15__warm_lazy_gru.log
matpower/case3375wp,WARM_LAZY_GRU,matpower/case3375wp/2017-09-15,3138.0,case3375wp,3375,2017-09-15,TIME_LIMIT,True,3600.0,87.16666666666667,295910000.0,28404000.0,90.4,mip_progress,False,results/paper_m4pro_fullmodes_2026-04-29/logs/gurobi/test/matpower_case3375wp_2017-09-15__warm_lazy_gru.log
matpower/case3375wp,WARM_LAZY_GRU,matpower/case3375wp/2017-09-15,3170.0,case3375wp,3375,2017-09-15,TIME_LIMIT,True,3600.0,88.05555555555556,295910000.0,28404000.0,90.4,mip_progress,False,results/paper_m4pro_fullmodes_2026-04-29/logs/gurobi/test/matpower_case3375wp_2017-09-15__warm_lazy_gru.log
matpower/case3375wp,WARM_LAZY_GRU,matpower/case3375wp/2017-09-15,3199.0,case3375wp,3375,2017-09-15,TIME_LIMIT,True,3600.0,88.86111111111111,295910000.0,28404000.0,90.4,mip_progress,False,results/paper_m4pro_fullmodes_2026-04-29/logs/gurobi/test/matpower_case3375wp_2017-09-15__warm_lazy_gru.log
matpower/case3375wp,WARM_LAZY_GRU,matpower/case3375wp/2017-09-15,3229.0,case3375wp,3375,2017-09-15,TIME_LIMIT,True,3600.0,89.69444444444444,295910000.0,28404000.0,90.4,mip_progress,False,results/paper_m4pro_fullmodes_2026-04-29/logs/gurobi/test/matpower_case3375wp_2017-09-15__warm_lazy_gru.log
matpower/case3375wp,WARM_LAZY_GRU,matpower/case3375wp/2017-09-15,3275.0,case3375wp,3375,2017-09-15,TIME_LIMIT,True,3600.0,90.97222222222223,295910000.0,28404000.0,90.4,mip_progress,False,results/paper_m4pro_fullmodes_2026-04-29/logs/gurobi/test/matpower_case3375wp_2017-09-15__warm_lazy_gru.log
matpower/case3375wp,WARM_LAZY_GRU,matpower/case3375wp/2017-09-15,3320.0,case3375wp,3375,2017-09-15,TIME_LIMIT,True,3600.0,92.22222222222223,295910000.0,28404000.0,90.4,mip_progress,False,results/paper_m4pro_fullmodes_2026-04-29/logs/gurobi/test/matpower_case3375wp_2017-09-15__warm_lazy_gru.log
matpower/case3375wp,WARM_LAZY_GRU,matpower/case3375wp/2017-09-15,3358.0,case3375wp,3375,2017-09-15,TIME_LIMIT,True,3600.0,93.27777777777777,295910000.0,28404000.0,90.4,mip_progress,False,results/paper_m4pro_fullmodes_2026-04-29/logs/gurobi/test/matpower_case3375wp_2017-09-15__warm_lazy_gru.log
matpower/case3375wp,WARM_LAZY_GRU,matpower/case3375wp/2017-09-15,3400.0,case3375wp,3375,2017-09-15,TIME_LIMIT,True,3600.0,94.44444444444444,295910000.0,28404000.0,90.4,mip_progress,False,results/paper_m4pro_fullmodes_2026-04-29/logs/gurobi/test/matpower_case3375wp_2017-09-15__warm_lazy_gru.log
matpower/case3375wp,WARM_LAZY_GRU,matpower/case3375wp/2017-09-15,3473.0,case3375wp,3375,2017-09-15,TIME_LIMIT,True,3600.0,96.47222222222223,295910000.0,28404000.0,90.4,mip_progress,False,results/paper_m4pro_fullmodes_2026-04-29/logs/gurobi/test/matpower_case3375wp_2017-09-15__warm_lazy_gru.log
matpower/case3375wp,WARM_LAZY_GRU,matpower/case3375wp/2017-09-15,3581.0,case3375wp,3375,2017-09-15,TIME_LIMIT,True,3600.0,99.47222222222223,295910000.0,28404000.0,90.4,mip_progress,False,results/paper_m4pro_fullmodes_2026-04-29/logs/gurobi/test/matpower_case3375wp_2017-09-15__warm_lazy_gru.log
matpower/case3375wp,WARM_LAZY_GRU,matpower/case3375wp/2017-09-15,3803.383528,case3375wp,3375,2017-09-15,TIME_LIMIT,True,3600.0,105.64954244444445,,,90.4,result_final,False,results/paper_m4pro_fullmodes_2026-04-29/logs/gurobi/test/matpower_case3375wp_2017-09-15__warm_lazy_gru.log
matpower/case3375wp,WARM_LAZY_GRU,matpower/case3375wp/2017-11-15,1505.0,case3375wp,3375,2017-11-15,TIME_LIMIT,True,3600.0,41.80555555555556,214399500.0,21850000.0,89.8,mip_progress,True,results/paper_m4pro_fullmodes_2026-04-29/logs/gurobi/test/matpower_case3375wp_2017-11-15__warm_lazy_gru.log
matpower/case3375wp,WARM_LAZY_GRU,matpower/case3375wp/2017-11-15,1540.0,case3375wp,3375,2017-11-15,TIME_LIMIT,True,3600.0,42.77777777777778,214400000.0,26944000.0,87.4,mip_progress,False,results/paper_m4pro_fullmodes_2026-04-29/logs/gurobi/test/matpower_case3375wp_2017-11-15__warm_lazy_gru.log
matpower/case3375wp,WARM_LAZY_GRU,matpower/case3375wp/2017-11-15,1743.0,case3375wp,3375,2017-11-15,TIME_LIMIT,True,3600.0,48.416666666666664,214400000.0,29502000.0,86.2,mip_progress,False,results/paper_m4pro_fullmodes_2026-04-29/logs/gurobi/test/matpower_case3375wp_2017-11-15__warm_lazy_gru.log
matpower/case3375wp,WARM_LAZY_GRU,matpower/case3375wp/2017-11-15,1774.0,case3375wp,3375,2017-11-15,TIME_LIMIT,True,3600.0,49.27777777777778,214400000.0,29507000.0,86.2,mip_progress,False,results/paper_m4pro_fullmodes_2026-04-29/logs/gurobi/test/matpower_case3375wp_2017-11-15__warm_lazy_gru.log
matpower/case3375wp,WARM_LAZY_GRU,matpower/case3375wp/2017-11-15,1827.0,case3375wp,3375,2017-11-15,TIME_LIMIT,True,3600.0,50.75,214400000.0,29677000.0,86.2,mip_progress,False,results/paper_m4pro_fullmodes_2026-04-29/logs/gurobi/test/matpower_case3375wp_2017-11-15__warm_lazy_gru.log
matpower/case3375wp,WARM_LAZY_GRU,matpower/case3375wp/2017-11-15,1832.0,case3375wp,3375,2017-11-15,TIME_LIMIT,True,3600.0,50.888888888888886,214400000.0,29680000.0,86.2,mip_progress,False,results/paper_m4pro_fullmodes_2026-04-29/logs/gurobi/test/matpower_case3375wp_2017-11-15__warm_lazy_gru.log
matpower/case3375wp,WARM_LAZY_GRU,matpower/case3375wp/2017-11-15,1833.0,case3375wp,3375,2017-11-15,TIME_LIMIT,True,3600.0,50.916666666666664,214400000.0,29680000.0,86.2,mip_progress,False,results/paper_m4pro_fullmodes_2026-04-29/logs/gurobi/test/matpower_case3375wp_2017-11-15__warm_lazy_gru.log
matpower/case3375wp,WARM_LAZY_GRU,matpower/case3375wp/2017-11-15,1851.0,case3375wp,3375,2017-11-15,TIME_LIMIT,True,3600.0,51.416666666666664,214400000.0,29689000.0,86.2,mip_progress,False,results/paper_m4pro_fullmodes_2026-04-29/logs/gurobi/test/matpower_case3375wp_2017-11-15__warm_lazy_gru.log
matpower/case3375wp,WARM_LAZY_GRU,matpower/case3375wp/2017-11-15,1928.0,case3375wp,3375,2017-11-15,TIME_LIMIT,True,3600.0,53.55555555555556,214400000.0,29704000.0,86.1,mip_progress,False,results/paper_m4pro_fullmodes_2026-04-29/logs/gurobi/test/matpower_case3375wp_2017-11-15__warm_lazy_gru.log
matpower/case3375wp,WARM_LAZY_GRU,matpower/case3375wp/2017-11-15,2006.0,case3375wp,3375,2017-11-15,TIME_LIMIT,True,3600.0,55.72222222222222,214400000.0,29704000.0,86.1,mip_progress,False,results/paper_m4pro_fullmodes_2026-04-29/logs/gurobi/test/matpower_case3375wp_2017-11-15__warm_lazy_gru.log
matpower/case3375wp,WARM_LAZY_GRU,matpower/case3375wp/2017-11-15,2079.0,case3375wp,3375,2017-11-15,TIME_LIMIT,True,3600.0,57.75,137510400.0,29704000.0,78.4,mip_progress,True,results/paper_m4pro_fullmodes_2026-04-29/logs/gurobi/test/matpower_case3375wp_2017-11-15__warm_lazy_gru.log
matpower/case3375wp,WARM_LAZY_GRU,matpower/case3375wp/2017-11-15,2099.0,case3375wp,3375,2017-11-15,TIME_LIMIT,True,3600.0,58.30555555555556,137510000.0,29751000.0,78.4,mip_progress,False,results/paper_m4pro_fullmodes_2026-04-29/logs/gurobi/test/matpower_case3375wp_2017-11-15__warm_lazy_gru.log
matpower/case3375wp,WARM_LAZY_GRU,matpower/case3375wp/2017-11-15,2101.0,case3375wp,3375,2017-11-15,TIME_LIMIT,True,3600.0,58.361111111111114,137510000.0,29751000.0,78.4,mip_progress,False,results/paper_m4pro_fullmodes_2026-04-29/logs/gurobi/test/matpower_case3375wp_2017-11-15__warm_lazy_gru.log
matpower/case3375wp,WARM_LAZY_GRU,matpower/case3375wp/2017-11-15,2111.0,case3375wp,3375,2017-11-15,TIME_LIMIT,True,3600.0,58.638888888888886,137510000.0,29751000.0,78.4,mip_progress,False,results/paper_m4pro_fullmodes_2026-04-29/logs/gurobi/test/matpower_case3375wp_2017-11-15__warm_lazy_gru.log
matpower/case3375wp,WARM_LAZY_GRU,matpower/case3375wp/2017-11-15,2118.0,case3375wp,3375,2017-11-15,TIME_LIMIT,True,3600.0,58.833333333333336,137510000.0,29758000.0,78.4,mip_progress,False,results/paper_m4pro_fullmodes_2026-04-29/logs/gurobi/test/matpower_case3375wp_2017-11-15__warm_lazy_gru.log
matpower/case3375wp,WARM_LAZY_GRU,matpower/case3375wp/2017-11-15,2120.0,case3375wp,3375,2017-11-15,TIME_LIMIT,True,3600.0,58.888888888888886,137510000.0,29758000.0,78.4,mip_progress,False,results/paper_m4pro_fullmodes_2026-04-29/logs/gurobi/test/matpower_case3375wp_2017-11-15__warm_lazy_gru.log
matpower/case3375wp,WARM_LAZY_GRU,matpower/case3375wp/2017-11-15,2122.0,case3375wp,3375,2017-11-15,TIME_LIMIT,True,3600.0,58.94444444444444,137510000.0,29758000.0,78.4,mip_progress,False,results/paper_m4pro_fullmodes_2026-04-29/logs/gurobi/test/matpower_case3375wp_2017-11-15__warm_lazy_gru.log
matpower/case3375wp,WARM_LAZY_GRU,matpower/case3375wp/2017-11-15,2126.0,case3375wp,3375,2017-11-15,TIME_LIMIT,True,3600.0,59.05555555555556,137510000.0,29758000.0,78.4,mip_progress,False,results/paper_m4pro_fullmodes_2026-04-29/logs/gurobi/test/matpower_case3375wp_2017-11-15__warm_lazy_gru.log
matpower/case3375wp,WARM_LAZY_GRU,matpower/case3375wp/2017-11-15,2201.0,case3375wp,3375,2017-11-15,TIME_LIMIT,True,3600.0,61.138888888888886,137510000.0,29758000.0,78.4,mip_progress,False,results/paper_m4pro_fullmodes_2026-04-29/logs/gurobi/test/matpower_case3375wp_2017-11-15__warm_lazy_gru.log
matpower/case3375wp,WARM_LAZY_GRU,matpower/case3375wp/2017-11-15,2274.0,case3375wp,3375,2017-11-15,TIME_LIMIT,True,3600.0,63.166666666666664,137510000.0,29826000.0,78.3,mip_progress,False,results/paper_m4pro_fullmodes_2026-04-29/logs/gurobi/test/matpower_case3375wp_2017-11-15__warm_lazy_gru.log
matpower/case3375wp,WARM_LAZY_GRU,matpower/case3375wp/2017-11-15,2284.0,case3375wp,3375,2017-11-15,TIME_LIMIT,True,3600.0,63.44444444444444,137510000.0,29845000.0,78.3,mip_progress,False,results/paper_m4pro_fullmodes_2026-04-29/logs/gurobi/test/matpower_case3375wp_2017-11-15__warm_lazy_gru.log
matpower/case3375wp,WARM_LAZY_GRU,matpower/case3375wp/2017-11-15,2311.0,case3375wp,3375,2017-11-15,TIME_LIMIT,True,3600.0,64.19444444444444,137510000.0,29845000.0,78.3,mip_progress,False,results/paper_m4pro_fullmodes_2026-04-29/logs/gurobi/test/matpower_case3375wp_2017-11-15__warm_lazy_gru.log
matpower/case3375wp,WARM_LAZY_GRU,matpower/case3375wp/2017-11-15,2329.0,case3375wp,3375,2017-11-15,TIME_LIMIT,True,3600.0,64.69444444444444,137510000.0,29845000.0,78.3,mip_progress,False,results/paper_m4pro_fullmodes_2026-04-29/logs/gurobi/test/matpower_case3375wp_2017-11-15__warm_lazy_gru.log
matpower/case3375wp,WARM_LAZY_GRU,matpower/case3375wp/2017-11-15,2397.0,case3375wp,3375,2017-11-15,TIME_LIMIT,True,3600.0,66.58333333333333,137510000.0,29862000.0,78.3,mip_progress,False,results/paper_m4pro_fullmodes_2026-04-29/logs/gurobi/test/matpower_case3375wp_2017-11-15__warm_lazy_gru.log
matpower/case3375wp,WARM_LAZY_GRU,matpower/case3375wp/2017-11-15,2474.0,case3375wp,3375,2017-11-15,TIME_LIMIT,True,3600.0,68.72222222222223,137510000.0,29899000.0,78.3,mip_progress,False,results/paper_m4pro_fullmodes_2026-04-29/logs/gurobi/test/matpower_case3375wp_2017-11-15__warm_lazy_gru.log
matpower/case3375wp,WARM_LAZY_GRU,matpower/case3375wp/2017-11-15,2528.0,case3375wp,3375,2017-11-15,TIME_LIMIT,True,3600.0,70.22222222222223,137510000.0,29899000.0,78.3,mip_progress,False,results/paper_m4pro_fullmodes_2026-04-29/logs/gurobi/test/matpower_case3375wp_2017-11-15__warm_lazy_gru.log
matpower/case3375wp,WARM_LAZY_GRU,matpower/case3375wp/2017-11-15,2578.0,case3375wp,3375,2017-11-15,TIME_LIMIT,True,3600.0,71.61111111111111,137510000.0,29899000.0,78.3,mip_progress,False,results/paper_m4pro_fullmodes_2026-04-29/logs/gurobi/test/matpower_case3375wp_2017-11-15__warm_lazy_gru.log
matpower/case3375wp,WARM_LAZY_GRU,matpower/case3375wp/2017-11-15,2631.0,case3375wp,3375,2017-11-15,TIME_LIMIT,True,3600.0,73.08333333333333,137510000.0,29899000.0,78.3,mip_progress,False,results/paper_m4pro_fullmodes_2026-04-29/logs/gurobi/test/matpower_case3375wp_2017-11-15__warm_lazy_gru.log
matpower/case3375wp,WARM_LAZY_GRU,matpower/case3375wp/2017-11-15,2698.0,case3375wp,3375,2017-11-15,TIME_LIMIT,True,3600.0,74.94444444444444,137510000.0,29899000.0,78.3,mip_progress,False,results/paper_m4pro_fullmodes_2026-04-29/logs/gurobi/test/matpower_case3375wp_2017-11-15__warm_lazy_gru.log
matpower/case3375wp,WARM_LAZY_GRU,matpower/case3375wp/2017-11-15,2778.0,case3375wp,3375,2017-11-15,TIME_LIMIT,True,3600.0,77.16666666666667,137510000.0,29899000.0,78.3,mip_progress,False,results/paper_m4pro_fullmodes_2026-04-29/logs/gurobi/test/matpower_case3375wp_2017-11-15__warm_lazy_gru.log
matpower/case3375wp,WARM_LAZY_GRU,matpower/case3375wp/2017-11-15,2901.0,case3375wp,3375,2017-11-15,TIME_LIMIT,True,3600.0,80.58333333333333,137510000.0,29899000.0,78.3,mip_progress,False,results/paper_m4pro_fullmodes_2026-04-29/logs/gurobi/test/matpower_case3375wp_2017-11-15__warm_lazy_gru.log
matpower/case3375wp,WARM_LAZY_GRU,matpower/case3375wp/2017-11-15,2973.0,case3375wp,3375,2017-11-15,TIME_LIMIT,True,3600.0,82.58333333333333,137510000.0,29899000.0,78.3,mip_progress,False,results/paper_m4pro_fullmodes_2026-04-29/logs/gurobi/test/matpower_case3375wp_2017-11-15__warm_lazy_gru.log
matpower/case3375wp,WARM_LAZY_GRU,matpower/case3375wp/2017-11-15,3038.0,case3375wp,3375,2017-11-15,TIME_LIMIT,True,3600.0,84.38888888888889,137510000.0,29899000.0,78.3,mip_progress,False,results/paper_m4pro_fullmodes_2026-04-29/logs/gurobi/test/matpower_case3375wp_2017-11-15__warm_lazy_gru.log
matpower/case3375wp,WARM_LAZY_GRU,matpower/case3375wp/2017-11-15,3103.0,case3375wp,3375,2017-11-15,TIME_LIMIT,True,3600.0,86.19444444444444,137510000.0,29899000.0,78.3,mip_progress,False,results/paper_m4pro_fullmodes_2026-04-29/logs/gurobi/test/matpower_case3375wp_2017-11-15__warm_lazy_gru.log
matpower/case3375wp,WARM_LAZY_GRU,matpower/case3375wp/2017-11-15,3223.0,case3375wp,3375,2017-11-15,TIME_LIMIT,True,3600.0,89.52777777777777,137510000.0,29899000.0,78.3,mip_progress,False,results/paper_m4pro_fullmodes_2026-04-29/logs/gurobi/test/matpower_case3375wp_2017-11-15__warm_lazy_gru.log
matpower/case3375wp,WARM_LAZY_GRU,matpower/case3375wp/2017-11-15,3286.0,case3375wp,3375,2017-11-15,TIME_LIMIT,True,3600.0,91.27777777777777,137510000.0,29899000.0,78.3,mip_progress,False,results/paper_m4pro_fullmodes_2026-04-29/logs/gurobi/test/matpower_case3375wp_2017-11-15__warm_lazy_gru.log
matpower/case3375wp,WARM_LAZY_GRU,matpower/case3375wp/2017-11-15,3358.0,case3375wp,3375,2017-11-15,TIME_LIMIT,True,3600.0,93.27777777777777,137510000.0,29899000.0,78.3,mip_progress,False,results/paper_m4pro_fullmodes_2026-04-29/logs/gurobi/test/matpower_case3375wp_2017-11-15__warm_lazy_gru.log
matpower/case3375wp,WARM_LAZY_GRU,matpower/case3375wp/2017-11-15,3435.0,case3375wp,3375,2017-11-15,TIME_LIMIT,True,3600.0,95.41666666666667,137510000.0,29899000.0,78.3,mip_progress,False,results/paper_m4pro_fullmodes_2026-04-29/logs/gurobi/test/matpower_case3375wp_2017-11-15__warm_lazy_gru.log
matpower/case3375wp,WARM_LAZY_GRU,matpower/case3375wp/2017-11-15,3529.0,case3375wp,3375,2017-11-15,TIME_LIMIT,True,3600.0,98.02777777777777,137510000.0,29899000.0,78.3,mip_progress,False,results/paper_m4pro_fullmodes_2026-04-29/logs/gurobi/test/matpower_case3375wp_2017-11-15__warm_lazy_gru.log
matpower/case3375wp,WARM_LAZY_GRU,matpower/case3375wp/2017-11-15,3594.0,case3375wp,3375,2017-11-15,TIME_LIMIT,True,3600.0,99.83333333333333,137510000.0,29899000.0,78.3,mip_progress,False,results/paper_m4pro_fullmodes_2026-04-29/logs/gurobi/test/matpower_case3375wp_2017-11-15__warm_lazy_gru.log
matpower/case3375wp,WARM_LAZY_GRU,matpower/case3375wp/2017-11-15,3801.670594,case3375wp,3375,2017-11-15,TIME_LIMIT,True,3600.0,105.60196094444446,,,78.256859,result_final,False,results/paper_m4pro_fullmodes_2026-04-29/logs/gurobi/test/matpower_case3375wp_2017-11-15__warm_lazy_gru.log
matpower/case3375wp,WARM_PRUNE_LAZY_T030,matpower/case3375wp/2017-01-15,1332.0,case3375wp,3375,2017-01-15,TIME_LIMIT,False,3600.0,37.0,237848200.0,25069000.0,89.5,mip_progress,True,results/paper_m4pro_fullmodes_2026-04-29/logs/gurobi/test/matpower_case3375wp_2017-01-15__warm_prune_lazy_t030.log
matpower/case3375wp,WARM_PRUNE_LAZY_T030,matpower/case3375wp/2017-01-15,1362.0,case3375wp,3375,2017-01-15,TIME_LIMIT,False,3600.0,37.833333333333336,237850000.0,30796000.0,87.1,mip_progress,False,results/paper_m4pro_fullmodes_2026-04-29/logs/gurobi/test/matpower_case3375wp_2017-01-15__warm_prune_lazy_t030.log
matpower/case3375wp,WARM_PRUNE_LAZY_T030,matpower/case3375wp/2017-01-15,1365.0,case3375wp,3375,2017-01-15,TIME_LIMIT,False,3600.0,37.916666666666664,237847500.0,30796000.0,87.1,mip_progress,True,results/paper_m4pro_fullmodes_2026-04-29/logs/gurobi/test/matpower_case3375wp_2017-01-15__warm_prune_lazy_t030.log
matpower/case3375wp,WARM_PRUNE_LAZY_T030,matpower/case3375wp/2017-01-15,1559.0,case3375wp,3375,2017-01-15,TIME_LIMIT,False,3600.0,43.30555555555556,237850000.0,34683000.0,85.4,mip_progress,False,results/paper_m4pro_fullmodes_2026-04-29/logs/gurobi/test/matpower_case3375wp_2017-01-15__warm_prune_lazy_t030.log
matpower/case3375wp,WARM_PRUNE_LAZY_T030,matpower/case3375wp/2017-01-15,1607.0,case3375wp,3375,2017-01-15,TIME_LIMIT,False,3600.0,44.638888888888886,237850000.0,34683000.0,85.4,mip_progress,False,results/paper_m4pro_fullmodes_2026-04-29/logs/gurobi/test/matpower_case3375wp_2017-01-15__warm_prune_lazy_t030.log
matpower/case3375wp,WARM_PRUNE_LAZY_T030,matpower/case3375wp/2017-01-15,1663.0,case3375wp,3375,2017-01-15,TIME_LIMIT,False,3600.0,46.19444444444444,237850000.0,34840000.0,85.4,mip_progress,False,results/paper_m4pro_fullmodes_2026-04-29/logs/gurobi/test/matpower_case3375wp_2017-01-15__warm_prune_lazy_t030.log
matpower/case3375wp,WARM_PRUNE_LAZY_T030,matpower/case3375wp/2017-01-15,1667.0,case3375wp,3375,2017-01-15,TIME_LIMIT,False,3600.0,46.30555555555556,237850000.0,34840000.0,85.4,mip_progress,False,results/paper_m4pro_fullmodes_2026-04-29/logs/gurobi/test/matpower_case3375wp_2017-01-15__warm_prune_lazy_t030.log
matpower/case3375wp,WARM_PRUNE_LAZY_T030,matpower/case3375wp/2017-01-15,1725.0,case3375wp,3375,2017-01-15,TIME_LIMIT,False,3600.0,47.916666666666664,237850000.0,35135000.0,85.2,mip_progress,False,results/paper_m4pro_fullmodes_2026-04-29/logs/gurobi/test/matpower_case3375wp_2017-01-15__warm_prune_lazy_t030.log
matpower/case3375wp,WARM_PRUNE_LAZY_T030,matpower/case3375wp/2017-01-15,1770.0,case3375wp,3375,2017-01-15,TIME_LIMIT,False,3600.0,49.166666666666664,237850000.0,35136000.0,85.2,mip_progress,False,results/paper_m4pro_fullmodes_2026-04-29/logs/gurobi/test/matpower_case3375wp_2017-01-15__warm_prune_lazy_t030.log
matpower/case3375wp,WARM_PRUNE_LAZY_T030,matpower/case3375wp/2017-01-15,1823.0,case3375wp,3375,2017-01-15,TIME_LIMIT,False,3600.0,50.638888888888886,237850000.0,35136000.0,85.2,mip_progress,False,results/paper_m4pro_fullmodes_2026-04-29/logs/gurobi/test/matpower_case3375wp_2017-01-15__warm_prune_lazy_t030.log
matpower/case3375wp,WARM_PRUNE_LAZY_T030,matpower/case3375wp/2017-01-15,1872.0,case3375wp,3375,2017-01-15,TIME_LIMIT,False,3600.0,52.0,237850000.0,35136000.0,85.2,mip_progress,False,results/paper_m4pro_fullmodes_2026-04-29/logs/gurobi/test/matpower_case3375wp_2017-01-15__warm_prune_lazy_t030.log
matpower/case3375wp,WARM_PRUNE_LAZY_T030,matpower/case3375wp/2017-01-15,1914.0,case3375wp,3375,2017-01-15,TIME_LIMIT,False,3600.0,53.166666666666664,237419500.0,35136000.0,85.2,mip_progress,True,results/paper_m4pro_fullmodes_2026-04-29/logs/gurobi/test/matpower_case3375wp_2017-01-15__warm_prune_lazy_t030.log
matpower/case3375wp,WARM_PRUNE_LAZY_T030,matpower/case3375wp/2017-01-15,1918.0,case3375wp,3375,2017-01-15,TIME_LIMIT,False,3600.0,53.27777777777778,237416800.0,35136000.0,85.2,mip_progress,True,results/paper_m4pro_fullmodes_2026-04-29/logs/gurobi/test/matpower_case3375wp_2017-01-15__warm_prune_lazy_t030.log
matpower/case3375wp,WARM_PRUNE_LAZY_T030,matpower/case3375wp/2017-01-15,1955.0,case3375wp,3375,2017-01-15,TIME_LIMIT,False,3600.0,54.30555555555556,237420000.0,35456000.0,85.1,mip_progress,False,results/paper_m4pro_fullmodes_2026-04-29/logs/gurobi/test/matpower_case3375wp_2017-01-15__warm_prune_lazy_t030.log
matpower/case3375wp,WARM_PRUNE_LAZY_T030,matpower/case3375wp/2017-01-15,1958.0,case3375wp,3375,2017-01-15,TIME_LIMIT,False,3600.0,54.388888888888886,237420000.0,35457000.0,85.1,mip_progress,False,results/paper_m4pro_fullmodes_2026-04-29/logs/gurobi/test/matpower_case3375wp_2017-01-15__warm_prune_lazy_t030.log
matpower/case3375wp,WARM_PRUNE_LAZY_T030,matpower/case3375wp/2017-01-15,1978.0,case3375wp,3375,2017-01-15,TIME_LIMIT,False,3600.0,54.94444444444444,237420000.0,35459000.0,85.1,mip_progress,False,results/paper_m4pro_fullmodes_2026-04-29/logs/gurobi/test/matpower_case3375wp_2017-01-15__warm_prune_lazy_t030.log
matpower/case3375wp,WARM_PRUNE_LAZY_T030,matpower/case3375wp/2017-01-15,1991.0,case3375wp,3375,2017-01-15,TIME_LIMIT,False,3600.0,55.30555555555556,237420000.0,35459000.0,85.1,mip_progress,False,results/paper_m4pro_fullmodes_2026-04-29/logs/gurobi/test/matpower_case3375wp_2017-01-15__warm_prune_lazy_t030.log
matpower/case3375wp,WARM_PRUNE_LAZY_T030,matpower/case3375wp/2017-01-15,1995.0,case3375wp,3375,2017-01-15,TIME_LIMIT,False,3600.0,55.416666666666664,237420000.0,35459000.0,85.1,mip_progress,False,results/paper_m4pro_fullmodes_2026-04-29/logs/gurobi/test/matpower_case3375wp_2017-01-15__warm_prune_lazy_t030.log
matpower/case3375wp,WARM_PRUNE_LAZY_T030,matpower/case3375wp/2017-01-15,2000.0,case3375wp,3375,2017-01-15,TIME_LIMIT,False,3600.0,55.55555555555556,237420000.0,35459000.0,85.1,mip_progress,False,results/paper_m4pro_fullmodes_2026-04-29/logs/gurobi/test/matpower_case3375wp_2017-01-15__warm_prune_lazy_t030.log
matpower/case3375wp,WARM_PRUNE_LAZY_T030,matpower/case3375wp/2017-01-15,2050.0,case3375wp,3375,2017-01-15,TIME_LIMIT,False,3600.0,56.94444444444444,237420000.0,35459000.0,85.1,mip_progress,False,results/paper_m4pro_fullmodes_2026-04-29/logs/gurobi/test/matpower_case3375wp_2017-01-15__warm_prune_lazy_t030.log
matpower/case3375wp,WARM_PRUNE_LAZY_T030,matpower/case3375wp/2017-01-15,2107.0,case3375wp,3375,2017-01-15,TIME_LIMIT,False,3600.0,58.52777777777778,237420000.0,35459000.0,85.1,mip_progress,False,results/paper_m4pro_fullmodes_2026-04-29/logs/gurobi/test/matpower_case3375wp_2017-01-15__warm_prune_lazy_t030.log
matpower/case3375wp,WARM_PRUNE_LAZY_T030,matpower/case3375wp/2017-01-15,2186.0,case3375wp,3375,2017-01-15,TIME_LIMIT,False,3600.0,60.72222222222222,237420000.0,35594000.0,85.0,mip_progress,False,results/paper_m4pro_fullmodes_2026-04-29/logs/gurobi/test/matpower_case3375wp_2017-01-15__warm_prune_lazy_t030.log
matpower/case3375wp,WARM_PRUNE_LAZY_T030,matpower/case3375wp/2017-01-15,2196.0,case3375wp,3375,2017-01-15,TIME_LIMIT,False,3600.0,61.0,237420000.0,35597000.0,85.0,mip_progress,False,results/paper_m4pro_fullmodes_2026-04-29/logs/gurobi/test/matpower_case3375wp_2017-01-15__warm_prune_lazy_t030.log
matpower/case3375wp,WARM_PRUNE_LAZY_T030,matpower/case3375wp/2017-01-15,2243.0,case3375wp,3375,2017-01-15,TIME_LIMIT,False,3600.0,62.30555555555556,237420000.0,35597000.0,85.0,mip_progress,False,results/paper_m4pro_fullmodes_2026-04-29/logs/gurobi/test/matpower_case3375wp_2017-01-15__warm_prune_lazy_t030.log
matpower/case3375wp,WARM_PRUNE_LAZY_T030,matpower/case3375wp/2017-01-15,2269.0,case3375wp,3375,2017-01-15,TIME_LIMIT,False,3600.0,63.02777777777778,237420000.0,35615000.0,85.0,mip_progress,False,results/paper_m4pro_fullmodes_2026-04-29/logs/gurobi/test/matpower_case3375wp_2017-01-15__warm_prune_lazy_t030.log
matpower/case3375wp,WARM_PRUNE_LAZY_T030,matpower/case3375wp/2017-01-15,2300.0,case3375wp,3375,2017-01-15,TIME_LIMIT,False,3600.0,63.888888888888886,237420000.0,35639000.0,85.0,mip_progress,False,results/paper_m4pro_fullmodes_2026-04-29/logs/gurobi/test/matpower_case3375wp_2017-01-15__warm_prune_lazy_t030.log
matpower/case3375wp,WARM_PRUNE_LAZY_T030,matpower/case3375wp/2017-01-15,2349.0,case3375wp,3375,2017-01-15,TIME_LIMIT,False,3600.0,65.25,237420000.0,35639000.0,85.0,mip_progress,False,results/paper_m4pro_fullmodes_2026-04-29/logs/gurobi/test/matpower_case3375wp_2017-01-15__warm_prune_lazy_t030.log
matpower/case3375wp,WARM_PRUNE_LAZY_T030,matpower/case3375wp/2017-01-15,2413.0,case3375wp,3375,2017-01-15,TIME_LIMIT,False,3600.0,67.02777777777777,237420000.0,35639000.0,85.0,mip_progress,False,results/paper_m4pro_fullmodes_2026-04-29/logs/gurobi/test/matpower_case3375wp_2017-01-15__warm_prune_lazy_t030.log
matpower/case3375wp,WARM_PRUNE_LAZY_T030,matpower/case3375wp/2017-01-15,2466.0,case3375wp,3375,2017-01-15,TIME_LIMIT,False,3600.0,68.5,237420000.0,35639000.0,85.0,mip_progress,False,results/paper_m4pro_fullmodes_2026-04-29/logs/gurobi/test/matpower_case3375wp_2017-01-15__warm_prune_lazy_t030.log
matpower/case3375wp,WARM_PRUNE_LAZY_T030,matpower/case3375wp/2017-01-15,2518.0,case3375wp,3375,2017-01-15,TIME_LIMIT,False,3600.0,69.94444444444444,237420000.0,35639000.0,85.0,mip_progress,False,results/paper_m4pro_fullmodes_2026-04-29/logs/gurobi/test/matpower_case3375wp_2017-01-15__warm_prune_lazy_t030.log
matpower/case3375wp,WARM_PRUNE_LAZY_T030,matpower/case3375wp/2017-01-15,2584.0,case3375wp,3375,2017-01-15,TIME_LIMIT,False,3600.0,71.77777777777777,237420000.0,35731000.0,85.0,mip_progress,False,results/paper_m4pro_fullmodes_2026-04-29/logs/gurobi/test/matpower_case3375wp_2017-01-15__warm_prune_lazy_t030.log
matpower/case3375wp,WARM_PRUNE_LAZY_T030,matpower/case3375wp/2017-01-15,2592.0,case3375wp,3375,2017-01-15,TIME_LIMIT,False,3600.0,72.0,237420000.0,35731000.0,85.0,mip_progress,False,results/paper_m4pro_fullmodes_2026-04-29/logs/gurobi/test/matpower_case3375wp_2017-01-15__warm_prune_lazy_t030.log
matpower/case3375wp,WARM_PRUNE_LAZY_T030,matpower/case3375wp/2017-01-15,2657.0,case3375wp,3375,2017-01-15,TIME_LIMIT,False,3600.0,73.80555555555556,237420000.0,35731000.0,85.0,mip_progress,False,results/paper_m4pro_fullmodes_2026-04-29/logs/gurobi/test/matpower_case3375wp_2017-01-15__warm_prune_lazy_t030.log
matpower/case3375wp,WARM_PRUNE_LAZY_T030,matpower/case3375wp/2017-01-15,2709.0,case3375wp,3375,2017-01-15,TIME_LIMIT,False,3600.0,75.25,237420000.0,35731000.0,85.0,mip_progress,False,results/paper_m4pro_fullmodes_2026-04-29/logs/gurobi/test/matpower_case3375wp_2017-01-15__warm_prune_lazy_t030.log
matpower/case3375wp,WARM_PRUNE_LAZY_T030,matpower/case3375wp/2017-01-15,2714.0,case3375wp,3375,2017-01-15,TIME_LIMIT,False,3600.0,75.38888888888889,207339800.0,35731000.0,82.8,mip_progress,True,results/paper_m4pro_fullmodes_2026-04-29/logs/gurobi/test/matpower_case3375wp_2017-01-15__warm_prune_lazy_t030.log
matpower/case3375wp,WARM_PRUNE_LAZY_T030,matpower/case3375wp/2017-01-15,2781.0,case3375wp,3375,2017-01-15,TIME_LIMIT,False,3600.0,77.25,207340000.0,35731000.0,82.8,mip_progress,False,results/paper_m4pro_fullmodes_2026-04-29/logs/gurobi/test/matpower_case3375wp_2017-01-15__warm_prune_lazy_t030.log
matpower/case3375wp,WARM_PRUNE_LAZY_T030,matpower/case3375wp/2017-01-15,2845.0,case3375wp,3375,2017-01-15,TIME_LIMIT,False,3600.0,79.02777777777777,207340000.0,35731000.0,82.8,mip_progress,False,results/paper_m4pro_fullmodes_2026-04-29/logs/gurobi/test/matpower_case3375wp_2017-01-15__warm_prune_lazy_t030.log
matpower/case3375wp,WARM_PRUNE_LAZY_T030,matpower/case3375wp/2017-01-15,2912.0,case3375wp,3375,2017-01-15,TIME_LIMIT,False,3600.0,80.88888888888889,207340000.0,35731000.0,82.8,mip_progress,False,results/paper_m4pro_fullmodes_2026-04-29/logs/gurobi/test/matpower_case3375wp_2017-01-15__warm_prune_lazy_t030.log
matpower/case3375wp,WARM_PRUNE_LAZY_T030,matpower/case3375wp/2017-01-15,2967.0,case3375wp,3375,2017-01-15,TIME_LIMIT,False,3600.0,82.41666666666667,207340000.0,35731000.0,82.8,mip_progress,False,results/paper_m4pro_fullmodes_2026-04-29/logs/gurobi/test/matpower_case3375wp_2017-01-15__warm_prune_lazy_t030.log
matpower/case3375wp,WARM_PRUNE_LAZY_T030,matpower/case3375wp/2017-01-15,2971.0,case3375wp,3375,2017-01-15,TIME_LIMIT,False,3600.0,82.52777777777777,207340000.0,35731000.0,82.8,mip_progress,False,results/paper_m4pro_fullmodes_2026-04-29/logs/gurobi/test/matpower_case3375wp_2017-01-15__warm_prune_lazy_t030.log
matpower/case3375wp,WARM_PRUNE_LAZY_T030,matpower/case3375wp/2017-01-15,3038.0,case3375wp,3375,2017-01-15,TIME_LIMIT,False,3600.0,84.38888888888889,207340000.0,35731000.0,82.8,mip_progress,False,results/paper_m4pro_fullmodes_2026-04-29/logs/gurobi/test/matpower_case3375wp_2017-01-15__warm_prune_lazy_t030.log
matpower/case3375wp,WARM_PRUNE_LAZY_T030,matpower/case3375wp/2017-01-15,3095.0,case3375wp,3375,2017-01-15,TIME_LIMIT,False,3600.0,85.97222222222223,207340000.0,35731000.0,82.8,mip_progress,False,results/paper_m4pro_fullmodes_2026-04-29/logs/gurobi/test/matpower_case3375wp_2017-01-15__warm_prune_lazy_t030.log
matpower/case3375wp,WARM_PRUNE_LAZY_T030,matpower/case3375wp/2017-01-15,3099.0,case3375wp,3375,2017-01-15,TIME_LIMIT,False,3600.0,86.08333333333333,160900300.0,35731000.0,77.8,mip_progress,True,results/paper_m4pro_fullmodes_2026-04-29/logs/gurobi/test/matpower_case3375wp_2017-01-15__warm_prune_lazy_t030.log
matpower/case3375wp,WARM_PRUNE_LAZY_T030,matpower/case3375wp/2017-01-15,3158.0,case3375wp,3375,2017-01-15,TIME_LIMIT,False,3600.0,87.72222222222223,160900000.0,35731000.0,77.8,mip_progress,False,results/paper_m4pro_fullmodes_2026-04-29/logs/gurobi/test/matpower_case3375wp_2017-01-15__warm_prune_lazy_t030.log
matpower/case3375wp,WARM_PRUNE_LAZY_T030,matpower/case3375wp/2017-01-15,3211.0,case3375wp,3375,2017-01-15,TIME_LIMIT,False,3600.0,89.19444444444444,160900000.0,35731000.0,77.8,mip_progress,False,results/paper_m4pro_fullmodes_2026-04-29/logs/gurobi/test/matpower_case3375wp_2017-01-15__warm_prune_lazy_t030.log
matpower/case3375wp,WARM_PRUNE_LAZY_T030,matpower/case3375wp/2017-01-15,3263.0,case3375wp,3375,2017-01-15,TIME_LIMIT,False,3600.0,90.63888888888889,160900000.0,35731000.0,77.8,mip_progress,False,results/paper_m4pro_fullmodes_2026-04-29/logs/gurobi/test/matpower_case3375wp_2017-01-15__warm_prune_lazy_t030.log
matpower/case3375wp,WARM_PRUNE_LAZY_T030,matpower/case3375wp/2017-01-15,3341.0,case3375wp,3375,2017-01-15,TIME_LIMIT,False,3600.0,92.80555555555556,160900000.0,35731000.0,77.8,mip_progress,False,results/paper_m4pro_fullmodes_2026-04-29/logs/gurobi/test/matpower_case3375wp_2017-01-15__warm_prune_lazy_t030.log
matpower/case3375wp,WARM_PRUNE_LAZY_T030,matpower/case3375wp/2017-01-15,3399.0,case3375wp,3375,2017-01-15,TIME_LIMIT,False,3600.0,94.41666666666667,160900000.0,35731000.0,77.8,mip_progress,False,results/paper_m4pro_fullmodes_2026-04-29/logs/gurobi/test/matpower_case3375wp_2017-01-15__warm_prune_lazy_t030.log
matpower/case3375wp,WARM_PRUNE_LAZY_T030,matpower/case3375wp/2017-01-15,3450.0,case3375wp,3375,2017-01-15,TIME_LIMIT,False,3600.0,95.83333333333333,160900000.0,35731000.0,77.8,mip_progress,False,results/paper_m4pro_fullmodes_2026-04-29/logs/gurobi/test/matpower_case3375wp_2017-01-15__warm_prune_lazy_t030.log
matpower/case3375wp,WARM_PRUNE_LAZY_T030,matpower/case3375wp/2017-01-15,3510.0,case3375wp,3375,2017-01-15,TIME_LIMIT,False,3600.0,97.5,160900000.0,35731000.0,77.8,mip_progress,False,results/paper_m4pro_fullmodes_2026-04-29/logs/gurobi/test/matpower_case3375wp_2017-01-15__warm_prune_lazy_t030.log
matpower/case3375wp,WARM_PRUNE_LAZY_T030,matpower/case3375wp/2017-01-15,3573.0,case3375wp,3375,2017-01-15,TIME_LIMIT,False,3600.0,99.25,160900000.0,35731000.0,77.8,mip_progress,False,results/paper_m4pro_fullmodes_2026-04-29/logs/gurobi/test/matpower_case3375wp_2017-01-15__warm_prune_lazy_t030.log
matpower/case3375wp,WARM_PRUNE_LAZY_T030,matpower/case3375wp/2017-01-15,3600.0,case3375wp,3375,2017-01-15,TIME_LIMIT,False,3600.0,100.0,160900000.0,35731000.0,77.8,mip_progress,False,results/paper_m4pro_fullmodes_2026-04-29/logs/gurobi/test/matpower_case3375wp_2017-01-15__warm_prune_lazy_t030.log
matpower/case3375wp,WARM_PRUNE_LAZY_T030,matpower/case3375wp/2017-01-15,3852.265918,case3375wp,3375,2017-01-15,TIME_LIMIT,False,3600.0,107.00738661111112,,,77.793126,result_final,False,results/paper_m4pro_fullmodes_2026-04-29/logs/gurobi/test/matpower_case3375wp_2017-01-15__warm_prune_lazy_t030.log
matpower/case3375wp,WARM_PRUNE_LAZY_T030,matpower/case3375wp/2017-03-15,1456.0,case3375wp,3375,2017-03-15,TIME_LIMIT,False,3600.0,40.44444444444444,389024800.0,27145000.0,93.0,mip_progress,True,results/paper_m4pro_fullmodes_2026-04-29/logs/gurobi/test/matpower_case3375wp_2017-03-15__warm_prune_lazy_t030.log
matpower/case3375wp,WARM_PRUNE_LAZY_T030,matpower/case3375wp/2017-03-15,1822.0,case3375wp,3375,2017-03-15,TIME_LIMIT,False,3600.0,50.611111111111114,389020000.0,36492000.0,90.6,mip_progress,False,results/paper_m4pro_fullmodes_2026-04-29/logs/gurobi/test/matpower_case3375wp_2017-03-15__warm_prune_lazy_t030.log
matpower/case3375wp,WARM_PRUNE_LAZY_T030,matpower/case3375wp/2017-03-15,1864.0,case3375wp,3375,2017-03-15,TIME_LIMIT,False,3600.0,51.77777777777778,389020000.0,36493000.0,90.6,mip_progress,False,results/paper_m4pro_fullmodes_2026-04-29/logs/gurobi/test/matpower_case3375wp_2017-03-15__warm_prune_lazy_t030.log
matpower/case3375wp,WARM_PRUNE_LAZY_T030,matpower/case3375wp/2017-03-15,1914.0,case3375wp,3375,2017-03-15,TIME_LIMIT,False,3600.0,53.166666666666664,389020000.0,36493000.0,90.6,mip_progress,False,results/paper_m4pro_fullmodes_2026-04-29/logs/gurobi/test/matpower_case3375wp_2017-03-15__warm_prune_lazy_t030.log
matpower/case3375wp,WARM_PRUNE_LAZY_T030,matpower/case3375wp/2017-03-15,1966.0,case3375wp,3375,2017-03-15,TIME_LIMIT,False,3600.0,54.611111111111114,290546700.0,36493000.0,87.4,mip_progress,True,results/paper_m4pro_fullmodes_2026-04-29/logs/gurobi/test/matpower_case3375wp_2017-03-15__warm_prune_lazy_t030.log
matpower/case3375wp,WARM_PRUNE_LAZY_T030,matpower/case3375wp/2017-03-15,2086.0,case3375wp,3375,2017-03-15,TIME_LIMIT,False,3600.0,57.94444444444444,290550000.0,37313000.0,87.2,mip_progress,False,results/paper_m4pro_fullmodes_2026-04-29/logs/gurobi/test/matpower_case3375wp_2017-03-15__warm_prune_lazy_t030.log
matpower/case3375wp,WARM_PRUNE_LAZY_T030,matpower/case3375wp/2017-03-15,2094.0,case3375wp,3375,2017-03-15,TIME_LIMIT,False,3600.0,58.166666666666664,290550000.0,37317000.0,87.2,mip_progress,False,results/paper_m4pro_fullmodes_2026-04-29/logs/gurobi/test/matpower_case3375wp_2017-03-15__warm_prune_lazy_t030.log
matpower/case3375wp,WARM_PRUNE_LAZY_T030,matpower/case3375wp/2017-03-15,2150.0,case3375wp,3375,2017-03-15,TIME_LIMIT,False,3600.0,59.72222222222222,290550000.0,37501000.0,87.1,mip_progress,False,results/paper_m4pro_fullmodes_2026-04-29/logs/gurobi/test/matpower_case3375wp_2017-03-15__warm_prune_lazy_t030.log
matpower/case3375wp,WARM_PRUNE_LAZY_T030,matpower/case3375wp/2017-03-15,2155.0,case3375wp,3375,2017-03-15,TIME_LIMIT,False,3600.0,59.861111111111114,290550000.0,37502000.0,87.1,mip_progress,False,results/paper_m4pro_fullmodes_2026-04-29/logs/gurobi/test/matpower_case3375wp_2017-03-15__warm_prune_lazy_t030.log
matpower/case3375wp,WARM_PRUNE_LAZY_T030,matpower/case3375wp/2017-03-15,2202.0,case3375wp,3375,2017-03-15,TIME_LIMIT,False,3600.0,61.166666666666664,290550000.0,37703000.0,87.0,mip_progress,False,results/paper_m4pro_fullmodes_2026-04-29/logs/gurobi/test/matpower_case3375wp_2017-03-15__warm_prune_lazy_t030.log
matpower/case3375wp,WARM_PRUNE_LAZY_T030,matpower/case3375wp/2017-03-15,2208.0,case3375wp,3375,2017-03-15,TIME_LIMIT,False,3600.0,61.333333333333336,290550000.0,37703000.0,87.0,mip_progress,False,results/paper_m4pro_fullmodes_2026-04-29/logs/gurobi/test/matpower_case3375wp_2017-03-15__warm_prune_lazy_t030.log
matpower/case3375wp,WARM_PRUNE_LAZY_T030,matpower/case3375wp/2017-03-15,2222.0,case3375wp,3375,2017-03-15,TIME_LIMIT,False,3600.0,61.72222222222222,290550000.0,37704000.0,87.0,mip_progress,False,results/paper_m4pro_fullmodes_2026-04-29/logs/gurobi/test/matpower_case3375wp_2017-03-15__warm_prune_lazy_t030.log
matpower/case3375wp,WARM_PRUNE_LAZY_T030,matpower/case3375wp/2017-03-15,2226.0,case3375wp,3375,2017-03-15,TIME_LIMIT,False,3600.0,61.833333333333336,290550000.0,37704000.0,87.0,mip_progress,False,results/paper_m4pro_fullmodes_2026-04-29/logs/gurobi/test/matpower_case3375wp_2017-03-15__warm_prune_lazy_t030.log
matpower/case3375wp,WARM_PRUNE_LAZY_T030,matpower/case3375wp/2017-03-15,2271.0,case3375wp,3375,2017-03-15,TIME_LIMIT,False,3600.0,63.083333333333336,290550000.0,37734000.0,87.0,mip_progress,False,results/paper_m4pro_fullmodes_2026-04-29/logs/gurobi/test/matpower_case3375wp_2017-03-15__warm_prune_lazy_t030.log
matpower/case3375wp,WARM_PRUNE_LAZY_T030,matpower/case3375wp/2017-03-15,2388.0,case3375wp,3375,2017-03-15,TIME_LIMIT,False,3600.0,66.33333333333333,290550000.0,37822000.0,87.0,mip_progress,False,results/paper_m4pro_fullmodes_2026-04-29/logs/gurobi/test/matpower_case3375wp_2017-03-15__warm_prune_lazy_t030.log
matpower/case3375wp,WARM_PRUNE_LAZY_T030,matpower/case3375wp/2017-03-15,2405.0,case3375wp,3375,2017-03-15,TIME_LIMIT,False,3600.0,66.80555555555556,290550000.0,37822000.0,87.0,mip_progress,False,results/paper_m4pro_fullmodes_2026-04-29/logs/gurobi/test/matpower_case3375wp_2017-03-15__warm_prune_lazy_t030.log
matpower/case3375wp,WARM_PRUNE_LAZY_T030,matpower/case3375wp/2017-03-15,2426.0,case3375wp,3375,2017-03-15,TIME_LIMIT,False,3600.0,67.38888888888889,290550000.0,37822000.0,87.0,mip_progress,False,results/paper_m4pro_fullmodes_2026-04-29/logs/gurobi/test/matpower_case3375wp_2017-03-15__warm_prune_lazy_t030.log
matpower/case3375wp,WARM_PRUNE_LAZY_T030,matpower/case3375wp/2017-03-15,2471.0,case3375wp,3375,2017-03-15,TIME_LIMIT,False,3600.0,68.63888888888889,290550000.0,37859000.0,87.0,mip_progress,False,results/paper_m4pro_fullmodes_2026-04-29/logs/gurobi/test/matpower_case3375wp_2017-03-15__warm_prune_lazy_t030.log
matpower/case3375wp,WARM_PRUNE_LAZY_T030,matpower/case3375wp/2017-03-15,2509.0,case3375wp,3375,2017-03-15,TIME_LIMIT,False,3600.0,69.69444444444444,290550000.0,37887000.0,87.0,mip_progress,False,results/paper_m4pro_fullmodes_2026-04-29/logs/gurobi/test/matpower_case3375wp_2017-03-15__warm_prune_lazy_t030.log
matpower/case3375wp,WARM_PRUNE_LAZY_T030,matpower/case3375wp/2017-03-15,2545.0,case3375wp,3375,2017-03-15,TIME_LIMIT,False,3600.0,70.69444444444444,290550000.0,37888000.0,87.0,mip_progress,False,results/paper_m4pro_fullmodes_2026-04-29/logs/gurobi/test/matpower_case3375wp_2017-03-15__warm_prune_lazy_t030.log
matpower/case3375wp,WARM_PRUNE_LAZY_T030,matpower/case3375wp/2017-03-15,2584.0,case3375wp,3375,2017-03-15,TIME_LIMIT,False,3600.0,71.77777777777777,290550000.0,37888000.0,87.0,mip_progress,False,results/paper_m4pro_fullmodes_2026-04-29/logs/gurobi/test/matpower_case3375wp_2017-03-15__warm_prune_lazy_t030.log
matpower/case3375wp,WARM_PRUNE_LAZY_T030,matpower/case3375wp/2017-03-15,2627.0,case3375wp,3375,2017-03-15,TIME_LIMIT,False,3600.0,72.97222222222223,290550000.0,37888000.0,87.0,mip_progress,False,results/paper_m4pro_fullmodes_2026-04-29/logs/gurobi/test/matpower_case3375wp_2017-03-15__warm_prune_lazy_t030.log
matpower/case3375wp,WARM_PRUNE_LAZY_T030,matpower/case3375wp/2017-03-15,2660.0,case3375wp,3375,2017-03-15,TIME_LIMIT,False,3600.0,73.88888888888889,290550000.0,37888000.0,87.0,mip_progress,False,results/paper_m4pro_fullmodes_2026-04-29/logs/gurobi/test/matpower_case3375wp_2017-03-15__warm_prune_lazy_t030.log
matpower/case3375wp,WARM_PRUNE_LAZY_T030,matpower/case3375wp/2017-03-15,2704.0,case3375wp,3375,2017-03-15,TIME_LIMIT,False,3600.0,75.11111111111111,290550000.0,37888000.0,87.0,mip_progress,False,results/paper_m4pro_fullmodes_2026-04-29/logs/gurobi/test/matpower_case3375wp_2017-03-15__warm_prune_lazy_t030.log
matpower/case3375wp,WARM_PRUNE_LAZY_T030,matpower/case3375wp/2017-03-15,2742.0,case3375wp,3375,2017-03-15,TIME_LIMIT,False,3600.0,76.16666666666667,290550000.0,37888000.0,87.0,mip_progress,False,results/paper_m4pro_fullmodes_2026-04-29/logs/gurobi/test/matpower_case3375wp_2017-03-15__warm_prune_lazy_t030.log
matpower/case3375wp,WARM_PRUNE_LAZY_T030,matpower/case3375wp/2017-03-15,2786.0,case3375wp,3375,2017-03-15,TIME_LIMIT,False,3600.0,77.38888888888889,290550000.0,37888000.0,87.0,mip_progress,False,results/paper_m4pro_fullmodes_2026-04-29/logs/gurobi/test/matpower_case3375wp_2017-03-15__warm_prune_lazy_t030.log
matpower/case3375wp,WARM_PRUNE_LAZY_T030,matpower/case3375wp/2017-03-15,2790.0,case3375wp,3375,2017-03-15,TIME_LIMIT,False,3600.0,77.5,290550000.0,37888000.0,87.0,mip_progress,False,results/paper_m4pro_fullmodes_2026-04-29/logs/gurobi/test/matpower_case3375wp_2017-03-15__warm_prune_lazy_t030.log
matpower/case3375wp,WARM_PRUNE_LAZY_T030,matpower/case3375wp/2017-03-15,2843.0,case3375wp,3375,2017-03-15,TIME_LIMIT,False,3600.0,78.97222222222223,290550000.0,37888000.0,87.0,mip_progress,False,results/paper_m4pro_fullmodes_2026-04-29/logs/gurobi/test/matpower_case3375wp_2017-03-15__warm_prune_lazy_t030.log
matpower/case3375wp,WARM_PRUNE_LAZY_T030,matpower/case3375wp/2017-03-15,2905.0,case3375wp,3375,2017-03-15,TIME_LIMIT,False,3600.0,80.69444444444444,290550000.0,37888000.0,87.0,mip_progress,False,results/paper_m4pro_fullmodes_2026-04-29/logs/gurobi/test/matpower_case3375wp_2017-03-15__warm_prune_lazy_t030.log
matpower/case3375wp,WARM_PRUNE_LAZY_T030,matpower/case3375wp/2017-03-15,2971.0,case3375wp,3375,2017-03-15,TIME_LIMIT,False,3600.0,82.52777777777777,290550000.0,37888000.0,87.0,mip_progress,False,results/paper_m4pro_fullmodes_2026-04-29/logs/gurobi/test/matpower_case3375wp_2017-03-15__warm_prune_lazy_t030.log
matpower/case3375wp,WARM_PRUNE_LAZY_T030,matpower/case3375wp/2017-03-15,2975.0,case3375wp,3375,2017-03-15,TIME_LIMIT,False,3600.0,82.63888888888889,290550000.0,37888000.0,87.0,mip_progress,False,results/paper_m4pro_fullmodes_2026-04-29/logs/gurobi/test/matpower_case3375wp_2017-03-15__warm_prune_lazy_t030.log
matpower/case3375wp,WARM_PRUNE_LAZY_T030,matpower/case3375wp/2017-03-15,3040.0,case3375wp,3375,2017-03-15,TIME_LIMIT,False,3600.0,84.44444444444444,290550000.0,37888000.0,87.0,mip_progress,False,results/paper_m4pro_fullmodes_2026-04-29/logs/gurobi/test/matpower_case3375wp_2017-03-15__warm_prune_lazy_t030.log
matpower/case3375wp,WARM_PRUNE_LAZY_T030,matpower/case3375wp/2017-03-15,3104.0,case3375wp,3375,2017-03-15,TIME_LIMIT,False,3600.0,86.22222222222223,290550000.0,37888000.0,87.0,mip_progress,False,results/paper_m4pro_fullmodes_2026-04-29/logs/gurobi/test/matpower_case3375wp_2017-03-15__warm_prune_lazy_t030.log
matpower/case3375wp,WARM_PRUNE_LAZY_T030,matpower/case3375wp/2017-03-15,3149.0,case3375wp,3375,2017-03-15,TIME_LIMIT,False,3600.0,87.47222222222223,290550000.0,37888000.0,87.0,mip_progress,False,results/paper_m4pro_fullmodes_2026-04-29/logs/gurobi/test/matpower_case3375wp_2017-03-15__warm_prune_lazy_t030.log
matpower/case3375wp,WARM_PRUNE_LAZY_T030,matpower/case3375wp/2017-03-15,3153.0,case3375wp,3375,2017-03-15,TIME_LIMIT,False,3600.0,87.58333333333333,214882700.0,37888000.0,82.4,mip_progress,True,results/paper_m4pro_fullmodes_2026-04-29/logs/gurobi/test/matpower_case3375wp_2017-03-15__warm_prune_lazy_t030.log
matpower/case3375wp,WARM_PRUNE_LAZY_T030,matpower/case3375wp/2017-03-15,3204.0,case3375wp,3375,2017-03-15,TIME_LIMIT,False,3600.0,89.0,214880000.0,37888000.0,82.4,mip_progress,False,results/paper_m4pro_fullmodes_2026-04-29/logs/gurobi/test/matpower_case3375wp_2017-03-15__warm_prune_lazy_t030.log
matpower/case3375wp,WARM_PRUNE_LAZY_T030,matpower/case3375wp/2017-03-15,3277.0,case3375wp,3375,2017-03-15,TIME_LIMIT,False,3600.0,91.02777777777777,214880000.0,37888000.0,82.4,mip_progress,False,results/paper_m4pro_fullmodes_2026-04-29/logs/gurobi/test/matpower_case3375wp_2017-03-15__warm_prune_lazy_t030.log
matpower/case3375wp,WARM_PRUNE_LAZY_T030,matpower/case3375wp/2017-03-15,3316.0,case3375wp,3375,2017-03-15,TIME_LIMIT,False,3600.0,92.11111111111111,214880000.0,37888000.0,82.4,mip_progress,False,results/paper_m4pro_fullmodes_2026-04-29/logs/gurobi/test/matpower_case3375wp_2017-03-15__warm_prune_lazy_t030.log
matpower/case3375wp,WARM_PRUNE_LAZY_T030,matpower/case3375wp/2017-03-15,3359.0,case3375wp,3375,2017-03-15,TIME_LIMIT,False,3600.0,93.30555555555556,214880000.0,37888000.0,82.4,mip_progress,False,results/paper_m4pro_fullmodes_2026-04-29/logs/gurobi/test/matpower_case3375wp_2017-03-15__warm_prune_lazy_t030.log
matpower/case3375wp,WARM_PRUNE_LAZY_T030,matpower/case3375wp/2017-03-15,3405.0,case3375wp,3375,2017-03-15,TIME_LIMIT,False,3600.0,94.58333333333333,214880000.0,37888000.0,82.4,mip_progress,False,results/paper_m4pro_fullmodes_2026-04-29/logs/gurobi/test/matpower_case3375wp_2017-03-15__warm_prune_lazy_t030.log
matpower/case3375wp,WARM_PRUNE_LAZY_T030,matpower/case3375wp/2017-03-15,3470.0,case3375wp,3375,2017-03-15,TIME_LIMIT,False,3600.0,96.38888888888889,214880000.0,37888000.0,82.4,mip_progress,False,results/paper_m4pro_fullmodes_2026-04-29/logs/gurobi/test/matpower_case3375wp_2017-03-15__warm_prune_lazy_t030.log
matpower/case3375wp,WARM_PRUNE_LAZY_T030,matpower/case3375wp/2017-03-15,3473.0,case3375wp,3375,2017-03-15,TIME_LIMIT,False,3600.0,96.47222222222223,201493900.0,37888000.0,81.2,mip_progress,True,results/paper_m4pro_fullmodes_2026-04-29/logs/gurobi/test/matpower_case3375wp_2017-03-15__warm_prune_lazy_t030.log
matpower/case3375wp,WARM_PRUNE_LAZY_T030,matpower/case3375wp/2017-03-15,3518.0,case3375wp,3375,2017-03-15,TIME_LIMIT,False,3600.0,97.72222222222223,201490000.0,37888000.0,81.2,mip_progress,False,results/paper_m4pro_fullmodes_2026-04-29/logs/gurobi/test/matpower_case3375wp_2017-03-15__warm_prune_lazy_t030.log
matpower/case3375wp,WARM_PRUNE_LAZY_T030,matpower/case3375wp/2017-03-15,3578.0,case3375wp,3375,2017-03-15,TIME_LIMIT,False,3600.0,99.38888888888889,201490000.0,37888000.0,81.2,mip_progress,False,results/paper_m4pro_fullmodes_2026-04-29/logs/gurobi/test/matpower_case3375wp_2017-03-15__warm_prune_lazy_t030.log
matpower/case3375wp,WARM_PRUNE_LAZY_T030,matpower/case3375wp/2017-03-15,3600.0,case3375wp,3375,2017-03-15,TIME_LIMIT,False,3600.0,100.0,201490000.0,37888000.0,81.2,mip_progress,False,results/paper_m4pro_fullmodes_2026-04-29/logs/gurobi/test/matpower_case3375wp_2017-03-15__warm_prune_lazy_t030.log
matpower/case3375wp,WARM_PRUNE_LAZY_T030,matpower/case3375wp/2017-03-15,3853.928525,case3375wp,3375,2017-03-15,TIME_LIMIT,False,3600.0,107.05357013888889,,,81.196365,result_final,False,results/paper_m4pro_fullmodes_2026-04-29/logs/gurobi/test/matpower_case3375wp_2017-03-15__warm_prune_lazy_t030.log
matpower/case3375wp,WARM_PRUNE_LAZY_T030,matpower/case3375wp/2017-07-15,1470.0,case3375wp,3375,2017-07-15,TIME_LIMIT,True,3600.0,40.833333333333336,402302600.0,25373000.0,93.7,mip_progress,True,results/paper_m4pro_fullmodes_2026-04-29/logs/gurobi/test/matpower_case3375wp_2017-07-15__warm_prune_lazy_t030.log
matpower/case3375wp,WARM_PRUNE_LAZY_T030,matpower/case3375wp/2017-07-15,1513.0,case3375wp,3375,2017-07-15,TIME_LIMIT,True,3600.0,42.02777777777778,402300000.0,25373000.0,93.7,mip_progress,False,results/paper_m4pro_fullmodes_2026-04-29/logs/gurobi/test/matpower_case3375wp_2017-07-15__warm_prune_lazy_t030.log
matpower/case3375wp,WARM_PRUNE_LAZY_T030,matpower/case3375wp/2017-07-15,1573.0,case3375wp,3375,2017-07-15,TIME_LIMIT,True,3600.0,43.69444444444444,402300000.0,30157000.0,92.5,mip_progress,False,results/paper_m4pro_fullmodes_2026-04-29/logs/gurobi/test/matpower_case3375wp_2017-07-15__warm_prune_lazy_t030.log
matpower/case3375wp,WARM_PRUNE_LAZY_T030,matpower/case3375wp/2017-07-15,1879.0,case3375wp,3375,2017-07-15,TIME_LIMIT,True,3600.0,52.19444444444444,402300000.0,34117000.0,91.5,mip_progress,False,results/paper_m4pro_fullmodes_2026-04-29/logs/gurobi/test/matpower_case3375wp_2017-07-15__warm_prune_lazy_t030.log
matpower/case3375wp,WARM_PRUNE_LAZY_T030,matpower/case3375wp/2017-07-15,1932.0,case3375wp,3375,2017-07-15,TIME_LIMIT,True,3600.0,53.666666666666664,402300000.0,34117000.0,91.5,mip_progress,False,results/paper_m4pro_fullmodes_2026-04-29/logs/gurobi/test/matpower_case3375wp_2017-07-15__warm_prune_lazy_t030.log
matpower/case3375wp,WARM_PRUNE_LAZY_T030,matpower/case3375wp/2017-07-15,2045.0,case3375wp,3375,2017-07-15,TIME_LIMIT,True,3600.0,56.80555555555556,402300000.0,34302000.0,91.5,mip_progress,False,results/paper_m4pro_fullmodes_2026-04-29/logs/gurobi/test/matpower_case3375wp_2017-07-15__warm_prune_lazy_t030.log
matpower/case3375wp,WARM_PRUNE_LAZY_T030,matpower/case3375wp/2017-07-15,2055.0,case3375wp,3375,2017-07-15,TIME_LIMIT,True,3600.0,57.083333333333336,402300000.0,34307000.0,91.5,mip_progress,False,results/paper_m4pro_fullmodes_2026-04-29/logs/gurobi/test/matpower_case3375wp_2017-07-15__warm_prune_lazy_t030.log
matpower/case3375wp,WARM_PRUNE_LAZY_T030,matpower/case3375wp/2017-07-15,2056.0,case3375wp,3375,2017-07-15,TIME_LIMIT,True,3600.0,57.111111111111114,402300000.0,34307000.0,91.5,mip_progress,False,results/paper_m4pro_fullmodes_2026-04-29/logs/gurobi/test/matpower_case3375wp_2017-07-15__warm_prune_lazy_t030.log
matpower/case3375wp,WARM_PRUNE_LAZY_T030,matpower/case3375wp/2017-07-15,2121.0,case3375wp,3375,2017-07-15,TIME_LIMIT,True,3600.0,58.916666666666664,402300000.0,34549000.0,91.4,mip_progress,False,results/paper_m4pro_fullmodes_2026-04-29/logs/gurobi/test/matpower_case3375wp_2017-07-15__warm_prune_lazy_t030.log
matpower/case3375wp,WARM_PRUNE_LAZY_T030,matpower/case3375wp/2017-07-15,2147.0,case3375wp,3375,2017-07-15,TIME_LIMIT,True,3600.0,59.638888888888886,402300000.0,34608000.0,91.4,mip_progress,False,results/paper_m4pro_fullmodes_2026-04-29/logs/gurobi/test/matpower_case3375wp_2017-07-15__warm_prune_lazy_t030.log
matpower/case3375wp,WARM_PRUNE_LAZY_T030,matpower/case3375wp/2017-07-15,2149.0,case3375wp,3375,2017-07-15,TIME_LIMIT,True,3600.0,59.69444444444444,402300000.0,34608000.0,91.4,mip_progress,False,results/paper_m4pro_fullmodes_2026-04-29/logs/gurobi/test/matpower_case3375wp_2017-07-15__warm_prune_lazy_t030.log
matpower/case3375wp,WARM_PRUNE_LAZY_T030,matpower/case3375wp/2017-07-15,2216.0,case3375wp,3375,2017-07-15,TIME_LIMIT,True,3600.0,61.55555555555556,402300000.0,34779000.0,91.4,mip_progress,False,results/paper_m4pro_fullmodes_2026-04-29/logs/gurobi/test/matpower_case3375wp_2017-07-15__warm_prune_lazy_t030.log
matpower/case3375wp,WARM_PRUNE_LAZY_T030,matpower/case3375wp/2017-07-15,2273.0,case3375wp,3375,2017-07-15,TIME_LIMIT,True,3600.0,63.138888888888886,402300000.0,34779000.0,91.4,mip_progress,False,results/paper_m4pro_fullmodes_2026-04-29/logs/gurobi/test/matpower_case3375wp_2017-07-15__warm_prune_lazy_t030.log
matpower/case3375wp,WARM_PRUNE_LAZY_T030,matpower/case3375wp/2017-07-15,2355.0,case3375wp,3375,2017-07-15,TIME_LIMIT,True,3600.0,65.41666666666667,402300000.0,34779000.0,91.4,mip_progress,False,results/paper_m4pro_fullmodes_2026-04-29/logs/gurobi/test/matpower_case3375wp_2017-07-15__warm_prune_lazy_t030.log
matpower/case3375wp,WARM_PRUNE_LAZY_T030,matpower/case3375wp/2017-07-15,2424.0,case3375wp,3375,2017-07-15,TIME_LIMIT,True,3600.0,67.33333333333333,220812100.0,34779000.0,84.2,mip_progress,True,results/paper_m4pro_fullmodes_2026-04-29/logs/gurobi/test/matpower_case3375wp_2017-07-15__warm_prune_lazy_t030.log
matpower/case3375wp,WARM_PRUNE_LAZY_T030,matpower/case3375wp/2017-07-15,2440.0,case3375wp,3375,2017-07-15,TIME_LIMIT,True,3600.0,67.77777777777777,220810000.0,34788000.0,84.2,mip_progress,False,results/paper_m4pro_fullmodes_2026-04-29/logs/gurobi/test/matpower_case3375wp_2017-07-15__warm_prune_lazy_t030.log
matpower/case3375wp,WARM_PRUNE_LAZY_T030,matpower/case3375wp/2017-07-15,2441.0,case3375wp,3375,2017-07-15,TIME_LIMIT,True,3600.0,67.80555555555556,220810000.0,34788000.0,84.2,mip_progress,False,results/paper_m4pro_fullmodes_2026-04-29/logs/gurobi/test/matpower_case3375wp_2017-07-15__warm_prune_lazy_t030.log
matpower/case3375wp,WARM_PRUNE_LAZY_T030,matpower/case3375wp/2017-07-15,2464.0,case3375wp,3375,2017-07-15,TIME_LIMIT,True,3600.0,68.44444444444444,220810000.0,34790000.0,84.2,mip_progress,False,results/paper_m4pro_fullmodes_2026-04-29/logs/gurobi/test/matpower_case3375wp_2017-07-15__warm_prune_lazy_t030.log
matpower/case3375wp,WARM_PRUNE_LAZY_T030,matpower/case3375wp/2017-07-15,2469.0,case3375wp,3375,2017-07-15,TIME_LIMIT,True,3600.0,68.58333333333333,220810000.0,34790000.0,84.2,mip_progress,False,results/paper_m4pro_fullmodes_2026-04-29/logs/gurobi/test/matpower_case3375wp_2017-07-15__warm_prune_lazy_t030.log
matpower/case3375wp,WARM_PRUNE_LAZY_T030,matpower/case3375wp/2017-07-15,2578.0,case3375wp,3375,2017-07-15,TIME_LIMIT,True,3600.0,71.61111111111111,220810000.0,34790000.0,84.2,mip_progress,False,results/paper_m4pro_fullmodes_2026-04-29/logs/gurobi/test/matpower_case3375wp_2017-07-15__warm_prune_lazy_t030.log
matpower/case3375wp,WARM_PRUNE_LAZY_T030,matpower/case3375wp/2017-07-15,2645.0,case3375wp,3375,2017-07-15,TIME_LIMIT,True,3600.0,73.47222222222223,220810000.0,34790000.0,84.2,mip_progress,False,results/paper_m4pro_fullmodes_2026-04-29/logs/gurobi/test/matpower_case3375wp_2017-07-15__warm_prune_lazy_t030.log
matpower/case3375wp,WARM_PRUNE_LAZY_T030,matpower/case3375wp/2017-07-15,2681.0,case3375wp,3375,2017-07-15,TIME_LIMIT,True,3600.0,74.47222222222223,220810000.0,34915000.0,84.2,mip_progress,False,results/paper_m4pro_fullmodes_2026-04-29/logs/gurobi/test/matpower_case3375wp_2017-07-15__warm_prune_lazy_t030.log
matpower/case3375wp,WARM_PRUNE_LAZY_T030,matpower/case3375wp/2017-07-15,2720.0,case3375wp,3375,2017-07-15,TIME_LIMIT,True,3600.0,75.55555555555556,220810000.0,34915000.0,84.2,mip_progress,False,results/paper_m4pro_fullmodes_2026-04-29/logs/gurobi/test/matpower_case3375wp_2017-07-15__warm_prune_lazy_t030.log
matpower/case3375wp,WARM_PRUNE_LAZY_T030,matpower/case3375wp/2017-07-15,2773.0,case3375wp,3375,2017-07-15,TIME_LIMIT,True,3600.0,77.02777777777777,220810000.0,34917000.0,84.2,mip_progress,False,results/paper_m4pro_fullmodes_2026-04-29/logs/gurobi/test/matpower_case3375wp_2017-07-15__warm_prune_lazy_t030.log
matpower/case3375wp,WARM_PRUNE_LAZY_T030,matpower/case3375wp/2017-07-15,2812.0,case3375wp,3375,2017-07-15,TIME_LIMIT,True,3600.0,78.11111111111111,220810000.0,34920000.0,84.2,mip_progress,False,results/paper_m4pro_fullmodes_2026-04-29/logs/gurobi/test/matpower_case3375wp_2017-07-15__warm_prune_lazy_t030.log
matpower/case3375wp,WARM_PRUNE_LAZY_T030,matpower/case3375wp/2017-07-15,2884.0,case3375wp,3375,2017-07-15,TIME_LIMIT,True,3600.0,80.11111111111111,220810000.0,34920000.0,84.2,mip_progress,False,results/paper_m4pro_fullmodes_2026-04-29/logs/gurobi/test/matpower_case3375wp_2017-07-15__warm_prune_lazy_t030.log
matpower/case3375wp,WARM_PRUNE_LAZY_T030,matpower/case3375wp/2017-07-15,2945.0,case3375wp,3375,2017-07-15,TIME_LIMIT,True,3600.0,81.80555555555556,220810000.0,34920000.0,84.2,mip_progress,False,results/paper_m4pro_fullmodes_2026-04-29/logs/gurobi/test/matpower_case3375wp_2017-07-15__warm_prune_lazy_t030.log
matpower/case3375wp,WARM_PRUNE_LAZY_T030,matpower/case3375wp/2017-07-15,3006.0,case3375wp,3375,2017-07-15,TIME_LIMIT,True,3600.0,83.5,220810000.0,34920000.0,84.2,mip_progress,False,results/paper_m4pro_fullmodes_2026-04-29/logs/gurobi/test/matpower_case3375wp_2017-07-15__warm_prune_lazy_t030.log
matpower/case3375wp,WARM_PRUNE_LAZY_T030,matpower/case3375wp/2017-07-15,3071.0,case3375wp,3375,2017-07-15,TIME_LIMIT,True,3600.0,85.30555555555556,220810000.0,34920000.0,84.2,mip_progress,False,results/paper_m4pro_fullmodes_2026-04-29/logs/gurobi/test/matpower_case3375wp_2017-07-15__warm_prune_lazy_t030.log
matpower/case3375wp,WARM_PRUNE_LAZY_T030,matpower/case3375wp/2017-07-15,3119.0,case3375wp,3375,2017-07-15,TIME_LIMIT,True,3600.0,86.63888888888889,220810000.0,34920000.0,84.2,mip_progress,False,results/paper_m4pro_fullmodes_2026-04-29/logs/gurobi/test/matpower_case3375wp_2017-07-15__warm_prune_lazy_t030.log
matpower/case3375wp,WARM_PRUNE_LAZY_T030,matpower/case3375wp/2017-07-15,3183.0,case3375wp,3375,2017-07-15,TIME_LIMIT,True,3600.0,88.41666666666667,220810000.0,34920000.0,84.2,mip_progress,False,results/paper_m4pro_fullmodes_2026-04-29/logs/gurobi/test/matpower_case3375wp_2017-07-15__warm_prune_lazy_t030.log
matpower/case3375wp,WARM_PRUNE_LAZY_T030,matpower/case3375wp/2017-07-15,3243.0,case3375wp,3375,2017-07-15,TIME_LIMIT,True,3600.0,90.08333333333333,220810000.0,34920000.0,84.2,mip_progress,False,results/paper_m4pro_fullmodes_2026-04-29/logs/gurobi/test/matpower_case3375wp_2017-07-15__warm_prune_lazy_t030.log
matpower/case3375wp,WARM_PRUNE_LAZY_T030,matpower/case3375wp/2017-07-15,3294.0,case3375wp,3375,2017-07-15,TIME_LIMIT,True,3600.0,91.5,220810000.0,34920000.0,84.2,mip_progress,False,results/paper_m4pro_fullmodes_2026-04-29/logs/gurobi/test/matpower_case3375wp_2017-07-15__warm_prune_lazy_t030.log
matpower/case3375wp,WARM_PRUNE_LAZY_T030,matpower/case3375wp/2017-07-15,3357.0,case3375wp,3375,2017-07-15,TIME_LIMIT,True,3600.0,93.25,220810000.0,34920000.0,84.2,mip_progress,False,results/paper_m4pro_fullmodes_2026-04-29/logs/gurobi/test/matpower_case3375wp_2017-07-15__warm_prune_lazy_t030.log
matpower/case3375wp,WARM_PRUNE_LAZY_T030,matpower/case3375wp/2017-07-15,3411.0,case3375wp,3375,2017-07-15,TIME_LIMIT,True,3600.0,94.75,220810000.0,34920000.0,84.2,mip_progress,False,results/paper_m4pro_fullmodes_2026-04-29/logs/gurobi/test/matpower_case3375wp_2017-07-15__warm_prune_lazy_t030.log
matpower/case3375wp,WARM_PRUNE_LAZY_T030,matpower/case3375wp/2017-07-15,3473.0,case3375wp,3375,2017-07-15,TIME_LIMIT,True,3600.0,96.47222222222223,220810000.0,34920000.0,84.2,mip_progress,False,results/paper_m4pro_fullmodes_2026-04-29/logs/gurobi/test/matpower_case3375wp_2017-07-15__warm_prune_lazy_t030.log
matpower/case3375wp,WARM_PRUNE_LAZY_T030,matpower/case3375wp/2017-07-15,3539.0,case3375wp,3375,2017-07-15,TIME_LIMIT,True,3600.0,98.30555555555556,220810000.0,34920000.0,84.2,mip_progress,False,results/paper_m4pro_fullmodes_2026-04-29/logs/gurobi/test/matpower_case3375wp_2017-07-15__warm_prune_lazy_t030.log
matpower/case3375wp,WARM_PRUNE_LAZY_T030,matpower/case3375wp/2017-07-15,3589.0,case3375wp,3375,2017-07-15,TIME_LIMIT,True,3600.0,99.69444444444444,220810000.0,34920000.0,84.2,mip_progress,False,results/paper_m4pro_fullmodes_2026-04-29/logs/gurobi/test/matpower_case3375wp_2017-07-15__warm_prune_lazy_t030.log
matpower/case3375wp,WARM_PRUNE_LAZY_T030,matpower/case3375wp/2017-07-15,3600.0,case3375wp,3375,2017-07-15,TIME_LIMIT,True,3600.0,100.0,220810000.0,34920000.0,84.2,mip_progress,False,results/paper_m4pro_fullmodes_2026-04-29/logs/gurobi/test/matpower_case3375wp_2017-07-15__warm_prune_lazy_t030.log
matpower/case3375wp,WARM_PRUNE_LAZY_T030,matpower/case3375wp/2017-07-15,3855.413502,case3375wp,3375,2017-07-15,TIME_LIMIT,True,3600.0,107.0948195,,,84.18576800000001,result_final,False,results/paper_m4pro_fullmodes_2026-04-29/logs/gurobi/test/matpower_case3375wp_2017-07-15__warm_prune_lazy_t030.log
matpower/case3375wp,WARM_PRUNE_LAZY_T030,matpower/case3375wp/2017-09-15,1406.0,case3375wp,3375,2017-09-15,TIME_LIMIT,False,3600.0,39.05555555555556,461968100.0,22154000.0,95.2,mip_progress,True,results/paper_m4pro_fullmodes_2026-04-29/logs/gurobi/test/matpower_case3375wp_2017-09-15__warm_prune_lazy_t030.log
matpower/case3375wp,WARM_PRUNE_LAZY_T030,matpower/case3375wp/2017-09-15,1439.0,case3375wp,3375,2017-09-15,TIME_LIMIT,False,3600.0,39.97222222222222,461970000.0,25880000.0,94.4,mip_progress,False,results/paper_m4pro_fullmodes_2026-04-29/logs/gurobi/test/matpower_case3375wp_2017-09-15__warm_prune_lazy_t030.log
matpower/case3375wp,WARM_PRUNE_LAZY_T030,matpower/case3375wp/2017-09-15,1444.0,case3375wp,3375,2017-09-15,TIME_LIMIT,False,3600.0,40.111111111111114,461960800.0,25880000.0,94.4,mip_progress,True,results/paper_m4pro_fullmodes_2026-04-29/logs/gurobi/test/matpower_case3375wp_2017-09-15__warm_prune_lazy_t030.log
matpower/case3375wp,WARM_PRUNE_LAZY_T030,matpower/case3375wp/2017-09-15,1658.0,case3375wp,3375,2017-09-15,TIME_LIMIT,False,3600.0,46.05555555555556,461960000.0,27836000.0,94.0,mip_progress,False,results/paper_m4pro_fullmodes_2026-04-29/logs/gurobi/test/matpower_case3375wp_2017-09-15__warm_prune_lazy_t030.log
matpower/case3375wp,WARM_PRUNE_LAZY_T030,matpower/case3375wp/2017-09-15,1703.0,case3375wp,3375,2017-09-15,TIME_LIMIT,False,3600.0,47.30555555555556,461960000.0,27837000.0,94.0,mip_progress,False,results/paper_m4pro_fullmodes_2026-04-29/logs/gurobi/test/matpower_case3375wp_2017-09-15__warm_prune_lazy_t030.log
matpower/case3375wp,WARM_PRUNE_LAZY_T030,matpower/case3375wp/2017-09-15,1772.0,case3375wp,3375,2017-09-15,TIME_LIMIT,False,3600.0,49.22222222222222,461960000.0,27837000.0,94.0,mip_progress,False,results/paper_m4pro_fullmodes_2026-04-29/logs/gurobi/test/matpower_case3375wp_2017-09-15__warm_prune_lazy_t030.log
matpower/case3375wp,WARM_PRUNE_LAZY_T030,matpower/case3375wp/2017-09-15,1835.0,case3375wp,3375,2017-09-15,TIME_LIMIT,False,3600.0,50.97222222222222,461960000.0,27837000.0,94.0,mip_progress,False,results/paper_m4pro_fullmodes_2026-04-29/logs/gurobi/test/matpower_case3375wp_2017-09-15__warm_prune_lazy_t030.log
matpower/case3375wp,WARM_PRUNE_LAZY_T030,matpower/case3375wp/2017-09-15,1882.0,case3375wp,3375,2017-09-15,TIME_LIMIT,False,3600.0,52.27777777777778,401741100.0,27837000.0,93.1,mip_progress,True,results/paper_m4pro_fullmodes_2026-04-29/logs/gurobi/test/matpower_case3375wp_2017-09-15__warm_prune_lazy_t030.log
matpower/case3375wp,WARM_PRUNE_LAZY_T030,matpower/case3375wp/2017-09-15,1887.0,case3375wp,3375,2017-09-15,TIME_LIMIT,False,3600.0,52.416666666666664,401739200.0,27837000.0,93.1,mip_progress,True,results/paper_m4pro_fullmodes_2026-04-29/logs/gurobi/test/matpower_case3375wp_2017-09-15__warm_prune_lazy_t030.log
matpower/case3375wp,WARM_PRUNE_LAZY_T030,matpower/case3375wp/2017-09-15,1942.0,case3375wp,3375,2017-09-15,TIME_LIMIT,False,3600.0,53.94444444444444,401740000.0,28063000.0,93.0,mip_progress,False,results/paper_m4pro_fullmodes_2026-04-29/logs/gurobi/test/matpower_case3375wp_2017-09-15__warm_prune_lazy_t030.log
matpower/case3375wp,WARM_PRUNE_LAZY_T030,matpower/case3375wp/2017-09-15,1948.0,case3375wp,3375,2017-09-15,TIME_LIMIT,False,3600.0,54.111111111111114,401740000.0,28064000.0,93.0,mip_progress,False,results/paper_m4pro_fullmodes_2026-04-29/logs/gurobi/test/matpower_case3375wp_2017-09-15__warm_prune_lazy_t030.log
matpower/case3375wp,WARM_PRUNE_LAZY_T030,matpower/case3375wp/2017-09-15,1988.0,case3375wp,3375,2017-09-15,TIME_LIMIT,False,3600.0,55.22222222222222,401740000.0,28146000.0,93.0,mip_progress,False,results/paper_m4pro_fullmodes_2026-04-29/logs/gurobi/test/matpower_case3375wp_2017-09-15__warm_prune_lazy_t030.log
matpower/case3375wp,WARM_PRUNE_LAZY_T030,matpower/case3375wp/2017-09-15,1990.0,case3375wp,3375,2017-09-15,TIME_LIMIT,False,3600.0,55.27777777777778,401740000.0,28146000.0,93.0,mip_progress,False,results/paper_m4pro_fullmodes_2026-04-29/logs/gurobi/test/matpower_case3375wp_2017-09-15__warm_prune_lazy_t030.log
matpower/case3375wp,WARM_PRUNE_LAZY_T030,matpower/case3375wp/2017-09-15,2048.0,case3375wp,3375,2017-09-15,TIME_LIMIT,False,3600.0,56.888888888888886,401740000.0,28283000.0,93.0,mip_progress,False,results/paper_m4pro_fullmodes_2026-04-29/logs/gurobi/test/matpower_case3375wp_2017-09-15__warm_prune_lazy_t030.log
matpower/case3375wp,WARM_PRUNE_LAZY_T030,matpower/case3375wp/2017-09-15,2058.0,case3375wp,3375,2017-09-15,TIME_LIMIT,False,3600.0,57.166666666666664,401740000.0,28286000.0,93.0,mip_progress,False,results/paper_m4pro_fullmodes_2026-04-29/logs/gurobi/test/matpower_case3375wp_2017-09-15__warm_prune_lazy_t030.log
matpower/case3375wp,WARM_PRUNE_LAZY_T030,matpower/case3375wp/2017-09-15,2079.0,case3375wp,3375,2017-09-15,TIME_LIMIT,False,3600.0,57.75,401740000.0,28287000.0,93.0,mip_progress,False,results/paper_m4pro_fullmodes_2026-04-29/logs/gurobi/test/matpower_case3375wp_2017-09-15__warm_prune_lazy_t030.log
matpower/case3375wp,WARM_PRUNE_LAZY_T030,matpower/case3375wp/2017-09-15,2091.0,case3375wp,3375,2017-09-15,TIME_LIMIT,False,3600.0,58.083333333333336,401740000.0,28287000.0,93.0,mip_progress,False,results/paper_m4pro_fullmodes_2026-04-29/logs/gurobi/test/matpower_case3375wp_2017-09-15__warm_prune_lazy_t030.log
matpower/case3375wp,WARM_PRUNE_LAZY_T030,matpower/case3375wp/2017-09-15,2095.0,case3375wp,3375,2017-09-15,TIME_LIMIT,False,3600.0,58.19444444444444,401740000.0,28287000.0,93.0,mip_progress,False,results/paper_m4pro_fullmodes_2026-04-29/logs/gurobi/test/matpower_case3375wp_2017-09-15__warm_prune_lazy_t030.log
matpower/case3375wp,WARM_PRUNE_LAZY_T030,matpower/case3375wp/2017-09-15,2100.0,case3375wp,3375,2017-09-15,TIME_LIMIT,False,3600.0,58.333333333333336,401740000.0,28287000.0,93.0,mip_progress,False,results/paper_m4pro_fullmodes_2026-04-29/logs/gurobi/test/matpower_case3375wp_2017-09-15__warm_prune_lazy_t030.log
matpower/case3375wp,WARM_PRUNE_LAZY_T030,matpower/case3375wp/2017-09-15,2173.0,case3375wp,3375,2017-09-15,TIME_LIMIT,False,3600.0,60.361111111111114,401740000.0,28287000.0,93.0,mip_progress,False,results/paper_m4pro_fullmodes_2026-04-29/logs/gurobi/test/matpower_case3375wp_2017-09-15__warm_prune_lazy_t030.log
matpower/case3375wp,WARM_PRUNE_LAZY_T030,matpower/case3375wp/2017-09-15,2262.0,case3375wp,3375,2017-09-15,TIME_LIMIT,False,3600.0,62.833333333333336,401740000.0,28287000.0,93.0,mip_progress,False,results/paper_m4pro_fullmodes_2026-04-29/logs/gurobi/test/matpower_case3375wp_2017-09-15__warm_prune_lazy_t030.log
matpower/case3375wp,WARM_PRUNE_LAZY_T030,matpower/case3375wp/2017-09-15,2349.0,case3375wp,3375,2017-09-15,TIME_LIMIT,False,3600.0,65.25,401740000.0,28287000.0,93.0,mip_progress,False,results/paper_m4pro_fullmodes_2026-04-29/logs/gurobi/test/matpower_case3375wp_2017-09-15__warm_prune_lazy_t030.log
matpower/case3375wp,WARM_PRUNE_LAZY_T030,matpower/case3375wp/2017-09-15,2435.0,case3375wp,3375,2017-09-15,TIME_LIMIT,False,3600.0,67.63888888888889,363273700.0,28287000.0,92.2,mip_progress,True,results/paper_m4pro_fullmodes_2026-04-29/logs/gurobi/test/matpower_case3375wp_2017-09-15__warm_prune_lazy_t030.log
matpower/case3375wp,WARM_PRUNE_LAZY_T030,matpower/case3375wp/2017-09-15,2440.0,case3375wp,3375,2017-09-15,TIME_LIMIT,False,3600.0,67.77777777777777,363271800.0,28287000.0,92.2,mip_progress,True,results/paper_m4pro_fullmodes_2026-04-29/logs/gurobi/test/matpower_case3375wp_2017-09-15__warm_prune_lazy_t030.log
matpower/case3375wp,WARM_PRUNE_LAZY_T030,matpower/case3375wp/2017-09-15,2479.0,case3375wp,3375,2017-09-15,TIME_LIMIT,False,3600.0,68.86111111111111,363270000.0,28389000.0,92.2,mip_progress,False,results/paper_m4pro_fullmodes_2026-04-29/logs/gurobi/test/matpower_case3375wp_2017-09-15__warm_prune_lazy_t030.log
matpower/case3375wp,WARM_PRUNE_LAZY_T030,matpower/case3375wp/2017-09-15,2498.0,case3375wp,3375,2017-09-15,TIME_LIMIT,False,3600.0,69.38888888888889,363270000.0,28389000.0,92.2,mip_progress,False,results/paper_m4pro_fullmodes_2026-04-29/logs/gurobi/test/matpower_case3375wp_2017-09-15__warm_prune_lazy_t030.log
matpower/case3375wp,WARM_PRUNE_LAZY_T030,matpower/case3375wp/2017-09-15,2521.0,case3375wp,3375,2017-09-15,TIME_LIMIT,False,3600.0,70.02777777777777,363270000.0,28389000.0,92.2,mip_progress,False,results/paper_m4pro_fullmodes_2026-04-29/logs/gurobi/test/matpower_case3375wp_2017-09-15__warm_prune_lazy_t030.log
matpower/case3375wp,WARM_PRUNE_LAZY_T030,matpower/case3375wp/2017-09-15,2546.0,case3375wp,3375,2017-09-15,TIME_LIMIT,False,3600.0,70.72222222222223,363270000.0,28405000.0,92.2,mip_progress,False,results/paper_m4pro_fullmodes_2026-04-29/logs/gurobi/test/matpower_case3375wp_2017-09-15__warm_prune_lazy_t030.log
matpower/case3375wp,WARM_PRUNE_LAZY_T030,matpower/case3375wp/2017-09-15,2574.0,case3375wp,3375,2017-09-15,TIME_LIMIT,False,3600.0,71.5,363270000.0,28407000.0,92.2,mip_progress,False,results/paper_m4pro_fullmodes_2026-04-29/logs/gurobi/test/matpower_case3375wp_2017-09-15__warm_prune_lazy_t030.log
matpower/case3375wp,WARM_PRUNE_LAZY_T030,matpower/case3375wp/2017-09-15,2608.0,case3375wp,3375,2017-09-15,TIME_LIMIT,False,3600.0,72.44444444444444,363270000.0,28409000.0,92.2,mip_progress,False,results/paper_m4pro_fullmodes_2026-04-29/logs/gurobi/test/matpower_case3375wp_2017-09-15__warm_prune_lazy_t030.log
matpower/case3375wp,WARM_PRUNE_LAZY_T030,matpower/case3375wp/2017-09-15,2658.0,case3375wp,3375,2017-09-15,TIME_LIMIT,False,3600.0,73.83333333333333,363270000.0,28412000.0,92.2,mip_progress,False,results/paper_m4pro_fullmodes_2026-04-29/logs/gurobi/test/matpower_case3375wp_2017-09-15__warm_prune_lazy_t030.log
matpower/case3375wp,WARM_PRUNE_LAZY_T030,matpower/case3375wp/2017-09-15,2686.0,case3375wp,3375,2017-09-15,TIME_LIMIT,False,3600.0,74.61111111111111,363270000.0,28413000.0,92.2,mip_progress,False,results/paper_m4pro_fullmodes_2026-04-29/logs/gurobi/test/matpower_case3375wp_2017-09-15__warm_prune_lazy_t030.log
matpower/case3375wp,WARM_PRUNE_LAZY_T030,matpower/case3375wp/2017-09-15,2716.0,case3375wp,3375,2017-09-15,TIME_LIMIT,False,3600.0,75.44444444444444,363270000.0,28413000.0,92.2,mip_progress,False,results/paper_m4pro_fullmodes_2026-04-29/logs/gurobi/test/matpower_case3375wp_2017-09-15__warm_prune_lazy_t030.log
matpower/case3375wp,WARM_PRUNE_LAZY_T030,matpower/case3375wp/2017-09-15,2753.0,case3375wp,3375,2017-09-15,TIME_LIMIT,False,3600.0,76.47222222222223,363270000.0,28413000.0,92.2,mip_progress,False,results/paper_m4pro_fullmodes_2026-04-29/logs/gurobi/test/matpower_case3375wp_2017-09-15__warm_prune_lazy_t030.log
matpower/case3375wp,WARM_PRUNE_LAZY_T030,matpower/case3375wp/2017-09-15,2785.0,case3375wp,3375,2017-09-15,TIME_LIMIT,False,3600.0,77.36111111111111,363270000.0,28413000.0,92.2,mip_progress,False,results/paper_m4pro_fullmodes_2026-04-29/logs/gurobi/test/matpower_case3375wp_2017-09-15__warm_prune_lazy_t030.log
matpower/case3375wp,WARM_PRUNE_LAZY_T030,matpower/case3375wp/2017-09-15,2820.0,case3375wp,3375,2017-09-15,TIME_LIMIT,False,3600.0,78.33333333333333,363270000.0,28413000.0,92.2,mip_progress,False,results/paper_m4pro_fullmodes_2026-04-29/logs/gurobi/test/matpower_case3375wp_2017-09-15__warm_prune_lazy_t030.log
matpower/case3375wp,WARM_PRUNE_LAZY_T030,matpower/case3375wp/2017-09-15,2862.0,case3375wp,3375,2017-09-15,TIME_LIMIT,False,3600.0,79.5,363270000.0,28413000.0,92.2,mip_progress,False,results/paper_m4pro_fullmodes_2026-04-29/logs/gurobi/test/matpower_case3375wp_2017-09-15__warm_prune_lazy_t030.log
matpower/case3375wp,WARM_PRUNE_LAZY_T030,matpower/case3375wp/2017-09-15,2904.0,case3375wp,3375,2017-09-15,TIME_LIMIT,False,3600.0,80.66666666666667,363270000.0,28413000.0,92.2,mip_progress,False,results/paper_m4pro_fullmodes_2026-04-29/logs/gurobi/test/matpower_case3375wp_2017-09-15__warm_prune_lazy_t030.log
matpower/case3375wp,WARM_PRUNE_LAZY_T030,matpower/case3375wp/2017-09-15,2963.0,case3375wp,3375,2017-09-15,TIME_LIMIT,False,3600.0,82.30555555555556,363270000.0,28413000.0,92.2,mip_progress,False,results/paper_m4pro_fullmodes_2026-04-29/logs/gurobi/test/matpower_case3375wp_2017-09-15__warm_prune_lazy_t030.log
matpower/case3375wp,WARM_PRUNE_LAZY_T030,matpower/case3375wp/2017-09-15,3027.0,case3375wp,3375,2017-09-15,TIME_LIMIT,False,3600.0,84.08333333333333,363270000.0,28413000.0,92.2,mip_progress,False,results/paper_m4pro_fullmodes_2026-04-29/logs/gurobi/test/matpower_case3375wp_2017-09-15__warm_prune_lazy_t030.log
matpower/case3375wp,WARM_PRUNE_LAZY_T030,matpower/case3375wp/2017-09-15,3092.0,case3375wp,3375,2017-09-15,TIME_LIMIT,False,3600.0,85.88888888888889,363270000.0,28413000.0,92.2,mip_progress,False,results/paper_m4pro_fullmodes_2026-04-29/logs/gurobi/test/matpower_case3375wp_2017-09-15__warm_prune_lazy_t030.log
matpower/case3375wp,WARM_PRUNE_LAZY_T030,matpower/case3375wp/2017-09-15,3097.0,case3375wp,3375,2017-09-15,TIME_LIMIT,False,3600.0,86.02777777777777,363270000.0,28413000.0,92.2,mip_progress,False,results/paper_m4pro_fullmodes_2026-04-29/logs/gurobi/test/matpower_case3375wp_2017-09-15__warm_prune_lazy_t030.log
matpower/case3375wp,WARM_PRUNE_LAZY_T030,matpower/case3375wp/2017-09-15,3186.0,case3375wp,3375,2017-09-15,TIME_LIMIT,False,3600.0,88.5,363270000.0,28413000.0,92.2,mip_progress,False,results/paper_m4pro_fullmodes_2026-04-29/logs/gurobi/test/matpower_case3375wp_2017-09-15__warm_prune_lazy_t030.log
matpower/case3375wp,WARM_PRUNE_LAZY_T030,matpower/case3375wp/2017-09-15,3191.0,case3375wp,3375,2017-09-15,TIME_LIMIT,False,3600.0,88.63888888888889,363270000.0,28413000.0,92.2,mip_progress,False,results/paper_m4pro_fullmodes_2026-04-29/logs/gurobi/test/matpower_case3375wp_2017-09-15__warm_prune_lazy_t030.log
matpower/case3375wp,WARM_PRUNE_LAZY_T030,matpower/case3375wp/2017-09-15,3254.0,case3375wp,3375,2017-09-15,TIME_LIMIT,False,3600.0,90.38888888888889,363270000.0,28413000.0,92.2,mip_progress,False,results/paper_m4pro_fullmodes_2026-04-29/logs/gurobi/test/matpower_case3375wp_2017-09-15__warm_prune_lazy_t030.log
matpower/case3375wp,WARM_PRUNE_LAZY_T030,matpower/case3375wp/2017-09-15,3306.0,case3375wp,3375,2017-09-15,TIME_LIMIT,False,3600.0,91.83333333333333,363270000.0,28413000.0,92.2,mip_progress,False,results/paper_m4pro_fullmodes_2026-04-29/logs/gurobi/test/matpower_case3375wp_2017-09-15__warm_prune_lazy_t030.log
matpower/case3375wp,WARM_PRUNE_LAZY_T030,matpower/case3375wp/2017-09-15,3390.0,case3375wp,3375,2017-09-15,TIME_LIMIT,False,3600.0,94.16666666666667,363270000.0,28413000.0,92.2,mip_progress,False,results/paper_m4pro_fullmodes_2026-04-29/logs/gurobi/test/matpower_case3375wp_2017-09-15__warm_prune_lazy_t030.log
matpower/case3375wp,WARM_PRUNE_LAZY_T030,matpower/case3375wp/2017-09-15,3395.0,case3375wp,3375,2017-09-15,TIME_LIMIT,False,3600.0,94.30555555555556,358133100.0,28413000.0,92.1,mip_progress,True,results/paper_m4pro_fullmodes_2026-04-29/logs/gurobi/test/matpower_case3375wp_2017-09-15__warm_prune_lazy_t030.log
matpower/case3375wp,WARM_PRUNE_LAZY_T030,matpower/case3375wp/2017-09-15,3474.0,case3375wp,3375,2017-09-15,TIME_LIMIT,False,3600.0,96.5,358130000.0,28413000.0,92.1,mip_progress,False,results/paper_m4pro_fullmodes_2026-04-29/logs/gurobi/test/matpower_case3375wp_2017-09-15__warm_prune_lazy_t030.log
matpower/case3375wp,WARM_PRUNE_LAZY_T030,matpower/case3375wp/2017-09-15,3525.0,case3375wp,3375,2017-09-15,TIME_LIMIT,False,3600.0,97.91666666666667,358130000.0,28413000.0,92.1,mip_progress,False,results/paper_m4pro_fullmodes_2026-04-29/logs/gurobi/test/matpower_case3375wp_2017-09-15__warm_prune_lazy_t030.log
matpower/case3375wp,WARM_PRUNE_LAZY_T030,matpower/case3375wp/2017-09-15,3586.0,case3375wp,3375,2017-09-15,TIME_LIMIT,False,3600.0,99.61111111111111,358131100.0,28413000.0,92.1,mip_progress,True,results/paper_m4pro_fullmodes_2026-04-29/logs/gurobi/test/matpower_case3375wp_2017-09-15__warm_prune_lazy_t030.log
matpower/case3375wp,WARM_PRUNE_LAZY_T030,matpower/case3375wp/2017-09-15,3600.0,case3375wp,3375,2017-09-15,TIME_LIMIT,False,3600.0,100.0,358130000.0,28413000.0,92.1,mip_progress,False,results/paper_m4pro_fullmodes_2026-04-29/logs/gurobi/test/matpower_case3375wp_2017-09-15__warm_prune_lazy_t030.log
matpower/case3375wp,WARM_PRUNE_LAZY_T030,matpower/case3375wp/2017-09-15,3853.681838,case3375wp,3375,2017-09-15,TIME_LIMIT,False,3600.0,107.04671772222223,,,92.066399,result_final,False,results/paper_m4pro_fullmodes_2026-04-29/logs/gurobi/test/matpower_case3375wp_2017-09-15__warm_prune_lazy_t030.log
matpower/case3375wp,WARM_PRUNE_LAZY_T030,matpower/case3375wp/2017-11-15,1388.0,case3375wp,3375,2017-11-15,TIME_LIMIT,False,3600.0,38.55555555555556,212599300.0,21850000.0,89.7,mip_progress,True,results/paper_m4pro_fullmodes_2026-04-29/logs/gurobi/test/matpower_case3375wp_2017-11-15__warm_prune_lazy_t030.log
matpower/case3375wp,WARM_PRUNE_LAZY_T030,matpower/case3375wp/2017-11-15,1418.0,case3375wp,3375,2017-11-15,TIME_LIMIT,False,3600.0,39.388888888888886,212600000.0,26865000.0,87.4,mip_progress,False,results/paper_m4pro_fullmodes_2026-04-29/logs/gurobi/test/matpower_case3375wp_2017-11-15__warm_prune_lazy_t030.log
matpower/case3375wp,WARM_PRUNE_LAZY_T030,matpower/case3375wp/2017-11-15,1421.0,case3375wp,3375,2017-11-15,TIME_LIMIT,False,3600.0,39.47222222222222,212593200.0,26865000.0,87.4,mip_progress,True,results/paper_m4pro_fullmodes_2026-04-29/logs/gurobi/test/matpower_case3375wp_2017-11-15__warm_prune_lazy_t030.log
matpower/case3375wp,WARM_PRUNE_LAZY_T030,matpower/case3375wp/2017-11-15,1629.0,case3375wp,3375,2017-11-15,TIME_LIMIT,False,3600.0,45.25,212590000.0,29533000.0,86.1,mip_progress,False,results/paper_m4pro_fullmodes_2026-04-29/logs/gurobi/test/matpower_case3375wp_2017-11-15__warm_prune_lazy_t030.log
matpower/case3375wp,WARM_PRUNE_LAZY_T030,matpower/case3375wp/2017-11-15,1653.0,case3375wp,3375,2017-11-15,TIME_LIMIT,False,3600.0,45.916666666666664,212590000.0,29536000.0,86.1,mip_progress,False,results/paper_m4pro_fullmodes_2026-04-29/logs/gurobi/test/matpower_case3375wp_2017-11-15__warm_prune_lazy_t030.log
matpower/case3375wp,WARM_PRUNE_LAZY_T030,matpower/case3375wp/2017-11-15,1701.0,case3375wp,3375,2017-11-15,TIME_LIMIT,False,3600.0,47.25,212590000.0,29710000.0,86.0,mip_progress,False,results/paper_m4pro_fullmodes_2026-04-29/logs/gurobi/test/matpower_case3375wp_2017-11-15__warm_prune_lazy_t030.log
matpower/case3375wp,WARM_PRUNE_LAZY_T030,matpower/case3375wp/2017-11-15,1705.0,case3375wp,3375,2017-11-15,TIME_LIMIT,False,3600.0,47.361111111111114,212590000.0,29718000.0,86.0,mip_progress,False,results/paper_m4pro_fullmodes_2026-04-29/logs/gurobi/test/matpower_case3375wp_2017-11-15__warm_prune_lazy_t030.log
matpower/case3375wp,WARM_PRUNE_LAZY_T030,matpower/case3375wp/2017-11-15,1730.0,case3375wp,3375,2017-11-15,TIME_LIMIT,False,3600.0,48.05555555555556,212590000.0,29727000.0,86.0,mip_progress,False,results/paper_m4pro_fullmodes_2026-04-29/logs/gurobi/test/matpower_case3375wp_2017-11-15__warm_prune_lazy_t030.log
matpower/case3375wp,WARM_PRUNE_LAZY_T030,matpower/case3375wp/2017-11-15,1753.0,case3375wp,3375,2017-11-15,TIME_LIMIT,False,3600.0,48.69444444444444,212590000.0,29729000.0,86.0,mip_progress,False,results/paper_m4pro_fullmodes_2026-04-29/logs/gurobi/test/matpower_case3375wp_2017-11-15__warm_prune_lazy_t030.log
matpower/case3375wp,WARM_PRUNE_LAZY_T030,matpower/case3375wp/2017-11-15,1793.0,case3375wp,3375,2017-11-15,TIME_LIMIT,False,3600.0,49.80555555555556,212590000.0,29759000.0,86.0,mip_progress,False,results/paper_m4pro_fullmodes_2026-04-29/logs/gurobi/test/matpower_case3375wp_2017-11-15__warm_prune_lazy_t030.log
matpower/case3375wp,WARM_PRUNE_LAZY_T030,matpower/case3375wp/2017-11-15,1794.0,case3375wp,3375,2017-11-15,TIME_LIMIT,False,3600.0,49.833333333333336,212590000.0,29759000.0,86.0,mip_progress,False,results/paper_m4pro_fullmodes_2026-04-29/logs/gurobi/test/matpower_case3375wp_2017-11-15__warm_prune_lazy_t030.log
matpower/case3375wp,WARM_PRUNE_LAZY_T030,matpower/case3375wp/2017-11-15,1807.0,case3375wp,3375,2017-11-15,TIME_LIMIT,False,3600.0,50.19444444444444,212590000.0,29777000.0,86.0,mip_progress,False,results/paper_m4pro_fullmodes_2026-04-29/logs/gurobi/test/matpower_case3375wp_2017-11-15__warm_prune_lazy_t030.log
matpower/case3375wp,WARM_PRUNE_LAZY_T030,matpower/case3375wp/2017-11-15,1817.0,case3375wp,3375,2017-11-15,TIME_LIMIT,False,3600.0,50.47222222222222,212590000.0,29780000.0,86.0,mip_progress,False,results/paper_m4pro_fullmodes_2026-04-29/logs/gurobi/test/matpower_case3375wp_2017-11-15__warm_prune_lazy_t030.log
matpower/case3375wp,WARM_PRUNE_LAZY_T030,matpower/case3375wp/2017-11-15,1819.0,case3375wp,3375,2017-11-15,TIME_LIMIT,False,3600.0,50.52777777777778,212590000.0,29780000.0,86.0,mip_progress,False,results/paper_m4pro_fullmodes_2026-04-29/logs/gurobi/test/matpower_case3375wp_2017-11-15__warm_prune_lazy_t030.log
matpower/case3375wp,WARM_PRUNE_LAZY_T030,matpower/case3375wp/2017-11-15,1845.0,case3375wp,3375,2017-11-15,TIME_LIMIT,False,3600.0,51.25,212590000.0,29780000.0,86.0,mip_progress,False,results/paper_m4pro_fullmodes_2026-04-29/logs/gurobi/test/matpower_case3375wp_2017-11-15__warm_prune_lazy_t030.log
matpower/case3375wp,WARM_PRUNE_LAZY_T030,matpower/case3375wp/2017-11-15,1878.0,case3375wp,3375,2017-11-15,TIME_LIMIT,False,3600.0,52.166666666666664,212590000.0,29780000.0,86.0,mip_progress,False,results/paper_m4pro_fullmodes_2026-04-29/logs/gurobi/test/matpower_case3375wp_2017-11-15__warm_prune_lazy_t030.log
matpower/case3375wp,WARM_PRUNE_LAZY_T030,matpower/case3375wp/2017-11-15,1912.0,case3375wp,3375,2017-11-15,TIME_LIMIT,False,3600.0,53.111111111111114,152095200.0,29780000.0,80.4,mip_progress,True,results/paper_m4pro_fullmodes_2026-04-29/logs/gurobi/test/matpower_case3375wp_2017-11-15__warm_prune_lazy_t030.log
matpower/case3375wp,WARM_PRUNE_LAZY_T030,matpower/case3375wp/2017-11-15,1951.0,case3375wp,3375,2017-11-15,TIME_LIMIT,False,3600.0,54.19444444444444,152100000.0,29802000.0,80.4,mip_progress,False,results/paper_m4pro_fullmodes_2026-04-29/logs/gurobi/test/matpower_case3375wp_2017-11-15__warm_prune_lazy_t030.log
matpower/case3375wp,WARM_PRUNE_LAZY_T030,matpower/case3375wp/2017-11-15,1952.0,case3375wp,3375,2017-11-15,TIME_LIMIT,False,3600.0,54.22222222222222,152100000.0,29802000.0,80.4,mip_progress,False,results/paper_m4pro_fullmodes_2026-04-29/logs/gurobi/test/matpower_case3375wp_2017-11-15__warm_prune_lazy_t030.log
matpower/case3375wp,WARM_PRUNE_LAZY_T030,matpower/case3375wp/2017-11-15,1955.0,case3375wp,3375,2017-11-15,TIME_LIMIT,False,3600.0,54.30555555555556,152100000.0,29802000.0,80.4,mip_progress,False,results/paper_m4pro_fullmodes_2026-04-29/logs/gurobi/test/matpower_case3375wp_2017-11-15__warm_prune_lazy_t030.log
matpower/case3375wp,WARM_PRUNE_LAZY_T030,matpower/case3375wp/2017-11-15,1963.0,case3375wp,3375,2017-11-15,TIME_LIMIT,False,3600.0,54.52777777777778,152100000.0,29802000.0,80.4,mip_progress,False,results/paper_m4pro_fullmodes_2026-04-29/logs/gurobi/test/matpower_case3375wp_2017-11-15__warm_prune_lazy_t030.log
matpower/case3375wp,WARM_PRUNE_LAZY_T030,matpower/case3375wp/2017-11-15,1964.0,case3375wp,3375,2017-11-15,TIME_LIMIT,False,3600.0,54.55555555555556,152100000.0,29802000.0,80.4,mip_progress,False,results/paper_m4pro_fullmodes_2026-04-29/logs/gurobi/test/matpower_case3375wp_2017-11-15__warm_prune_lazy_t030.log
matpower/case3375wp,WARM_PRUNE_LAZY_T030,matpower/case3375wp/2017-11-15,1967.0,case3375wp,3375,2017-11-15,TIME_LIMIT,False,3600.0,54.638888888888886,152100000.0,29802000.0,80.4,mip_progress,False,results/paper_m4pro_fullmodes_2026-04-29/logs/gurobi/test/matpower_case3375wp_2017-11-15__warm_prune_lazy_t030.log
matpower/case3375wp,WARM_PRUNE_LAZY_T030,matpower/case3375wp/2017-11-15,2012.0,case3375wp,3375,2017-11-15,TIME_LIMIT,False,3600.0,55.888888888888886,152100000.0,29802000.0,80.4,mip_progress,False,results/paper_m4pro_fullmodes_2026-04-29/logs/gurobi/test/matpower_case3375wp_2017-11-15__warm_prune_lazy_t030.log
matpower/case3375wp,WARM_PRUNE_LAZY_T030,matpower/case3375wp/2017-11-15,2018.0,case3375wp,3375,2017-11-15,TIME_LIMIT,False,3600.0,56.05555555555556,152100000.0,29804000.0,80.4,mip_progress,False,results/paper_m4pro_fullmodes_2026-04-29/logs/gurobi/test/matpower_case3375wp_2017-11-15__warm_prune_lazy_t030.log
matpower/case3375wp,WARM_PRUNE_LAZY_T030,matpower/case3375wp/2017-11-15,2037.0,case3375wp,3375,2017-11-15,TIME_LIMIT,False,3600.0,56.583333333333336,152100000.0,29804000.0,80.4,mip_progress,False,results/paper_m4pro_fullmodes_2026-04-29/logs/gurobi/test/matpower_case3375wp_2017-11-15__warm_prune_lazy_t030.log
matpower/case3375wp,WARM_PRUNE_LAZY_T030,matpower/case3375wp/2017-11-15,2094.0,case3375wp,3375,2017-11-15,TIME_LIMIT,False,3600.0,58.166666666666664,152100000.0,29841000.0,80.4,mip_progress,False,results/paper_m4pro_fullmodes_2026-04-29/logs/gurobi/test/matpower_case3375wp_2017-11-15__warm_prune_lazy_t030.log
matpower/case3375wp,WARM_PRUNE_LAZY_T030,matpower/case3375wp/2017-11-15,2157.0,case3375wp,3375,2017-11-15,TIME_LIMIT,False,3600.0,59.916666666666664,152100000.0,29841000.0,80.4,mip_progress,False,results/paper_m4pro_fullmodes_2026-04-29/logs/gurobi/test/matpower_case3375wp_2017-11-15__warm_prune_lazy_t030.log
matpower/case3375wp,WARM_PRUNE_LAZY_T030,matpower/case3375wp/2017-11-15,2217.0,case3375wp,3375,2017-11-15,TIME_LIMIT,False,3600.0,61.583333333333336,152100000.0,29910000.0,80.3,mip_progress,False,results/paper_m4pro_fullmodes_2026-04-29/logs/gurobi/test/matpower_case3375wp_2017-11-15__warm_prune_lazy_t030.log
matpower/case3375wp,WARM_PRUNE_LAZY_T030,matpower/case3375wp/2017-11-15,2260.0,case3375wp,3375,2017-11-15,TIME_LIMIT,False,3600.0,62.77777777777778,152100000.0,29910000.0,80.3,mip_progress,False,results/paper_m4pro_fullmodes_2026-04-29/logs/gurobi/test/matpower_case3375wp_2017-11-15__warm_prune_lazy_t030.log
matpower/case3375wp,WARM_PRUNE_LAZY_T030,matpower/case3375wp/2017-11-15,2317.0,case3375wp,3375,2017-11-15,TIME_LIMIT,False,3600.0,64.36111111111111,152100000.0,29910000.0,80.3,mip_progress,False,results/paper_m4pro_fullmodes_2026-04-29/logs/gurobi/test/matpower_case3375wp_2017-11-15__warm_prune_lazy_t030.log
matpower/case3375wp,WARM_PRUNE_LAZY_T030,matpower/case3375wp/2017-11-15,2367.0,case3375wp,3375,2017-11-15,TIME_LIMIT,False,3600.0,65.75,152100000.0,29910000.0,80.3,mip_progress,False,results/paper_m4pro_fullmodes_2026-04-29/logs/gurobi/test/matpower_case3375wp_2017-11-15__warm_prune_lazy_t030.log
matpower/case3375wp,WARM_PRUNE_LAZY_T030,matpower/case3375wp/2017-11-15,2370.0,case3375wp,3375,2017-11-15,TIME_LIMIT,False,3600.0,65.83333333333333,152100000.0,29910000.0,80.3,mip_progress,False,results/paper_m4pro_fullmodes_2026-04-29/logs/gurobi/test/matpower_case3375wp_2017-11-15__warm_prune_lazy_t030.log
matpower/case3375wp,WARM_PRUNE_LAZY_T030,matpower/case3375wp/2017-11-15,2429.0,case3375wp,3375,2017-11-15,TIME_LIMIT,False,3600.0,67.47222222222223,152100000.0,29910000.0,80.3,mip_progress,False,results/paper_m4pro_fullmodes_2026-04-29/logs/gurobi/test/matpower_case3375wp_2017-11-15__warm_prune_lazy_t030.log
matpower/case3375wp,WARM_PRUNE_LAZY_T030,matpower/case3375wp/2017-11-15,2479.0,case3375wp,3375,2017-11-15,TIME_LIMIT,False,3600.0,68.86111111111111,152100000.0,29910000.0,80.3,mip_progress,False,results/paper_m4pro_fullmodes_2026-04-29/logs/gurobi/test/matpower_case3375wp_2017-11-15__warm_prune_lazy_t030.log
matpower/case3375wp,WARM_PRUNE_LAZY_T030,matpower/case3375wp/2017-11-15,2539.0,case3375wp,3375,2017-11-15,TIME_LIMIT,False,3600.0,70.52777777777777,152100000.0,29910000.0,80.3,mip_progress,False,results/paper_m4pro_fullmodes_2026-04-29/logs/gurobi/test/matpower_case3375wp_2017-11-15__warm_prune_lazy_t030.log
matpower/case3375wp,WARM_PRUNE_LAZY_T030,matpower/case3375wp/2017-11-15,2603.0,case3375wp,3375,2017-11-15,TIME_LIMIT,False,3600.0,72.30555555555556,152100000.0,29910000.0,80.3,mip_progress,False,results/paper_m4pro_fullmodes_2026-04-29/logs/gurobi/test/matpower_case3375wp_2017-11-15__warm_prune_lazy_t030.log
matpower/case3375wp,WARM_PRUNE_LAZY_T030,matpower/case3375wp/2017-11-15,2606.0,case3375wp,3375,2017-11-15,TIME_LIMIT,False,3600.0,72.38888888888889,152100000.0,29910000.0,80.3,mip_progress,False,results/paper_m4pro_fullmodes_2026-04-29/logs/gurobi/test/matpower_case3375wp_2017-11-15__warm_prune_lazy_t030.log
matpower/case3375wp,WARM_PRUNE_LAZY_T030,matpower/case3375wp/2017-11-15,2664.0,case3375wp,3375,2017-11-15,TIME_LIMIT,False,3600.0,74.0,152100000.0,29910000.0,80.3,mip_progress,False,results/paper_m4pro_fullmodes_2026-04-29/logs/gurobi/test/matpower_case3375wp_2017-11-15__warm_prune_lazy_t030.log
matpower/case3375wp,WARM_PRUNE_LAZY_T030,matpower/case3375wp/2017-11-15,2719.0,case3375wp,3375,2017-11-15,TIME_LIMIT,False,3600.0,75.52777777777777,152100000.0,29910000.0,80.3,mip_progress,False,results/paper_m4pro_fullmodes_2026-04-29/logs/gurobi/test/matpower_case3375wp_2017-11-15__warm_prune_lazy_t030.log
matpower/case3375wp,WARM_PRUNE_LAZY_T030,matpower/case3375wp/2017-11-15,2721.0,case3375wp,3375,2017-11-15,TIME_LIMIT,False,3600.0,75.58333333333333,152100000.0,29910000.0,80.3,mip_progress,False,results/paper_m4pro_fullmodes_2026-04-29/logs/gurobi/test/matpower_case3375wp_2017-11-15__warm_prune_lazy_t030.log
matpower/case3375wp,WARM_PRUNE_LAZY_T030,matpower/case3375wp/2017-11-15,2789.0,case3375wp,3375,2017-11-15,TIME_LIMIT,False,3600.0,77.47222222222223,152100000.0,29910000.0,80.3,mip_progress,False,results/paper_m4pro_fullmodes_2026-04-29/logs/gurobi/test/matpower_case3375wp_2017-11-15__warm_prune_lazy_t030.log
matpower/case3375wp,WARM_PRUNE_LAZY_T030,matpower/case3375wp/2017-11-15,2792.0,case3375wp,3375,2017-11-15,TIME_LIMIT,False,3600.0,77.55555555555556,152100000.0,29910000.0,80.3,mip_progress,False,results/paper_m4pro_fullmodes_2026-04-29/logs/gurobi/test/matpower_case3375wp_2017-11-15__warm_prune_lazy_t030.log
matpower/case3375wp,WARM_PRUNE_LAZY_T030,matpower/case3375wp/2017-11-15,2860.0,case3375wp,3375,2017-11-15,TIME_LIMIT,False,3600.0,79.44444444444444,152100000.0,29910000.0,80.3,mip_progress,False,results/paper_m4pro_fullmodes_2026-04-29/logs/gurobi/test/matpower_case3375wp_2017-11-15__warm_prune_lazy_t030.log
matpower/case3375wp,WARM_PRUNE_LAZY_T030,matpower/case3375wp/2017-11-15,2938.0,case3375wp,3375,2017-11-15,TIME_LIMIT,False,3600.0,81.61111111111111,115404500.0,29910000.0,74.1,mip_progress,True,results/paper_m4pro_fullmodes_2026-04-29/logs/gurobi/test/matpower_case3375wp_2017-11-15__warm_prune_lazy_t030.log
matpower/case3375wp,WARM_PRUNE_LAZY_T030,matpower/case3375wp/2017-11-15,2997.0,case3375wp,3375,2017-11-15,TIME_LIMIT,False,3600.0,83.25,115400000.0,29910000.0,74.1,mip_progress,False,results/paper_m4pro_fullmodes_2026-04-29/logs/gurobi/test/matpower_case3375wp_2017-11-15__warm_prune_lazy_t030.log
matpower/case3375wp,WARM_PRUNE_LAZY_T030,matpower/case3375wp/2017-11-15,3062.0,case3375wp,3375,2017-11-15,TIME_LIMIT,False,3600.0,85.05555555555556,115400000.0,29910000.0,74.1,mip_progress,False,results/paper_m4pro_fullmodes_2026-04-29/logs/gurobi/test/matpower_case3375wp_2017-11-15__warm_prune_lazy_t030.log
matpower/case3375wp,WARM_PRUNE_LAZY_T030,matpower/case3375wp/2017-11-15,3113.0,case3375wp,3375,2017-11-15,TIME_LIMIT,False,3600.0,86.47222222222223,115400000.0,29910000.0,74.1,mip_progress,False,results/paper_m4pro_fullmodes_2026-04-29/logs/gurobi/test/matpower_case3375wp_2017-11-15__warm_prune_lazy_t030.log
matpower/case3375wp,WARM_PRUNE_LAZY_T030,matpower/case3375wp/2017-11-15,3116.0,case3375wp,3375,2017-11-15,TIME_LIMIT,False,3600.0,86.55555555555556,114052800.0,29910000.0,73.8,mip_progress,True,results/paper_m4pro_fullmodes_2026-04-29/logs/gurobi/test/matpower_case3375wp_2017-11-15__warm_prune_lazy_t030.log
matpower/case3375wp,WARM_PRUNE_LAZY_T030,matpower/case3375wp/2017-11-15,3184.0,case3375wp,3375,2017-11-15,TIME_LIMIT,False,3600.0,88.44444444444444,114050000.0,29910000.0,73.8,mip_progress,False,results/paper_m4pro_fullmodes_2026-04-29/logs/gurobi/test/matpower_case3375wp_2017-11-15__warm_prune_lazy_t030.log
matpower/case3375wp,WARM_PRUNE_LAZY_T030,matpower/case3375wp/2017-11-15,3232.0,case3375wp,3375,2017-11-15,TIME_LIMIT,False,3600.0,89.77777777777777,114050000.0,29910000.0,73.8,mip_progress,False,results/paper_m4pro_fullmodes_2026-04-29/logs/gurobi/test/matpower_case3375wp_2017-11-15__warm_prune_lazy_t030.log
matpower/case3375wp,WARM_PRUNE_LAZY_T030,matpower/case3375wp/2017-11-15,3277.0,case3375wp,3375,2017-11-15,TIME_LIMIT,False,3600.0,91.02777777777777,114050000.0,29910000.0,73.8,mip_progress,False,results/paper_m4pro_fullmodes_2026-04-29/logs/gurobi/test/matpower_case3375wp_2017-11-15__warm_prune_lazy_t030.log
matpower/case3375wp,WARM_PRUNE_LAZY_T030,matpower/case3375wp/2017-11-15,3342.0,case3375wp,3375,2017-11-15,TIME_LIMIT,False,3600.0,92.83333333333333,114050000.0,29910000.0,73.8,mip_progress,False,results/paper_m4pro_fullmodes_2026-04-29/logs/gurobi/test/matpower_case3375wp_2017-11-15__warm_prune_lazy_t030.log
matpower/case3375wp,WARM_PRUNE_LAZY_T030,matpower/case3375wp/2017-11-15,3390.0,case3375wp,3375,2017-11-15,TIME_LIMIT,False,3600.0,94.16666666666667,114050000.0,29910000.0,73.8,mip_progress,False,results/paper_m4pro_fullmodes_2026-04-29/logs/gurobi/test/matpower_case3375wp_2017-11-15__warm_prune_lazy_t030.log
matpower/case3375wp,WARM_PRUNE_LAZY_T030,matpower/case3375wp/2017-11-15,3437.0,case3375wp,3375,2017-11-15,TIME_LIMIT,False,3600.0,95.47222222222223,114050000.0,29910000.0,73.8,mip_progress,False,results/paper_m4pro_fullmodes_2026-04-29/logs/gurobi/test/matpower_case3375wp_2017-11-15__warm_prune_lazy_t030.log
matpower/case3375wp,WARM_PRUNE_LAZY_T030,matpower/case3375wp/2017-11-15,3487.0,case3375wp,3375,2017-11-15,TIME_LIMIT,False,3600.0,96.86111111111111,114050000.0,29910000.0,73.8,mip_progress,False,results/paper_m4pro_fullmodes_2026-04-29/logs/gurobi/test/matpower_case3375wp_2017-11-15__warm_prune_lazy_t030.log
matpower/case3375wp,WARM_PRUNE_LAZY_T030,matpower/case3375wp/2017-11-15,3538.0,case3375wp,3375,2017-11-15,TIME_LIMIT,False,3600.0,98.27777777777777,114050000.0,29910000.0,73.8,mip_progress,False,results/paper_m4pro_fullmodes_2026-04-29/logs/gurobi/test/matpower_case3375wp_2017-11-15__warm_prune_lazy_t030.log
matpower/case3375wp,WARM_PRUNE_LAZY_T030,matpower/case3375wp/2017-11-15,3592.0,case3375wp,3375,2017-11-15,TIME_LIMIT,False,3600.0,99.77777777777777,114050000.0,29910000.0,73.8,mip_progress,False,results/paper_m4pro_fullmodes_2026-04-29/logs/gurobi/test/matpower_case3375wp_2017-11-15__warm_prune_lazy_t030.log
matpower/case3375wp,WARM_PRUNE_LAZY_T030,matpower/case3375wp/2017-11-15,3600.0,case3375wp,3375,2017-11-15,TIME_LIMIT,False,3600.0,100.0,114050000.0,29910000.0,73.8,mip_progress,False,results/paper_m4pro_fullmodes_2026-04-29/logs/gurobi/test/matpower_case3375wp_2017-11-15__warm_prune_lazy_t030.log
matpower/case3375wp,WARM_PRUNE_LAZY_T030,matpower/case3375wp/2017-11-15,3854.406183,case3375wp,3375,2017-11-15,TIME_LIMIT,False,3600.0,107.06683841666667,,,73.775505,result_final,False,results/paper_m4pro_fullmodes_2026-04-29/logs/gurobi/test/matpower_case3375wp_2017-11-15__warm_prune_lazy_t030.log
matpower/case6515rte,LAZY_ALL,matpower/case6515rte/2017-01-15,2945.0,case6515rte,6515,2017-01-15,OPTIMAL,True,7200.0,40.90277777777778,114690400.0,68175000.0,40.6,mip_progress,True,results/paper_m4pro_fullmodes_2026-04-29/logs/gurobi/test/matpower_case6515rte_2017-01-15__lazy_all.log
matpower/case6515rte,LAZY_ALL,matpower/case6515rte/2017-01-15,3041.0,case6515rte,6515,2017-01-15,OPTIMAL,True,7200.0,42.236111111111114,114690000.0,68175000.0,40.6,mip_progress,False,results/paper_m4pro_fullmodes_2026-04-29/logs/gurobi/test/matpower_case6515rte_2017-01-15__lazy_all.log
matpower/case6515rte,LAZY_ALL,matpower/case6515rte/2017-01-15,3129.0,case6515rte,6515,2017-01-15,OPTIMAL,True,7200.0,43.458333333333336,102421600.0,68175000.0,33.4,mip_progress,True,results/paper_m4pro_fullmodes_2026-04-29/logs/gurobi/test/matpower_case6515rte_2017-01-15__lazy_all.log
matpower/case6515rte,LAZY_ALL,matpower/case6515rte/2017-01-15,3305.0,case6515rte,6515,2017-01-15,OPTIMAL,True,7200.0,45.90277777777778,102420000.0,85637000.0,16.4,mip_progress,False,results/paper_m4pro_fullmodes_2026-04-29/logs/gurobi/test/matpower_case6515rte_2017-01-15__lazy_all.log
matpower/case6515rte,LAZY_ALL,matpower/case6515rte/2017-01-15,3382.0,case6515rte,6515,2017-01-15,OPTIMAL,True,7200.0,46.97222222222222,102420000.0,85637000.0,16.4,mip_progress,False,results/paper_m4pro_fullmodes_2026-04-29/logs/gurobi/test/matpower_case6515rte_2017-01-15__lazy_all.log
matpower/case6515rte,LAZY_ALL,matpower/case6515rte/2017-01-15,3459.0,case6515rte,6515,2017-01-15,OPTIMAL,True,7200.0,48.041666666666664,102420000.0,85637000.0,16.4,mip_progress,False,results/paper_m4pro_fullmodes_2026-04-29/logs/gurobi/test/matpower_case6515rte_2017-01-15__lazy_all.log
matpower/case6515rte,LAZY_ALL,matpower/case6515rte/2017-01-15,3537.0,case6515rte,6515,2017-01-15,OPTIMAL,True,7200.0,49.125,86816670.0,85637000.0,1.36,mip_progress,True,results/paper_m4pro_fullmodes_2026-04-29/logs/gurobi/test/matpower_case6515rte_2017-01-15__lazy_all.log
matpower/case6515rte,LAZY_ALL,matpower/case6515rte/2017-01-15,3564.30876,case6515rte,6515,2017-01-15,OPTIMAL,True,7200.0,49.504288333333335,,,1.359171,result_final,False,results/paper_m4pro_fullmodes_2026-04-29/logs/gurobi/test/matpower_case6515rte_2017-01-15__lazy_all.log
matpower/case6515rte,LAZY_ALL,matpower/case6515rte/2017-03-15,2901.0,case6515rte,6515,2017-03-15,OPTIMAL,True,7200.0,40.291666666666664,198295800.0,77244000.0,61.0,mip_progress,True,results/paper_m4pro_fullmodes_2026-04-29/logs/gurobi/test/matpower_case6515rte_2017-03-15__lazy_all.log
matpower/case6515rte,LAZY_ALL,matpower/case6515rte/2017-03-15,3032.0,case6515rte,6515,2017-03-15,OPTIMAL,True,7200.0,42.111111111111114,198283600.0,77244000.0,61.0,mip_progress,True,results/paper_m4pro_fullmodes_2026-04-29/logs/gurobi/test/matpower_case6515rte_2017-03-15__lazy_all.log
matpower/case6515rte,LAZY_ALL,matpower/case6515rte/2017-03-15,3241.0,case6515rte,6515,2017-03-15,OPTIMAL,True,7200.0,45.013888888888886,198280000.0,163640000.0,17.5,mip_progress,False,results/paper_m4pro_fullmodes_2026-04-29/logs/gurobi/test/matpower_case6515rte_2017-03-15__lazy_all.log
matpower/case6515rte,LAZY_ALL,matpower/case6515rte/2017-03-15,3313.0,case6515rte,6515,2017-03-15,OPTIMAL,True,7200.0,46.013888888888886,198280000.0,163640000.0,17.5,mip_progress,False,results/paper_m4pro_fullmodes_2026-04-29/logs/gurobi/test/matpower_case6515rte_2017-03-15__lazy_all.log
matpower/case6515rte,LAZY_ALL,matpower/case6515rte/2017-03-15,3386.0,case6515rte,6515,2017-03-15,OPTIMAL,True,7200.0,47.02777777777778,198280000.0,163640000.0,17.5,mip_progress,False,results/paper_m4pro_fullmodes_2026-04-29/logs/gurobi/test/matpower_case6515rte_2017-03-15__lazy_all.log
matpower/case6515rte,LAZY_ALL,matpower/case6515rte/2017-03-15,3461.0,case6515rte,6515,2017-03-15,OPTIMAL,True,7200.0,48.06944444444444,165830600.0,163640000.0,1.32,mip_progress,True,results/paper_m4pro_fullmodes_2026-04-29/logs/gurobi/test/matpower_case6515rte_2017-03-15__lazy_all.log
matpower/case6515rte,LAZY_ALL,matpower/case6515rte/2017-03-15,3487.522906,case6515rte,6515,2017-03-15,OPTIMAL,True,7200.0,48.43781813888889,,,1.32,result_final,False,results/paper_m4pro_fullmodes_2026-04-29/logs/gurobi/test/matpower_case6515rte_2017-03-15__lazy_all.log
matpower/case6515rte,LAZY_ALL,matpower/case6515rte/2017-05-15,2833.0,case6515rte,6515,2017-05-15,OPTIMAL,True,7200.0,39.34722222222222,59058530.0,47159000.0,20.1,mip_progress,True,results/paper_m4pro_fullmodes_2026-04-29/logs/gurobi/test/matpower_case6515rte_2017-05-15__lazy_all.log
matpower/case6515rte,LAZY_ALL,matpower/case6515rte/2017-05-15,2942.0,case6515rte,6515,2017-05-15,OPTIMAL,True,7200.0,40.861111111111114,59052210.0,47159000.0,20.1,mip_progress,True,results/paper_m4pro_fullmodes_2026-04-29/logs/gurobi/test/matpower_case6515rte_2017-05-15__lazy_all.log
matpower/case6515rte,LAZY_ALL,matpower/case6515rte/2017-05-15,3006.0,case6515rte,6515,2017-05-15,OPTIMAL,True,7200.0,41.75,59052000.0,49457000.0,16.2,mip_progress,False,results/paper_m4pro_fullmodes_2026-04-29/logs/gurobi/test/matpower_case6515rte_2017-05-15__lazy_all.log
matpower/case6515rte,LAZY_ALL,matpower/case6515rte/2017-05-15,3083.0,case6515rte,6515,2017-05-15,OPTIMAL,True,7200.0,42.81944444444444,59052000.0,49457000.0,16.2,mip_progress,False,results/paper_m4pro_fullmodes_2026-04-29/logs/gurobi/test/matpower_case6515rte_2017-05-15__lazy_all.log
matpower/case6515rte,LAZY_ALL,matpower/case6515rte/2017-05-15,3158.0,case6515rte,6515,2017-05-15,OPTIMAL,True,7200.0,43.861111111111114,58995160.0,49457000.0,16.2,mip_progress,True,results/paper_m4pro_fullmodes_2026-04-29/logs/gurobi/test/matpower_case6515rte_2017-05-15__lazy_all.log
matpower/case6515rte,LAZY_ALL,matpower/case6515rte/2017-05-15,3223.0,case6515rte,6515,2017-05-15,OPTIMAL,True,7200.0,44.763888888888886,58993560.0,49457000.0,16.2,mip_progress,True,results/paper_m4pro_fullmodes_2026-04-29/logs/gurobi/test/matpower_case6515rte_2017-05-15__lazy_all.log
matpower/case6515rte,LAZY_ALL,matpower/case6515rte/2017-05-15,3224.0,case6515rte,6515,2017-05-15,OPTIMAL,True,7200.0,44.77777777777778,58994000.0,49458000.0,16.2,mip_progress,False,results/paper_m4pro_fullmodes_2026-04-29/logs/gurobi/test/matpower_case6515rte_2017-05-15__lazy_all.log
matpower/case6515rte,LAZY_ALL,matpower/case6515rte/2017-05-15,3232.0,case6515rte,6515,2017-05-15,OPTIMAL,True,7200.0,44.888888888888886,58994000.0,49459000.0,16.2,mip_progress,False,results/paper_m4pro_fullmodes_2026-04-29/logs/gurobi/test/matpower_case6515rte_2017-05-15__lazy_all.log
matpower/case6515rte,LAZY_ALL,matpower/case6515rte/2017-05-15,3234.0,case6515rte,6515,2017-05-15,OPTIMAL,True,7200.0,44.916666666666664,58994000.0,49459000.0,16.2,mip_progress,False,results/paper_m4pro_fullmodes_2026-04-29/logs/gurobi/test/matpower_case6515rte_2017-05-15__lazy_all.log
matpower/case6515rte,LAZY_ALL,matpower/case6515rte/2017-05-15,3254.0,case6515rte,6515,2017-05-15,OPTIMAL,True,7200.0,45.19444444444444,58994000.0,49460000.0,16.2,mip_progress,False,results/paper_m4pro_fullmodes_2026-04-29/logs/gurobi/test/matpower_case6515rte_2017-05-15__lazy_all.log
matpower/case6515rte,LAZY_ALL,matpower/case6515rte/2017-05-15,3334.0,case6515rte,6515,2017-05-15,OPTIMAL,True,7200.0,46.30555555555556,58994000.0,49461000.0,16.2,mip_progress,False,results/paper_m4pro_fullmodes_2026-04-29/logs/gurobi/test/matpower_case6515rte_2017-05-15__lazy_all.log
matpower/case6515rte,LAZY_ALL,matpower/case6515rte/2017-05-15,3413.0,case6515rte,6515,2017-05-15,OPTIMAL,True,7200.0,47.40277777777778,58991730.0,49461000.0,16.2,mip_progress,True,results/paper_m4pro_fullmodes_2026-04-29/logs/gurobi/test/matpower_case6515rte_2017-05-15__lazy_all.log
matpower/case6515rte,LAZY_ALL,matpower/case6515rte/2017-05-15,3478.0,case6515rte,6515,2017-05-15,OPTIMAL,True,7200.0,48.30555555555556,58990130.0,49461000.0,16.2,mip_progress,True,results/paper_m4pro_fullmodes_2026-04-29/logs/gurobi/test/matpower_case6515rte_2017-05-15__lazy_all.log
matpower/case6515rte,LAZY_ALL,matpower/case6515rte/2017-05-15,3479.0,case6515rte,6515,2017-05-15,OPTIMAL,True,7200.0,48.31944444444444,58990000.0,49461000.0,16.2,mip_progress,False,results/paper_m4pro_fullmodes_2026-04-29/logs/gurobi/test/matpower_case6515rte_2017-05-15__lazy_all.log
matpower/case6515rte,LAZY_ALL,matpower/case6515rte/2017-05-15,3500.0,case6515rte,6515,2017-05-15,OPTIMAL,True,7200.0,48.611111111111114,58990000.0,49461000.0,16.2,mip_progress,False,results/paper_m4pro_fullmodes_2026-04-29/logs/gurobi/test/matpower_case6515rte_2017-05-15__lazy_all.log
matpower/case6515rte,LAZY_ALL,matpower/case6515rte/2017-05-15,3502.0,case6515rte,6515,2017-05-15,OPTIMAL,True,7200.0,48.638888888888886,58990000.0,49461000.0,16.2,mip_progress,False,results/paper_m4pro_fullmodes_2026-04-29/logs/gurobi/test/matpower_case6515rte_2017-05-15__lazy_all.log
matpower/case6515rte,LAZY_ALL,matpower/case6515rte/2017-05-15,3506.0,case6515rte,6515,2017-05-15,OPTIMAL,True,7200.0,48.69444444444444,58990000.0,49461000.0,16.2,mip_progress,False,results/paper_m4pro_fullmodes_2026-04-29/logs/gurobi/test/matpower_case6515rte_2017-05-15__lazy_all.log
matpower/case6515rte,LAZY_ALL,matpower/case6515rte/2017-05-15,3524.0,case6515rte,6515,2017-05-15,OPTIMAL,True,7200.0,48.94444444444444,58990000.0,49461000.0,16.2,mip_progress,False,results/paper_m4pro_fullmodes_2026-04-29/logs/gurobi/test/matpower_case6515rte_2017-05-15__lazy_all.log
matpower/case6515rte,LAZY_ALL,matpower/case6515rte/2017-05-15,3527.0,case6515rte,6515,2017-05-15,OPTIMAL,True,7200.0,48.986111111111114,58990000.0,49461000.0,16.2,mip_progress,False,results/paper_m4pro_fullmodes_2026-04-29/logs/gurobi/test/matpower_case6515rte_2017-05-15__lazy_all.log
matpower/case6515rte,LAZY_ALL,matpower/case6515rte/2017-05-15,3538.0,case6515rte,6515,2017-05-15,OPTIMAL,True,7200.0,49.138888888888886,58990000.0,49461000.0,16.2,mip_progress,False,results/paper_m4pro_fullmodes_2026-04-29/logs/gurobi/test/matpower_case6515rte_2017-05-15__lazy_all.log
matpower/case6515rte,LAZY_ALL,matpower/case6515rte/2017-05-15,3541.0,case6515rte,6515,2017-05-15,OPTIMAL,True,7200.0,49.18055555555556,58990000.0,49461000.0,16.2,mip_progress,False,results/paper_m4pro_fullmodes_2026-04-29/logs/gurobi/test/matpower_case6515rte_2017-05-15__lazy_all.log
matpower/case6515rte,LAZY_ALL,matpower/case6515rte/2017-05-15,3546.0,case6515rte,6515,2017-05-15,OPTIMAL,True,7200.0,49.25,58990000.0,49461000.0,16.2,mip_progress,False,results/paper_m4pro_fullmodes_2026-04-29/logs/gurobi/test/matpower_case6515rte_2017-05-15__lazy_all.log
matpower/case6515rte,LAZY_ALL,matpower/case6515rte/2017-05-15,3622.0,case6515rte,6515,2017-05-15,OPTIMAL,True,7200.0,50.30555555555556,58990000.0,49461000.0,16.2,mip_progress,False,results/paper_m4pro_fullmodes_2026-04-29/logs/gurobi/test/matpower_case6515rte_2017-05-15__lazy_all.log
matpower/case6515rte,LAZY_ALL,matpower/case6515rte/2017-05-15,3698.0,case6515rte,6515,2017-05-15,OPTIMAL,True,7200.0,51.361111111111114,51054790.0,49461000.0,3.12,mip_progress,True,results/paper_m4pro_fullmodes_2026-04-29/logs/gurobi/test/matpower_case6515rte_2017-05-15__lazy_all.log
matpower/case6515rte,LAZY_ALL,matpower/case6515rte/2017-05-15,3725.391918,case6515rte,6515,2017-05-15,OPTIMAL,True,7200.0,51.74155441666666,,,3.12,result_final,False,results/paper_m4pro_fullmodes_2026-04-29/logs/gurobi/test/matpower_case6515rte_2017-05-15__lazy_all.log
matpower/case6515rte,LAZY_ALL,matpower/case6515rte/2017-07-15,3831.0,case6515rte,6515,2017-07-15,OPTIMAL,True,7200.0,53.208333333333336,193124600.0,74022000.0,61.7,mip_progress,True,results/paper_m4pro_fullmodes_2026-04-29/logs/gurobi/test/matpower_case6515rte_2017-07-15__lazy_all.log
matpower/case6515rte,LAZY_ALL,matpower/case6515rte/2017-07-15,3989.0,case6515rte,6515,2017-07-15,OPTIMAL,True,7200.0,55.40277777777778,193029500.0,74022000.0,61.7,mip_progress,True,results/paper_m4pro_fullmodes_2026-04-29/logs/gurobi/test/matpower_case6515rte_2017-07-15__lazy_all.log
matpower/case6515rte,LAZY_ALL,matpower/case6515rte/2017-07-15,4401.0,case6515rte,6515,2017-07-15,OPTIMAL,True,7200.0,61.125,193030000.0,142470000.0,26.2,mip_progress,False,results/paper_m4pro_fullmodes_2026-04-29/logs/gurobi/test/matpower_case6515rte_2017-07-15__lazy_all.log
matpower/case6515rte,LAZY_ALL,matpower/case6515rte/2017-07-15,4481.0,case6515rte,6515,2017-07-15,OPTIMAL,True,7200.0,62.236111111111114,193030000.0,142470000.0,26.2,mip_progress,False,results/paper_m4pro_fullmodes_2026-04-29/logs/gurobi/test/matpower_case6515rte_2017-07-15__lazy_all.log
matpower/case6515rte,LAZY_ALL,matpower/case6515rte/2017-07-15,4563.0,case6515rte,6515,2017-07-15,OPTIMAL,True,7200.0,63.375,193030000.0,142470000.0,26.2,mip_progress,False,results/paper_m4pro_fullmodes_2026-04-29/logs/gurobi/test/matpower_case6515rte_2017-07-15__lazy_all.log
matpower/case6515rte,LAZY_ALL,matpower/case6515rte/2017-07-15,4647.0,case6515rte,6515,2017-07-15,OPTIMAL,True,7200.0,64.54166666666667,148437700.0,142470000.0,4.02,mip_progress,True,results/paper_m4pro_fullmodes_2026-04-29/logs/gurobi/test/matpower_case6515rte_2017-07-15__lazy_all.log
matpower/case6515rte,LAZY_ALL,matpower/case6515rte/2017-07-15,4673.622406,case6515rte,6515,2017-07-15,OPTIMAL,True,7200.0,64.91142230555556,,,4.018189,result_final,False,results/paper_m4pro_fullmodes_2026-04-29/logs/gurobi/test/matpower_case6515rte_2017-07-15__lazy_all.log
matpower/case6515rte,LAZY_ALL,matpower/case6515rte/2017-09-15,3645.0,case6515rte,6515,2017-09-15,OPTIMAL,True,7200.0,50.625,208493600.0,55092000.0,73.6,mip_progress,True,results/paper_m4pro_fullmodes_2026-04-29/logs/gurobi/test/matpower_case6515rte_2017-09-15__lazy_all.log
matpower/case6515rte,LAZY_ALL,matpower/case6515rte/2017-09-15,3694.0,case6515rte,6515,2017-09-15,OPTIMAL,True,7200.0,51.30555555555556,208493600.0,55092000.0,73.6,mip_progress,True,results/paper_m4pro_fullmodes_2026-04-29/logs/gurobi/test/matpower_case6515rte_2017-09-15__lazy_all.log
matpower/case6515rte,LAZY_ALL,matpower/case6515rte/2017-09-15,3773.0,case6515rte,6515,2017-09-15,OPTIMAL,True,7200.0,52.40277777777778,208490000.0,55092000.0,73.6,mip_progress,False,results/paper_m4pro_fullmodes_2026-04-29/logs/gurobi/test/matpower_case6515rte_2017-09-15__lazy_all.log
matpower/case6515rte,LAZY_ALL,matpower/case6515rte/2017-09-15,3823.0,case6515rte,6515,2017-09-15,OPTIMAL,True,7200.0,53.09722222222222,208490000.0,55092000.0,73.6,mip_progress,False,results/paper_m4pro_fullmodes_2026-04-29/logs/gurobi/test/matpower_case6515rte_2017-09-15__lazy_all.log
matpower/case6515rte,LAZY_ALL,matpower/case6515rte/2017-09-15,3873.0,case6515rte,6515,2017-09-15,OPTIMAL,True,7200.0,53.791666666666664,208489000.0,55092000.0,73.6,mip_progress,True,results/paper_m4pro_fullmodes_2026-04-29/logs/gurobi/test/matpower_case6515rte_2017-09-15__lazy_all.log
matpower/case6515rte,LAZY_ALL,matpower/case6515rte/2017-09-15,3923.0,case6515rte,6515,2017-09-15,OPTIMAL,True,7200.0,54.486111111111114,208489000.0,55092000.0,73.6,mip_progress,True,results/paper_m4pro_fullmodes_2026-04-29/logs/gurobi/test/matpower_case6515rte_2017-09-15__lazy_all.log
matpower/case6515rte,LAZY_ALL,matpower/case6515rte/2017-09-15,4798.0,case6515rte,6515,2017-09-15,OPTIMAL,True,7200.0,66.63888888888889,208490000.0,176880000.0,15.2,mip_progress,False,results/paper_m4pro_fullmodes_2026-04-29/logs/gurobi/test/matpower_case6515rte_2017-09-15__lazy_all.log
matpower/case6515rte,LAZY_ALL,matpower/case6515rte/2017-09-15,4857.0,case6515rte,6515,2017-09-15,OPTIMAL,True,7200.0,67.45833333333333,208490000.0,176880000.0,15.2,mip_progress,False,results/paper_m4pro_fullmodes_2026-04-29/logs/gurobi/test/matpower_case6515rte_2017-09-15__lazy_all.log
matpower/case6515rte,LAZY_ALL,matpower/case6515rte/2017-09-15,4878.0,case6515rte,6515,2017-09-15,OPTIMAL,True,7200.0,67.75,208490000.0,176880000.0,15.2,mip_progress,False,results/paper_m4pro_fullmodes_2026-04-29/logs/gurobi/test/matpower_case6515rte_2017-09-15__lazy_all.log
matpower/case6515rte,LAZY_ALL,matpower/case6515rte/2017-09-15,4938.0,case6515rte,6515,2017-09-15,OPTIMAL,True,7200.0,68.58333333333333,208490000.0,176880000.0,15.2,mip_progress,False,results/paper_m4pro_fullmodes_2026-04-29/logs/gurobi/test/matpower_case6515rte_2017-09-15__lazy_all.log
matpower/case6515rte,LAZY_ALL,matpower/case6515rte/2017-09-15,4956.0,case6515rte,6515,2017-09-15,OPTIMAL,True,7200.0,68.83333333333333,208490000.0,176880000.0,15.2,mip_progress,False,results/paper_m4pro_fullmodes_2026-04-29/logs/gurobi/test/matpower_case6515rte_2017-09-15__lazy_all.log
matpower/case6515rte,LAZY_ALL,matpower/case6515rte/2017-09-15,5017.0,case6515rte,6515,2017-09-15,OPTIMAL,True,7200.0,69.68055555555556,208490000.0,176880000.0,15.2,mip_progress,False,results/paper_m4pro_fullmodes_2026-04-29/logs/gurobi/test/matpower_case6515rte_2017-09-15__lazy_all.log
matpower/case6515rte,LAZY_ALL,matpower/case6515rte/2017-09-15,5035.0,case6515rte,6515,2017-09-15,OPTIMAL,True,7200.0,69.93055555555556,208490000.0,176880000.0,15.2,mip_progress,False,results/paper_m4pro_fullmodes_2026-04-29/logs/gurobi/test/matpower_case6515rte_2017-09-15__lazy_all.log
matpower/case6515rte,LAZY_ALL,matpower/case6515rte/2017-09-15,5096.0,case6515rte,6515,2017-09-15,OPTIMAL,True,7200.0,70.77777777777777,208490000.0,176880000.0,15.2,mip_progress,False,results/paper_m4pro_fullmodes_2026-04-29/logs/gurobi/test/matpower_case6515rte_2017-09-15__lazy_all.log
matpower/case6515rte,LAZY_ALL,matpower/case6515rte/2017-09-15,5114.0,case6515rte,6515,2017-09-15,OPTIMAL,True,7200.0,71.02777777777777,195986600.0,176880000.0,9.75,mip_progress,True,results/paper_m4pro_fullmodes_2026-04-29/logs/gurobi/test/matpower_case6515rte_2017-09-15__lazy_all.log
matpower/case6515rte,LAZY_ALL,matpower/case6515rte/2017-09-15,5141.0,case6515rte,6515,2017-09-15,OPTIMAL,True,7200.0,71.40277777777777,195990000.0,177020000.0,9.68,mip_progress,False,results/paper_m4pro_fullmodes_2026-04-29/logs/gurobi/test/matpower_case6515rte_2017-09-15__lazy_all.log
matpower/case6515rte,LAZY_ALL,matpower/case6515rte/2017-09-15,5143.0,case6515rte,6515,2017-09-15,OPTIMAL,True,7200.0,71.43055555555556,195990000.0,177030000.0,9.67,mip_progress,False,results/paper_m4pro_fullmodes_2026-04-29/logs/gurobi/test/matpower_case6515rte_2017-09-15__lazy_all.log
matpower/case6515rte,LAZY_ALL,matpower/case6515rte/2017-09-15,5176.0,case6515rte,6515,2017-09-15,OPTIMAL,True,7200.0,71.88888888888889,195986600.0,176880000.0,9.67,mip_progress,True,results/paper_m4pro_fullmodes_2026-04-29/logs/gurobi/test/matpower_case6515rte_2017-09-15__lazy_all.log
matpower/case6515rte,LAZY_ALL,matpower/case6515rte/2017-09-15,5177.0,case6515rte,6515,2017-09-15,OPTIMAL,True,7200.0,71.90277777777777,195990000.0,177030000.0,9.67,mip_progress,False,results/paper_m4pro_fullmodes_2026-04-29/logs/gurobi/test/matpower_case6515rte_2017-09-15__lazy_all.log
matpower/case6515rte,LAZY_ALL,matpower/case6515rte/2017-09-15,5204.0,case6515rte,6515,2017-09-15,OPTIMAL,True,7200.0,72.27777777777777,195990000.0,177020000.0,9.67,mip_progress,False,results/paper_m4pro_fullmodes_2026-04-29/logs/gurobi/test/matpower_case6515rte_2017-09-15__lazy_all.log
matpower/case6515rte,LAZY_ALL,matpower/case6515rte/2017-09-15,5206.0,case6515rte,6515,2017-09-15,OPTIMAL,True,7200.0,72.30555555555556,195990000.0,177030000.0,9.67,mip_progress,False,results/paper_m4pro_fullmodes_2026-04-29/logs/gurobi/test/matpower_case6515rte_2017-09-15__lazy_all.log
matpower/case6515rte,LAZY_ALL,matpower/case6515rte/2017-09-15,5241.0,case6515rte,6515,2017-09-15,OPTIMAL,True,7200.0,72.79166666666667,195990000.0,177030000.0,9.67,mip_progress,False,results/paper_m4pro_fullmodes_2026-04-29/logs/gurobi/test/matpower_case6515rte_2017-09-15__lazy_all.log
matpower/case6515rte,LAZY_ALL,matpower/case6515rte/2017-09-15,5256.0,case6515rte,6515,2017-09-15,OPTIMAL,True,7200.0,73.0,195990000.0,177030000.0,9.67,mip_progress,False,results/paper_m4pro_fullmodes_2026-04-29/logs/gurobi/test/matpower_case6515rte_2017-09-15__lazy_all.log
matpower/case6515rte,LAZY_ALL,matpower/case6515rte/2017-09-15,5320.0,case6515rte,6515,2017-09-15,OPTIMAL,True,7200.0,73.88888888888889,195990000.0,177030000.0,9.67,mip_progress,False,results/paper_m4pro_fullmodes_2026-04-29/logs/gurobi/test/matpower_case6515rte_2017-09-15__lazy_all.log
matpower/case6515rte,LAZY_ALL,matpower/case6515rte/2017-09-15,5333.0,case6515rte,6515,2017-09-15,OPTIMAL,True,7200.0,74.06944444444444,195830600.0,177030000.0,9.6,mip_progress,True,results/paper_m4pro_fullmodes_2026-04-29/logs/gurobi/test/matpower_case6515rte_2017-09-15__lazy_all.log
matpower/case6515rte,LAZY_ALL,matpower/case6515rte/2017-09-15,5399.0,case6515rte,6515,2017-09-15,OPTIMAL,True,7200.0,74.98611111111111,195830500.0,177030000.0,9.6,mip_progress,True,results/paper_m4pro_fullmodes_2026-04-29/logs/gurobi/test/matpower_case6515rte_2017-09-15__lazy_all.log
matpower/case6515rte,LAZY_ALL,matpower/case6515rte/2017-09-15,5400.0,case6515rte,6515,2017-09-15,OPTIMAL,True,7200.0,75.0,195830000.0,177030000.0,9.6,mip_progress,False,results/paper_m4pro_fullmodes_2026-04-29/logs/gurobi/test/matpower_case6515rte_2017-09-15__lazy_all.log
matpower/case6515rte,LAZY_ALL,matpower/case6515rte/2017-09-15,5427.0,case6515rte,6515,2017-09-15,OPTIMAL,True,7200.0,75.375,195830000.0,177030000.0,9.6,mip_progress,False,results/paper_m4pro_fullmodes_2026-04-29/logs/gurobi/test/matpower_case6515rte_2017-09-15__lazy_all.log
matpower/case6515rte,LAZY_ALL,matpower/case6515rte/2017-09-15,5429.0,case6515rte,6515,2017-09-15,OPTIMAL,True,7200.0,75.40277777777777,195830000.0,177030000.0,9.6,mip_progress,False,results/paper_m4pro_fullmodes_2026-04-29/logs/gurobi/test/matpower_case6515rte_2017-09-15__lazy_all.log
matpower/case6515rte,LAZY_ALL,matpower/case6515rte/2017-09-15,5433.0,case6515rte,6515,2017-09-15,OPTIMAL,True,7200.0,75.45833333333333,195830000.0,177030000.0,9.6,mip_progress,False,results/paper_m4pro_fullmodes_2026-04-29/logs/gurobi/test/matpower_case6515rte_2017-09-15__lazy_all.log
matpower/case6515rte,LAZY_ALL,matpower/case6515rte/2017-09-15,5434.0,case6515rte,6515,2017-09-15,OPTIMAL,True,7200.0,75.47222222222223,195830000.0,177030000.0,9.6,mip_progress,False,results/paper_m4pro_fullmodes_2026-04-29/logs/gurobi/test/matpower_case6515rte_2017-09-15__lazy_all.log
matpower/case6515rte,LAZY_ALL,matpower/case6515rte/2017-09-15,5437.0,case6515rte,6515,2017-09-15,OPTIMAL,True,7200.0,75.51388888888889,195830000.0,177030000.0,9.6,mip_progress,False,results/paper_m4pro_fullmodes_2026-04-29/logs/gurobi/test/matpower_case6515rte_2017-09-15__lazy_all.log
matpower/case6515rte,LAZY_ALL,matpower/case6515rte/2017-09-15,5442.0,case6515rte,6515,2017-09-15,OPTIMAL,True,7200.0,75.58333333333333,195830000.0,177030000.0,9.6,mip_progress,False,results/paper_m4pro_fullmodes_2026-04-29/logs/gurobi/test/matpower_case6515rte_2017-09-15__lazy_all.log
matpower/case6515rte,LAZY_ALL,matpower/case6515rte/2017-09-15,5465.0,case6515rte,6515,2017-09-15,OPTIMAL,True,7200.0,75.90277777777777,195830500.0,177030000.0,9.6,mip_progress,True,results/paper_m4pro_fullmodes_2026-04-29/logs/gurobi/test/matpower_case6515rte_2017-09-15__lazy_all.log
matpower/case6515rte,LAZY_ALL,matpower/case6515rte/2017-09-15,5466.0,case6515rte,6515,2017-09-15,OPTIMAL,True,7200.0,75.91666666666667,195830000.0,177030000.0,9.6,mip_progress,False,results/paper_m4pro_fullmodes_2026-04-29/logs/gurobi/test/matpower_case6515rte_2017-09-15__lazy_all.log
matpower/case6515rte,LAZY_ALL,matpower/case6515rte/2017-09-15,5493.0,case6515rte,6515,2017-09-15,OPTIMAL,True,7200.0,76.29166666666667,195830000.0,177030000.0,9.6,mip_progress,False,results/paper_m4pro_fullmodes_2026-04-29/logs/gurobi/test/matpower_case6515rte_2017-09-15__lazy_all.log
matpower/case6515rte,LAZY_ALL,matpower/case6515rte/2017-09-15,5495.0,case6515rte,6515,2017-09-15,OPTIMAL,True,7200.0,76.31944444444444,195830000.0,177030000.0,9.6,mip_progress,False,results/paper_m4pro_fullmodes_2026-04-29/logs/gurobi/test/matpower_case6515rte_2017-09-15__lazy_all.log
matpower/case6515rte,LAZY_ALL,matpower/case6515rte/2017-09-15,5499.0,case6515rte,6515,2017-09-15,OPTIMAL,True,7200.0,76.375,195830000.0,177030000.0,9.6,mip_progress,False,results/paper_m4pro_fullmodes_2026-04-29/logs/gurobi/test/matpower_case6515rte_2017-09-15__lazy_all.log
matpower/case6515rte,LAZY_ALL,matpower/case6515rte/2017-09-15,5501.0,case6515rte,6515,2017-09-15,OPTIMAL,True,7200.0,76.40277777777777,195830000.0,177030000.0,9.6,mip_progress,False,results/paper_m4pro_fullmodes_2026-04-29/logs/gurobi/test/matpower_case6515rte_2017-09-15__lazy_all.log
matpower/case6515rte,LAZY_ALL,matpower/case6515rte/2017-09-15,5503.0,case6515rte,6515,2017-09-15,OPTIMAL,True,7200.0,76.43055555555556,195830000.0,177030000.0,9.6,mip_progress,False,results/paper_m4pro_fullmodes_2026-04-29/logs/gurobi/test/matpower_case6515rte_2017-09-15__lazy_all.log
matpower/case6515rte,LAZY_ALL,matpower/case6515rte/2017-09-15,5508.0,case6515rte,6515,2017-09-15,OPTIMAL,True,7200.0,76.5,195830000.0,177030000.0,9.6,mip_progress,False,results/paper_m4pro_fullmodes_2026-04-29/logs/gurobi/test/matpower_case6515rte_2017-09-15__lazy_all.log
matpower/case6515rte,LAZY_ALL,matpower/case6515rte/2017-09-15,5522.0,case6515rte,6515,2017-09-15,OPTIMAL,True,7200.0,76.69444444444444,195830000.0,177030000.0,9.6,mip_progress,False,results/paper_m4pro_fullmodes_2026-04-29/logs/gurobi/test/matpower_case6515rte_2017-09-15__lazy_all.log
matpower/case6515rte,LAZY_ALL,matpower/case6515rte/2017-09-15,5590.0,case6515rte,6515,2017-09-15,OPTIMAL,True,7200.0,77.63888888888889,195830000.0,177030000.0,9.6,mip_progress,False,results/paper_m4pro_fullmodes_2026-04-29/logs/gurobi/test/matpower_case6515rte_2017-09-15__lazy_all.log
matpower/case6515rte,LAZY_ALL,matpower/case6515rte/2017-09-15,5603.0,case6515rte,6515,2017-09-15,OPTIMAL,True,7200.0,77.81944444444444,195830000.0,177030000.0,9.6,mip_progress,False,results/paper_m4pro_fullmodes_2026-04-29/logs/gurobi/test/matpower_case6515rte_2017-09-15__lazy_all.log
matpower/case6515rte,LAZY_ALL,matpower/case6515rte/2017-09-15,5671.0,case6515rte,6515,2017-09-15,OPTIMAL,True,7200.0,78.76388888888889,195830000.0,177030000.0,9.6,mip_progress,False,results/paper_m4pro_fullmodes_2026-04-29/logs/gurobi/test/matpower_case6515rte_2017-09-15__lazy_all.log
matpower/case6515rte,LAZY_ALL,matpower/case6515rte/2017-09-15,5683.0,case6515rte,6515,2017-09-15,OPTIMAL,True,7200.0,78.93055555555556,195201200.0,177030000.0,9.31,mip_progress,True,results/paper_m4pro_fullmodes_2026-04-29/logs/gurobi/test/matpower_case6515rte_2017-09-15__lazy_all.log
matpower/case6515rte,LAZY_ALL,matpower/case6515rte/2017-09-15,5715.0,case6515rte,6515,2017-09-15,OPTIMAL,True,7200.0,79.375,195200000.0,177030000.0,9.31,mip_progress,False,results/paper_m4pro_fullmodes_2026-04-29/logs/gurobi/test/matpower_case6515rte_2017-09-15__lazy_all.log
matpower/case6515rte,LAZY_ALL,matpower/case6515rte/2017-09-15,5723.0,case6515rte,6515,2017-09-15,OPTIMAL,True,7200.0,79.48611111111111,195200000.0,177030000.0,9.31,mip_progress,False,results/paper_m4pro_fullmodes_2026-04-29/logs/gurobi/test/matpower_case6515rte_2017-09-15__lazy_all.log
matpower/case6515rte,LAZY_ALL,matpower/case6515rte/2017-09-15,5735.0,case6515rte,6515,2017-09-15,OPTIMAL,True,7200.0,79.65277777777777,195200000.0,177030000.0,9.31,mip_progress,False,results/paper_m4pro_fullmodes_2026-04-29/logs/gurobi/test/matpower_case6515rte_2017-09-15__lazy_all.log
matpower/case6515rte,LAZY_ALL,matpower/case6515rte/2017-09-15,5749.0,case6515rte,6515,2017-09-15,OPTIMAL,True,7200.0,79.84722222222223,195200000.0,177040000.0,9.3,mip_progress,False,results/paper_m4pro_fullmodes_2026-04-29/logs/gurobi/test/matpower_case6515rte_2017-09-15__lazy_all.log
matpower/case6515rte,LAZY_ALL,matpower/case6515rte/2017-09-15,5753.0,case6515rte,6515,2017-09-15,OPTIMAL,True,7200.0,79.90277777777777,195201200.0,177030000.0,9.3,mip_progress,True,results/paper_m4pro_fullmodes_2026-04-29/logs/gurobi/test/matpower_case6515rte_2017-09-15__lazy_all.log
matpower/case6515rte,LAZY_ALL,matpower/case6515rte/2017-09-15,5769.0,case6515rte,6515,2017-09-15,OPTIMAL,True,7200.0,80.125,195200000.0,177040000.0,9.3,mip_progress,False,results/paper_m4pro_fullmodes_2026-04-29/logs/gurobi/test/matpower_case6515rte_2017-09-15__lazy_all.log
matpower/case6515rte,LAZY_ALL,matpower/case6515rte/2017-09-15,5785.0,case6515rte,6515,2017-09-15,OPTIMAL,True,7200.0,80.34722222222223,195200000.0,177030000.0,9.3,mip_progress,False,results/paper_m4pro_fullmodes_2026-04-29/logs/gurobi/test/matpower_case6515rte_2017-09-15__lazy_all.log
matpower/case6515rte,LAZY_ALL,matpower/case6515rte/2017-09-15,5792.0,case6515rte,6515,2017-09-15,OPTIMAL,True,7200.0,80.44444444444444,195200000.0,177050000.0,9.3,mip_progress,False,results/paper_m4pro_fullmodes_2026-04-29/logs/gurobi/test/matpower_case6515rte_2017-09-15__lazy_all.log
matpower/case6515rte,LAZY_ALL,matpower/case6515rte/2017-09-15,5793.0,case6515rte,6515,2017-09-15,OPTIMAL,True,7200.0,80.45833333333333,195200000.0,177030000.0,9.3,mip_progress,False,results/paper_m4pro_fullmodes_2026-04-29/logs/gurobi/test/matpower_case6515rte_2017-09-15__lazy_all.log
matpower/case6515rte,LAZY_ALL,matpower/case6515rte/2017-09-15,5805.0,case6515rte,6515,2017-09-15,OPTIMAL,True,7200.0,80.625,195200000.0,177030000.0,9.3,mip_progress,False,results/paper_m4pro_fullmodes_2026-04-29/logs/gurobi/test/matpower_case6515rte_2017-09-15__lazy_all.log
matpower/case6515rte,LAZY_ALL,matpower/case6515rte/2017-09-15,5819.0,case6515rte,6515,2017-09-15,OPTIMAL,True,7200.0,80.81944444444444,195200000.0,177040000.0,9.3,mip_progress,False,results/paper_m4pro_fullmodes_2026-04-29/logs/gurobi/test/matpower_case6515rte_2017-09-15__lazy_all.log
matpower/case6515rte,LAZY_ALL,matpower/case6515rte/2017-09-15,5821.0,case6515rte,6515,2017-09-15,OPTIMAL,True,7200.0,80.84722222222223,195200000.0,177050000.0,9.3,mip_progress,False,results/paper_m4pro_fullmodes_2026-04-29/logs/gurobi/test/matpower_case6515rte_2017-09-15__lazy_all.log
matpower/case6515rte,LAZY_ALL,matpower/case6515rte/2017-09-15,5840.0,case6515rte,6515,2017-09-15,OPTIMAL,True,7200.0,81.11111111111111,195200000.0,177040000.0,9.3,mip_progress,False,results/paper_m4pro_fullmodes_2026-04-29/logs/gurobi/test/matpower_case6515rte_2017-09-15__lazy_all.log
matpower/case6515rte,LAZY_ALL,matpower/case6515rte/2017-09-15,5854.0,case6515rte,6515,2017-09-15,OPTIMAL,True,7200.0,81.30555555555556,195200000.0,177050000.0,9.3,mip_progress,False,results/paper_m4pro_fullmodes_2026-04-29/logs/gurobi/test/matpower_case6515rte_2017-09-15__lazy_all.log
matpower/case6515rte,LAZY_ALL,matpower/case6515rte/2017-09-15,5863.0,case6515rte,6515,2017-09-15,OPTIMAL,True,7200.0,81.43055555555556,195200000.0,177050000.0,9.3,mip_progress,False,results/paper_m4pro_fullmodes_2026-04-29/logs/gurobi/test/matpower_case6515rte_2017-09-15__lazy_all.log
matpower/case6515rte,LAZY_ALL,matpower/case6515rte/2017-09-15,5885.0,case6515rte,6515,2017-09-15,OPTIMAL,True,7200.0,81.73611111111111,195200000.0,177050000.0,9.3,mip_progress,False,results/paper_m4pro_fullmodes_2026-04-29/logs/gurobi/test/matpower_case6515rte_2017-09-15__lazy_all.log
matpower/case6515rte,LAZY_ALL,matpower/case6515rte/2017-09-15,5893.0,case6515rte,6515,2017-09-15,OPTIMAL,True,7200.0,81.84722222222223,195200000.0,177050000.0,9.3,mip_progress,False,results/paper_m4pro_fullmodes_2026-04-29/logs/gurobi/test/matpower_case6515rte_2017-09-15__lazy_all.log
matpower/case6515rte,LAZY_ALL,matpower/case6515rte/2017-09-15,5905.0,case6515rte,6515,2017-09-15,OPTIMAL,True,7200.0,82.01388888888889,195200000.0,177050000.0,9.3,mip_progress,False,results/paper_m4pro_fullmodes_2026-04-29/logs/gurobi/test/matpower_case6515rte_2017-09-15__lazy_all.log
matpower/case6515rte,LAZY_ALL,matpower/case6515rte/2017-09-15,5925.0,case6515rte,6515,2017-09-15,OPTIMAL,True,7200.0,82.29166666666667,195200000.0,177050000.0,9.3,mip_progress,False,results/paper_m4pro_fullmodes_2026-04-29/logs/gurobi/test/matpower_case6515rte_2017-09-15__lazy_all.log
matpower/case6515rte,LAZY_ALL,matpower/case6515rte/2017-09-15,5927.0,case6515rte,6515,2017-09-15,OPTIMAL,True,7200.0,82.31944444444444,195200000.0,177050000.0,9.3,mip_progress,False,results/paper_m4pro_fullmodes_2026-04-29/logs/gurobi/test/matpower_case6515rte_2017-09-15__lazy_all.log
matpower/case6515rte,LAZY_ALL,matpower/case6515rte/2017-09-15,5947.0,case6515rte,6515,2017-09-15,OPTIMAL,True,7200.0,82.59722222222223,195200000.0,177050000.0,9.3,mip_progress,False,results/paper_m4pro_fullmodes_2026-04-29/logs/gurobi/test/matpower_case6515rte_2017-09-15__lazy_all.log
matpower/case6515rte,LAZY_ALL,matpower/case6515rte/2017-09-15,5955.0,case6515rte,6515,2017-09-15,OPTIMAL,True,7200.0,82.70833333333333,195200000.0,177050000.0,9.3,mip_progress,False,results/paper_m4pro_fullmodes_2026-04-29/logs/gurobi/test/matpower_case6515rte_2017-09-15__lazy_all.log
matpower/case6515rte,LAZY_ALL,matpower/case6515rte/2017-09-15,5966.0,case6515rte,6515,2017-09-15,OPTIMAL,True,7200.0,82.86111111111111,195200000.0,177050000.0,9.3,mip_progress,False,results/paper_m4pro_fullmodes_2026-04-29/logs/gurobi/test/matpower_case6515rte_2017-09-15__lazy_all.log
matpower/case6515rte,LAZY_ALL,matpower/case6515rte/2017-09-15,5976.0,case6515rte,6515,2017-09-15,OPTIMAL,True,7200.0,83.0,195200000.0,177050000.0,9.3,mip_progress,False,results/paper_m4pro_fullmodes_2026-04-29/logs/gurobi/test/matpower_case6515rte_2017-09-15__lazy_all.log
matpower/case6515rte,LAZY_ALL,matpower/case6515rte/2017-09-15,5985.0,case6515rte,6515,2017-09-15,OPTIMAL,True,7200.0,83.125,195200000.0,177050000.0,9.3,mip_progress,False,results/paper_m4pro_fullmodes_2026-04-29/logs/gurobi/test/matpower_case6515rte_2017-09-15__lazy_all.log
matpower/case6515rte,LAZY_ALL,matpower/case6515rte/2017-09-15,5998.0,case6515rte,6515,2017-09-15,OPTIMAL,True,7200.0,83.30555555555556,195200000.0,177050000.0,9.3,mip_progress,False,results/paper_m4pro_fullmodes_2026-04-29/logs/gurobi/test/matpower_case6515rte_2017-09-15__lazy_all.log
matpower/case6515rte,LAZY_ALL,matpower/case6515rte/2017-09-15,6017.0,case6515rte,6515,2017-09-15,OPTIMAL,True,7200.0,83.56944444444444,195200000.0,177050000.0,9.3,mip_progress,False,results/paper_m4pro_fullmodes_2026-04-29/logs/gurobi/test/matpower_case6515rte_2017-09-15__lazy_all.log
matpower/case6515rte,LAZY_ALL,matpower/case6515rte/2017-09-15,6036.0,case6515rte,6515,2017-09-15,OPTIMAL,True,7200.0,83.83333333333333,195200000.0,177050000.0,9.3,mip_progress,False,results/paper_m4pro_fullmodes_2026-04-29/logs/gurobi/test/matpower_case6515rte_2017-09-15__lazy_all.log
matpower/case6515rte,LAZY_ALL,matpower/case6515rte/2017-09-15,6051.0,case6515rte,6515,2017-09-15,OPTIMAL,True,7200.0,84.04166666666667,195200000.0,177050000.0,9.3,mip_progress,False,results/paper_m4pro_fullmodes_2026-04-29/logs/gurobi/test/matpower_case6515rte_2017-09-15__lazy_all.log
matpower/case6515rte,LAZY_ALL,matpower/case6515rte/2017-09-15,6055.0,case6515rte,6515,2017-09-15,OPTIMAL,True,7200.0,84.09722222222223,195200000.0,177050000.0,9.3,mip_progress,False,results/paper_m4pro_fullmodes_2026-04-29/logs/gurobi/test/matpower_case6515rte_2017-09-15__lazy_all.log
matpower/case6515rte,LAZY_ALL,matpower/case6515rte/2017-09-15,6085.0,case6515rte,6515,2017-09-15,OPTIMAL,True,7200.0,84.51388888888889,195200000.0,177050000.0,9.3,mip_progress,False,results/paper_m4pro_fullmodes_2026-04-29/logs/gurobi/test/matpower_case6515rte_2017-09-15__lazy_all.log
matpower/case6515rte,LAZY_ALL,matpower/case6515rte/2017-09-15,6103.0,case6515rte,6515,2017-09-15,OPTIMAL,True,7200.0,84.76388888888889,195200000.0,177050000.0,9.3,mip_progress,False,results/paper_m4pro_fullmodes_2026-04-29/logs/gurobi/test/matpower_case6515rte_2017-09-15__lazy_all.log
matpower/case6515rte,LAZY_ALL,matpower/case6515rte/2017-09-15,6122.0,case6515rte,6515,2017-09-15,OPTIMAL,True,7200.0,85.02777777777777,195200000.0,177050000.0,9.3,mip_progress,False,results/paper_m4pro_fullmodes_2026-04-29/logs/gurobi/test/matpower_case6515rte_2017-09-15__lazy_all.log
matpower/case6515rte,LAZY_ALL,matpower/case6515rte/2017-09-15,6156.0,case6515rte,6515,2017-09-15,OPTIMAL,True,7200.0,85.5,195200000.0,177050000.0,9.3,mip_progress,False,results/paper_m4pro_fullmodes_2026-04-29/logs/gurobi/test/matpower_case6515rte_2017-09-15__lazy_all.log
matpower/case6515rte,LAZY_ALL,matpower/case6515rte/2017-09-15,6174.0,case6515rte,6515,2017-09-15,OPTIMAL,True,7200.0,85.75,195200000.0,177050000.0,9.3,mip_progress,False,results/paper_m4pro_fullmodes_2026-04-29/logs/gurobi/test/matpower_case6515rte_2017-09-15__lazy_all.log
matpower/case6515rte,LAZY_ALL,matpower/case6515rte/2017-09-15,6242.0,case6515rte,6515,2017-09-15,OPTIMAL,True,7200.0,86.69444444444444,187119800.0,177050000.0,5.38,mip_progress,True,results/paper_m4pro_fullmodes_2026-04-29/logs/gurobi/test/matpower_case6515rte_2017-09-15__lazy_all.log
matpower/case6515rte,LAZY_ALL,matpower/case6515rte/2017-09-15,6348.0,case6515rte,6515,2017-09-15,OPTIMAL,True,7200.0,88.16666666666667,187119100.0,177050000.0,5.38,mip_progress,True,results/paper_m4pro_fullmodes_2026-04-29/logs/gurobi/test/matpower_case6515rte_2017-09-15__lazy_all.log
matpower/case6515rte,LAZY_ALL,matpower/case6515rte/2017-09-15,6364.0,case6515rte,6515,2017-09-15,OPTIMAL,True,7200.0,88.38888888888889,187120000.0,177050000.0,5.38,mip_progress,False,results/paper_m4pro_fullmodes_2026-04-29/logs/gurobi/test/matpower_case6515rte_2017-09-15__lazy_all.log
matpower/case6515rte,LAZY_ALL,matpower/case6515rte/2017-09-15,6379.0,case6515rte,6515,2017-09-15,OPTIMAL,True,7200.0,88.59722222222223,187120000.0,177050000.0,5.38,mip_progress,False,results/paper_m4pro_fullmodes_2026-04-29/logs/gurobi/test/matpower_case6515rte_2017-09-15__lazy_all.log
matpower/case6515rte,LAZY_ALL,matpower/case6515rte/2017-09-15,6395.0,case6515rte,6515,2017-09-15,OPTIMAL,True,7200.0,88.81944444444444,187120000.0,177050000.0,5.38,mip_progress,False,results/paper_m4pro_fullmodes_2026-04-29/logs/gurobi/test/matpower_case6515rte_2017-09-15__lazy_all.log
matpower/case6515rte,LAZY_ALL,matpower/case6515rte/2017-09-15,6551.0,case6515rte,6515,2017-09-15,OPTIMAL,True,7200.0,90.98611111111111,178289100.0,177050000.0,0.69,mip_progress,True,results/paper_m4pro_fullmodes_2026-04-29/logs/gurobi/test/matpower_case6515rte_2017-09-15__lazy_all.log
matpower/case6515rte,LAZY_ALL,matpower/case6515rte/2017-09-15,6580.069279,case6515rte,6515,2017-09-15,OPTIMAL,True,7200.0,91.38985109722222,,,0.69,result_final,False,results/paper_m4pro_fullmodes_2026-04-29/logs/gurobi/test/matpower_case6515rte_2017-09-15__lazy_all.log
matpower/case6515rte,LAZY_ALL,matpower/case6515rte/2017-11-15,4160.0,case6515rte,6515,2017-11-15,OPTIMAL,True,7200.0,57.77777777777778,155686700.0,49494000.0,68.2,mip_progress,True,results/paper_m4pro_fullmodes_2026-04-29/logs/gurobi/test/matpower_case6515rte_2017-11-15__lazy_all.log
matpower/case6515rte,LAZY_ALL,matpower/case6515rte/2017-11-15,4326.0,case6515rte,6515,2017-11-15,OPTIMAL,True,7200.0,60.083333333333336,155684500.0,49494000.0,68.2,mip_progress,True,results/paper_m4pro_fullmodes_2026-04-29/logs/gurobi/test/matpower_case6515rte_2017-11-15__lazy_all.log
matpower/case6515rte,LAZY_ALL,matpower/case6515rte/2017-11-15,6031.0,case6515rte,6515,2017-11-15,OPTIMAL,True,7200.0,83.76388888888889,155680000.0,130180000.0,16.4,mip_progress,False,results/paper_m4pro_fullmodes_2026-04-29/logs/gurobi/test/matpower_case6515rte_2017-11-15__lazy_all.log
matpower/case6515rte,LAZY_ALL,matpower/case6515rte/2017-11-15,6114.0,case6515rte,6515,2017-11-15,OPTIMAL,True,7200.0,84.91666666666667,155680000.0,130180000.0,16.4,mip_progress,False,results/paper_m4pro_fullmodes_2026-04-29/logs/gurobi/test/matpower_case6515rte_2017-11-15__lazy_all.log
matpower/case6515rte,LAZY_ALL,matpower/case6515rte/2017-11-15,6197.0,case6515rte,6515,2017-11-15,OPTIMAL,True,7200.0,86.06944444444444,155680000.0,130180000.0,16.4,mip_progress,False,results/paper_m4pro_fullmodes_2026-04-29/logs/gurobi/test/matpower_case6515rte_2017-11-15__lazy_all.log
matpower/case6515rte,LAZY_ALL,matpower/case6515rte/2017-11-15,6282.0,case6515rte,6515,2017-11-15,OPTIMAL,True,7200.0,87.25,135003300.0,130180000.0,3.57,mip_progress,True,results/paper_m4pro_fullmodes_2026-04-29/logs/gurobi/test/matpower_case6515rte_2017-11-15__lazy_all.log
matpower/case6515rte,LAZY_ALL,matpower/case6515rte/2017-11-15,6309.2648,case6515rte,6515,2017-11-15,OPTIMAL,True,7200.0,87.62867777777778,,,3.57,result_final,False,results/paper_m4pro_fullmodes_2026-04-29/logs/gurobi/test/matpower_case6515rte_2017-11-15__lazy_all.log
matpower/case6515rte,LAZY_BANDIT,matpower/case6515rte/2017-01-15,4117.0,case6515rte,6515,2017-01-15,OPTIMAL,False,7200.0,57.18055555555556,98250080.0,68175000.0,30.6,mip_progress,True,results/paper_m4pro_fullmodes_2026-04-29/logs/gurobi/test/matpower_case6515rte_2017-01-15__lazy_bandit.log
matpower/case6515rte,LAZY_BANDIT,matpower/case6515rte/2017-01-15,4212.0,case6515rte,6515,2017-01-15,OPTIMAL,False,7200.0,58.5,98250000.0,74858000.0,23.8,mip_progress,False,results/paper_m4pro_fullmodes_2026-04-29/logs/gurobi/test/matpower_case6515rte_2017-01-15__lazy_bandit.log
matpower/case6515rte,LAZY_BANDIT,matpower/case6515rte/2017-01-15,4282.0,case6515rte,6515,2017-01-15,OPTIMAL,False,7200.0,59.47222222222222,98250000.0,74859000.0,23.8,mip_progress,False,results/paper_m4pro_fullmodes_2026-04-29/logs/gurobi/test/matpower_case6515rte_2017-01-15__lazy_bandit.log
matpower/case6515rte,LAZY_BANDIT,matpower/case6515rte/2017-01-15,4355.0,case6515rte,6515,2017-01-15,OPTIMAL,False,7200.0,60.486111111111114,98250000.0,74859000.0,23.8,mip_progress,False,results/paper_m4pro_fullmodes_2026-04-29/logs/gurobi/test/matpower_case6515rte_2017-01-15__lazy_bandit.log
matpower/case6515rte,LAZY_BANDIT,matpower/case6515rte/2017-01-15,4429.0,case6515rte,6515,2017-01-15,OPTIMAL,False,7200.0,61.513888888888886,98250000.0,74859000.0,23.8,mip_progress,False,results/paper_m4pro_fullmodes_2026-04-29/logs/gurobi/test/matpower_case6515rte_2017-01-15__lazy_bandit.log
matpower/case6515rte,LAZY_BANDIT,matpower/case6515rte/2017-01-15,4503.0,case6515rte,6515,2017-01-15,OPTIMAL,False,7200.0,62.541666666666664,98250000.0,74859000.0,23.8,mip_progress,False,results/paper_m4pro_fullmodes_2026-04-29/logs/gurobi/test/matpower_case6515rte_2017-01-15__lazy_bandit.log
matpower/case6515rte,LAZY_BANDIT,matpower/case6515rte/2017-01-15,4579.0,case6515rte,6515,2017-01-15,OPTIMAL,False,7200.0,63.59722222222222,98250000.0,74859000.0,23.8,mip_progress,False,results/paper_m4pro_fullmodes_2026-04-29/logs/gurobi/test/matpower_case6515rte_2017-01-15__lazy_bandit.log
matpower/case6515rte,LAZY_BANDIT,matpower/case6515rte/2017-01-15,4654.0,case6515rte,6515,2017-01-15,OPTIMAL,False,7200.0,64.63888888888889,98250000.0,81471000.0,17.1,mip_progress,False,results/paper_m4pro_fullmodes_2026-04-29/logs/gurobi/test/matpower_case6515rte_2017-01-15__lazy_bandit.log
matpower/case6515rte,LAZY_BANDIT,matpower/case6515rte/2017-01-15,4656.0,case6515rte,6515,2017-01-15,OPTIMAL,False,7200.0,64.66666666666667,98250000.0,81471000.0,17.1,mip_progress,False,results/paper_m4pro_fullmodes_2026-04-29/logs/gurobi/test/matpower_case6515rte_2017-01-15__lazy_bandit.log
matpower/case6515rte,LAZY_BANDIT,matpower/case6515rte/2017-01-15,4669.0,case6515rte,6515,2017-01-15,OPTIMAL,False,7200.0,64.84722222222223,98250000.0,81474000.0,17.1,mip_progress,False,results/paper_m4pro_fullmodes_2026-04-29/logs/gurobi/test/matpower_case6515rte_2017-01-15__lazy_bandit.log
matpower/case6515rte,LAZY_BANDIT,matpower/case6515rte/2017-01-15,4670.0,case6515rte,6515,2017-01-15,OPTIMAL,False,7200.0,64.86111111111111,98250000.0,81474000.0,17.1,mip_progress,False,results/paper_m4pro_fullmodes_2026-04-29/logs/gurobi/test/matpower_case6515rte_2017-01-15__lazy_bandit.log
matpower/case6515rte,LAZY_BANDIT,matpower/case6515rte/2017-01-15,4698.0,case6515rte,6515,2017-01-15,OPTIMAL,False,7200.0,65.25,98250000.0,81476000.0,17.1,mip_progress,False,results/paper_m4pro_fullmodes_2026-04-29/logs/gurobi/test/matpower_case6515rte_2017-01-15__lazy_bandit.log
matpower/case6515rte,LAZY_BANDIT,matpower/case6515rte/2017-01-15,4773.0,case6515rte,6515,2017-01-15,OPTIMAL,False,7200.0,66.29166666666667,98250000.0,81476000.0,17.1,mip_progress,False,results/paper_m4pro_fullmodes_2026-04-29/logs/gurobi/test/matpower_case6515rte_2017-01-15__lazy_bandit.log
matpower/case6515rte,LAZY_BANDIT,matpower/case6515rte/2017-01-15,4847.0,case6515rte,6515,2017-01-15,OPTIMAL,False,7200.0,67.31944444444444,98250000.0,81476000.0,17.1,mip_progress,False,results/paper_m4pro_fullmodes_2026-04-29/logs/gurobi/test/matpower_case6515rte_2017-01-15__lazy_bandit.log
matpower/case6515rte,LAZY_BANDIT,matpower/case6515rte/2017-01-15,4923.0,case6515rte,6515,2017-01-15,OPTIMAL,False,7200.0,68.375,98250000.0,81476000.0,17.1,mip_progress,False,results/paper_m4pro_fullmodes_2026-04-29/logs/gurobi/test/matpower_case6515rte_2017-01-15__lazy_bandit.log
matpower/case6515rte,LAZY_BANDIT,matpower/case6515rte/2017-01-15,4998.0,case6515rte,6515,2017-01-15,OPTIMAL,False,7200.0,69.41666666666667,98250000.0,81476000.0,17.1,mip_progress,False,results/paper_m4pro_fullmodes_2026-04-29/logs/gurobi/test/matpower_case6515rte_2017-01-15__lazy_bandit.log
matpower/case6515rte,LAZY_BANDIT,matpower/case6515rte/2017-01-15,5073.0,case6515rte,6515,2017-01-15,OPTIMAL,False,7200.0,70.45833333333333,98250000.0,81476000.0,17.1,mip_progress,False,results/paper_m4pro_fullmodes_2026-04-29/logs/gurobi/test/matpower_case6515rte_2017-01-15__lazy_bandit.log
matpower/case6515rte,LAZY_BANDIT,matpower/case6515rte/2017-01-15,5122.0,case6515rte,6515,2017-01-15,OPTIMAL,False,7200.0,71.13888888888889,98250000.0,83789000.0,14.7,mip_progress,False,results/paper_m4pro_fullmodes_2026-04-29/logs/gurobi/test/matpower_case6515rte_2017-01-15__lazy_bandit.log
matpower/case6515rte,LAZY_BANDIT,matpower/case6515rte/2017-01-15,5123.0,case6515rte,6515,2017-01-15,OPTIMAL,False,7200.0,71.15277777777777,98250000.0,83789000.0,14.7,mip_progress,False,results/paper_m4pro_fullmodes_2026-04-29/logs/gurobi/test/matpower_case6515rte_2017-01-15__lazy_bandit.log
matpower/case6515rte,LAZY_BANDIT,matpower/case6515rte/2017-01-15,5148.0,case6515rte,6515,2017-01-15,OPTIMAL,False,7200.0,71.5,98250000.0,83790000.0,14.7,mip_progress,False,results/paper_m4pro_fullmodes_2026-04-29/logs/gurobi/test/matpower_case6515rte_2017-01-15__lazy_bandit.log
matpower/case6515rte,LAZY_BANDIT,matpower/case6515rte/2017-01-15,5160.0,case6515rte,6515,2017-01-15,OPTIMAL,False,7200.0,71.66666666666667,98250000.0,83790000.0,14.7,mip_progress,False,results/paper_m4pro_fullmodes_2026-04-29/logs/gurobi/test/matpower_case6515rte_2017-01-15__lazy_bandit.log
matpower/case6515rte,LAZY_BANDIT,matpower/case6515rte/2017-01-15,5164.0,case6515rte,6515,2017-01-15,OPTIMAL,False,7200.0,71.72222222222223,98250000.0,83790000.0,14.7,mip_progress,False,results/paper_m4pro_fullmodes_2026-04-29/logs/gurobi/test/matpower_case6515rte_2017-01-15__lazy_bandit.log
matpower/case6515rte,LAZY_BANDIT,matpower/case6515rte/2017-01-15,5236.0,case6515rte,6515,2017-01-15,OPTIMAL,False,7200.0,72.72222222222223,98250000.0,83790000.0,14.7,mip_progress,False,results/paper_m4pro_fullmodes_2026-04-29/logs/gurobi/test/matpower_case6515rte_2017-01-15__lazy_bandit.log
matpower/case6515rte,LAZY_BANDIT,matpower/case6515rte/2017-01-15,5309.0,case6515rte,6515,2017-01-15,OPTIMAL,False,7200.0,73.73611111111111,98250000.0,83790000.0,14.7,mip_progress,False,results/paper_m4pro_fullmodes_2026-04-29/logs/gurobi/test/matpower_case6515rte_2017-01-15__lazy_bandit.log
matpower/case6515rte,LAZY_BANDIT,matpower/case6515rte/2017-01-15,5382.0,case6515rte,6515,2017-01-15,OPTIMAL,False,7200.0,74.75,98250000.0,83790000.0,14.7,mip_progress,False,results/paper_m4pro_fullmodes_2026-04-29/logs/gurobi/test/matpower_case6515rte_2017-01-15__lazy_bandit.log
matpower/case6515rte,LAZY_BANDIT,matpower/case6515rte/2017-01-15,5456.0,case6515rte,6515,2017-01-15,OPTIMAL,False,7200.0,75.77777777777777,98250000.0,83790000.0,14.7,mip_progress,False,results/paper_m4pro_fullmodes_2026-04-29/logs/gurobi/test/matpower_case6515rte_2017-01-15__lazy_bandit.log
matpower/case6515rte,LAZY_BANDIT,matpower/case6515rte/2017-01-15,5529.0,case6515rte,6515,2017-01-15,OPTIMAL,False,7200.0,76.79166666666667,98250000.0,83790000.0,14.7,mip_progress,False,results/paper_m4pro_fullmodes_2026-04-29/logs/gurobi/test/matpower_case6515rte_2017-01-15__lazy_bandit.log
matpower/case6515rte,LAZY_BANDIT,matpower/case6515rte/2017-01-15,5573.0,case6515rte,6515,2017-01-15,OPTIMAL,False,7200.0,77.40277777777777,98250000.0,85299000.0,13.2,mip_progress,False,results/paper_m4pro_fullmodes_2026-04-29/logs/gurobi/test/matpower_case6515rte_2017-01-15__lazy_bandit.log
matpower/case6515rte,LAZY_BANDIT,matpower/case6515rte/2017-01-15,5574.0,case6515rte,6515,2017-01-15,OPTIMAL,False,7200.0,77.41666666666667,98250000.0,85299000.0,13.2,mip_progress,False,results/paper_m4pro_fullmodes_2026-04-29/logs/gurobi/test/matpower_case6515rte_2017-01-15__lazy_bandit.log
matpower/case6515rte,LAZY_BANDIT,matpower/case6515rte/2017-01-15,5579.0,case6515rte,6515,2017-01-15,OPTIMAL,False,7200.0,77.48611111111111,98250000.0,85300000.0,13.2,mip_progress,False,results/paper_m4pro_fullmodes_2026-04-29/logs/gurobi/test/matpower_case6515rte_2017-01-15__lazy_bandit.log
matpower/case6515rte,LAZY_BANDIT,matpower/case6515rte/2017-01-15,5595.0,case6515rte,6515,2017-01-15,OPTIMAL,False,7200.0,77.70833333333333,98250000.0,85300000.0,13.2,mip_progress,False,results/paper_m4pro_fullmodes_2026-04-29/logs/gurobi/test/matpower_case6515rte_2017-01-15__lazy_bandit.log
matpower/case6515rte,LAZY_BANDIT,matpower/case6515rte/2017-01-15,5599.0,case6515rte,6515,2017-01-15,OPTIMAL,False,7200.0,77.76388888888889,98250000.0,85300000.0,13.2,mip_progress,False,results/paper_m4pro_fullmodes_2026-04-29/logs/gurobi/test/matpower_case6515rte_2017-01-15__lazy_bandit.log
matpower/case6515rte,LAZY_BANDIT,matpower/case6515rte/2017-01-15,5672.0,case6515rte,6515,2017-01-15,OPTIMAL,False,7200.0,78.77777777777777,98250000.0,85300000.0,13.2,mip_progress,False,results/paper_m4pro_fullmodes_2026-04-29/logs/gurobi/test/matpower_case6515rte_2017-01-15__lazy_bandit.log
matpower/case6515rte,LAZY_BANDIT,matpower/case6515rte/2017-01-15,5744.0,case6515rte,6515,2017-01-15,OPTIMAL,False,7200.0,79.77777777777777,85388220.0,85300000.0,0.1,mip_progress,True,results/paper_m4pro_fullmodes_2026-04-29/logs/gurobi/test/matpower_case6515rte_2017-01-15__lazy_bandit.log
matpower/case6515rte,LAZY_BANDIT,matpower/case6515rte/2017-01-15,5771.266535,case6515rte,6515,2017-01-15,OPTIMAL,False,7200.0,80.15647965277778,,,0.1,result_final,False,results/paper_m4pro_fullmodes_2026-04-29/logs/gurobi/test/matpower_case6515rte_2017-01-15__lazy_bandit.log
matpower/case6515rte,LAZY_BANDIT,matpower/case6515rte/2017-03-15,6438.0,case6515rte,6515,2017-03-15,OPTIMAL,False,7200.0,89.41666666666667,136970900.0,136390000.0,0.42,mip_progress,True,results/paper_m4pro_fullmodes_2026-04-29/logs/gurobi/test/matpower_case6515rte_2017-03-15__lazy_bandit.log
matpower/case6515rte,LAZY_BANDIT,matpower/case6515rte/2017-03-15,6472.468073,case6515rte,6515,2017-03-15,OPTIMAL,False,7200.0,89.89538990277778,,,0.42,result_final,False,results/paper_m4pro_fullmodes_2026-04-29/logs/gurobi/test/matpower_case6515rte_2017-03-15__lazy_bandit.log
matpower/case6515rte,LAZY_BANDIT,matpower/case6515rte/2017-05-15,3567.0,case6515rte,6515,2017-05-15,OPTIMAL,True,7200.0,49.541666666666664,59168330.0,47159000.0,20.3,mip_progress,True,results/paper_m4pro_fullmodes_2026-04-29/logs/gurobi/test/matpower_case6515rte_2017-05-15__lazy_bandit.log
matpower/case6515rte,LAZY_BANDIT,matpower/case6515rte/2017-05-15,3659.0,case6515rte,6515,2017-05-15,OPTIMAL,True,7200.0,50.81944444444444,59168000.0,47159000.0,20.3,mip_progress,False,results/paper_m4pro_fullmodes_2026-04-29/logs/gurobi/test/matpower_case6515rte_2017-05-15__lazy_bandit.log
matpower/case6515rte,LAZY_BANDIT,matpower/case6515rte/2017-05-15,3737.0,case6515rte,6515,2017-05-15,OPTIMAL,True,7200.0,51.90277777777778,59168000.0,47159000.0,20.3,mip_progress,False,results/paper_m4pro_fullmodes_2026-04-29/logs/gurobi/test/matpower_case6515rte_2017-05-15__lazy_bandit.log
matpower/case6515rte,LAZY_BANDIT,matpower/case6515rte/2017-05-15,3815.0,case6515rte,6515,2017-05-15,OPTIMAL,True,7200.0,52.986111111111114,58913980.0,47159000.0,20.0,mip_progress,True,results/paper_m4pro_fullmodes_2026-04-29/logs/gurobi/test/matpower_case6515rte_2017-05-15__lazy_bandit.log
matpower/case6515rte,LAZY_BANDIT,matpower/case6515rte/2017-05-15,3881.0,case6515rte,6515,2017-05-15,OPTIMAL,True,7200.0,53.90277777777778,58914000.0,49345000.0,16.2,mip_progress,False,results/paper_m4pro_fullmodes_2026-04-29/logs/gurobi/test/matpower_case6515rte_2017-05-15__lazy_bandit.log
matpower/case6515rte,LAZY_BANDIT,matpower/case6515rte/2017-05-15,3956.0,case6515rte,6515,2017-05-15,OPTIMAL,True,7200.0,54.94444444444444,58914000.0,49345000.0,16.2,mip_progress,False,results/paper_m4pro_fullmodes_2026-04-29/logs/gurobi/test/matpower_case6515rte_2017-05-15__lazy_bandit.log
matpower/case6515rte,LAZY_BANDIT,matpower/case6515rte/2017-05-15,4030.0,case6515rte,6515,2017-05-15,OPTIMAL,True,7200.0,55.97222222222222,58914000.0,49345000.0,16.2,mip_progress,False,results/paper_m4pro_fullmodes_2026-04-29/logs/gurobi/test/matpower_case6515rte_2017-05-15__lazy_bandit.log
matpower/case6515rte,LAZY_BANDIT,matpower/case6515rte/2017-05-15,4105.0,case6515rte,6515,2017-05-15,OPTIMAL,True,7200.0,57.013888888888886,58914000.0,49345000.0,16.2,mip_progress,False,results/paper_m4pro_fullmodes_2026-04-29/logs/gurobi/test/matpower_case6515rte_2017-05-15__lazy_bandit.log
matpower/case6515rte,LAZY_BANDIT,matpower/case6515rte/2017-05-15,4180.0,case6515rte,6515,2017-05-15,OPTIMAL,True,7200.0,58.05555555555556,58914000.0,49345000.0,16.2,mip_progress,False,results/paper_m4pro_fullmodes_2026-04-29/logs/gurobi/test/matpower_case6515rte_2017-05-15__lazy_bandit.log
matpower/case6515rte,LAZY_BANDIT,matpower/case6515rte/2017-05-15,4255.0,case6515rte,6515,2017-05-15,OPTIMAL,True,7200.0,59.09722222222222,58914000.0,49345000.0,16.2,mip_progress,False,results/paper_m4pro_fullmodes_2026-04-29/logs/gurobi/test/matpower_case6515rte_2017-05-15__lazy_bandit.log
matpower/case6515rte,LAZY_BANDIT,matpower/case6515rte/2017-05-15,4276.0,case6515rte,6515,2017-05-15,OPTIMAL,True,7200.0,59.388888888888886,58914000.0,49439000.0,16.1,mip_progress,False,results/paper_m4pro_fullmodes_2026-04-29/logs/gurobi/test/matpower_case6515rte_2017-05-15__lazy_bandit.log
matpower/case6515rte,LAZY_BANDIT,matpower/case6515rte/2017-05-15,4277.0,case6515rte,6515,2017-05-15,OPTIMAL,True,7200.0,59.40277777777778,58914000.0,49439000.0,16.1,mip_progress,False,results/paper_m4pro_fullmodes_2026-04-29/logs/gurobi/test/matpower_case6515rte_2017-05-15__lazy_bandit.log
matpower/case6515rte,LAZY_BANDIT,matpower/case6515rte/2017-05-15,4285.0,case6515rte,6515,2017-05-15,OPTIMAL,True,7200.0,59.513888888888886,58914000.0,49441000.0,16.1,mip_progress,False,results/paper_m4pro_fullmodes_2026-04-29/logs/gurobi/test/matpower_case6515rte_2017-05-15__lazy_bandit.log
matpower/case6515rte,LAZY_BANDIT,matpower/case6515rte/2017-05-15,4287.0,case6515rte,6515,2017-05-15,OPTIMAL,True,7200.0,59.541666666666664,58914000.0,49441000.0,16.1,mip_progress,False,results/paper_m4pro_fullmodes_2026-04-29/logs/gurobi/test/matpower_case6515rte_2017-05-15__lazy_bandit.log
matpower/case6515rte,LAZY_BANDIT,matpower/case6515rte/2017-05-15,4310.0,case6515rte,6515,2017-05-15,OPTIMAL,True,7200.0,59.861111111111114,58914000.0,49441000.0,16.1,mip_progress,False,results/paper_m4pro_fullmodes_2026-04-29/logs/gurobi/test/matpower_case6515rte_2017-05-15__lazy_bandit.log
matpower/case6515rte,LAZY_BANDIT,matpower/case6515rte/2017-05-15,4323.0,case6515rte,6515,2017-05-15,OPTIMAL,True,7200.0,60.041666666666664,58914000.0,49441000.0,16.1,mip_progress,False,results/paper_m4pro_fullmodes_2026-04-29/logs/gurobi/test/matpower_case6515rte_2017-05-15__lazy_bandit.log
matpower/case6515rte,LAZY_BANDIT,matpower/case6515rte/2017-05-15,4345.0,case6515rte,6515,2017-05-15,OPTIMAL,True,7200.0,60.34722222222222,58914000.0,49442000.0,16.1,mip_progress,False,results/paper_m4pro_fullmodes_2026-04-29/logs/gurobi/test/matpower_case6515rte_2017-05-15__lazy_bandit.log
matpower/case6515rte,LAZY_BANDIT,matpower/case6515rte/2017-05-15,4358.0,case6515rte,6515,2017-05-15,OPTIMAL,True,7200.0,60.52777777777778,58914000.0,49442000.0,16.1,mip_progress,False,results/paper_m4pro_fullmodes_2026-04-29/logs/gurobi/test/matpower_case6515rte_2017-05-15__lazy_bandit.log
matpower/case6515rte,LAZY_BANDIT,matpower/case6515rte/2017-05-15,4361.0,case6515rte,6515,2017-05-15,OPTIMAL,True,7200.0,60.56944444444444,58914000.0,49442000.0,16.1,mip_progress,False,results/paper_m4pro_fullmodes_2026-04-29/logs/gurobi/test/matpower_case6515rte_2017-05-15__lazy_bandit.log
matpower/case6515rte,LAZY_BANDIT,matpower/case6515rte/2017-05-15,4374.0,case6515rte,6515,2017-05-15,OPTIMAL,True,7200.0,60.75,58914000.0,49442000.0,16.1,mip_progress,False,results/paper_m4pro_fullmodes_2026-04-29/logs/gurobi/test/matpower_case6515rte_2017-05-15__lazy_bandit.log
matpower/case6515rte,LAZY_BANDIT,matpower/case6515rte/2017-05-15,4377.0,case6515rte,6515,2017-05-15,OPTIMAL,True,7200.0,60.791666666666664,58914000.0,49442000.0,16.1,mip_progress,False,results/paper_m4pro_fullmodes_2026-04-29/logs/gurobi/test/matpower_case6515rte_2017-05-15__lazy_bandit.log
matpower/case6515rte,LAZY_BANDIT,matpower/case6515rte/2017-05-15,4398.0,case6515rte,6515,2017-05-15,OPTIMAL,True,7200.0,61.083333333333336,58914000.0,49442000.0,16.1,mip_progress,False,results/paper_m4pro_fullmodes_2026-04-29/logs/gurobi/test/matpower_case6515rte_2017-05-15__lazy_bandit.log
matpower/case6515rte,LAZY_BANDIT,matpower/case6515rte/2017-05-15,4416.0,case6515rte,6515,2017-05-15,OPTIMAL,True,7200.0,61.333333333333336,58914000.0,49442000.0,16.1,mip_progress,False,results/paper_m4pro_fullmodes_2026-04-29/logs/gurobi/test/matpower_case6515rte_2017-05-15__lazy_bandit.log
matpower/case6515rte,LAZY_BANDIT,matpower/case6515rte/2017-05-15,4489.0,case6515rte,6515,2017-05-15,OPTIMAL,True,7200.0,62.34722222222222,58914000.0,49442000.0,16.1,mip_progress,False,results/paper_m4pro_fullmodes_2026-04-29/logs/gurobi/test/matpower_case6515rte_2017-05-15__lazy_bandit.log
matpower/case6515rte,LAZY_BANDIT,matpower/case6515rte/2017-05-15,4564.0,case6515rte,6515,2017-05-15,OPTIMAL,True,7200.0,63.388888888888886,58914000.0,49442000.0,16.1,mip_progress,False,results/paper_m4pro_fullmodes_2026-04-29/logs/gurobi/test/matpower_case6515rte_2017-05-15__lazy_bandit.log
matpower/case6515rte,LAZY_BANDIT,matpower/case6515rte/2017-05-15,4639.0,case6515rte,6515,2017-05-15,OPTIMAL,True,7200.0,64.43055555555556,51117780.0,49442000.0,3.28,mip_progress,True,results/paper_m4pro_fullmodes_2026-04-29/logs/gurobi/test/matpower_case6515rte_2017-05-15__lazy_bandit.log
matpower/case6515rte,LAZY_BANDIT,matpower/case6515rte/2017-05-15,4666.526512,case6515rte,6515,2017-05-15,OPTIMAL,True,7200.0,64.81286822222222,,,3.2787919999999997,result_final,False,results/paper_m4pro_fullmodes_2026-04-29/logs/gurobi/test/matpower_case6515rte_2017-05-15__lazy_bandit.log
matpower/case6515rte,LAZY_COMMIT_HINTS,matpower/case6515rte/2017-01-15,2906.0,case6515rte,6515,2017-01-15,OPTIMAL,True,7200.0,40.361111111111114,89728630.0,68175000.0,24.0,mip_progress,True,results/paper_m4pro_fullmodes_2026-04-29/logs/gurobi/test/matpower_case6515rte_2017-01-15__lazy_commit_hints.log
matpower/case6515rte,LAZY_COMMIT_HINTS,matpower/case6515rte/2017-01-15,3040.0,case6515rte,6515,2017-01-15,OPTIMAL,True,7200.0,42.22222222222222,89729000.0,85712000.0,4.48,mip_progress,False,results/paper_m4pro_fullmodes_2026-04-29/logs/gurobi/test/matpower_case6515rte_2017-01-15__lazy_commit_hints.log
matpower/case6515rte,LAZY_COMMIT_HINTS,matpower/case6515rte/2017-01-15,3067.587749,case6515rte,6515,2017-01-15,OPTIMAL,True,7200.0,42.60538540277777,,,4.476605,result_final,False,results/paper_m4pro_fullmodes_2026-04-29/logs/gurobi/test/matpower_case6515rte_2017-01-15__lazy_commit_hints.log
matpower/case6515rte,LAZY_COMMIT_HINTS,matpower/case6515rte/2017-03-15,2774.0,case6515rte,6515,2017-03-15,OPTIMAL,True,7200.0,38.52777777777778,198851400.0,77244000.0,61.2,mip_progress,True,results/paper_m4pro_fullmodes_2026-04-29/logs/gurobi/test/matpower_case6515rte_2017-03-15__lazy_commit_hints.log
matpower/case6515rte,LAZY_COMMIT_HINTS,matpower/case6515rte/2017-03-15,2980.0,case6515rte,6515,2017-03-15,OPTIMAL,True,7200.0,41.388888888888886,198850000.0,164540000.0,17.3,mip_progress,False,results/paper_m4pro_fullmodes_2026-04-29/logs/gurobi/test/matpower_case6515rte_2017-03-15__lazy_commit_hints.log
matpower/case6515rte,LAZY_COMMIT_HINTS,matpower/case6515rte/2017-03-15,3046.0,case6515rte,6515,2017-03-15,OPTIMAL,True,7200.0,42.30555555555556,198851400.0,164540000.0,17.3,mip_progress,True,results/paper_m4pro_fullmodes_2026-04-29/logs/gurobi/test/matpower_case6515rte_2017-03-15__lazy_commit_hints.log
matpower/case6515rte,LAZY_COMMIT_HINTS,matpower/case6515rte/2017-03-15,3131.0,case6515rte,6515,2017-03-15,OPTIMAL,True,7200.0,43.486111111111114,198850000.0,164540000.0,17.3,mip_progress,False,results/paper_m4pro_fullmodes_2026-04-29/logs/gurobi/test/matpower_case6515rte_2017-03-15__lazy_commit_hints.log
matpower/case6515rte,LAZY_COMMIT_HINTS,matpower/case6515rte/2017-03-15,3216.0,case6515rte,6515,2017-03-15,OPTIMAL,True,7200.0,44.666666666666664,198850000.0,164540000.0,17.3,mip_progress,False,results/paper_m4pro_fullmodes_2026-04-29/logs/gurobi/test/matpower_case6515rte_2017-03-15__lazy_commit_hints.log
matpower/case6515rte,LAZY_COMMIT_HINTS,matpower/case6515rte/2017-03-15,3301.0,case6515rte,6515,2017-03-15,OPTIMAL,True,7200.0,45.84722222222222,187227400.0,164540000.0,12.1,mip_progress,True,results/paper_m4pro_fullmodes_2026-04-29/logs/gurobi/test/matpower_case6515rte_2017-03-15__lazy_commit_hints.log
matpower/case6515rte,LAZY_COMMIT_HINTS,matpower/case6515rte/2017-03-15,3367.0,case6515rte,6515,2017-03-15,OPTIMAL,True,7200.0,46.763888888888886,187221600.0,164540000.0,12.1,mip_progress,True,results/paper_m4pro_fullmodes_2026-04-29/logs/gurobi/test/matpower_case6515rte_2017-03-15__lazy_commit_hints.log
matpower/case6515rte,LAZY_COMMIT_HINTS,matpower/case6515rte/2017-03-15,3409.0,case6515rte,6515,2017-03-15,OPTIMAL,True,7200.0,47.34722222222222,187220000.0,165110000.0,11.8,mip_progress,False,results/paper_m4pro_fullmodes_2026-04-29/logs/gurobi/test/matpower_case6515rte_2017-03-15__lazy_commit_hints.log
matpower/case6515rte,LAZY_COMMIT_HINTS,matpower/case6515rte/2017-03-15,3503.0,case6515rte,6515,2017-03-15,OPTIMAL,True,7200.0,48.65277777777778,187220000.0,165110000.0,11.8,mip_progress,False,results/paper_m4pro_fullmodes_2026-04-29/logs/gurobi/test/matpower_case6515rte_2017-03-15__lazy_commit_hints.log
matpower/case6515rte,LAZY_COMMIT_HINTS,matpower/case6515rte/2017-03-15,3586.0,case6515rte,6515,2017-03-15,OPTIMAL,True,7200.0,49.80555555555556,187220000.0,165110000.0,11.8,mip_progress,False,results/paper_m4pro_fullmodes_2026-04-29/logs/gurobi/test/matpower_case6515rte_2017-03-15__lazy_commit_hints.log
matpower/case6515rte,LAZY_COMMIT_HINTS,matpower/case6515rte/2017-03-15,3667.0,case6515rte,6515,2017-03-15,OPTIMAL,True,7200.0,50.93055555555556,170505100.0,165110000.0,3.16,mip_progress,True,results/paper_m4pro_fullmodes_2026-04-29/logs/gurobi/test/matpower_case6515rte_2017-03-15__lazy_commit_hints.log
matpower/case6515rte,LAZY_COMMIT_HINTS,matpower/case6515rte/2017-03-15,3694.742771,case6515rte,6515,2017-03-15,OPTIMAL,True,7200.0,51.315871819444446,,,3.16,result_final,False,results/paper_m4pro_fullmodes_2026-04-29/logs/gurobi/test/matpower_case6515rte_2017-03-15__lazy_commit_hints.log
matpower/case6515rte,LAZY_COMMIT_HINTS,matpower/case6515rte/2017-05-15,2715.0,case6515rte,6515,2017-05-15,OPTIMAL,True,7200.0,37.708333333333336,51543880.0,47159000.0,8.51,mip_progress,True,results/paper_m4pro_fullmodes_2026-04-29/logs/gurobi/test/matpower_case6515rte_2017-05-15__lazy_commit_hints.log
matpower/case6515rte,LAZY_COMMIT_HINTS,matpower/case6515rte/2017-05-15,2769.0,case6515rte,6515,2017-05-15,OPTIMAL,True,7200.0,38.458333333333336,51544000.0,49452000.0,4.06,mip_progress,False,results/paper_m4pro_fullmodes_2026-04-29/logs/gurobi/test/matpower_case6515rte_2017-05-15__lazy_commit_hints.log
matpower/case6515rte,LAZY_COMMIT_HINTS,matpower/case6515rte/2017-05-15,2796.749461,case6515rte,6515,2017-05-15,OPTIMAL,True,7200.0,38.84374251388889,,,4.059066,result_final,False,results/paper_m4pro_fullmodes_2026-04-29/logs/gurobi/test/matpower_case6515rte_2017-05-15__lazy_commit_hints.log
matpower/case6515rte,LAZY_COMMIT_HINTS,matpower/case6515rte/2017-07-15,3766.0,case6515rte,6515,2017-07-15,OPTIMAL,True,7200.0,52.30555555555556,176602300.0,74022000.0,58.1,mip_progress,True,results/paper_m4pro_fullmodes_2026-04-29/logs/gurobi/test/matpower_case6515rte_2017-07-15__lazy_commit_hints.log
matpower/case6515rte,LAZY_COMMIT_HINTS,matpower/case6515rte/2017-07-15,4232.0,case6515rte,6515,2017-07-15,OPTIMAL,True,7200.0,58.77777777777778,176600000.0,142320000.0,19.4,mip_progress,False,results/paper_m4pro_fullmodes_2026-04-29/logs/gurobi/test/matpower_case6515rte_2017-07-15__lazy_commit_hints.log
matpower/case6515rte,LAZY_COMMIT_HINTS,matpower/case6515rte/2017-07-15,4299.0,case6515rte,6515,2017-07-15,OPTIMAL,True,7200.0,59.708333333333336,176599100.0,142320000.0,19.4,mip_progress,True,results/paper_m4pro_fullmodes_2026-04-29/logs/gurobi/test/matpower_case6515rte_2017-07-15__lazy_commit_hints.log
matpower/case6515rte,LAZY_COMMIT_HINTS,matpower/case6515rte/2017-07-15,4384.0,case6515rte,6515,2017-07-15,OPTIMAL,True,7200.0,60.888888888888886,176600000.0,142320000.0,19.4,mip_progress,False,results/paper_m4pro_fullmodes_2026-04-29/logs/gurobi/test/matpower_case6515rte_2017-07-15__lazy_commit_hints.log
matpower/case6515rte,LAZY_COMMIT_HINTS,matpower/case6515rte/2017-07-15,4474.0,case6515rte,6515,2017-07-15,OPTIMAL,True,7200.0,62.138888888888886,176600000.0,142320000.0,19.4,mip_progress,False,results/paper_m4pro_fullmodes_2026-04-29/logs/gurobi/test/matpower_case6515rte_2017-07-15__lazy_commit_hints.log
matpower/case6515rte,LAZY_COMMIT_HINTS,matpower/case6515rte/2017-07-15,4562.0,case6515rte,6515,2017-07-15,OPTIMAL,True,7200.0,63.361111111111114,155925200.0,142320000.0,8.73,mip_progress,True,results/paper_m4pro_fullmodes_2026-04-29/logs/gurobi/test/matpower_case6515rte_2017-07-15__lazy_commit_hints.log
matpower/case6515rte,LAZY_COMMIT_HINTS,matpower/case6515rte/2017-07-15,4628.0,case6515rte,6515,2017-07-15,OPTIMAL,True,7200.0,64.27777777777777,155920500.0,142320000.0,8.72,mip_progress,True,results/paper_m4pro_fullmodes_2026-04-29/logs/gurobi/test/matpower_case6515rte_2017-07-15__lazy_commit_hints.log
matpower/case6515rte,LAZY_COMMIT_HINTS,matpower/case6515rte/2017-07-15,4703.0,case6515rte,6515,2017-07-15,OPTIMAL,True,7200.0,65.31944444444444,155920000.0,144370000.0,7.41,mip_progress,False,results/paper_m4pro_fullmodes_2026-04-29/logs/gurobi/test/matpower_case6515rte_2017-07-15__lazy_commit_hints.log
matpower/case6515rte,LAZY_COMMIT_HINTS,matpower/case6515rte/2017-07-15,4804.0,case6515rte,6515,2017-07-15,OPTIMAL,True,7200.0,66.72222222222223,155920000.0,144370000.0,7.41,mip_progress,False,results/paper_m4pro_fullmodes_2026-04-29/logs/gurobi/test/matpower_case6515rte_2017-07-15__lazy_commit_hints.log
matpower/case6515rte,LAZY_COMMIT_HINTS,matpower/case6515rte/2017-07-15,4883.0,case6515rte,6515,2017-07-15,OPTIMAL,True,7200.0,67.81944444444444,155920000.0,144370000.0,7.41,mip_progress,False,results/paper_m4pro_fullmodes_2026-04-29/logs/gurobi/test/matpower_case6515rte_2017-07-15__lazy_commit_hints.log
matpower/case6515rte,LAZY_COMMIT_HINTS,matpower/case6515rte/2017-07-15,4962.0,case6515rte,6515,2017-07-15,OPTIMAL,True,7200.0,68.91666666666667,145247600.0,144370000.0,0.6,mip_progress,True,results/paper_m4pro_fullmodes_2026-04-29/logs/gurobi/test/matpower_case6515rte_2017-07-15__lazy_commit_hints.log
matpower/case6515rte,LAZY_COMMIT_HINTS,matpower/case6515rte/2017-07-15,4990.04903,case6515rte,6515,2017-07-15,OPTIMAL,True,7200.0,69.30623652777777,,,0.6,result_final,False,results/paper_m4pro_fullmodes_2026-04-29/logs/gurobi/test/matpower_case6515rte_2017-07-15__lazy_commit_hints.log
matpower/case6515rte,LAZY_COMMIT_HINTS,matpower/case6515rte/2017-09-15,3776.0,case6515rte,6515,2017-09-15,OPTIMAL,True,7200.0,52.44444444444444,192008400.0,55092000.0,71.3,mip_progress,True,results/paper_m4pro_fullmodes_2026-04-29/logs/gurobi/test/matpower_case6515rte_2017-09-15__lazy_commit_hints.log
matpower/case6515rte,LAZY_COMMIT_HINTS,matpower/case6515rte/2017-09-15,5152.0,case6515rte,6515,2017-09-15,OPTIMAL,True,7200.0,71.55555555555556,192010000.0,176830000.0,7.91,mip_progress,False,results/paper_m4pro_fullmodes_2026-04-29/logs/gurobi/test/matpower_case6515rte_2017-09-15__lazy_commit_hints.log
matpower/case6515rte,LAZY_COMMIT_HINTS,matpower/case6515rte/2017-09-15,5218.0,case6515rte,6515,2017-09-15,OPTIMAL,True,7200.0,72.47222222222223,191999600.0,176830000.0,7.9,mip_progress,True,results/paper_m4pro_fullmodes_2026-04-29/logs/gurobi/test/matpower_case6515rte_2017-09-15__lazy_commit_hints.log
matpower/case6515rte,LAZY_COMMIT_HINTS,matpower/case6515rte/2017-09-15,5304.0,case6515rte,6515,2017-09-15,OPTIMAL,True,7200.0,73.66666666666667,192000000.0,176830000.0,7.9,mip_progress,False,results/paper_m4pro_fullmodes_2026-04-29/logs/gurobi/test/matpower_case6515rte_2017-09-15__lazy_commit_hints.log
matpower/case6515rte,LAZY_COMMIT_HINTS,matpower/case6515rte/2017-09-15,5388.0,case6515rte,6515,2017-09-15,OPTIMAL,True,7200.0,74.83333333333333,183641400.0,176830000.0,3.71,mip_progress,True,results/paper_m4pro_fullmodes_2026-04-29/logs/gurobi/test/matpower_case6515rte_2017-09-15__lazy_commit_hints.log
matpower/case6515rte,LAZY_COMMIT_HINTS,matpower/case6515rte/2017-09-15,5416.122647,case6515rte,6515,2017-09-15,OPTIMAL,True,7200.0,75.22392565277778,,,3.71,result_final,False,results/paper_m4pro_fullmodes_2026-04-29/logs/gurobi/test/matpower_case6515rte_2017-09-15__lazy_commit_hints.log
matpower/case6515rte,LAZY_COMMIT_HINTS,matpower/case6515rte/2017-11-15,4118.0,case6515rte,6515,2017-11-15,OPTIMAL,True,7200.0,57.19444444444444,135670500.0,49494000.0,63.5,mip_progress,True,results/paper_m4pro_fullmodes_2026-04-29/logs/gurobi/test/matpower_case6515rte_2017-11-15__lazy_commit_hints.log
matpower/case6515rte,LAZY_COMMIT_HINTS,matpower/case6515rte/2017-11-15,4152.0,case6515rte,6515,2017-11-15,OPTIMAL,True,7200.0,57.666666666666664,135670000.0,49494000.0,63.5,mip_progress,False,results/paper_m4pro_fullmodes_2026-04-29/logs/gurobi/test/matpower_case6515rte_2017-11-15__lazy_commit_hints.log
matpower/case6515rte,LAZY_COMMIT_HINTS,matpower/case6515rte/2017-11-15,5899.0,case6515rte,6515,2017-11-15,OPTIMAL,True,7200.0,81.93055555555556,135670000.0,130420000.0,3.87,mip_progress,False,results/paper_m4pro_fullmodes_2026-04-29/logs/gurobi/test/matpower_case6515rte_2017-11-15__lazy_commit_hints.log
matpower/case6515rte,LAZY_COMMIT_HINTS,matpower/case6515rte/2017-11-15,5926.210563,case6515rte,6515,2017-11-15,OPTIMAL,True,7200.0,82.30848004166666,,,3.87,result_final,False,results/paper_m4pro_fullmodes_2026-04-29/logs/gurobi/test/matpower_case6515rte_2017-11-15__lazy_commit_hints.log
matpower/case6515rte,LAZY_GNN_T080,matpower/case6515rte/2017-01-15,2427.0,case6515rte,6515,2017-01-15,OPTIMAL,False,7200.0,33.708333333333336,68359990.0,68175000.0,0.27,mip_progress,True,results/paper_m4pro_fullmodes_2026-04-29/logs/gurobi/test/matpower_case6515rte_2017-01-15__lazy_gnn_t080.log
matpower/case6515rte,LAZY_GNN_T080,matpower/case6515rte/2017-01-15,2483.674194,case6515rte,6515,2017-01-15,OPTIMAL,False,7200.0,34.495474916666666,,,0.27,result_final,False,results/paper_m4pro_fullmodes_2026-04-29/logs/gurobi/test/matpower_case6515rte_2017-01-15__lazy_gnn_t080.log
matpower/case6515rte,LAZY_GNN_T080,matpower/case6515rte/2017-03-15,2317.0,case6515rte,6515,2017-03-15,OPTIMAL,False,7200.0,32.18055555555556,77458760.0,77244000.0,0.28,mip_progress,True,results/paper_m4pro_fullmodes_2026-04-29/logs/gurobi/test/matpower_case6515rte_2017-03-15__lazy_gnn_t080.log
matpower/case6515rte,LAZY_GNN_T080,matpower/case6515rte/2017-03-15,2374.283298,case6515rte,6515,2017-03-15,OPTIMAL,False,7200.0,32.97615691666666,,,0.27675299999999997,result_final,False,results/paper_m4pro_fullmodes_2026-04-29/logs/gurobi/test/matpower_case6515rte_2017-03-15__lazy_gnn_t080.log
matpower/case6515rte,LAZY_GNN_T080,matpower/case6515rte/2017-05-15,2481.0,case6515rte,6515,2017-05-15,OPTIMAL,False,7200.0,34.458333333333336,47390920.0,47159000.0,0.49,mip_progress,True,results/paper_m4pro_fullmodes_2026-04-29/logs/gurobi/test/matpower_case6515rte_2017-05-15__lazy_gnn_t080.log
matpower/case6515rte,LAZY_GNN_T080,matpower/case6515rte/2017-05-15,2537.695751,case6515rte,6515,2017-05-15,OPTIMAL,False,7200.0,35.24577431944444,,,0.489891,result_final,False,results/paper_m4pro_fullmodes_2026-04-29/logs/gurobi/test/matpower_case6515rte_2017-05-15__lazy_gnn_t080.log
matpower/case6515rte,LAZY_GNN_T080,matpower/case6515rte/2017-07-15,3288.0,case6515rte,6515,2017-07-15,OPTIMAL,False,7200.0,45.666666666666664,74448790.0,74022000.0,0.57,mip_progress,True,results/paper_m4pro_fullmodes_2026-04-29/logs/gurobi/test/matpower_case6515rte_2017-07-15__lazy_gnn_t080.log
matpower/case6515rte,LAZY_GNN_T080,matpower/case6515rte/2017-07-15,3345.437224,case6515rte,6515,2017-07-15,OPTIMAL,False,7200.0,46.464405888888884,,,0.57,result_final,False,results/paper_m4pro_fullmodes_2026-04-29/logs/gurobi/test/matpower_case6515rte_2017-07-15__lazy_gnn_t080.log
matpower/case6515rte,LAZY_GNN_T080,matpower/case6515rte/2017-09-15,3338.0,case6515rte,6515,2017-09-15,OPTIMAL,False,7200.0,46.361111111111114,55372810.0,55092000.0,0.51,mip_progress,True,results/paper_m4pro_fullmodes_2026-04-29/logs/gurobi/test/matpower_case6515rte_2017-09-15__lazy_gnn_t080.log
matpower/case6515rte,LAZY_GNN_T080,matpower/case6515rte/2017-09-15,3395.649647,case6515rte,6515,2017-09-15,OPTIMAL,False,7200.0,47.16180065277778,,,0.507527,result_final,False,results/paper_m4pro_fullmodes_2026-04-29/logs/gurobi/test/matpower_case6515rte_2017-09-15__lazy_gnn_t080.log
matpower/case6515rte,LAZY_GNN_T080,matpower/case6515rte/2017-11-15,3734.0,case6515rte,6515,2017-11-15,OPTIMAL,False,7200.0,51.861111111111114,49778590.0,49494000.0,0.57,mip_progress,True,results/paper_m4pro_fullmodes_2026-04-29/logs/gurobi/test/matpower_case6515rte_2017-11-15__lazy_gnn_t080.log
matpower/case6515rte,LAZY_GNN_T080,matpower/case6515rte/2017-11-15,3791.412086,case6515rte,6515,2017-11-15,OPTIMAL,False,7200.0,52.65850119444444,,,0.57,result_final,False,results/paper_m4pro_fullmodes_2026-04-29/logs/gurobi/test/matpower_case6515rte_2017-11-15__lazy_gnn_t080.log
matpower/case6515rte,STREDUCE_LAZY_GRU,matpower/case6515rte/2017-01-15,3011.0,case6515rte,6515,2017-01-15,OPTIMAL,True,7200.0,41.81944444444444,128725800.0,68179000.0,47.0,mip_progress,True,results/paper_m4pro_fullmodes_2026-04-29/logs/gurobi/test/matpower_case6515rte_2017-01-15__streduce_lazy_gru.log
matpower/case6515rte,STREDUCE_LAZY_GRU,matpower/case6515rte/2017-01-15,3271.0,case6515rte,6515,2017-01-15,OPTIMAL,True,7200.0,45.43055555555556,128730000.0,85401000.0,33.7,mip_progress,False,results/paper_m4pro_fullmodes_2026-04-29/logs/gurobi/test/matpower_case6515rte_2017-01-15__streduce_lazy_gru.log
matpower/case6515rte,STREDUCE_LAZY_GRU,matpower/case6515rte/2017-01-15,3338.0,case6515rte,6515,2017-01-15,OPTIMAL,True,7200.0,46.361111111111114,128723000.0,85401000.0,33.7,mip_progress,True,results/paper_m4pro_fullmodes_2026-04-29/logs/gurobi/test/matpower_case6515rte_2017-01-15__streduce_lazy_gru.log
matpower/case6515rte,STREDUCE_LAZY_GRU,matpower/case6515rte/2017-01-15,3400.0,case6515rte,6515,2017-01-15,OPTIMAL,True,7200.0,47.22222222222222,128720000.0,85407000.0,33.7,mip_progress,False,results/paper_m4pro_fullmodes_2026-04-29/logs/gurobi/test/matpower_case6515rte_2017-01-15__streduce_lazy_gru.log
matpower/case6515rte,STREDUCE_LAZY_GRU,matpower/case6515rte/2017-01-15,3484.0,case6515rte,6515,2017-01-15,OPTIMAL,True,7200.0,48.388888888888886,128720000.0,85407000.0,33.7,mip_progress,False,results/paper_m4pro_fullmodes_2026-04-29/logs/gurobi/test/matpower_case6515rte_2017-01-15__streduce_lazy_gru.log
matpower/case6515rte,STREDUCE_LAZY_GRU,matpower/case6515rte/2017-01-15,3579.0,case6515rte,6515,2017-01-15,OPTIMAL,True,7200.0,49.708333333333336,128720000.0,85407000.0,33.7,mip_progress,False,results/paper_m4pro_fullmodes_2026-04-29/logs/gurobi/test/matpower_case6515rte_2017-01-15__streduce_lazy_gru.log
matpower/case6515rte,STREDUCE_LAZY_GRU,matpower/case6515rte/2017-01-15,3674.0,case6515rte,6515,2017-01-15,OPTIMAL,True,7200.0,51.02777777777778,86608320.0,85407000.0,1.39,mip_progress,True,results/paper_m4pro_fullmodes_2026-04-29/logs/gurobi/test/matpower_case6515rte_2017-01-15__streduce_lazy_gru.log
matpower/case6515rte,STREDUCE_LAZY_GRU,matpower/case6515rte/2017-01-15,4101.405065,case6515rte,6515,2017-01-15,OPTIMAL,True,7200.0,56.963959236111116,,,1.38656,result_final,False,results/paper_m4pro_fullmodes_2026-04-29/logs/gurobi/test/matpower_case6515rte_2017-01-15__streduce_lazy_gru.log
matpower/case6515rte,STREDUCE_LAZY_GRU,matpower/case6515rte/2017-03-15,3139.0,case6515rte,6515,2017-03-15,OPTIMAL,True,7200.0,43.59722222222222,522262500.0,77252000.0,85.2,mip_progress,True,results/paper_m4pro_fullmodes_2026-04-29/logs/gurobi/test/matpower_case6515rte_2017-03-15__streduce_lazy_gru.log
matpower/case6515rte,STREDUCE_LAZY_GRU,matpower/case6515rte/2017-03-15,3489.0,case6515rte,6515,2017-03-15,OPTIMAL,True,7200.0,48.458333333333336,522260000.0,158960000.0,69.6,mip_progress,False,results/paper_m4pro_fullmodes_2026-04-29/logs/gurobi/test/matpower_case6515rte_2017-03-15__streduce_lazy_gru.log
matpower/case6515rte,STREDUCE_LAZY_GRU,matpower/case6515rte/2017-03-15,3556.0,case6515rte,6515,2017-03-15,OPTIMAL,True,7200.0,49.388888888888886,522242200.0,158960000.0,69.6,mip_progress,True,results/paper_m4pro_fullmodes_2026-04-29/logs/gurobi/test/matpower_case6515rte_2017-03-15__streduce_lazy_gru.log
matpower/case6515rte,STREDUCE_LAZY_GRU,matpower/case6515rte/2017-03-15,3620.0,case6515rte,6515,2017-03-15,OPTIMAL,True,7200.0,50.27777777777778,522240000.0,159020000.0,69.6,mip_progress,False,results/paper_m4pro_fullmodes_2026-04-29/logs/gurobi/test/matpower_case6515rte_2017-03-15__streduce_lazy_gru.log
matpower/case6515rte,STREDUCE_LAZY_GRU,matpower/case6515rte/2017-03-15,3709.0,case6515rte,6515,2017-03-15,OPTIMAL,True,7200.0,51.513888888888886,522240000.0,159020000.0,69.6,mip_progress,False,results/paper_m4pro_fullmodes_2026-04-29/logs/gurobi/test/matpower_case6515rte_2017-03-15__streduce_lazy_gru.log
matpower/case6515rte,STREDUCE_LAZY_GRU,matpower/case6515rte/2017-03-15,3809.0,case6515rte,6515,2017-03-15,OPTIMAL,True,7200.0,52.90277777777778,522240000.0,159020000.0,69.6,mip_progress,False,results/paper_m4pro_fullmodes_2026-04-29/logs/gurobi/test/matpower_case6515rte_2017-03-15__streduce_lazy_gru.log
matpower/case6515rte,STREDUCE_LAZY_GRU,matpower/case6515rte/2017-03-15,3910.0,case6515rte,6515,2017-03-15,OPTIMAL,True,7200.0,54.30555555555556,522240000.0,159020000.0,69.6,mip_progress,False,results/paper_m4pro_fullmodes_2026-04-29/logs/gurobi/test/matpower_case6515rte_2017-03-15__streduce_lazy_gru.log
matpower/case6515rte,STREDUCE_LAZY_GRU,matpower/case6515rte/2017-03-15,4012.0,case6515rte,6515,2017-03-15,OPTIMAL,True,7200.0,55.72222222222222,522240000.0,159020000.0,69.6,mip_progress,False,results/paper_m4pro_fullmodes_2026-04-29/logs/gurobi/test/matpower_case6515rte_2017-03-15__streduce_lazy_gru.log
matpower/case6515rte,STREDUCE_LAZY_GRU,matpower/case6515rte/2017-03-15,4116.0,case6515rte,6515,2017-03-15,OPTIMAL,True,7200.0,57.166666666666664,174243600.0,159020000.0,8.74,mip_progress,True,results/paper_m4pro_fullmodes_2026-04-29/logs/gurobi/test/matpower_case6515rte_2017-03-15__streduce_lazy_gru.log
matpower/case6515rte,STREDUCE_LAZY_GRU,matpower/case6515rte/2017-03-15,4182.0,case6515rte,6515,2017-03-15,OPTIMAL,True,7200.0,58.083333333333336,174243500.0,159020000.0,8.74,mip_progress,True,results/paper_m4pro_fullmodes_2026-04-29/logs/gurobi/test/matpower_case6515rte_2017-03-15__streduce_lazy_gru.log
matpower/case6515rte,STREDUCE_LAZY_GRU,matpower/case6515rte/2017-03-15,4346.0,case6515rte,6515,2017-03-15,OPTIMAL,True,7200.0,60.361111111111114,174240000.0,165410000.0,5.07,mip_progress,False,results/paper_m4pro_fullmodes_2026-04-29/logs/gurobi/test/matpower_case6515rte_2017-03-15__streduce_lazy_gru.log
matpower/case6515rte,STREDUCE_LAZY_GRU,matpower/case6515rte/2017-03-15,4347.0,case6515rte,6515,2017-03-15,OPTIMAL,True,7200.0,60.375,174240000.0,165410000.0,5.07,mip_progress,False,results/paper_m4pro_fullmodes_2026-04-29/logs/gurobi/test/matpower_case6515rte_2017-03-15__streduce_lazy_gru.log
matpower/case6515rte,STREDUCE_LAZY_GRU,matpower/case6515rte/2017-03-15,4361.0,case6515rte,6515,2017-03-15,OPTIMAL,True,7200.0,60.56944444444444,174240000.0,165420000.0,5.07,mip_progress,False,results/paper_m4pro_fullmodes_2026-04-29/logs/gurobi/test/matpower_case6515rte_2017-03-15__streduce_lazy_gru.log
matpower/case6515rte,STREDUCE_LAZY_GRU,matpower/case6515rte/2017-03-15,4363.0,case6515rte,6515,2017-03-15,OPTIMAL,True,7200.0,60.59722222222222,174240000.0,165420000.0,5.07,mip_progress,False,results/paper_m4pro_fullmodes_2026-04-29/logs/gurobi/test/matpower_case6515rte_2017-03-15__streduce_lazy_gru.log
matpower/case6515rte,STREDUCE_LAZY_GRU,matpower/case6515rte/2017-03-15,4385.0,case6515rte,6515,2017-03-15,OPTIMAL,True,7200.0,60.90277777777778,174240000.0,165420000.0,5.07,mip_progress,False,results/paper_m4pro_fullmodes_2026-04-29/logs/gurobi/test/matpower_case6515rte_2017-03-15__streduce_lazy_gru.log
matpower/case6515rte,STREDUCE_LAZY_GRU,matpower/case6515rte/2017-03-15,4471.0,case6515rte,6515,2017-03-15,OPTIMAL,True,7200.0,62.09722222222222,174240000.0,165420000.0,5.07,mip_progress,False,results/paper_m4pro_fullmodes_2026-04-29/logs/gurobi/test/matpower_case6515rte_2017-03-15__streduce_lazy_gru.log
matpower/case6515rte,STREDUCE_LAZY_GRU,matpower/case6515rte/2017-03-15,4552.0,case6515rte,6515,2017-03-15,OPTIMAL,True,7200.0,63.22222222222222,174240000.0,165420000.0,5.07,mip_progress,False,results/paper_m4pro_fullmodes_2026-04-29/logs/gurobi/test/matpower_case6515rte_2017-03-15__streduce_lazy_gru.log
matpower/case6515rte,STREDUCE_LAZY_GRU,matpower/case6515rte/2017-03-15,4634.0,case6515rte,6515,2017-03-15,OPTIMAL,True,7200.0,64.36111111111111,165806700.0,165420000.0,0.23,mip_progress,True,results/paper_m4pro_fullmodes_2026-04-29/logs/gurobi/test/matpower_case6515rte_2017-03-15__streduce_lazy_gru.log
matpower/case6515rte,STREDUCE_LAZY_GRU,matpower/case6515rte/2017-03-15,5065.872045,case6515rte,6515,2017-03-15,OPTIMAL,True,7200.0,70.35933395833334,,,0.23,result_final,False,results/paper_m4pro_fullmodes_2026-04-29/logs/gurobi/test/matpower_case6515rte_2017-03-15__streduce_lazy_gru.log
matpower/case6515rte,STREDUCE_LAZY_GRU,matpower/case6515rte/2017-05-15,3688.0,case6515rte,6515,2017-05-15,OPTIMAL,True,7200.0,51.22222222222222,50819520.0,47159000.0,7.2,mip_progress,True,results/paper_m4pro_fullmodes_2026-04-29/logs/gurobi/test/matpower_case6515rte_2017-05-15__streduce_lazy_gru.log
matpower/case6515rte,STREDUCE_LAZY_GRU,matpower/case6515rte/2017-05-15,3813.0,case6515rte,6515,2017-05-15,OPTIMAL,True,7200.0,52.958333333333336,50820000.0,49453000.0,2.69,mip_progress,False,results/paper_m4pro_fullmodes_2026-04-29/logs/gurobi/test/matpower_case6515rte_2017-05-15__streduce_lazy_gru.log
matpower/case6515rte,STREDUCE_LAZY_GRU,matpower/case6515rte/2017-05-15,4233.063888,case6515rte,6515,2017-05-15,OPTIMAL,True,7200.0,58.792553999999996,,,2.689451,result_final,False,results/paper_m4pro_fullmodes_2026-04-29/logs/gurobi/test/matpower_case6515rte_2017-05-15__streduce_lazy_gru.log
matpower/case6515rte,STREDUCE_LAZY_GRU,matpower/case6515rte/2017-07-15,2995.0,case6515rte,6515,2017-07-15,OPTIMAL,True,7200.0,41.59722222222222,162903000.0,74045000.0,54.5,mip_progress,True,results/paper_m4pro_fullmodes_2026-04-29/logs/gurobi/test/matpower_case6515rte_2017-07-15__streduce_lazy_gru.log
matpower/case6515rte,STREDUCE_LAZY_GRU,matpower/case6515rte/2017-07-15,3224.0,case6515rte,6515,2017-07-15,OPTIMAL,True,7200.0,44.77777777777778,162900000.0,143320000.0,12.0,mip_progress,False,results/paper_m4pro_fullmodes_2026-04-29/logs/gurobi/test/matpower_case6515rte_2017-07-15__streduce_lazy_gru.log
matpower/case6515rte,STREDUCE_LAZY_GRU,matpower/case6515rte/2017-07-15,3289.0,case6515rte,6515,2017-07-15,OPTIMAL,True,7200.0,45.68055555555556,162899700.0,143320000.0,12.0,mip_progress,True,results/paper_m4pro_fullmodes_2026-04-29/logs/gurobi/test/matpower_case6515rte_2017-07-15__streduce_lazy_gru.log
matpower/case6515rte,STREDUCE_LAZY_GRU,matpower/case6515rte/2017-07-15,3350.0,case6515rte,6515,2017-07-15,OPTIMAL,True,7200.0,46.52777777777778,162900000.0,143380000.0,12.0,mip_progress,False,results/paper_m4pro_fullmodes_2026-04-29/logs/gurobi/test/matpower_case6515rte_2017-07-15__streduce_lazy_gru.log
matpower/case6515rte,STREDUCE_LAZY_GRU,matpower/case6515rte/2017-07-15,3439.0,case6515rte,6515,2017-07-15,OPTIMAL,True,7200.0,47.763888888888886,162900000.0,143380000.0,12.0,mip_progress,False,results/paper_m4pro_fullmodes_2026-04-29/logs/gurobi/test/matpower_case6515rte_2017-07-15__streduce_lazy_gru.log
matpower/case6515rte,STREDUCE_LAZY_GRU,matpower/case6515rte/2017-07-15,3530.0,case6515rte,6515,2017-07-15,OPTIMAL,True,7200.0,49.02777777777778,162900000.0,143380000.0,12.0,mip_progress,False,results/paper_m4pro_fullmodes_2026-04-29/logs/gurobi/test/matpower_case6515rte_2017-07-15__streduce_lazy_gru.log
matpower/case6515rte,STREDUCE_LAZY_GRU,matpower/case6515rte/2017-07-15,3622.0,case6515rte,6515,2017-07-15,OPTIMAL,True,7200.0,50.30555555555556,145320600.0,143380000.0,1.34,mip_progress,True,results/paper_m4pro_fullmodes_2026-04-29/logs/gurobi/test/matpower_case6515rte_2017-07-15__streduce_lazy_gru.log
matpower/case6515rte,STREDUCE_LAZY_GRU,matpower/case6515rte/2017-07-15,4041.271349,case6515rte,6515,2017-07-15,OPTIMAL,True,7200.0,56.12876873611111,,,1.336798,result_final,False,results/paper_m4pro_fullmodes_2026-04-29/logs/gurobi/test/matpower_case6515rte_2017-07-15__streduce_lazy_gru.log
matpower/case6515rte,STREDUCE_LAZY_GRU,matpower/case6515rte/2017-09-15,3230.0,case6515rte,6515,2017-09-15,OPTIMAL,True,7200.0,44.861111111111114,179072200.0,55072000.0,69.2,mip_progress,True,results/paper_m4pro_fullmodes_2026-04-29/logs/gurobi/test/matpower_case6515rte_2017-09-15__streduce_lazy_gru.log
matpower/case6515rte,STREDUCE_LAZY_GRU,matpower/case6515rte/2017-09-15,3644.0,case6515rte,6515,2017-09-15,OPTIMAL,True,7200.0,50.611111111111114,179070000.0,176890000.0,1.22,mip_progress,False,results/paper_m4pro_fullmodes_2026-04-29/logs/gurobi/test/matpower_case6515rte_2017-09-15__streduce_lazy_gru.log
matpower/case6515rte,STREDUCE_LAZY_GRU,matpower/case6515rte/2017-09-15,4058.342621,case6515rte,6515,2017-09-15,OPTIMAL,True,7200.0,56.36586973611111,,,1.21615,result_final,False,results/paper_m4pro_fullmodes_2026-04-29/logs/gurobi/test/matpower_case6515rte_2017-09-15__streduce_lazy_gru.log
matpower/case6515rte,STREDUCE_LAZY_GRU,matpower/case6515rte/2017-11-15,3470.0,case6515rte,6515,2017-11-15,OPTIMAL,True,7200.0,48.19444444444444,159335100.0,49541000.0,68.9,mip_progress,True,results/paper_m4pro_fullmodes_2026-04-29/logs/gurobi/test/matpower_case6515rte_2017-11-15__streduce_lazy_gru.log
matpower/case6515rte,STREDUCE_LAZY_GRU,matpower/case6515rte/2017-11-15,3475.0,case6515rte,6515,2017-11-15,OPTIMAL,True,7200.0,48.263888888888886,159335100.0,49541000.0,68.9,mip_progress,True,results/paper_m4pro_fullmodes_2026-04-29/logs/gurobi/test/matpower_case6515rte_2017-11-15__streduce_lazy_gru.log
matpower/case6515rte,STREDUCE_LAZY_GRU,matpower/case6515rte/2017-11-15,3852.0,case6515rte,6515,2017-11-15,OPTIMAL,True,7200.0,53.5,159340000.0,130530000.0,18.1,mip_progress,False,results/paper_m4pro_fullmodes_2026-04-29/logs/gurobi/test/matpower_case6515rte_2017-11-15__streduce_lazy_gru.log
matpower/case6515rte,STREDUCE_LAZY_GRU,matpower/case6515rte/2017-11-15,3859.0,case6515rte,6515,2017-11-15,OPTIMAL,True,7200.0,53.59722222222222,159340000.0,130530000.0,18.1,mip_progress,False,results/paper_m4pro_fullmodes_2026-04-29/logs/gurobi/test/matpower_case6515rte_2017-11-15__streduce_lazy_gru.log
matpower/case6515rte,STREDUCE_LAZY_GRU,matpower/case6515rte/2017-11-15,3919.0,case6515rte,6515,2017-11-15,OPTIMAL,True,7200.0,54.43055555555556,159311800.0,130530000.0,18.1,mip_progress,True,results/paper_m4pro_fullmodes_2026-04-29/logs/gurobi/test/matpower_case6515rte_2017-11-15__streduce_lazy_gru.log
matpower/case6515rte,STREDUCE_LAZY_GRU,matpower/case6515rte/2017-11-15,3924.0,case6515rte,6515,2017-11-15,OPTIMAL,True,7200.0,54.5,159311800.0,130530000.0,18.1,mip_progress,True,results/paper_m4pro_fullmodes_2026-04-29/logs/gurobi/test/matpower_case6515rte_2017-11-15__streduce_lazy_gru.log
matpower/case6515rte,STREDUCE_LAZY_GRU,matpower/case6515rte/2017-11-15,3952.0,case6515rte,6515,2017-11-15,OPTIMAL,True,7200.0,54.888888888888886,159310000.0,130560000.0,18.0,mip_progress,False,results/paper_m4pro_fullmodes_2026-04-29/logs/gurobi/test/matpower_case6515rte_2017-11-15__streduce_lazy_gru.log
matpower/case6515rte,STREDUCE_LAZY_GRU,matpower/case6515rte/2017-11-15,3956.0,case6515rte,6515,2017-11-15,OPTIMAL,True,7200.0,54.94444444444444,159310000.0,130560000.0,18.0,mip_progress,False,results/paper_m4pro_fullmodes_2026-04-29/logs/gurobi/test/matpower_case6515rte_2017-11-15__streduce_lazy_gru.log
matpower/case6515rte,STREDUCE_LAZY_GRU,matpower/case6515rte/2017-11-15,4044.0,case6515rte,6515,2017-11-15,OPTIMAL,True,7200.0,56.166666666666664,159310000.0,130560000.0,18.0,mip_progress,False,results/paper_m4pro_fullmodes_2026-04-29/logs/gurobi/test/matpower_case6515rte_2017-11-15__streduce_lazy_gru.log
matpower/case6515rte,STREDUCE_LAZY_GRU,matpower/case6515rte/2017-11-15,4050.0,case6515rte,6515,2017-11-15,OPTIMAL,True,7200.0,56.25,159310000.0,130560000.0,18.0,mip_progress,False,results/paper_m4pro_fullmodes_2026-04-29/logs/gurobi/test/matpower_case6515rte_2017-11-15__streduce_lazy_gru.log
matpower/case6515rte,STREDUCE_LAZY_GRU,matpower/case6515rte/2017-11-15,4134.0,case6515rte,6515,2017-11-15,OPTIMAL,True,7200.0,57.416666666666664,159310000.0,130560000.0,18.0,mip_progress,False,results/paper_m4pro_fullmodes_2026-04-29/logs/gurobi/test/matpower_case6515rte_2017-11-15__streduce_lazy_gru.log
matpower/case6515rte,STREDUCE_LAZY_GRU,matpower/case6515rte/2017-11-15,4139.0,case6515rte,6515,2017-11-15,OPTIMAL,True,7200.0,57.486111111111114,159310000.0,130560000.0,18.0,mip_progress,False,results/paper_m4pro_fullmodes_2026-04-29/logs/gurobi/test/matpower_case6515rte_2017-11-15__streduce_lazy_gru.log
matpower/case6515rte,STREDUCE_LAZY_GRU,matpower/case6515rte/2017-11-15,4223.0,case6515rte,6515,2017-11-15,OPTIMAL,True,7200.0,58.65277777777778,159310000.0,130560000.0,18.0,mip_progress,False,results/paper_m4pro_fullmodes_2026-04-29/logs/gurobi/test/matpower_case6515rte_2017-11-15__streduce_lazy_gru.log
matpower/case6515rte,STREDUCE_LAZY_GRU,matpower/case6515rte/2017-11-15,4229.0,case6515rte,6515,2017-11-15,OPTIMAL,True,7200.0,58.736111111111114,159310000.0,130560000.0,18.0,mip_progress,False,results/paper_m4pro_fullmodes_2026-04-29/logs/gurobi/test/matpower_case6515rte_2017-11-15__streduce_lazy_gru.log
matpower/case6515rte,STREDUCE_LAZY_GRU,matpower/case6515rte/2017-11-15,4315.0,case6515rte,6515,2017-11-15,OPTIMAL,True,7200.0,59.93055555555556,132157000.0,130560000.0,1.21,mip_progress,True,results/paper_m4pro_fullmodes_2026-04-29/logs/gurobi/test/matpower_case6515rte_2017-11-15__streduce_lazy_gru.log
matpower/case6515rte,STREDUCE_LAZY_GRU,matpower/case6515rte/2017-11-15,4321.0,case6515rte,6515,2017-11-15,OPTIMAL,True,7200.0,60.013888888888886,132157000.0,130560000.0,1.21,mip_progress,True,results/paper_m4pro_fullmodes_2026-04-29/logs/gurobi/test/matpower_case6515rte_2017-11-15__streduce_lazy_gru.log
matpower/case6515rte,STREDUCE_LAZY_GRU,matpower/case6515rte/2017-11-15,4739.138765,case6515rte,6515,2017-11-15,OPTIMAL,True,7200.0,65.8213717361111,,,1.207672,result_final,False,results/paper_m4pro_fullmodes_2026-04-29/logs/gurobi/test/matpower_case6515rte_2017-11-15__streduce_lazy_gru.log
matpower/case6515rte,WARM_LAZY_GRU,matpower/case6515rte/2017-01-15,2894.0,case6515rte,6515,2017-01-15,OPTIMAL,True,7200.0,40.19444444444444,128726900.0,68175000.0,47.0,mip_progress,True,results/paper_m4pro_fullmodes_2026-04-29/logs/gurobi/test/matpower_case6515rte_2017-01-15__warm_lazy_gru.log
matpower/case6515rte,WARM_LAZY_GRU,matpower/case6515rte/2017-01-15,3027.0,case6515rte,6515,2017-01-15,OPTIMAL,True,7200.0,42.041666666666664,128730000.0,85380000.0,33.7,mip_progress,False,results/paper_m4pro_fullmodes_2026-04-29/logs/gurobi/test/matpower_case6515rte_2017-01-15__warm_lazy_gru.log
matpower/case6515rte,WARM_LAZY_GRU,matpower/case6515rte/2017-01-15,3093.0,case6515rte,6515,2017-01-15,OPTIMAL,True,7200.0,42.958333333333336,128724100.0,85380000.0,33.7,mip_progress,True,results/paper_m4pro_fullmodes_2026-04-29/logs/gurobi/test/matpower_case6515rte_2017-01-15__warm_lazy_gru.log
matpower/case6515rte,WARM_LAZY_GRU,matpower/case6515rte/2017-01-15,3113.0,case6515rte,6515,2017-01-15,OPTIMAL,True,7200.0,43.236111111111114,128720000.0,85387000.0,33.7,mip_progress,False,results/paper_m4pro_fullmodes_2026-04-29/logs/gurobi/test/matpower_case6515rte_2017-01-15__warm_lazy_gru.log
matpower/case6515rte,WARM_LAZY_GRU,matpower/case6515rte/2017-01-15,3190.0,case6515rte,6515,2017-01-15,OPTIMAL,True,7200.0,44.30555555555556,128720000.0,85387000.0,33.7,mip_progress,False,results/paper_m4pro_fullmodes_2026-04-29/logs/gurobi/test/matpower_case6515rte_2017-01-15__warm_lazy_gru.log
matpower/case6515rte,WARM_LAZY_GRU,matpower/case6515rte/2017-01-15,3267.0,case6515rte,6515,2017-01-15,OPTIMAL,True,7200.0,45.375,128720000.0,85387000.0,33.7,mip_progress,False,results/paper_m4pro_fullmodes_2026-04-29/logs/gurobi/test/matpower_case6515rte_2017-01-15__warm_lazy_gru.log
matpower/case6515rte,WARM_LAZY_GRU,matpower/case6515rte/2017-01-15,3345.0,case6515rte,6515,2017-01-15,OPTIMAL,True,7200.0,46.458333333333336,86025910.0,85387000.0,0.74,mip_progress,True,results/paper_m4pro_fullmodes_2026-04-29/logs/gurobi/test/matpower_case6515rte_2017-01-15__warm_lazy_gru.log
matpower/case6515rte,WARM_LAZY_GRU,matpower/case6515rte/2017-01-15,3748.895771,case6515rte,6515,2017-01-15,OPTIMAL,True,7200.0,52.067996819444446,,,0.74,result_final,False,results/paper_m4pro_fullmodes_2026-04-29/logs/gurobi/test/matpower_case6515rte_2017-01-15__warm_lazy_gru.log
matpower/case6515rte,WARM_LAZY_GRU,matpower/case6515rte/2017-03-15,2720.0,case6515rte,6515,2017-03-15,OPTIMAL,True,7200.0,37.77777777777778,671734400.0,77244000.0,88.5,mip_progress,True,results/paper_m4pro_fullmodes_2026-04-29/logs/gurobi/test/matpower_case6515rte_2017-03-15__warm_lazy_gru.log
matpower/case6515rte,WARM_LAZY_GRU,matpower/case6515rte/2017-03-15,2751.0,case6515rte,6515,2017-03-15,OPTIMAL,True,7200.0,38.208333333333336,671730000.0,77244000.0,88.5,mip_progress,False,results/paper_m4pro_fullmodes_2026-04-29/logs/gurobi/test/matpower_case6515rte_2017-03-15__warm_lazy_gru.log
matpower/case6515rte,WARM_LAZY_GRU,matpower/case6515rte/2017-03-15,3012.0,case6515rte,6515,2017-03-15,OPTIMAL,True,7200.0,41.833333333333336,671730000.0,156610000.0,76.7,mip_progress,False,results/paper_m4pro_fullmodes_2026-04-29/logs/gurobi/test/matpower_case6515rte_2017-03-15__warm_lazy_gru.log
matpower/case6515rte,WARM_LAZY_GRU,matpower/case6515rte/2017-03-15,3080.0,case6515rte,6515,2017-03-15,OPTIMAL,True,7200.0,42.77777777777778,671698600.0,156610000.0,76.7,mip_progress,True,results/paper_m4pro_fullmodes_2026-04-29/logs/gurobi/test/matpower_case6515rte_2017-03-15__warm_lazy_gru.log
matpower/case6515rte,WARM_LAZY_GRU,matpower/case6515rte/2017-03-15,3124.0,case6515rte,6515,2017-03-15,OPTIMAL,True,7200.0,43.388888888888886,671700000.0,156670000.0,76.7,mip_progress,False,results/paper_m4pro_fullmodes_2026-04-29/logs/gurobi/test/matpower_case6515rte_2017-03-15__warm_lazy_gru.log
matpower/case6515rte,WARM_LAZY_GRU,matpower/case6515rte/2017-03-15,3531.0,case6515rte,6515,2017-03-15,OPTIMAL,True,7200.0,49.041666666666664,671700000.0,156670000.0,76.7,mip_progress,False,results/paper_m4pro_fullmodes_2026-04-29/logs/gurobi/test/matpower_case6515rte_2017-03-15__warm_lazy_gru.log
matpower/case6515rte,WARM_LAZY_GRU,matpower/case6515rte/2017-03-15,5432.0,case6515rte,6515,2017-03-15,OPTIMAL,True,7200.0,75.44444444444444,671700000.0,156670000.0,76.7,mip_progress,False,results/paper_m4pro_fullmodes_2026-04-29/logs/gurobi/test/matpower_case6515rte_2017-03-15__warm_lazy_gru.log
matpower/case6515rte,WARM_LAZY_GRU,matpower/case6515rte/2017-03-15,5537.0,case6515rte,6515,2017-03-15,OPTIMAL,True,7200.0,76.90277777777777,671700000.0,156670000.0,76.7,mip_progress,False,results/paper_m4pro_fullmodes_2026-04-29/logs/gurobi/test/matpower_case6515rte_2017-03-15__warm_lazy_gru.log
matpower/case6515rte,WARM_LAZY_GRU,matpower/case6515rte/2017-03-15,5646.0,case6515rte,6515,2017-03-15,OPTIMAL,True,7200.0,78.41666666666667,175578300.0,156670000.0,10.8,mip_progress,True,results/paper_m4pro_fullmodes_2026-04-29/logs/gurobi/test/matpower_case6515rte_2017-03-15__warm_lazy_gru.log
matpower/case6515rte,WARM_LAZY_GRU,matpower/case6515rte/2017-03-15,5711.0,case6515rte,6515,2017-03-15,OPTIMAL,True,7200.0,79.31944444444444,175578000.0,156670000.0,10.8,mip_progress,True,results/paper_m4pro_fullmodes_2026-04-29/logs/gurobi/test/matpower_case6515rte_2017-03-15__warm_lazy_gru.log
matpower/case6515rte,WARM_LAZY_GRU,matpower/case6515rte/2017-03-15,5836.0,case6515rte,6515,2017-03-15,OPTIMAL,True,7200.0,81.05555555555556,175580000.0,165410000.0,5.79,mip_progress,False,results/paper_m4pro_fullmodes_2026-04-29/logs/gurobi/test/matpower_case6515rte_2017-03-15__warm_lazy_gru.log
matpower/case6515rte,WARM_LAZY_GRU,matpower/case6515rte/2017-03-15,5837.0,case6515rte,6515,2017-03-15,OPTIMAL,True,7200.0,81.06944444444444,175580000.0,165410000.0,5.79,mip_progress,False,results/paper_m4pro_fullmodes_2026-04-29/logs/gurobi/test/matpower_case6515rte_2017-03-15__warm_lazy_gru.log
matpower/case6515rte,WARM_LAZY_GRU,matpower/case6515rte/2017-03-15,5846.0,case6515rte,6515,2017-03-15,OPTIMAL,True,7200.0,81.19444444444444,175580000.0,165410000.0,5.79,mip_progress,False,results/paper_m4pro_fullmodes_2026-04-29/logs/gurobi/test/matpower_case6515rte_2017-03-15__warm_lazy_gru.log
matpower/case6515rte,WARM_LAZY_GRU,matpower/case6515rte/2017-03-15,5849.0,case6515rte,6515,2017-03-15,OPTIMAL,True,7200.0,81.23611111111111,175580000.0,165410000.0,5.79,mip_progress,False,results/paper_m4pro_fullmodes_2026-04-29/logs/gurobi/test/matpower_case6515rte_2017-03-15__warm_lazy_gru.log
matpower/case6515rte,WARM_LAZY_GRU,matpower/case6515rte/2017-03-15,5875.0,case6515rte,6515,2017-03-15,OPTIMAL,True,7200.0,81.59722222222223,175580000.0,165410000.0,5.79,mip_progress,False,results/paper_m4pro_fullmodes_2026-04-29/logs/gurobi/test/matpower_case6515rte_2017-03-15__warm_lazy_gru.log
matpower/case6515rte,WARM_LAZY_GRU,matpower/case6515rte/2017-03-15,5878.0,case6515rte,6515,2017-03-15,OPTIMAL,True,7200.0,81.63888888888889,175580000.0,165410000.0,5.79,mip_progress,False,results/paper_m4pro_fullmodes_2026-04-29/logs/gurobi/test/matpower_case6515rte_2017-03-15__warm_lazy_gru.log
matpower/case6515rte,WARM_LAZY_GRU,matpower/case6515rte/2017-03-15,5901.0,case6515rte,6515,2017-03-15,OPTIMAL,True,7200.0,81.95833333333333,175580000.0,165410000.0,5.79,mip_progress,False,results/paper_m4pro_fullmodes_2026-04-29/logs/gurobi/test/matpower_case6515rte_2017-03-15__warm_lazy_gru.log
matpower/case6515rte,WARM_LAZY_GRU,matpower/case6515rte/2017-03-15,5910.0,case6515rte,6515,2017-03-15,OPTIMAL,True,7200.0,82.08333333333333,175580000.0,165410000.0,5.79,mip_progress,False,results/paper_m4pro_fullmodes_2026-04-29/logs/gurobi/test/matpower_case6515rte_2017-03-15__warm_lazy_gru.log
matpower/case6515rte,WARM_LAZY_GRU,matpower/case6515rte/2017-03-15,5997.0,case6515rte,6515,2017-03-15,OPTIMAL,True,7200.0,83.29166666666667,175580000.0,165410000.0,5.79,mip_progress,False,results/paper_m4pro_fullmodes_2026-04-29/logs/gurobi/test/matpower_case6515rte_2017-03-15__warm_lazy_gru.log
matpower/case6515rte,WARM_LAZY_GRU,matpower/case6515rte/2017-03-15,6082.0,case6515rte,6515,2017-03-15,OPTIMAL,True,7200.0,84.47222222222223,175580000.0,165410000.0,5.79,mip_progress,False,results/paper_m4pro_fullmodes_2026-04-29/logs/gurobi/test/matpower_case6515rte_2017-03-15__warm_lazy_gru.log
matpower/case6515rte,WARM_LAZY_GRU,matpower/case6515rte/2017-03-15,6168.0,case6515rte,6515,2017-03-15,OPTIMAL,True,7200.0,85.66666666666667,166498000.0,165410000.0,0.65,mip_progress,True,results/paper_m4pro_fullmodes_2026-04-29/logs/gurobi/test/matpower_case6515rte_2017-03-15__warm_lazy_gru.log
matpower/case6515rte,WARM_LAZY_GRU,matpower/case6515rte/2017-03-15,6563.136853,case6515rte,6515,2017-03-15,OPTIMAL,True,7200.0,91.1546785138889,,,0.65,result_final,False,results/paper_m4pro_fullmodes_2026-04-29/logs/gurobi/test/matpower_case6515rte_2017-03-15__warm_lazy_gru.log
matpower/case6515rte,WARM_LAZY_GRU,matpower/case6515rte/2017-05-15,2880.0,case6515rte,6515,2017-05-15,OPTIMAL,True,7200.0,40.0,50819520.0,47159000.0,7.2,mip_progress,True,results/paper_m4pro_fullmodes_2026-04-29/logs/gurobi/test/matpower_case6515rte_2017-05-15__warm_lazy_gru.log
matpower/case6515rte,WARM_LAZY_GRU,matpower/case6515rte/2017-05-15,2932.0,case6515rte,6515,2017-05-15,OPTIMAL,True,7200.0,40.72222222222222,50820000.0,49453000.0,2.69,mip_progress,False,results/paper_m4pro_fullmodes_2026-04-29/logs/gurobi/test/matpower_case6515rte_2017-05-15__warm_lazy_gru.log
matpower/case6515rte,WARM_LAZY_GRU,matpower/case6515rte/2017-05-15,3326.075081,case6515rte,6515,2017-05-15,OPTIMAL,True,7200.0,46.195487236111106,,,2.6895,result_final,False,results/paper_m4pro_fullmodes_2026-04-29/logs/gurobi/test/matpower_case6515rte_2017-05-15__warm_lazy_gru.log
matpower/case6515rte,WARM_LAZY_GRU,matpower/case6515rte/2017-07-15,3767.0,case6515rte,6515,2017-07-15,OPTIMAL,True,7200.0,52.31944444444444,163646900.0,74022000.0,54.8,mip_progress,True,results/paper_m4pro_fullmodes_2026-04-29/logs/gurobi/test/matpower_case6515rte_2017-07-15__warm_lazy_gru.log
matpower/case6515rte,WARM_LAZY_GRU,matpower/case6515rte/2017-07-15,4164.0,case6515rte,6515,2017-07-15,OPTIMAL,True,7200.0,57.833333333333336,163650000.0,143310000.0,12.4,mip_progress,False,results/paper_m4pro_fullmodes_2026-04-29/logs/gurobi/test/matpower_case6515rte_2017-07-15__warm_lazy_gru.log
matpower/case6515rte,WARM_LAZY_GRU,matpower/case6515rte/2017-07-15,4229.0,case6515rte,6515,2017-07-15,OPTIMAL,True,7200.0,58.736111111111114,163643600.0,143310000.0,12.4,mip_progress,True,results/paper_m4pro_fullmodes_2026-04-29/logs/gurobi/test/matpower_case6515rte_2017-07-15__warm_lazy_gru.log
matpower/case6515rte,WARM_LAZY_GRU,matpower/case6515rte/2017-07-15,4247.0,case6515rte,6515,2017-07-15,OPTIMAL,True,7200.0,58.986111111111114,163640000.0,143360000.0,12.4,mip_progress,False,results/paper_m4pro_fullmodes_2026-04-29/logs/gurobi/test/matpower_case6515rte_2017-07-15__warm_lazy_gru.log
matpower/case6515rte,WARM_LAZY_GRU,matpower/case6515rte/2017-07-15,4326.0,case6515rte,6515,2017-07-15,OPTIMAL,True,7200.0,60.083333333333336,163640000.0,143360000.0,12.4,mip_progress,False,results/paper_m4pro_fullmodes_2026-04-29/logs/gurobi/test/matpower_case6515rte_2017-07-15__warm_lazy_gru.log
matpower/case6515rte,WARM_LAZY_GRU,matpower/case6515rte/2017-07-15,4408.0,case6515rte,6515,2017-07-15,OPTIMAL,True,7200.0,61.22222222222222,163640000.0,143360000.0,12.4,mip_progress,False,results/paper_m4pro_fullmodes_2026-04-29/logs/gurobi/test/matpower_case6515rte_2017-07-15__warm_lazy_gru.log
matpower/case6515rte,WARM_LAZY_GRU,matpower/case6515rte/2017-07-15,4492.0,case6515rte,6515,2017-07-15,OPTIMAL,True,7200.0,62.388888888888886,147503400.0,143360000.0,2.81,mip_progress,True,results/paper_m4pro_fullmodes_2026-04-29/logs/gurobi/test/matpower_case6515rte_2017-07-15__warm_lazy_gru.log
matpower/case6515rte,WARM_LAZY_GRU,matpower/case6515rte/2017-07-15,4891.090746,case6515rte,6515,2017-07-15,OPTIMAL,True,7200.0,67.93181591666666,,,2.81,result_final,False,results/paper_m4pro_fullmodes_2026-04-29/logs/gurobi/test/matpower_case6515rte_2017-07-15__warm_lazy_gru.log
matpower/case6515rte,WARM_LAZY_GRU,matpower/case6515rte/2017-09-15,3699.0,case6515rte,6515,2017-09-15,OPTIMAL,True,7200.0,51.375,179063100.0,55092000.0,69.2,mip_progress,True,results/paper_m4pro_fullmodes_2026-04-29/logs/gurobi/test/matpower_case6515rte_2017-09-15__warm_lazy_gru.log
matpower/case6515rte,WARM_LAZY_GRU,matpower/case6515rte/2017-09-15,4417.0,case6515rte,6515,2017-09-15,OPTIMAL,True,7200.0,61.34722222222222,179060000.0,176940000.0,1.18,mip_progress,False,results/paper_m4pro_fullmodes_2026-04-29/logs/gurobi/test/matpower_case6515rte_2017-09-15__warm_lazy_gru.log
matpower/case6515rte,WARM_LAZY_GRU,matpower/case6515rte/2017-09-15,4829.796379,case6515rte,6515,2017-09-15,OPTIMAL,True,7200.0,67.0805052638889,,,1.18,result_final,False,results/paper_m4pro_fullmodes_2026-04-29/logs/gurobi/test/matpower_case6515rte_2017-09-15__warm_lazy_gru.log
matpower/case6515rte,WARM_LAZY_GRU,matpower/case6515rte/2017-11-15,4097.0,case6515rte,6515,2017-11-15,OPTIMAL,True,7200.0,56.90277777777778,159903100.0,49494000.0,69.0,mip_progress,True,results/paper_m4pro_fullmodes_2026-04-29/logs/gurobi/test/matpower_case6515rte_2017-11-15__warm_lazy_gru.log
matpower/case6515rte,WARM_LAZY_GRU,matpower/case6515rte/2017-11-15,5468.0,case6515rte,6515,2017-11-15,OPTIMAL,True,7200.0,75.94444444444444,159900000.0,130530000.0,18.4,mip_progress,False,results/paper_m4pro_fullmodes_2026-04-29/logs/gurobi/test/matpower_case6515rte_2017-11-15__warm_lazy_gru.log
matpower/case6515rte,WARM_LAZY_GRU,matpower/case6515rte/2017-11-15,5533.0,case6515rte,6515,2017-11-15,OPTIMAL,True,7200.0,76.84722222222223,159892700.0,130530000.0,18.4,mip_progress,True,results/paper_m4pro_fullmodes_2026-04-29/logs/gurobi/test/matpower_case6515rte_2017-11-15__warm_lazy_gru.log
matpower/case6515rte,WARM_LAZY_GRU,matpower/case6515rte/2017-11-15,5556.0,case6515rte,6515,2017-11-15,OPTIMAL,True,7200.0,77.16666666666667,159890000.0,130560000.0,18.3,mip_progress,False,results/paper_m4pro_fullmodes_2026-04-29/logs/gurobi/test/matpower_case6515rte_2017-11-15__warm_lazy_gru.log
matpower/case6515rte,WARM_LAZY_GRU,matpower/case6515rte/2017-11-15,5636.0,case6515rte,6515,2017-11-15,OPTIMAL,True,7200.0,78.27777777777777,159890000.0,130560000.0,18.3,mip_progress,False,results/paper_m4pro_fullmodes_2026-04-29/logs/gurobi/test/matpower_case6515rte_2017-11-15__warm_lazy_gru.log
matpower/case6515rte,WARM_LAZY_GRU,matpower/case6515rte/2017-11-15,5717.0,case6515rte,6515,2017-11-15,OPTIMAL,True,7200.0,79.40277777777777,159890000.0,130560000.0,18.3,mip_progress,False,results/paper_m4pro_fullmodes_2026-04-29/logs/gurobi/test/matpower_case6515rte_2017-11-15__warm_lazy_gru.log
matpower/case6515rte,WARM_LAZY_GRU,matpower/case6515rte/2017-11-15,5799.0,case6515rte,6515,2017-11-15,OPTIMAL,True,7200.0,80.54166666666667,132302800.0,130560000.0,1.32,mip_progress,True,results/paper_m4pro_fullmodes_2026-04-29/logs/gurobi/test/matpower_case6515rte_2017-11-15__warm_lazy_gru.log
matpower/case6515rte,WARM_LAZY_GRU,matpower/case6515rte/2017-11-15,6210.194843,case6515rte,6515,2017-11-15,OPTIMAL,True,7200.0,86.25270615277778,,,1.32,result_final,False,results/paper_m4pro_fullmodes_2026-04-29/logs/gurobi/test/matpower_case6515rte_2017-11-15__warm_lazy_gru.log
matpower/case6515rte,WARM_PRUNE_LAZY_T030,matpower/case6515rte/2017-01-15,2592.0,case6515rte,6515,2017-01-15,OPTIMAL,False,7200.0,36.0,128478900.0,68175000.0,46.9,mip_progress,True,results/paper_m4pro_fullmodes_2026-04-29/logs/gurobi/test/matpower_case6515rte_2017-01-15__warm_prune_lazy_t030.log
matpower/case6515rte,WARM_PRUNE_LAZY_T030,matpower/case6515rte/2017-01-15,2730.0,case6515rte,6515,2017-01-15,OPTIMAL,False,7200.0,37.916666666666664,128480000.0,85375000.0,33.5,mip_progress,False,results/paper_m4pro_fullmodes_2026-04-29/logs/gurobi/test/matpower_case6515rte_2017-01-15__warm_prune_lazy_t030.log
matpower/case6515rte,WARM_PRUNE_LAZY_T030,matpower/case6515rte/2017-01-15,2733.0,case6515rte,6515,2017-01-15,OPTIMAL,False,7200.0,37.958333333333336,128476100.0,85375000.0,33.5,mip_progress,True,results/paper_m4pro_fullmodes_2026-04-29/logs/gurobi/test/matpower_case6515rte_2017-01-15__warm_prune_lazy_t030.log
matpower/case6515rte,WARM_PRUNE_LAZY_T030,matpower/case6515rte/2017-01-15,2750.0,case6515rte,6515,2017-01-15,OPTIMAL,False,7200.0,38.19444444444444,128480000.0,85381000.0,33.5,mip_progress,False,results/paper_m4pro_fullmodes_2026-04-29/logs/gurobi/test/matpower_case6515rte_2017-01-15__warm_prune_lazy_t030.log
matpower/case6515rte,WARM_PRUNE_LAZY_T030,matpower/case6515rte/2017-01-15,2762.0,case6515rte,6515,2017-01-15,OPTIMAL,False,7200.0,38.361111111111114,128480000.0,85381000.0,33.5,mip_progress,False,results/paper_m4pro_fullmodes_2026-04-29/logs/gurobi/test/matpower_case6515rte_2017-01-15__warm_prune_lazy_t030.log
matpower/case6515rte,WARM_PRUNE_LAZY_T030,matpower/case6515rte/2017-01-15,2776.0,case6515rte,6515,2017-01-15,OPTIMAL,False,7200.0,38.55555555555556,128480000.0,85381000.0,33.5,mip_progress,False,results/paper_m4pro_fullmodes_2026-04-29/logs/gurobi/test/matpower_case6515rte_2017-01-15__warm_prune_lazy_t030.log
matpower/case6515rte,WARM_PRUNE_LAZY_T030,matpower/case6515rte/2017-01-15,2791.0,case6515rte,6515,2017-01-15,OPTIMAL,False,7200.0,38.763888888888886,85785150.0,85381000.0,0.47,mip_progress,True,results/paper_m4pro_fullmodes_2026-04-29/logs/gurobi/test/matpower_case6515rte_2017-01-15__warm_prune_lazy_t030.log
matpower/case6515rte,WARM_PRUNE_LAZY_T030,matpower/case6515rte/2017-01-15,3265.906658,case6515rte,6515,2017-01-15,OPTIMAL,False,7200.0,45.35981469444444,,,0.47,result_final,False,results/paper_m4pro_fullmodes_2026-04-29/logs/gurobi/test/matpower_case6515rte_2017-01-15__warm_prune_lazy_t030.log
matpower/case6515rte,WARM_PRUNE_LAZY_T030,matpower/case6515rte/2017-03-15,2774.0,case6515rte,6515,2017-03-15,OPTIMAL,False,7200.0,38.52777777777778,163148000.0,155440000.0,4.73,mip_progress,True,results/paper_m4pro_fullmodes_2026-04-29/logs/gurobi/test/matpower_case6515rte_2017-03-15__warm_prune_lazy_t030.log
matpower/case6515rte,WARM_PRUNE_LAZY_T030,matpower/case6515rte/2017-03-15,3253.724918,case6515rte,6515,2017-03-15,OPTIMAL,False,7200.0,45.190623861111106,,,4.7266259999999996,result_final,False,results/paper_m4pro_fullmodes_2026-04-29/logs/gurobi/test/matpower_case6515rte_2017-03-15__warm_prune_lazy_t030.log
matpower/case6515rte,WARM_PRUNE_LAZY_T030,matpower/case6515rte/2017-05-15,2582.0,case6515rte,6515,2017-05-15,OPTIMAL,True,7200.0,35.861111111111114,50819520.0,47159000.0,7.2,mip_progress,True,results/paper_m4pro_fullmodes_2026-04-29/logs/gurobi/test/matpower_case6515rte_2017-05-15__warm_prune_lazy_t030.log
matpower/case6515rte,WARM_PRUNE_LAZY_T030,matpower/case6515rte/2017-05-15,2635.0,case6515rte,6515,2017-05-15,OPTIMAL,True,7200.0,36.59722222222222,50820000.0,49453000.0,2.69,mip_progress,False,results/paper_m4pro_fullmodes_2026-04-29/logs/gurobi/test/matpower_case6515rte_2017-05-15__warm_prune_lazy_t030.log
matpower/case6515rte,WARM_PRUNE_LAZY_T030,matpower/case6515rte/2017-05-15,3113.322292,case6515rte,6515,2017-05-15,OPTIMAL,True,7200.0,43.24058738888889,,,2.6895,result_final,False,results/paper_m4pro_fullmodes_2026-04-29/logs/gurobi/test/matpower_case6515rte_2017-05-15__warm_prune_lazy_t030.log
matpower/case6515rte,WARM_PRUNE_LAZY_T030,matpower/case6515rte/2017-07-15,3398.0,case6515rte,6515,2017-07-15,OPTIMAL,False,7200.0,47.19444444444444,161802300.0,74022000.0,54.3,mip_progress,True,results/paper_m4pro_fullmodes_2026-04-29/logs/gurobi/test/matpower_case6515rte_2017-07-15__warm_prune_lazy_t030.log
matpower/case6515rte,WARM_PRUNE_LAZY_T030,matpower/case6515rte/2017-07-15,3422.0,case6515rte,6515,2017-07-15,OPTIMAL,False,7200.0,47.52777777777778,161800000.0,74022000.0,54.3,mip_progress,False,results/paper_m4pro_fullmodes_2026-04-29/logs/gurobi/test/matpower_case6515rte_2017-07-15__warm_prune_lazy_t030.log
matpower/case6515rte,WARM_PRUNE_LAZY_T030,matpower/case6515rte/2017-07-15,3885.0,case6515rte,6515,2017-07-15,OPTIMAL,False,7200.0,53.958333333333336,161800000.0,141420000.0,12.6,mip_progress,False,results/paper_m4pro_fullmodes_2026-04-29/logs/gurobi/test/matpower_case6515rte_2017-07-15__warm_prune_lazy_t030.log
matpower/case6515rte,WARM_PRUNE_LAZY_T030,matpower/case6515rte/2017-07-15,3889.0,case6515rte,6515,2017-07-15,OPTIMAL,False,7200.0,54.013888888888886,161799000.0,141420000.0,12.6,mip_progress,True,results/paper_m4pro_fullmodes_2026-04-29/logs/gurobi/test/matpower_case6515rte_2017-07-15__warm_prune_lazy_t030.log
matpower/case6515rte,WARM_PRUNE_LAZY_T030,matpower/case6515rte/2017-07-15,3909.0,case6515rte,6515,2017-07-15,OPTIMAL,False,7200.0,54.291666666666664,161800000.0,141470000.0,12.6,mip_progress,False,results/paper_m4pro_fullmodes_2026-04-29/logs/gurobi/test/matpower_case6515rte_2017-07-15__warm_prune_lazy_t030.log
matpower/case6515rte,WARM_PRUNE_LAZY_T030,matpower/case6515rte/2017-07-15,3914.0,case6515rte,6515,2017-07-15,OPTIMAL,False,7200.0,54.361111111111114,161800000.0,141470000.0,12.6,mip_progress,False,results/paper_m4pro_fullmodes_2026-04-29/logs/gurobi/test/matpower_case6515rte_2017-07-15__warm_prune_lazy_t030.log
matpower/case6515rte,WARM_PRUNE_LAZY_T030,matpower/case6515rte/2017-07-15,3919.0,case6515rte,6515,2017-07-15,OPTIMAL,False,7200.0,54.43055555555556,161800000.0,141480000.0,12.6,mip_progress,False,results/paper_m4pro_fullmodes_2026-04-29/logs/gurobi/test/matpower_case6515rte_2017-07-15__warm_prune_lazy_t030.log
matpower/case6515rte,WARM_PRUNE_LAZY_T030,matpower/case6515rte/2017-07-15,3921.0,case6515rte,6515,2017-07-15,OPTIMAL,False,7200.0,54.458333333333336,161800000.0,141480000.0,12.6,mip_progress,False,results/paper_m4pro_fullmodes_2026-04-29/logs/gurobi/test/matpower_case6515rte_2017-07-15__warm_prune_lazy_t030.log
matpower/case6515rte,WARM_PRUNE_LAZY_T030,matpower/case6515rte/2017-07-15,3936.0,case6515rte,6515,2017-07-15,OPTIMAL,False,7200.0,54.666666666666664,161800000.0,141480000.0,12.6,mip_progress,False,results/paper_m4pro_fullmodes_2026-04-29/logs/gurobi/test/matpower_case6515rte_2017-07-15__warm_prune_lazy_t030.log
matpower/case6515rte,WARM_PRUNE_LAZY_T030,matpower/case6515rte/2017-07-15,3939.0,case6515rte,6515,2017-07-15,OPTIMAL,False,7200.0,54.708333333333336,161800000.0,141480000.0,12.6,mip_progress,False,results/paper_m4pro_fullmodes_2026-04-29/logs/gurobi/test/matpower_case6515rte_2017-07-15__warm_prune_lazy_t030.log
matpower/case6515rte,WARM_PRUNE_LAZY_T030,matpower/case6515rte/2017-07-15,3941.0,case6515rte,6515,2017-07-15,OPTIMAL,False,7200.0,54.736111111111114,161800000.0,141480000.0,12.6,mip_progress,False,results/paper_m4pro_fullmodes_2026-04-29/logs/gurobi/test/matpower_case6515rte_2017-07-15__warm_prune_lazy_t030.log
matpower/case6515rte,WARM_PRUNE_LAZY_T030,matpower/case6515rte/2017-07-15,3963.0,case6515rte,6515,2017-07-15,OPTIMAL,False,7200.0,55.041666666666664,161800000.0,141480000.0,12.6,mip_progress,False,results/paper_m4pro_fullmodes_2026-04-29/logs/gurobi/test/matpower_case6515rte_2017-07-15__warm_prune_lazy_t030.log
matpower/case6515rte,WARM_PRUNE_LAZY_T030,matpower/case6515rte/2017-07-15,3980.0,case6515rte,6515,2017-07-15,OPTIMAL,False,7200.0,55.27777777777778,161800000.0,141480000.0,12.6,mip_progress,False,results/paper_m4pro_fullmodes_2026-04-29/logs/gurobi/test/matpower_case6515rte_2017-07-15__warm_prune_lazy_t030.log
matpower/case6515rte,WARM_PRUNE_LAZY_T030,matpower/case6515rte/2017-07-15,4004.0,case6515rte,6515,2017-07-15,OPTIMAL,False,7200.0,55.611111111111114,161800000.0,141480000.0,12.6,mip_progress,False,results/paper_m4pro_fullmodes_2026-04-29/logs/gurobi/test/matpower_case6515rte_2017-07-15__warm_prune_lazy_t030.log
matpower/case6515rte,WARM_PRUNE_LAZY_T030,matpower/case6515rte/2017-07-15,4027.0,case6515rte,6515,2017-07-15,OPTIMAL,False,7200.0,55.93055555555556,144977900.0,141480000.0,2.41,mip_progress,True,results/paper_m4pro_fullmodes_2026-04-29/logs/gurobi/test/matpower_case6515rte_2017-07-15__warm_prune_lazy_t030.log
matpower/case6515rte,WARM_PRUNE_LAZY_T030,matpower/case6515rte/2017-07-15,4510.287367,case6515rte,6515,2017-07-15,OPTIMAL,False,7200.0,62.642880097222225,,,2.409396,result_final,False,results/paper_m4pro_fullmodes_2026-04-29/logs/gurobi/test/matpower_case6515rte_2017-07-15__warm_prune_lazy_t030.log
matpower/case6515rte,WARM_PRUNE_LAZY_T030,matpower/case6515rte/2017-09-15,3424.0,case6515rte,6515,2017-09-15,OPTIMAL,True,7200.0,47.55555555555556,179063100.0,55092000.0,69.2,mip_progress,True,results/paper_m4pro_fullmodes_2026-04-29/logs/gurobi/test/matpower_case6515rte_2017-09-15__warm_prune_lazy_t030.log
matpower/case6515rte,WARM_PRUNE_LAZY_T030,matpower/case6515rte/2017-09-15,4391.0,case6515rte,6515,2017-09-15,OPTIMAL,True,7200.0,60.986111111111114,179060000.0,176940000.0,1.18,mip_progress,False,results/paper_m4pro_fullmodes_2026-04-29/logs/gurobi/test/matpower_case6515rte_2017-09-15__warm_prune_lazy_t030.log
matpower/case6515rte,WARM_PRUNE_LAZY_T030,matpower/case6515rte/2017-09-15,4890.3443,case6515rte,6515,2017-09-15,OPTIMAL,True,7200.0,67.92144861111112,,,1.18,result_final,False,results/paper_m4pro_fullmodes_2026-04-29/logs/gurobi/test/matpower_case6515rte_2017-09-15__warm_prune_lazy_t030.log
matpower/case6515rte,WARM_PRUNE_LAZY_T030,matpower/case6515rte/2017-11-15,3800.0,case6515rte,6515,2017-11-15,OPTIMAL,False,7200.0,52.77777777777778,159739800.0,49494000.0,69.0,mip_progress,True,results/paper_m4pro_fullmodes_2026-04-29/logs/gurobi/test/matpower_case6515rte_2017-11-15__warm_prune_lazy_t030.log
matpower/case6515rte,WARM_PRUNE_LAZY_T030,matpower/case6515rte/2017-11-15,5921.0,case6515rte,6515,2017-11-15,OPTIMAL,False,7200.0,82.23611111111111,159740000.0,130360000.0,18.4,mip_progress,False,results/paper_m4pro_fullmodes_2026-04-29/logs/gurobi/test/matpower_case6515rte_2017-11-15__warm_prune_lazy_t030.log
matpower/case6515rte,WARM_PRUNE_LAZY_T030,matpower/case6515rte/2017-11-15,5924.0,case6515rte,6515,2017-11-15,OPTIMAL,False,7200.0,82.27777777777777,159729900.0,130360000.0,18.4,mip_progress,True,results/paper_m4pro_fullmodes_2026-04-29/logs/gurobi/test/matpower_case6515rte_2017-11-15__warm_prune_lazy_t030.log
matpower/case6515rte,WARM_PRUNE_LAZY_T030,matpower/case6515rte/2017-11-15,5947.0,case6515rte,6515,2017-11-15,OPTIMAL,False,7200.0,82.59722222222223,159730000.0,130390000.0,18.4,mip_progress,False,results/paper_m4pro_fullmodes_2026-04-29/logs/gurobi/test/matpower_case6515rte_2017-11-15__warm_prune_lazy_t030.log
matpower/case6515rte,WARM_PRUNE_LAZY_T030,matpower/case6515rte/2017-11-15,5969.0,case6515rte,6515,2017-11-15,OPTIMAL,False,7200.0,82.90277777777777,159730000.0,130390000.0,18.4,mip_progress,False,results/paper_m4pro_fullmodes_2026-04-29/logs/gurobi/test/matpower_case6515rte_2017-11-15__warm_prune_lazy_t030.log
matpower/case6515rte,WARM_PRUNE_LAZY_T030,matpower/case6515rte/2017-11-15,5991.0,case6515rte,6515,2017-11-15,OPTIMAL,False,7200.0,83.20833333333333,131899000.0,130390000.0,1.15,mip_progress,True,results/paper_m4pro_fullmodes_2026-04-29/logs/gurobi/test/matpower_case6515rte_2017-11-15__warm_prune_lazy_t030.log
matpower/case6515rte,WARM_PRUNE_LAZY_T030,matpower/case6515rte/2017-11-15,6464.336517,case6515rte,6515,2017-11-15,OPTIMAL,False,7200.0,89.782451625,,,1.1456650000000002,result_final,False,results/paper_m4pro_fullmodes_2026-04-29/logs/gurobi/test/matpower_case6515rte_2017-11-15__warm_prune_lazy_t030.log
