timestamp_utc,run_id,result_key,stage,case_folder,instance_name,mode_id,mode_family,time_limit_sec,mip_gap_target,status,status_code,runtime_sec,wall_sec,mip_gap,obj_val,obj_bound,nodes,has_incumbent,feasible_ok,violations,max_constraint_residual,objective_inconsistency,pass,exact_method,screen_setup_sec,num_vars_root,num_constrs_root,num_vars_final,num_constrs_final,warm_start_applied_vars,branch_hints_applied,constr_total_cont,constr_kept_cont,constr_ratio_cont_explicit,constr_realized_cont,constr_ratio_cont_realized,screen_monitored_lines,explicit_added_cont,lazy_added_cont,active_set_iters,active_set_added,active_set_dropped,shrink_window_count,shrink_window_size,shrink_overlap,fixed_commit_vars,fixed_commit_on,fixed_commit_off,st_kept_line_pairs,st_kept_gen_pairs,candidate_solution_json,train_solution_json,error_message,logfile,peak_memory_gb,constr_ratio_cont,runtime_report_sec,st_used_commit_model,st_used_gnn_model,st_used_gru_model,mode,mode_original,timestamp,gurobi_log_path,norel_heur_elapsed_sec,runtime_ex_norel_sec,method_exactness,mode_clean,with_LAZY,with_PRUNE,with_LPSCREEN,with_SR,with_ACTIVESET,with_SHRINK,with_STREDUCE,with_GNN,with_COMMIT,with_GRU,with_BANDIT,is_heuristic_method,is_exact_method,is_raw_baseline,obj_raw,obj_ppm_vs_raw,case_label,case_size,date,status_upper,solve_runtime_sec,mip_gap_pct,pass_num,is_verified,is_skipped,hit_time_limit
2026-05-05 16:38:08,paper_m4pro_fullmodes_2026-04-29,TEST::LAZY_ALL::matpower/case1354pegase/2017-01-15::1800,TEST,matpower/case1354pegase,matpower/case1354pegase/2017-01-15,LAZY_ALL,LAZY,1800,0.05,TIME_LIMIT,9.0,1806.091874,1806.091874,0.15590275,220740062.815964,186326080.503007,12.0,1,OK,OK,6.40824283e-10,1.37090683e-06,1,1,0.0,481464.0,366264.0,481464.0,366264.0,0.0,0.0,,,,,,,0.0,2199159.0,0.0,0.0,0.0,0.0,0.0,0.0,0.0,0.0,0.0,0.0,0.0,results/paper_m4pro_fullmodes_2026-04-29/solutions/test/lazy_all/matpower/case1354pegase/2017-01-15.json,,,results/paper_m4pro_fullmodes_2026-04-29/results.csv,,,1806.091874,,,,LAZY_ALL,LAZY_ALL,2026-05-05 16:38:08,results/paper_m4pro_fullmodes_2026-04-29/logs/gurobi/test/matpower_case1354pegase_2017-01-15__lazy_all.log,565.0,1241.091874,exact,LAZY_ALL,True,False,False,False,False,False,False,False,False,False,False,False,True,False,,,case1354pegase,1354,2017-01-15,TIME_LIMIT,1806.091874,15.590275,1,True,False,True
2026-05-06 07:10:16,paper_m4pro_fullmodes_2026-04-29,TEST::LAZY_COMMIT_HINTS::matpower/case1354pegase/2017-01-15::1800,TEST,matpower/case1354pegase,matpower/case1354pegase/2017-01-15,LAZY_COMMIT_HINTS,LAZY,1800,0.05,TIME_LIMIT,9.0,1819.97472,1819.97472,0.14536158,217840506.819046,186174866.709768,91.0,1,OK,OK,1.39074352e-09,7.74860382e-07,1,1,0.0,481464.0,366264.0,481464.0,366264.0,0.0,0.0,,,,,,,0.0,2408513.0,0.0,0.0,0.0,0.0,0.0,0.0,0.0,0.0,0.0,0.0,0.0,results/paper_m4pro_fullmodes_2026-04-29/solutions/test/lazy_commit_hints/matpower/case1354pegase/2017-01-15.json,,,results/paper_m4pro_fullmodes_2026-04-29/results.csv,,,1819.97472,,,,LAZY_COMMIT_HINTS,LAZY_COMMIT_HINTS,2026-05-06 07:10:16,results/paper_m4pro_fullmodes_2026-04-29/logs/gurobi/test/matpower_case1354pegase_2017-01-15__lazy_commit_hints.log,557.0,1262.97472,exact,LAZY_COMMIT_HINTS,True,False,False,False,False,False,False,False,True,False,False,False,True,False,,,case1354pegase,1354,2017-01-15,TIME_LIMIT,1819.97472,14.536157999999999,1,True,False,True
2026-05-06 07:49:58,paper_m4pro_fullmodes_2026-04-29,TEST::WARM_LAZY_GRU::matpower/case1354pegase/2017-01-15::1800,TEST,matpower/case1354pegase,matpower/case1354pegase/2017-01-15,WARM_LAZY_GRU,WARM_LAZY,1800,0.05,TIME_LIMIT,9.0,1834.70802,1834.70802,0.19483073,231439234.202252,186347758.532571,83.0,1,OK,OK,2.94051006e-10,1.87754631e-06,1,1,0.0,481464.0,366264.0,481464.0,366264.0,432720.0,0.0,,,,,,,0.0,2655815.0,0.0,0.0,0.0,0.0,0.0,0.0,0.0,0.0,0.0,0.0,0.0,results/paper_m4pro_fullmodes_2026-04-29/solutions/test/warm_lazy_gru/matpower/case1354pegase/2017-01-15.json,,,results/paper_m4pro_fullmodes_2026-04-29/results.csv,,,1834.70802,,,,WARM_LAZY_GRU,WARM_LAZY_GRU,2026-05-06 07:49:58,results/paper_m4pro_fullmodes_2026-04-29/logs/gurobi/test/matpower_case1354pegase_2017-01-15__warm_lazy_gru.log,562.0,1272.70802,exact,WARM_LAZY_GRU,True,False,False,False,False,False,False,False,False,True,False,False,True,False,,,case1354pegase,1354,2017-01-15,TIME_LIMIT,1834.70802,19.483073,1,True,False,True
2026-05-06 08:21:12,paper_m4pro_fullmodes_2026-04-29,TEST::LAZY_ALL::matpower/case1354pegase/2017-03-15::1800,TEST,matpower/case1354pegase,matpower/case1354pegase/2017-03-15,LAZY_ALL,LAZY,1800,0.05,TIME_LIMIT,9.0,1805.506677,1805.506677,0.90420288,2557811863.202885,245031018.962162,1.0,1,OK,OK,1.75342961e-07,1.43051147e-06,1,1,0.0,481464.0,366264.0,481464.0,366264.0,0.0,0.0,,,,,,,0.0,7463099.0,0.0,0.0,0.0,0.0,0.0,0.0,0.0,0.0,0.0,0.0,0.0,results/paper_m4pro_fullmodes_2026-04-29/solutions/test/lazy_all/matpower/case1354pegase/2017-03-15.json,,,results/paper_m4pro_fullmodes_2026-04-29/results.csv,,,1805.506677,,,,LAZY_ALL,LAZY_ALL,2026-05-06 08:21:12,results/paper_m4pro_fullmodes_2026-04-29/logs/gurobi/test/matpower_case1354pegase_2017-03-15__lazy_all.log,587.0,1218.506677,exact,LAZY_ALL,True,False,False,False,False,False,False,False,False,False,False,False,True,False,,,case1354pegase,1354,2017-03-15,TIME_LIMIT,1805.506677,90.420288,1,True,False,True
2026-05-06 08:51:18,paper_m4pro_fullmodes_2026-04-29,TEST::LAZY_ALL::matpower/case1354pegase/2017-05-15::1800,TEST,matpower/case1354pegase,matpower/case1354pegase/2017-05-15,LAZY_ALL,LAZY,1800,0.05,TIME_LIMIT,9.0,1805.550299,1805.550299,0.41702755,151057734.093439,88062497.019822,9.0,1,OK,OK,1.05046638e-10,4.47034836e-07,1,1,0.0,481464.0,366264.0,481464.0,366264.0,0.0,0.0,,,,,,,0.0,5361009.0,0.0,0.0,0.0,0.0,0.0,0.0,0.0,0.0,0.0,0.0,0.0,results/paper_m4pro_fullmodes_2026-04-29/solutions/test/lazy_all/matpower/case1354pegase/2017-05-15.json,,,results/paper_m4pro_fullmodes_2026-04-29/results.csv,,,1805.550299,,,,LAZY_ALL,LAZY_ALL,2026-05-06 08:51:18,results/paper_m4pro_fullmodes_2026-04-29/logs/gurobi/test/matpower_case1354pegase_2017-05-15__lazy_all.log,580.0,1225.550299,exact,LAZY_ALL,True,False,False,False,False,False,False,False,False,False,False,False,True,False,,,case1354pegase,1354,2017-05-15,TIME_LIMIT,1805.550299,41.702755,1,True,False,True
2026-05-06 09:21:24,paper_m4pro_fullmodes_2026-04-29,TEST::LAZY_ALL::matpower/case1354pegase/2017-07-15::1800,TEST,matpower/case1354pegase,matpower/case1354pegase/2017-07-15,LAZY_ALL,LAZY,1800,0.05,TIME_LIMIT,9.0,1805.248151,1805.248151,0.91420355,2401431418.940938,206034296.645076,1.0,1,OK,OK,4.29647072e-07,2.38418579e-06,1,1,0.0,481464.0,366264.0,481464.0,366264.0,0.0,0.0,,,,,,,0.0,6014355.0,0.0,0.0,0.0,0.0,0.0,0.0,0.0,0.0,0.0,0.0,0.0,results/paper_m4pro_fullmodes_2026-04-29/solutions/test/lazy_all/matpower/case1354pegase/2017-07-15.json,,,results/paper_m4pro_fullmodes_2026-04-29/results.csv,,,1805.248151,,,,LAZY_ALL,LAZY_ALL,2026-05-06 09:21:24,results/paper_m4pro_fullmodes_2026-04-29/logs/gurobi/test/matpower_case1354pegase_2017-07-15__lazy_all.log,593.0,1212.248151,exact,LAZY_ALL,True,False,False,False,False,False,False,False,False,False,False,False,True,False,,,case1354pegase,1354,2017-07-15,TIME_LIMIT,1805.248151,91.420355,1,True,False,True
2026-05-06 09:51:29,paper_m4pro_fullmodes_2026-04-29,TEST::LAZY_ALL::matpower/case1354pegase/2017-09-15::1800,TEST,matpower/case1354pegase,matpower/case1354pegase/2017-09-15,LAZY_ALL,LAZY,1800,0.05,TIME_LIMIT,9.0,1805.232604,1805.232604,0.9313652,2257735401.518696,154959209.812394,1.0,1,OK,OK,4.1815639e-08,2.86102295e-06,1,1,0.0,481464.0,366264.0,481464.0,366264.0,0.0,0.0,,,,,,,0.0,7889580.0,0.0,0.0,0.0,0.0,0.0,0.0,0.0,0.0,0.0,0.0,0.0,results/paper_m4pro_fullmodes_2026-04-29/solutions/test/lazy_all/matpower/case1354pegase/2017-09-15.json,,,results/paper_m4pro_fullmodes_2026-04-29/results.csv,,,1805.232604,,,,LAZY_ALL,LAZY_ALL,2026-05-06 09:51:29,results/paper_m4pro_fullmodes_2026-04-29/logs/gurobi/test/matpower_case1354pegase_2017-09-15__lazy_all.log,579.0,1226.232604,exact,LAZY_ALL,True,False,False,False,False,False,False,False,False,False,False,False,True,False,,,case1354pegase,1354,2017-09-15,TIME_LIMIT,1805.232604,93.13652,1,True,False,True
2026-05-06 10:21:35,paper_m4pro_fullmodes_2026-04-29,TEST::LAZY_ALL::matpower/case1354pegase/2017-11-15::1800,TEST,matpower/case1354pegase,matpower/case1354pegase/2017-11-15,LAZY_ALL,LAZY,1800,0.05,TIME_LIMIT,9.0,1805.045629,1805.045629,0.45639901,283797862.493641,154272799.181505,1.0,1,OK,OK,4.17060164e-10,1.01327896e-06,1,1,0.0,481464.0,366264.0,481464.0,366264.0,0.0,0.0,,,,,,,0.0,3507295.0,0.0,0.0,0.0,0.0,0.0,0.0,0.0,0.0,0.0,0.0,0.0,results/paper_m4pro_fullmodes_2026-04-29/solutions/test/lazy_all/matpower/case1354pegase/2017-11-15.json,,,results/paper_m4pro_fullmodes_2026-04-29/results.csv,,,1805.045629,,,,LAZY_ALL,LAZY_ALL,2026-05-06 10:21:35,results/paper_m4pro_fullmodes_2026-04-29/logs/gurobi/test/matpower_case1354pegase_2017-11-15__lazy_all.log,569.0,1236.045629,exact,LAZY_ALL,True,False,False,False,False,False,False,False,False,False,False,False,True,False,,,case1354pegase,1354,2017-11-15,TIME_LIMIT,1805.045629,45.639901,1,True,False,True
2026-05-06 10:51:40,paper_m4pro_fullmodes_2026-04-29,TEST::LAZY_COMMIT_HINTS::matpower/case1354pegase/2017-03-15::1800,TEST,matpower/case1354pegase,matpower/case1354pegase/2017-03-15,LAZY_COMMIT_HINTS,LAZY,1800,0.05,TIME_LIMIT,9.0,1805.268551,1805.268551,0.9042039,2557811863.202885,245028402.303627,1.0,1,OK,OK,1.75342961e-07,1.43051147e-06,1,1,0.0,481464.0,366264.0,481464.0,366264.0,0.0,0.0,,,,,,,0.0,7332843.0,0.0,0.0,0.0,0.0,0.0,0.0,0.0,0.0,0.0,0.0,0.0,results/paper_m4pro_fullmodes_2026-04-29/solutions/test/lazy_commit_hints/matpower/case1354pegase/2017-03-15.json,,,results/paper_m4pro_fullmodes_2026-04-29/results.csv,,,1805.268551,,,,LAZY_COMMIT_HINTS,LAZY_COMMIT_HINTS,2026-05-06 10:51:40,results/paper_m4pro_fullmodes_2026-04-29/logs/gurobi/test/matpower_case1354pegase_2017-03-15__lazy_commit_hints.log,587.0,1218.268551,exact,LAZY_COMMIT_HINTS,True,False,False,False,False,False,False,False,True,False,False,False,True,False,,,case1354pegase,1354,2017-03-15,TIME_LIMIT,1805.268551,90.42039,1,True,False,True
2026-05-06 11:21:46,paper_m4pro_fullmodes_2026-04-29,TEST::LAZY_COMMIT_HINTS::matpower/case1354pegase/2017-05-15::1800,TEST,matpower/case1354pegase,matpower/case1354pegase/2017-05-15,LAZY_COMMIT_HINTS,LAZY,1800,0.05,TIME_LIMIT,9.0,1805.082073,1805.082073,0.58389968,211656899.514564,88070503.384557,1.0,1,OK,OK,1.12900125e-08,5.96046448e-08,1,1,0.0,481464.0,366264.0,481464.0,366264.0,0.0,0.0,,,,,,,0.0,5006013.0,0.0,0.0,0.0,0.0,0.0,0.0,0.0,0.0,0.0,0.0,0.0,results/paper_m4pro_fullmodes_2026-04-29/solutions/test/lazy_commit_hints/matpower/case1354pegase/2017-05-15.json,,,results/paper_m4pro_fullmodes_2026-04-29/results.csv,,,1805.082073,,,,LAZY_COMMIT_HINTS,LAZY_COMMIT_HINTS,2026-05-06 11:21:46,results/paper_m4pro_fullmodes_2026-04-29/logs/gurobi/test/matpower_case1354pegase_2017-05-15__lazy_commit_hints.log,574.0,1231.082073,exact,LAZY_COMMIT_HINTS,True,False,False,False,False,False,False,False,True,False,False,False,True,False,,,case1354pegase,1354,2017-05-15,TIME_LIMIT,1805.082073,58.389968,1,True,False,True
2026-05-06 11:51:51,paper_m4pro_fullmodes_2026-04-29,TEST::LAZY_COMMIT_HINTS::matpower/case1354pegase/2017-07-15::1800,TEST,matpower/case1354pegase,matpower/case1354pegase/2017-07-15,LAZY_COMMIT_HINTS,LAZY,1800,0.05,TIME_LIMIT,9.0,1805.242038,1805.242038,0.91421381,2401685152.119154,206031417.891168,1.0,1,OK,OK,4.29647072e-07,2.38418579e-06,1,1,0.0,481464.0,366264.0,481464.0,366264.0,0.0,0.0,,,,,,,0.0,5635340.0,0.0,0.0,0.0,0.0,0.0,0.0,0.0,0.0,0.0,0.0,0.0,results/paper_m4pro_fullmodes_2026-04-29/solutions/test/lazy_commit_hints/matpower/case1354pegase/2017-07-15.json,,,results/paper_m4pro_fullmodes_2026-04-29/results.csv,,,1805.242038,,,,LAZY_COMMIT_HINTS,LAZY_COMMIT_HINTS,2026-05-06 11:51:51,results/paper_m4pro_fullmodes_2026-04-29/logs/gurobi/test/matpower_case1354pegase_2017-07-15__lazy_commit_hints.log,586.0,1219.242038,exact,LAZY_COMMIT_HINTS,True,False,False,False,False,False,False,False,True,False,False,False,True,False,,,case1354pegase,1354,2017-07-15,TIME_LIMIT,1805.242038,91.421381,1,True,False,True
2026-05-06 12:21:57,paper_m4pro_fullmodes_2026-04-29,TEST::LAZY_COMMIT_HINTS::matpower/case1354pegase/2017-09-15::1800,TEST,matpower/case1354pegase,matpower/case1354pegase/2017-09-15,LAZY_COMMIT_HINTS,LAZY,1800,0.05,TIME_LIMIT,9.0,1805.313773,1805.313773,0.93139176,2258086154.986693,154923307.24865,1.0,1,OK,OK,4.1815639e-08,2.86102295e-06,1,1,0.0,481464.0,366264.0,481464.0,366264.0,0.0,0.0,,,,,,,0.0,7366356.0,0.0,0.0,0.0,0.0,0.0,0.0,0.0,0.0,0.0,0.0,0.0,results/paper_m4pro_fullmodes_2026-04-29/solutions/test/lazy_commit_hints/matpower/case1354pegase/2017-09-15.json,,,results/paper_m4pro_fullmodes_2026-04-29/results.csv,,,1805.313773,,,,LAZY_COMMIT_HINTS,LAZY_COMMIT_HINTS,2026-05-06 12:21:57,results/paper_m4pro_fullmodes_2026-04-29/logs/gurobi/test/matpower_case1354pegase_2017-09-15__lazy_commit_hints.log,577.0,1228.313773,exact,LAZY_COMMIT_HINTS,True,False,False,False,False,False,False,False,True,False,False,False,True,False,,,case1354pegase,1354,2017-09-15,TIME_LIMIT,1805.313773,93.139176,1,True,False,True
2026-05-06 12:54:04,paper_m4pro_fullmodes_2026-04-29,TEST::LAZY_COMMIT_HINTS::matpower/case1354pegase/2017-11-15::1800,TEST,matpower/case1354pegase,matpower/case1354pegase/2017-11-15,LAZY_COMMIT_HINTS,LAZY,1800,0.05,TIME_LIMIT,9.0,1926.296787,1926.296787,0.61994634,348371212.015227,132399754.215663,1.0,1,OK,OK,1.07361302e-08,1.43051147e-06,1,1,0.0,481464.0,366264.0,481464.0,366264.0,0.0,0.0,,,,,,,0.0,3191967.0,0.0,0.0,0.0,0.0,0.0,0.0,0.0,0.0,0.0,0.0,0.0,results/paper_m4pro_fullmodes_2026-04-29/solutions/test/lazy_commit_hints/matpower/case1354pegase/2017-11-15.json,,,results/paper_m4pro_fullmodes_2026-04-29/results.csv,,,1926.296787,,,,LAZY_COMMIT_HINTS,LAZY_COMMIT_HINTS,2026-05-06 12:54:04,results/paper_m4pro_fullmodes_2026-04-29/logs/gurobi/test/matpower_case1354pegase_2017-11-15__lazy_commit_hints.log,565.0,1361.296787,exact,LAZY_COMMIT_HINTS,True,False,False,False,False,False,False,False,True,False,False,False,True,False,,,case1354pegase,1354,2017-11-15,TIME_LIMIT,1926.296787,61.994634000000005,1,True,False,True
2026-05-06 13:33:19,paper_m4pro_fullmodes_2026-04-29,TEST::WARM_LAZY_GRU::matpower/case1354pegase/2017-03-15::1800,TEST,matpower/case1354pegase,matpower/case1354pegase/2017-03-15,WARM_LAZY_GRU,WARM_LAZY,1800,0.05,OPTIMAL,2.0,2354.549261,2354.549261,0.03607756,317786111.715066,306321165.330147,150.0,1,OK,OK,8.92924845e-10,4.76837158e-07,1,1,0.0,481464.0,366264.0,481464.0,366264.0,432720.0,0.0,,,,,,,0.0,834285.0,0.0,0.0,0.0,0.0,0.0,0.0,0.0,0.0,0.0,0.0,0.0,results/paper_m4pro_fullmodes_2026-04-29/solutions/test/warm_lazy_gru/matpower/case1354pegase/2017-03-15.json,,,results/paper_m4pro_fullmodes_2026-04-29/results.csv,,,2354.549261,,,,WARM_LAZY_GRU,WARM_LAZY_GRU,2026-05-06 13:33:19,results/paper_m4pro_fullmodes_2026-04-29/logs/gurobi/test/matpower_case1354pegase_2017-03-15__warm_lazy_gru.log,1050.0,1304.549261,exact,WARM_LAZY_GRU,True,False,False,False,False,False,False,False,False,True,False,False,True,False,,,case1354pegase,1354,2017-03-15,OPTIMAL,2354.549261,3.607756,1,True,False,False
2026-05-06 14:03:55,paper_m4pro_fullmodes_2026-04-29,TEST::WARM_LAZY_GRU::matpower/case1354pegase/2017-05-15::1800,TEST,matpower/case1354pegase,matpower/case1354pegase/2017-05-15,WARM_LAZY_GRU,WARM_LAZY,1800,0.05,TIME_LIMIT,9.0,1836.565698,1836.565698,0.3477627,135002125.51634,88053422.488572,39.0,1,OK,OK,5.2489213e-10,4.17232513e-07,1,1,0.0,481464.0,366264.0,481464.0,366264.0,432720.0,0.0,,,,,,,0.0,4868084.0,0.0,0.0,0.0,0.0,0.0,0.0,0.0,0.0,0.0,0.0,0.0,results/paper_m4pro_fullmodes_2026-04-29/solutions/test/warm_lazy_gru/matpower/case1354pegase/2017-05-15.json,,,results/paper_m4pro_fullmodes_2026-04-29/results.csv,,,1836.565698,,,,WARM_LAZY_GRU,WARM_LAZY_GRU,2026-05-06 14:03:55,results/paper_m4pro_fullmodes_2026-04-29/logs/gurobi/test/matpower_case1354pegase_2017-05-15__warm_lazy_gru.log,571.0,1265.565698,exact,WARM_LAZY_GRU,True,False,False,False,False,False,False,False,False,True,False,False,True,False,,,case1354pegase,1354,2017-05-15,TIME_LIMIT,1836.565698,34.77627,1,True,False,True
2026-05-06 14:34:37,paper_m4pro_fullmodes_2026-04-29,TEST::WARM_LAZY_GRU::matpower/case1354pegase/2017-07-15::1800,TEST,matpower/case1354pegase,matpower/case1354pegase/2017-07-15,WARM_LAZY_GRU,WARM_LAZY,1800,0.05,TIME_LIMIT,9.0,1841.292626,1841.292626,0.91421381,2401685152.119154,206031417.891168,1.0,1,OK,OK,4.29647072e-07,2.38418579e-06,1,1,0.0,481464.0,366264.0,481464.0,366264.0,432720.0,0.0,,,,,,,0.0,5920934.0,0.0,0.0,0.0,0.0,0.0,0.0,0.0,0.0,0.0,0.0,0.0,results/paper_m4pro_fullmodes_2026-04-29/solutions/test/warm_lazy_gru/matpower/case1354pegase/2017-07-15.json,,,results/paper_m4pro_fullmodes_2026-04-29/results.csv,,,1841.292626,,,,WARM_LAZY_GRU,WARM_LAZY_GRU,2026-05-06 14:34:37,results/paper_m4pro_fullmodes_2026-04-29/logs/gurobi/test/matpower_case1354pegase_2017-07-15__warm_lazy_gru.log,591.0,1250.292626,exact,WARM_LAZY_GRU,True,False,False,False,False,False,False,False,False,True,False,False,True,False,,,case1354pegase,1354,2017-07-15,TIME_LIMIT,1841.292626,91.421381,1,True,False,True
2026-05-06 15:05:10,paper_m4pro_fullmodes_2026-04-29,TEST::WARM_LAZY_GRU::matpower/case1354pegase/2017-09-15::1800,TEST,matpower/case1354pegase,matpower/case1354pegase/2017-09-15,WARM_LAZY_GRU,WARM_LAZY,1800,0.05,TIME_LIMIT,9.0,1832.322269,1832.322269,0.93139176,2258086154.986693,154923307.24865,1.0,1,OK,OK,4.1815639e-08,2.86102295e-06,1,1,0.0,481464.0,366264.0,481464.0,366264.0,432720.0,0.0,,,,,,,0.0,7376386.0,0.0,0.0,0.0,0.0,0.0,0.0,0.0,0.0,0.0,0.0,0.0,results/paper_m4pro_fullmodes_2026-04-29/solutions/test/warm_lazy_gru/matpower/case1354pegase/2017-09-15.json,,,results/paper_m4pro_fullmodes_2026-04-29/results.csv,,,1832.322269,,,,WARM_LAZY_GRU,WARM_LAZY_GRU,2026-05-06 15:05:10,results/paper_m4pro_fullmodes_2026-04-29/logs/gurobi/test/matpower_case1354pegase_2017-09-15__warm_lazy_gru.log,601.0,1231.322269,exact,WARM_LAZY_GRU,True,False,False,False,False,False,False,False,False,True,False,False,True,False,,,case1354pegase,1354,2017-09-15,TIME_LIMIT,1832.322269,93.139176,1,True,False,True
2026-05-06 15:35:44,paper_m4pro_fullmodes_2026-04-29,TEST::WARM_LAZY_GRU::matpower/case1354pegase/2017-11-15::1800,TEST,matpower/case1354pegase,matpower/case1354pegase/2017-11-15,WARM_LAZY_GRU,WARM_LAZY,1800,0.05,TIME_LIMIT,9.0,1833.467547,1833.467547,0.47880302,295915226.287206,154230123.69626,1.0,1,OK,OK,2.36542519e-09,5.96046448e-07,1,1,0.0,481464.0,366264.0,481464.0,366264.0,432720.0,0.0,,,,,,,0.0,3742562.0,0.0,0.0,0.0,0.0,0.0,0.0,0.0,0.0,0.0,0.0,0.0,results/paper_m4pro_fullmodes_2026-04-29/solutions/test/warm_lazy_gru/matpower/case1354pegase/2017-11-15.json,,,results/paper_m4pro_fullmodes_2026-04-29/results.csv,,,1833.467547,,,,WARM_LAZY_GRU,WARM_LAZY_GRU,2026-05-06 15:35:44,results/paper_m4pro_fullmodes_2026-04-29/logs/gurobi/test/matpower_case1354pegase_2017-11-15__warm_lazy_gru.log,547.0,1286.467547,exact,WARM_LAZY_GRU,True,False,False,False,False,False,False,False,False,True,False,False,True,False,,,case1354pegase,1354,2017-11-15,TIME_LIMIT,1833.467547,47.880302,1,True,False,True
2026-05-06 16:06:31,paper_m4pro_fullmodes_2026-04-29,TEST::STREDUCE_LAZY_GRU::matpower/case1354pegase/2017-01-15::1800,TEST,matpower/case1354pegase,matpower/case1354pegase/2017-01-15,STREDUCE_LAZY_GRU,STREDUCE_LAZY,1800,0.05,TIME_LIMIT,9.0,1846.543515,1846.543515,0.07828868,206537037.048167,190367525.921872,1.0,1,OK,OK,5.56159501e-10,1.1920929e-06,1,1,0.905024,481464.0,2165861.0,481464.0,2165861.0,432720.0,0.0,52218216.0,1799568.0,0.034462,3288390.0,0.062974,21.0,1799568.0,1488822.0,0.0,0.0,0.0,0.0,0.0,0.0,29.0,29.0,0.0,54628.0,0.0,results/paper_m4pro_fullmodes_2026-04-29/solutions/test/streduce_lazy_gru/matpower/case1354pegase/2017-01-15.json,,,results/paper_m4pro_fullmodes_2026-04-29/results.csv,,,1846.543515,,,,STREDUCE_LAZY_GRU,STREDUCE_LAZY_GRU,2026-05-06 16:06:31,results/paper_m4pro_fullmodes_2026-04-29/logs/gurobi/test/matpower_case1354pegase_2017-01-15__streduce_lazy_gru.log,551.0,1295.543515,heuristic,STREDUCE_LAZY_GRU,True,False,False,False,False,False,True,False,False,True,False,True,False,False,,,case1354pegase,1354,2017-01-15,TIME_LIMIT,1846.543515,7.828868,1,True,False,True
2026-05-06 16:37:18,paper_m4pro_fullmodes_2026-04-29,TEST::STREDUCE_LAZY_GRU::matpower/case1354pegase/2017-03-15::1800,TEST,matpower/case1354pegase,matpower/case1354pegase/2017-03-15,STREDUCE_LAZY_GRU,STREDUCE_LAZY,1800,0.05,TIME_LIMIT,9.0,1846.667826,1846.667826,0.23017676,395992121.775166,304843936.878986,1.0,1,OK,OK,7.04432068e-10,1.90734863e-06,1,1,0.965034,481464.0,2165891.0,481464.0,2165891.0,432720.0,0.0,52218216.0,1799568.0,0.034462,2729364.0,0.052268,21.0,1799568.0,929796.0,0.0,0.0,0.0,0.0,0.0,0.0,59.0,48.0,11.0,54628.0,0.0,results/paper_m4pro_fullmodes_2026-04-29/solutions/test/streduce_lazy_gru/matpower/case1354pegase/2017-03-15.json,,,results/paper_m4pro_fullmodes_2026-04-29/results.csv,,,1846.667826,,,,STREDUCE_LAZY_GRU,STREDUCE_LAZY_GRU,2026-05-06 16:37:18,results/paper_m4pro_fullmodes_2026-04-29/logs/gurobi/test/matpower_case1354pegase_2017-03-15__streduce_lazy_gru.log,544.0,1302.667826,heuristic,STREDUCE_LAZY_GRU,True,False,False,False,False,False,True,False,False,True,False,True,False,False,,,case1354pegase,1354,2017-03-15,TIME_LIMIT,1846.667826,23.017676,1,True,False,True
2026-05-06 17:08:04,paper_m4pro_fullmodes_2026-04-29,TEST::STREDUCE_LAZY_GRU::matpower/case1354pegase/2017-05-15::1800,TEST,matpower/case1354pegase,matpower/case1354pegase/2017-05-15,STREDUCE_LAZY_GRU,STREDUCE_LAZY,1800,0.05,TIME_LIMIT,9.0,1846.181574,1846.181574,0.20164085,113918882.366137,90948181.75268,1.0,1,OK,OK,4.1534389e-10,3.87430191e-07,1,1,0.877495,481464.0,2165915.0,481464.0,2165915.0,432720.0,0.0,52218216.0,1799568.0,0.034462,2520505.0,0.048269,21.0,1799568.0,720937.0,0.0,0.0,0.0,0.0,0.0,0.0,83.0,4.0,79.0,54628.0,0.0,results/paper_m4pro_fullmodes_2026-04-29/solutions/test/streduce_lazy_gru/matpower/case1354pegase/2017-05-15.json,,,results/paper_m4pro_fullmodes_2026-04-29/results.csv,,,1846.181574,,,,STREDUCE_LAZY_GRU,STREDUCE_LAZY_GRU,2026-05-06 17:08:04,results/paper_m4pro_fullmodes_2026-04-29/logs/gurobi/test/matpower_case1354pegase_2017-05-15__streduce_lazy_gru.log,548.0,1298.181574,heuristic,STREDUCE_LAZY_GRU,True,False,False,False,False,False,True,False,False,True,False,True,False,False,,,case1354pegase,1354,2017-05-15,TIME_LIMIT,1846.181574,20.164085,1,True,False,True
2026-05-06 17:38:51,paper_m4pro_fullmodes_2026-04-29,TEST::STREDUCE_LAZY_GRU::matpower/case1354pegase/2017-07-15::1800,TEST,matpower/case1354pegase,matpower/case1354pegase/2017-07-15,STREDUCE_LAZY_GRU,STREDUCE_LAZY,1800,0.05,TIME_LIMIT,9.0,1846.398636,1846.398636,0.10830076,278089351.084344,247972062.015439,1.0,1,OK,OK,5.93360028e-10,7.74860382e-07,1,1,0.89243,481464.0,2165841.0,481464.0,2165841.0,432720.0,0.0,52218216.0,1799568.0,0.034462,3104592.0,0.059454,21.0,1799568.0,1305024.0,0.0,0.0,0.0,0.0,0.0,0.0,9.0,6.0,3.0,54628.0,0.0,results/paper_m4pro_fullmodes_2026-04-29/solutions/test/streduce_lazy_gru/matpower/case1354pegase/2017-07-15.json,,,results/paper_m4pro_fullmodes_2026-04-29/results.csv,,,1846.398636,,,,STREDUCE_LAZY_GRU,STREDUCE_LAZY_GRU,2026-05-06 17:38:51,results/paper_m4pro_fullmodes_2026-04-29/logs/gurobi/test/matpower_case1354pegase_2017-07-15__streduce_lazy_gru.log,559.0,1287.398636,heuristic,STREDUCE_LAZY_GRU,True,False,False,False,False,False,True,False,False,True,False,True,False,False,,,case1354pegase,1354,2017-07-15,TIME_LIMIT,1846.398636,10.830076,1,True,False,True
2026-05-06 18:09:38,paper_m4pro_fullmodes_2026-04-29,TEST::STREDUCE_LAZY_GRU::matpower/case1354pegase/2017-09-15::1800,TEST,matpower/case1354pegase,matpower/case1354pegase/2017-09-15,STREDUCE_LAZY_GRU,STREDUCE_LAZY,1800,0.05,TIME_LIMIT,9.0,1846.360582,1846.360582,0.75476623,736832599.133906,180696237.899037,1.0,1,OK,OK,4.57532678e-10,0.0,1,1,0.87769,481464.0,2165834.0,481464.0,2165834.0,432720.0,0.0,52218216.0,1799568.0,0.034462,3235698.0,0.061965,21.0,1799568.0,1436130.0,0.0,0.0,0.0,0.0,0.0,0.0,2.0,2.0,0.0,54628.0,0.0,results/paper_m4pro_fullmodes_2026-04-29/solutions/test/streduce_lazy_gru/matpower/case1354pegase/2017-09-15.json,,,results/paper_m4pro_fullmodes_2026-04-29/results.csv,,,1846.360582,,,,STREDUCE_LAZY_GRU,STREDUCE_LAZY_GRU,2026-05-06 18:09:38,results/paper_m4pro_fullmodes_2026-04-29/logs/gurobi/test/matpower_case1354pegase_2017-09-15__streduce_lazy_gru.log,544.0,1302.360582,heuristic,STREDUCE_LAZY_GRU,True,False,False,False,False,False,True,False,False,True,False,True,False,False,,,case1354pegase,1354,2017-09-15,TIME_LIMIT,1846.360582,75.476623,1,True,False,True
2026-05-06 18:40:26,paper_m4pro_fullmodes_2026-04-29,TEST::STREDUCE_LAZY_GRU::matpower/case1354pegase/2017-11-15::1800,TEST,matpower/case1354pegase,matpower/case1354pegase/2017-11-15,STREDUCE_LAZY_GRU,STREDUCE_LAZY,1800,0.05,TIME_LIMIT,9.0,1848.349687,1848.349687,0.84036941,959181944.456229,153114778.353563,1.0,1,OK,OK,2.46018317e-09,3.33786011e-06,1,1,0.924579,481464.0,2165832.0,481464.0,2165832.0,432720.0,0.0,52218216.0,1799568.0,0.034462,3557468.0,0.068127,21.0,1799568.0,1757900.0,0.0,0.0,0.0,0.0,0.0,0.0,0.0,0.0,0.0,54628.0,0.0,results/paper_m4pro_fullmodes_2026-04-29/solutions/test/streduce_lazy_gru/matpower/case1354pegase/2017-11-15.json,,,results/paper_m4pro_fullmodes_2026-04-29/results.csv,,,1848.349687,,,,STREDUCE_LAZY_GRU,STREDUCE_LAZY_GRU,2026-05-06 18:40:26,results/paper_m4pro_fullmodes_2026-04-29/logs/gurobi/test/matpower_case1354pegase_2017-11-15__streduce_lazy_gru.log,560.0,1288.349687,heuristic,STREDUCE_LAZY_GRU,True,False,False,False,False,False,True,False,False,True,False,True,False,False,,,case1354pegase,1354,2017-11-15,TIME_LIMIT,1848.349687,84.036941,1,True,False,True
2026-05-06 19:50:33,paper_m4pro_fullmodes_2026-04-29,TEST::WARM_SR_LAZY::matpower/case1354pegase/2017-01-15::1800,TEST,matpower/case1354pegase,matpower/case1354pegase/2017-01-15,WARM_SR_LAZY,WARM_SR_LAZY,1800,0.05,SKIPPED_TOO_LARGE,,,0.000875,,,,,0,,,,,0,1,,,,,,,,,,,,,,,,,,,,,,,,,,,,,Skipped WARM_SR_LAZY on matpower/case1354pegase: stability-radius explicit model is too large for the overnight large-case run. Set PAPER_SKIP_LARGE_SR_LAZY=0 and raise the large model-size limits to force it.,results/paper_m4pro_fullmodes_2026-04-29/results.csv,,,,,,,WARM_SR_LAZY,WARM_SR_LAZY,2026-05-06 19:50:33,results/paper_m4pro_fullmodes_2026-04-29/logs/gurobi/test/matpower_case1354pegase_2017-01-15__warm_sr_lazy.log,,,exact,WARM_SR_LAZY,True,False,False,True,False,False,False,False,False,False,False,False,True,False,,,case1354pegase,1354,2017-01-15,SKIPPED_TOO_LARGE,,,0,False,True,False
2026-05-06 19:50:33,paper_m4pro_fullmodes_2026-04-29,TEST::WARM_SR_LAZY::matpower/case1354pegase/2017-03-15::1800,TEST,matpower/case1354pegase,matpower/case1354pegase/2017-03-15,WARM_SR_LAZY,WARM_SR_LAZY,1800,0.05,SKIPPED_TOO_LARGE,,,0.000252,,,,,0,,,,,0,1,,,,,,,,,,,,,,,,,,,,,,,,,,,,,Skipped WARM_SR_LAZY on matpower/case1354pegase: stability-radius explicit model is too large for the overnight large-case run. Set PAPER_SKIP_LARGE_SR_LAZY=0 and raise the large model-size limits to force it.,results/paper_m4pro_fullmodes_2026-04-29/results.csv,,,,,,,WARM_SR_LAZY,WARM_SR_LAZY,2026-05-06 19:50:33,results/paper_m4pro_fullmodes_2026-04-29/logs/gurobi/test/matpower_case1354pegase_2017-03-15__warm_sr_lazy.log,,,exact,WARM_SR_LAZY,True,False,False,True,False,False,False,False,False,False,False,False,True,False,,,case1354pegase,1354,2017-03-15,SKIPPED_TOO_LARGE,,,0,False,True,False
2026-05-06 19:50:33,paper_m4pro_fullmodes_2026-04-29,TEST::WARM_SR_LAZY::matpower/case1354pegase/2017-05-15::1800,TEST,matpower/case1354pegase,matpower/case1354pegase/2017-05-15,WARM_SR_LAZY,WARM_SR_LAZY,1800,0.05,SKIPPED_TOO_LARGE,,,0.000272,,,,,0,,,,,0,1,,,,,,,,,,,,,,,,,,,,,,,,,,,,,Skipped WARM_SR_LAZY on matpower/case1354pegase: stability-radius explicit model is too large for the overnight large-case run. Set PAPER_SKIP_LARGE_SR_LAZY=0 and raise the large model-size limits to force it.,results/paper_m4pro_fullmodes_2026-04-29/results.csv,,,,,,,WARM_SR_LAZY,WARM_SR_LAZY,2026-05-06 19:50:33,results/paper_m4pro_fullmodes_2026-04-29/logs/gurobi/test/matpower_case1354pegase_2017-05-15__warm_sr_lazy.log,,,exact,WARM_SR_LAZY,True,False,False,True,False,False,False,False,False,False,False,False,True,False,,,case1354pegase,1354,2017-05-15,SKIPPED_TOO_LARGE,,,0,False,True,False
2026-05-06 19:50:33,paper_m4pro_fullmodes_2026-04-29,TEST::WARM_SR_LAZY::matpower/case1354pegase/2017-07-15::1800,TEST,matpower/case1354pegase,matpower/case1354pegase/2017-07-15,WARM_SR_LAZY,WARM_SR_LAZY,1800,0.05,SKIPPED_TOO_LARGE,,,0.000311,,,,,0,,,,,0,1,,,,,,,,,,,,,,,,,,,,,,,,,,,,,Skipped WARM_SR_LAZY on matpower/case1354pegase: stability-radius explicit model is too large for the overnight large-case run. Set PAPER_SKIP_LARGE_SR_LAZY=0 and raise the large model-size limits to force it.,results/paper_m4pro_fullmodes_2026-04-29/results.csv,,,,,,,WARM_SR_LAZY,WARM_SR_LAZY,2026-05-06 19:50:33,results/paper_m4pro_fullmodes_2026-04-29/logs/gurobi/test/matpower_case1354pegase_2017-07-15__warm_sr_lazy.log,,,exact,WARM_SR_LAZY,True,False,False,True,False,False,False,False,False,False,False,False,True,False,,,case1354pegase,1354,2017-07-15,SKIPPED_TOO_LARGE,,,0,False,True,False
2026-05-06 19:50:33,paper_m4pro_fullmodes_2026-04-29,TEST::WARM_SR_LAZY::matpower/case1354pegase/2017-09-15::1800,TEST,matpower/case1354pegase,matpower/case1354pegase/2017-09-15,WARM_SR_LAZY,WARM_SR_LAZY,1800,0.05,SKIPPED_TOO_LARGE,,,0.000414,,,,,0,,,,,0,1,,,,,,,,,,,,,,,,,,,,,,,,,,,,,Skipped WARM_SR_LAZY on matpower/case1354pegase: stability-radius explicit model is too large for the overnight large-case run. Set PAPER_SKIP_LARGE_SR_LAZY=0 and raise the large model-size limits to force it.,results/paper_m4pro_fullmodes_2026-04-29/results.csv,,,,,,,WARM_SR_LAZY,WARM_SR_LAZY,2026-05-06 19:50:33,results/paper_m4pro_fullmodes_2026-04-29/logs/gurobi/test/matpower_case1354pegase_2017-09-15__warm_sr_lazy.log,,,exact,WARM_SR_LAZY,True,False,False,True,False,False,False,False,False,False,False,False,True,False,,,case1354pegase,1354,2017-09-15,SKIPPED_TOO_LARGE,,,0,False,True,False
2026-05-06 19:50:33,paper_m4pro_fullmodes_2026-04-29,TEST::WARM_SR_LAZY::matpower/case1354pegase/2017-11-15::1800,TEST,matpower/case1354pegase,matpower/case1354pegase/2017-11-15,WARM_SR_LAZY,WARM_SR_LAZY,1800,0.05,SKIPPED_TOO_LARGE,,,0.000346,,,,,0,,,,,0,1,,,,,,,,,,,,,,,,,,,,,,,,,,,,,Skipped WARM_SR_LAZY on matpower/case1354pegase: stability-radius explicit model is too large for the overnight large-case run. Set PAPER_SKIP_LARGE_SR_LAZY=0 and raise the large model-size limits to force it.,results/paper_m4pro_fullmodes_2026-04-29/results.csv,,,,,,,WARM_SR_LAZY,WARM_SR_LAZY,2026-05-06 19:50:33,results/paper_m4pro_fullmodes_2026-04-29/logs/gurobi/test/matpower_case1354pegase_2017-11-15__warm_sr_lazy.log,,,exact,WARM_SR_LAZY,True,False,False,True,False,False,False,False,False,False,False,False,True,False,,,case1354pegase,1354,2017-11-15,SKIPPED_TOO_LARGE,,,0,False,True,False
2026-05-06 20:02:21,paper_m4pro_fullmodes_2026-04-29,TEST::LAZY_BANDIT::matpower/case1354pegase/2017-01-15::1800,TEST,matpower/case1354pegase,matpower/case1354pegase/2017-01-15,LAZY_BANDIT,LAZY,1800,0.05,OPTIMAL,2.0,707.815415,707.815415,0.0266058,136126114.590444,132504370.501588,1.0,1,FAIL,C120,314.969899,6.2584877e-07,0,1,0.0,481464.0,366264.0,481464.0,366264.0,0.0,0.0,,,,,,,0.0,2112.0,0.0,0.0,0.0,0.0,0.0,0.0,0.0,0.0,0.0,0.0,0.0,results/paper_m4pro_fullmodes_2026-04-29/solutions/test/lazy_bandit/matpower/case1354pegase/2017-01-15.json,,,results/paper_m4pro_fullmodes_2026-04-29/results.csv,,,707.815415,,,,LAZY_BANDIT,LAZY_BANDIT,2026-05-06 20:02:21,results/paper_m4pro_fullmodes_2026-04-29/logs/gurobi/test/matpower_case1354pegase_2017-01-15__lazy_bandit.log,539.0,168.81541500000003,exact,LAZY_BANDIT,True,False,False,False,False,False,False,False,False,False,True,False,True,False,,,case1354pegase,1354,2017-01-15,OPTIMAL,707.815415,2.66058,0,False,False,False
2026-05-06 20:13:56,paper_m4pro_fullmodes_2026-04-29,TEST::LAZY_BANDIT::matpower/case1354pegase/2017-03-15::1800,TEST,matpower/case1354pegase,matpower/case1354pegase/2017-03-15,LAZY_BANDIT,LAZY,1800,0.05,OPTIMAL,2.0,695.07076,695.07076,0.04410617,181523630.403845,173517318.951833,1.0,1,FAIL,C120,440.090906,5.66244125e-07,0,1,0.0,481464.0,366264.0,481464.0,366264.0,0.0,0.0,,,,,,,0.0,1408.0,0.0,0.0,0.0,0.0,0.0,0.0,0.0,0.0,0.0,0.0,0.0,results/paper_m4pro_fullmodes_2026-04-29/solutions/test/lazy_bandit/matpower/case1354pegase/2017-03-15.json,,,results/paper_m4pro_fullmodes_2026-04-29/results.csv,,,695.07076,,,,LAZY_BANDIT,LAZY_BANDIT,2026-05-06 20:13:56,results/paper_m4pro_fullmodes_2026-04-29/logs/gurobi/test/matpower_case1354pegase_2017-03-15__lazy_bandit.log,543.0,152.07075999999995,exact,LAZY_BANDIT,True,False,False,False,False,False,False,False,False,False,True,False,True,False,,,case1354pegase,1354,2017-03-15,OPTIMAL,695.07076,4.410617,0,False,False,False
2026-05-06 20:29:36,paper_m4pro_fullmodes_2026-04-29,TEST::LAZY_BANDIT::matpower/case1354pegase/2017-05-15::1800,TEST,matpower/case1354pegase,matpower/case1354pegase/2017-05-15,LAZY_BANDIT,LAZY,1800,0.05,OPTIMAL,2.0,940.224633,940.224633,0.04888966,71900756.553696,68385553.342851,1672.0,1,FAIL,C120,217.837283,4.32133675e-07,0,1,0.0,481464.0,366264.0,481464.0,366264.0,0.0,0.0,,,,,,,0.0,3136.0,0.0,0.0,0.0,0.0,0.0,0.0,0.0,0.0,0.0,0.0,0.0,results/paper_m4pro_fullmodes_2026-04-29/solutions/test/lazy_bandit/matpower/case1354pegase/2017-05-15.json,,,results/paper_m4pro_fullmodes_2026-04-29/results.csv,,,940.224633,,,,LAZY_BANDIT,LAZY_BANDIT,2026-05-06 20:29:36,results/paper_m4pro_fullmodes_2026-04-29/logs/gurobi/test/matpower_case1354pegase_2017-05-15__lazy_bandit.log,554.0,386.224633,exact,LAZY_BANDIT,True,False,False,False,False,False,False,False,False,False,True,False,True,False,,,case1354pegase,1354,2017-05-15,OPTIMAL,940.224633,4.888966,0,False,False,False
2026-05-06 20:44:15,paper_m4pro_fullmodes_2026-04-29,TEST::LAZY_BANDIT::matpower/case1354pegase/2017-07-15::1800,TEST,matpower/case1354pegase,matpower/case1354pegase/2017-07-15,LAZY_BANDIT,LAZY,1800,0.05,OPTIMAL,2.0,879.138344,879.138344,0.04273062,136241172.590012,130419502.953484,1.0,1,FAIL,C120,487.03893,8.04662704e-07,0,1,0.0,481464.0,366264.0,481464.0,366264.0,0.0,0.0,,,,,,,0.0,3200.0,0.0,0.0,0.0,0.0,0.0,0.0,0.0,0.0,0.0,0.0,0.0,results/paper_m4pro_fullmodes_2026-04-29/solutions/test/lazy_bandit/matpower/case1354pegase/2017-07-15.json,,,results/paper_m4pro_fullmodes_2026-04-29/results.csv,,,879.138344,,,,LAZY_BANDIT,LAZY_BANDIT,2026-05-06 20:44:15,results/paper_m4pro_fullmodes_2026-04-29/logs/gurobi/test/matpower_case1354pegase_2017-07-15__lazy_bandit.log,543.0,336.13834399999996,exact,LAZY_BANDIT,True,False,False,False,False,False,False,False,False,False,True,False,True,False,,,case1354pegase,1354,2017-07-15,OPTIMAL,879.138344,4.2730619999999995,0,False,False,False
2026-05-06 20:59:42,paper_m4pro_fullmodes_2026-04-29,TEST::LAZY_BANDIT::matpower/case1354pegase/2017-09-15::1800,TEST,matpower/case1354pegase,matpower/case1354pegase/2017-09-15,LAZY_BANDIT,LAZY,1800,0.05,OPTIMAL,2.0,926.059552,926.059552,0.03324731,121401929.894433,117365642.072072,269.0,1,FAIL,C120,351.44495,1.34110451e-07,0,1,0.0,481464.0,366264.0,481464.0,366264.0,0.0,0.0,,,,,,,0.0,2560.0,0.0,0.0,0.0,0.0,0.0,0.0,0.0,0.0,0.0,0.0,0.0,results/paper_m4pro_fullmodes_2026-04-29/solutions/test/lazy_bandit/matpower/case1354pegase/2017-09-15.json,,,results/paper_m4pro_fullmodes_2026-04-29/results.csv,,,926.059552,,,,LAZY_BANDIT,LAZY_BANDIT,2026-05-06 20:59:42,results/paper_m4pro_fullmodes_2026-04-29/logs/gurobi/test/matpower_case1354pegase_2017-09-15__lazy_bandit.log,542.0,384.05955200000005,exact,LAZY_BANDIT,True,False,False,False,False,False,False,False,False,False,True,False,True,False,,,case1354pegase,1354,2017-09-15,OPTIMAL,926.059552,3.3247310000000003,0,False,False,False
2026-05-06 21:29:47,paper_m4pro_fullmodes_2026-04-29,TEST::LAZY_BANDIT::matpower/case1354pegase/2017-11-15::1800,TEST,matpower/case1354pegase,matpower/case1354pegase/2017-11-15,LAZY_BANDIT,LAZY,1800,0.05,TIME_LIMIT,9.0,1805.299289,1805.299289,0.40019574,173924500.795404,104320655.782372,8609.0,1,FAIL,C120,312.09703,5.36441803e-07,0,1,0.0,481464.0,366264.0,481464.0,366264.0,0.0,0.0,,,,,,,0.0,4544.0,0.0,0.0,0.0,0.0,0.0,0.0,0.0,0.0,0.0,0.0,0.0,results/paper_m4pro_fullmodes_2026-04-29/solutions/test/lazy_bandit/matpower/case1354pegase/2017-11-15.json,,,results/paper_m4pro_fullmodes_2026-04-29/results.csv,,,1805.299289,,,,LAZY_BANDIT,LAZY_BANDIT,2026-05-06 21:29:47,results/paper_m4pro_fullmodes_2026-04-29/logs/gurobi/test/matpower_case1354pegase_2017-11-15__lazy_bandit.log,546.0,1259.299289,exact,LAZY_BANDIT,True,False,False,False,False,False,False,False,False,False,True,False,True,False,,,case1354pegase,1354,2017-11-15,TIME_LIMIT,1805.299289,40.019574000000006,0,False,False,True
2026-05-06 22:00:28,paper_m4pro_fullmodes_2026-04-29,TEST::WARM_PRUNE_LAZY_T030::matpower/case1354pegase/2017-01-15::1800,TEST,matpower/case1354pegase,matpower/case1354pegase/2017-01-15,WARM_PRUNE_LAZY_T030,WARM_PRUNE_LAZY,1800,0.05,TIME_LIMIT,9.0,1841.248336,1841.248336,0.19344199,231125543.305136,186416157.616417,31.0,1,FAIL,C120,94.6530232,2.02655792e-06,0,1,7.617732,481464.0,366264.0,481464.0,366264.0,432720.0,0.0,52218216.0,1839600.0,0.035229,4806208.0,0.092041,,0.0,2966608.0,0.0,0.0,0.0,0.0,0.0,0.0,0.0,0.0,0.0,0.0,0.0,results/paper_m4pro_fullmodes_2026-04-29/solutions/test/warm_prune_lazy_t030/matpower/case1354pegase/2017-01-15.json,,,results/paper_m4pro_fullmodes_2026-04-29/results.csv,,,1841.248336,,,,WARM_PRUNE_LAZY_T030,WARM_PRUNE_LAZY_T030,2026-05-06 22:00:28,results/paper_m4pro_fullmodes_2026-04-29/logs/gurobi/test/matpower_case1354pegase_2017-01-15__warm_prune_lazy_t030.log,542.0,1299.248336,heuristic,WARM_PRUNE_LAZY_T030,True,True,False,False,False,False,False,False,False,False,False,True,False,False,,,case1354pegase,1354,2017-01-15,TIME_LIMIT,1841.248336,19.344199,0,False,False,True
2026-05-06 22:31:09,paper_m4pro_fullmodes_2026-04-29,TEST::WARM_PRUNE_LAZY_T030::matpower/case1354pegase/2017-03-15::1800,TEST,matpower/case1354pegase,matpower/case1354pegase/2017-03-15,WARM_PRUNE_LAZY_T030,WARM_PRUNE_LAZY,1800,0.05,TIME_LIMIT,9.0,1840.382064,1840.382064,0.49440235,487033609.970199,246243048.939589,1.0,1,FAIL,C120,48.4951256,1.43051147e-06,0,1,7.552405,481464.0,366264.0,481464.0,366264.0,432720.0,0.0,52218216.0,856728.0,0.016407,6948209.0,0.133061,,0.0,6091481.0,0.0,0.0,0.0,0.0,0.0,0.0,0.0,0.0,0.0,0.0,0.0,results/paper_m4pro_fullmodes_2026-04-29/solutions/test/warm_prune_lazy_t030/matpower/case1354pegase/2017-03-15.json,,,results/paper_m4pro_fullmodes_2026-04-29/results.csv,,,1840.382064,,,,WARM_PRUNE_LAZY_T030,WARM_PRUNE_LAZY_T030,2026-05-06 22:31:09,results/paper_m4pro_fullmodes_2026-04-29/logs/gurobi/test/matpower_case1354pegase_2017-03-15__warm_prune_lazy_t030.log,558.0,1282.382064,heuristic,WARM_PRUNE_LAZY_T030,True,True,False,False,False,False,False,False,False,False,False,True,False,False,,,case1354pegase,1354,2017-03-15,TIME_LIMIT,1840.382064,49.440235,0,False,False,True
2026-05-06 23:01:52,paper_m4pro_fullmodes_2026-04-29,TEST::WARM_PRUNE_LAZY_T030::matpower/case1354pegase/2017-05-15::1800,TEST,matpower/case1354pegase,matpower/case1354pegase/2017-05-15,WARM_PRUNE_LAZY_T030,WARM_PRUNE_LAZY,1800,0.05,TIME_LIMIT,9.0,1842.317752,1842.317752,0.34742997,135002125.51634,88098340.935154,153.0,1,OK,OK,1.05046638e-10,4.17232513e-07,1,1,7.552211,481464.0,366264.0,481464.0,366264.0,432720.0,0.0,52218216.0,939672.0,0.017995,4743402.0,0.090838,,0.0,3803730.0,0.0,0.0,0.0,0.0,0.0,0.0,0.0,0.0,0.0,0.0,0.0,results/paper_m4pro_fullmodes_2026-04-29/solutions/test/warm_prune_lazy_t030/matpower/case1354pegase/2017-05-15.json,,,results/paper_m4pro_fullmodes_2026-04-29/results.csv,,,1842.317752,,,,WARM_PRUNE_LAZY_T030,WARM_PRUNE_LAZY_T030,2026-05-06 23:01:52,results/paper_m4pro_fullmodes_2026-04-29/logs/gurobi/test/matpower_case1354pegase_2017-05-15__warm_prune_lazy_t030.log,544.0,1298.317752,heuristic,WARM_PRUNE_LAZY_T030,True,True,False,False,False,False,False,False,False,False,False,True,False,False,,,case1354pegase,1354,2017-05-15,TIME_LIMIT,1842.317752,34.742996999999995,1,True,False,True
2026-05-06 23:32:34,paper_m4pro_fullmodes_2026-04-29,TEST::WARM_PRUNE_LAZY_T030::matpower/case1354pegase/2017-07-15::1800,TEST,matpower/case1354pegase,matpower/case1354pegase/2017-07-15,WARM_PRUNE_LAZY_T030,WARM_PRUNE_LAZY,1800,0.05,TIME_LIMIT,9.0,1841.064294,1841.064294,0.91360882,2399443432.149596,207290760.863374,1.0,1,FAIL,C120,108.851253,1.90734863e-06,0,1,7.686433,481464.0,366264.0,481464.0,366264.0,432720.0,0.0,52218216.0,1829304.0,0.035032,10717572.0,0.205246,,0.0,8888268.0,0.0,0.0,0.0,0.0,0.0,0.0,0.0,0.0,0.0,0.0,0.0,results/paper_m4pro_fullmodes_2026-04-29/solutions/test/warm_prune_lazy_t030/matpower/case1354pegase/2017-07-15.json,,,results/paper_m4pro_fullmodes_2026-04-29/results.csv,,,1841.064294,,,,WARM_PRUNE_LAZY_T030,WARM_PRUNE_LAZY_T030,2026-05-06 23:32:34,results/paper_m4pro_fullmodes_2026-04-29/logs/gurobi/test/matpower_case1354pegase_2017-07-15__warm_prune_lazy_t030.log,588.0,1253.064294,heuristic,WARM_PRUNE_LAZY_T030,True,True,False,False,False,False,False,False,False,False,False,True,False,False,,,case1354pegase,1354,2017-07-15,TIME_LIMIT,1841.064294,91.360882,0,False,False,True
2026-05-07 00:03:15,paper_m4pro_fullmodes_2026-04-29,TEST::WARM_PRUNE_LAZY_T030::matpower/case1354pegase/2017-09-15::1800,TEST,matpower/case1354pegase,matpower/case1354pegase/2017-09-15,WARM_PRUNE_LAZY_T030,WARM_PRUNE_LAZY,1800,0.05,TIME_LIMIT,9.0,1840.330977,1840.330977,0.93138111,2257735401.518696,154923307.248661,1.0,1,OK,OK,4.1815639e-08,2.86102295e-06,1,1,7.604376,481464.0,366264.0,481464.0,366264.0,432720.0,0.0,52218216.0,1829304.0,0.035032,9590055.0,0.183653,,0.0,7760751.0,0.0,0.0,0.0,0.0,0.0,0.0,0.0,0.0,0.0,0.0,0.0,results/paper_m4pro_fullmodes_2026-04-29/solutions/test/warm_prune_lazy_t030/matpower/case1354pegase/2017-09-15.json,,,results/paper_m4pro_fullmodes_2026-04-29/results.csv,,,1840.330977,,,,WARM_PRUNE_LAZY_T030,WARM_PRUNE_LAZY_T030,2026-05-07 00:03:15,results/paper_m4pro_fullmodes_2026-04-29/logs/gurobi/test/matpower_case1354pegase_2017-09-15__warm_prune_lazy_t030.log,659.0,1181.330977,heuristic,WARM_PRUNE_LAZY_T030,True,True,False,False,False,False,False,False,False,False,False,True,False,False,,,case1354pegase,1354,2017-09-15,TIME_LIMIT,1840.330977,93.138111,1,True,False,True
2026-05-07 00:33:55,paper_m4pro_fullmodes_2026-04-29,TEST::WARM_PRUNE_LAZY_T030::matpower/case1354pegase/2017-11-15::1800,TEST,matpower/case1354pegase,matpower/case1354pegase/2017-11-15,WARM_PRUNE_LAZY_T030,WARM_PRUNE_LAZY,1800,0.05,TIME_LIMIT,9.0,1840.122809,1840.122809,0.54928168,296075065.788544,133446457.09702,1.0,1,FAIL,C120,46.340545,7.15255737e-07,0,1,7.514363,481464.0,366264.0,481464.0,366264.0,432720.0,0.0,52218216.0,1774152.0,0.033976,5804080.0,0.11115,,0.0,4029928.0,0.0,0.0,0.0,0.0,0.0,0.0,0.0,0.0,0.0,0.0,0.0,results/paper_m4pro_fullmodes_2026-04-29/solutions/test/warm_prune_lazy_t030/matpower/case1354pegase/2017-11-15.json,,,results/paper_m4pro_fullmodes_2026-04-29/results.csv,,,1840.122809,,,,WARM_PRUNE_LAZY_T030,WARM_PRUNE_LAZY_T030,2026-05-07 00:33:55,results/paper_m4pro_fullmodes_2026-04-29/logs/gurobi/test/matpower_case1354pegase_2017-11-15__warm_prune_lazy_t030.log,540.0,1300.122809,heuristic,WARM_PRUNE_LAZY_T030,True,True,False,False,False,False,False,False,False,False,False,True,False,False,,,case1354pegase,1354,2017-11-15,TIME_LIMIT,1840.122809,54.928168,0,False,False,True
2026-05-07 00:40:38,paper_m4pro_fullmodes_2026-04-29,TEST::WARM_LPSCREEN_T020::matpower/case1354pegase/2017-01-15::1800,TEST,matpower/case1354pegase,matpower/case1354pegase/2017-01-15,WARM_LPSCREEN_T020,WARM_LPSCREEN,1800,0.05,SKIPPED_TOO_LARGE,,,402.569967,,,,,0,,,,,0,1,0.0,481464.0,52584480.0,481464.0,52584480.0,,,,,,,,,52218216.0,,,,,,,,,,,,,,,"Skipped WARM_LPSCREEN_T020 on matpower/case1354pegase: model too large before optimize (vars=481464, constrs=52584480, nonzeros=157835236; limits constrs<=3000000, nonzeros<=12000000). Raise PAPER_MAX_LARGE_TEST_MODEL_CONSTRS/PAPER_MAX_LARGE_TEST_MODEL_NONZEROS to force it.",results/paper_m4pro_fullmodes_2026-04-29/results.csv,,,,,,,WARM_LPSCREEN_T020,WARM_LPSCREEN_T020,2026-05-07 00:40:38,results/paper_m4pro_fullmodes_2026-04-29/logs/gurobi/test/matpower_case1354pegase_2017-01-15__warm_lpscreen_t020.log,,,heuristic,WARM_LPSCREEN_T020,False,False,True,False,False,False,False,False,False,False,False,True,False,False,,,case1354pegase,1354,2017-01-15,SKIPPED_TOO_LARGE,,,0,False,True,False
2026-05-07 00:47:21,paper_m4pro_fullmodes_2026-04-29,TEST::WARM_LPSCREEN_T020::matpower/case1354pegase/2017-03-15::1800,TEST,matpower/case1354pegase,matpower/case1354pegase/2017-03-15,WARM_LPSCREEN_T020,WARM_LPSCREEN,1800,0.05,SKIPPED_TOO_LARGE,,,402.787552,,,,,0,,,,,0,1,0.0,481464.0,52584480.0,481464.0,52584480.0,,,,,,,,,52218216.0,,,,,,,,,,,,,,,"Skipped WARM_LPSCREEN_T020 on matpower/case1354pegase: model too large before optimize (vars=481464, constrs=52584480, nonzeros=157835236; limits constrs<=3000000, nonzeros<=12000000). Raise PAPER_MAX_LARGE_TEST_MODEL_CONSTRS/PAPER_MAX_LARGE_TEST_MODEL_NONZEROS to force it.",results/paper_m4pro_fullmodes_2026-04-29/results.csv,,,,,,,WARM_LPSCREEN_T020,WARM_LPSCREEN_T020,2026-05-07 00:47:21,results/paper_m4pro_fullmodes_2026-04-29/logs/gurobi/test/matpower_case1354pegase_2017-03-15__warm_lpscreen_t020.log,,,heuristic,WARM_LPSCREEN_T020,False,False,True,False,False,False,False,False,False,False,False,True,False,False,,,case1354pegase,1354,2017-03-15,SKIPPED_TOO_LARGE,,,0,False,True,False
2026-05-07 00:54:00,paper_m4pro_fullmodes_2026-04-29,TEST::WARM_LPSCREEN_T020::matpower/case1354pegase/2017-05-15::1800,TEST,matpower/case1354pegase,matpower/case1354pegase/2017-05-15,WARM_LPSCREEN_T020,WARM_LPSCREEN,1800,0.05,SKIPPED_TOO_LARGE,,,398.970626,,,,,0,,,,,0,1,0.0,481464.0,52584480.0,481464.0,52584480.0,,,,,,,,,52218216.0,,,,,,,,,,,,,,,"Skipped WARM_LPSCREEN_T020 on matpower/case1354pegase: model too large before optimize (vars=481464, constrs=52584480, nonzeros=157835093; limits constrs<=3000000, nonzeros<=12000000). Raise PAPER_MAX_LARGE_TEST_MODEL_CONSTRS/PAPER_MAX_LARGE_TEST_MODEL_NONZEROS to force it.",results/paper_m4pro_fullmodes_2026-04-29/results.csv,,,,,,,WARM_LPSCREEN_T020,WARM_LPSCREEN_T020,2026-05-07 00:54:00,results/paper_m4pro_fullmodes_2026-04-29/logs/gurobi/test/matpower_case1354pegase_2017-05-15__warm_lpscreen_t020.log,,,heuristic,WARM_LPSCREEN_T020,False,False,True,False,False,False,False,False,False,False,False,True,False,False,,,case1354pegase,1354,2017-05-15,SKIPPED_TOO_LARGE,,,0,False,True,False
2026-05-07 01:00:38,paper_m4pro_fullmodes_2026-04-29,TEST::WARM_LPSCREEN_T020::matpower/case1354pegase/2017-07-15::1800,TEST,matpower/case1354pegase,matpower/case1354pegase/2017-07-15,WARM_LPSCREEN_T020,WARM_LPSCREEN,1800,0.05,SKIPPED_TOO_LARGE,,,398.038023,,,,,0,,,,,0,1,0.0,481464.0,52584480.0,481464.0,52584480.0,,,,,,,,,52218216.0,,,,,,,,,,,,,,,"Skipped WARM_LPSCREEN_T020 on matpower/case1354pegase: model too large before optimize (vars=481464, constrs=52584480, nonzeros=157836666; limits constrs<=3000000, nonzeros<=12000000). Raise PAPER_MAX_LARGE_TEST_MODEL_CONSTRS/PAPER_MAX_LARGE_TEST_MODEL_NONZEROS to force it.",results/paper_m4pro_fullmodes_2026-04-29/results.csv,,,,,,,WARM_LPSCREEN_T020,WARM_LPSCREEN_T020,2026-05-07 01:00:38,results/paper_m4pro_fullmodes_2026-04-29/logs/gurobi/test/matpower_case1354pegase_2017-07-15__warm_lpscreen_t020.log,,,heuristic,WARM_LPSCREEN_T020,False,False,True,False,False,False,False,False,False,False,False,True,False,False,,,case1354pegase,1354,2017-07-15,SKIPPED_TOO_LARGE,,,0,False,True,False
2026-05-07 01:07:16,paper_m4pro_fullmodes_2026-04-29,TEST::WARM_LPSCREEN_T020::matpower/case1354pegase/2017-09-15::1800,TEST,matpower/case1354pegase,matpower/case1354pegase/2017-09-15,WARM_LPSCREEN_T020,WARM_LPSCREEN,1800,0.05,SKIPPED_TOO_LARGE,,,397.843099,,,,,0,,,,,0,1,0.0,481464.0,52584480.0,481464.0,52584480.0,,,,,,,,,52218216.0,,,,,,,,,,,,,,,"Skipped WARM_LPSCREEN_T020 on matpower/case1354pegase: model too large before optimize (vars=481464, constrs=52584480, nonzeros=157836666; limits constrs<=3000000, nonzeros<=12000000). Raise PAPER_MAX_LARGE_TEST_MODEL_CONSTRS/PAPER_MAX_LARGE_TEST_MODEL_NONZEROS to force it.",results/paper_m4pro_fullmodes_2026-04-29/results.csv,,,,,,,WARM_LPSCREEN_T020,WARM_LPSCREEN_T020,2026-05-07 01:07:16,results/paper_m4pro_fullmodes_2026-04-29/logs/gurobi/test/matpower_case1354pegase_2017-09-15__warm_lpscreen_t020.log,,,heuristic,WARM_LPSCREEN_T020,False,False,True,False,False,False,False,False,False,False,False,True,False,False,,,case1354pegase,1354,2017-09-15,SKIPPED_TOO_LARGE,,,0,False,True,False
2026-05-07 01:13:58,paper_m4pro_fullmodes_2026-04-29,TEST::WARM_LPSCREEN_T020::matpower/case1354pegase/2017-11-15::1800,TEST,matpower/case1354pegase,matpower/case1354pegase/2017-11-15,WARM_LPSCREEN_T020,WARM_LPSCREEN,1800,0.05,SKIPPED_TOO_LARGE,,,401.526003,,,,,0,,,,,0,1,0.0,481464.0,52584480.0,481464.0,52584480.0,,,,,,,,,52218216.0,,,,,,,,,,,,,,,"Skipped WARM_LPSCREEN_T020 on matpower/case1354pegase: model too large before optimize (vars=481464, constrs=52584480, nonzeros=157836666; limits constrs<=3000000, nonzeros<=12000000). Raise PAPER_MAX_LARGE_TEST_MODEL_CONSTRS/PAPER_MAX_LARGE_TEST_MODEL_NONZEROS to force it.",results/paper_m4pro_fullmodes_2026-04-29/results.csv,,,,,,,WARM_LPSCREEN_T020,WARM_LPSCREEN_T020,2026-05-07 01:13:58,results/paper_m4pro_fullmodes_2026-04-29/logs/gurobi/test/matpower_case1354pegase_2017-11-15__warm_lpscreen_t020.log,,,heuristic,WARM_LPSCREEN_T020,False,False,True,False,False,False,False,False,False,False,False,True,False,False,,,case1354pegase,1354,2017-11-15,SKIPPED_TOO_LARGE,,,0,False,True,False
2026-05-07 01:44:06,paper_m4pro_fullmodes_2026-04-29,TEST::LAZY_GNN_T080::matpower/case1354pegase/2017-01-15::1800,TEST,matpower/case1354pegase,matpower/case1354pegase/2017-01-15,LAZY_GNN_T080,LAZY,1800,0.05,TIME_LIMIT,9.0,1807.921323,1807.921323,0.09966936,139047241.320363,125188492.297598,103.0,1,FAIL,C120,890.969989,2.38418579e-07,0,1,0.0,481464.0,366264.0,481464.0,366264.0,0.0,0.0,52218216.0,785736.0,0.015047,3522001.0,0.067448,,0.0,2736265.0,0.0,0.0,0.0,0.0,0.0,0.0,0.0,0.0,0.0,0.0,0.0,results/paper_m4pro_fullmodes_2026-04-29/solutions/test/lazy_gnn_t080/matpower/case1354pegase/2017-01-15.json,,,results/paper_m4pro_fullmodes_2026-04-29/results.csv,,,1807.921323,,,,LAZY_GNN_T080,LAZY_GNN_T080,2026-05-07 01:44:06,results/paper_m4pro_fullmodes_2026-04-29/logs/gurobi/test/matpower_case1354pegase_2017-01-15__lazy_gnn_t080.log,548.0,1259.921323,heuristic,LAZY_GNN_T080,True,False,False,False,False,False,False,True,False,False,False,True,False,False,,,case1354pegase,1354,2017-01-15,TIME_LIMIT,1807.921323,9.966936,0,False,False,True
2026-05-07 02:14:14,paper_m4pro_fullmodes_2026-04-29,TEST::LAZY_GNN_T080::matpower/case1354pegase/2017-03-15::1800,TEST,matpower/case1354pegase,matpower/case1354pegase/2017-03-15,LAZY_GNN_T080,LAZY,1800,0.05,TIME_LIMIT,9.0,1807.666776,1807.666776,0.25118063,220828088.025691,165360349.101605,52.0,1,FAIL,C120,852.909586,8.94069672e-07,0,1,0.0,481464.0,366264.0,481464.0,366264.0,0.0,0.0,52218216.0,785736.0,0.015047,4376398.0,0.08381,,0.0,3590662.0,0.0,0.0,0.0,0.0,0.0,0.0,0.0,0.0,0.0,0.0,0.0,results/paper_m4pro_fullmodes_2026-04-29/solutions/test/lazy_gnn_t080/matpower/case1354pegase/2017-03-15.json,,,results/paper_m4pro_fullmodes_2026-04-29/results.csv,,,1807.666776,,,,LAZY_GNN_T080,LAZY_GNN_T080,2026-05-07 02:14:14,results/paper_m4pro_fullmodes_2026-04-29/logs/gurobi/test/matpower_case1354pegase_2017-03-15__lazy_gnn_t080.log,550.0,1257.666776,heuristic,LAZY_GNN_T080,True,False,False,False,False,False,False,True,False,False,False,True,False,False,,,case1354pegase,1354,2017-03-15,TIME_LIMIT,1807.666776,25.118063000000003,0,False,False,True
2026-05-07 02:44:24,paper_m4pro_fullmodes_2026-04-29,TEST::LAZY_GNN_T080::matpower/case1354pegase/2017-05-15::1800,TEST,matpower/case1354pegase,matpower/case1354pegase/2017-05-15,LAZY_GNN_T080,LAZY,1800,0.05,TIME_LIMIT,9.0,1808.560882,1808.560882,0.1163228,84287322.735092,74482785.004238,477.0,1,FAIL,C120,798.483318,3.87430191e-07,0,1,0.0,481464.0,366264.0,481464.0,366264.0,0.0,0.0,52218216.0,785736.0,0.015047,2869374.0,0.05495,,0.0,2083638.0,0.0,0.0,0.0,0.0,0.0,0.0,0.0,0.0,0.0,0.0,0.0,results/paper_m4pro_fullmodes_2026-04-29/solutions/test/lazy_gnn_t080/matpower/case1354pegase/2017-05-15.json,,,results/paper_m4pro_fullmodes_2026-04-29/results.csv,,,1808.560882,,,,LAZY_GNN_T080,LAZY_GNN_T080,2026-05-07 02:44:24,results/paper_m4pro_fullmodes_2026-04-29/logs/gurobi/test/matpower_case1354pegase_2017-05-15__lazy_gnn_t080.log,557.0,1251.560882,heuristic,LAZY_GNN_T080,True,False,False,False,False,False,False,True,False,False,False,True,False,False,,,case1354pegase,1354,2017-05-15,TIME_LIMIT,1808.560882,11.63228,0,False,False,True
2026-05-07 03:14:32,paper_m4pro_fullmodes_2026-04-29,TEST::LAZY_GNN_T080::matpower/case1354pegase/2017-07-15::1800,TEST,matpower/case1354pegase,matpower/case1354pegase/2017-07-15,LAZY_GNN_T080,LAZY,1800,0.05,TIME_LIMIT,9.0,1807.934635,1807.934635,0.19341485,183760095.386929,148218164.158842,193.0,1,FAIL,C120,896.407749,7.15255737e-07,0,1,0.0,481464.0,366264.0,481464.0,366264.0,0.0,0.0,52218216.0,785736.0,0.015047,4282180.0,0.082005,,0.0,3496444.0,0.0,0.0,0.0,0.0,0.0,0.0,0.0,0.0,0.0,0.0,0.0,results/paper_m4pro_fullmodes_2026-04-29/solutions/test/lazy_gnn_t080/matpower/case1354pegase/2017-07-15.json,,,results/paper_m4pro_fullmodes_2026-04-29/results.csv,,,1807.934635,,,,LAZY_GNN_T080,LAZY_GNN_T080,2026-05-07 03:14:32,results/paper_m4pro_fullmodes_2026-04-29/logs/gurobi/test/matpower_case1354pegase_2017-07-15__lazy_gnn_t080.log,544.0,1263.934635,heuristic,LAZY_GNN_T080,True,False,False,False,False,False,False,True,False,False,False,True,False,False,,,case1354pegase,1354,2017-07-15,TIME_LIMIT,1807.934635,19.341485,0,False,False,True
2026-05-07 03:44:41,paper_m4pro_fullmodes_2026-04-29,TEST::LAZY_GNN_T080::matpower/case1354pegase/2017-09-15::1800,TEST,matpower/case1354pegase,matpower/case1354pegase/2017-09-15,LAZY_GNN_T080,LAZY,1800,0.05,TIME_LIMIT,9.0,1807.965445,1807.965445,0.20049567,148635543.351919,118834761.189275,187.0,1,FAIL,C120,907.194975,2.98023224e-08,0,1,0.0,481464.0,366264.0,481464.0,366264.0,0.0,0.0,52218216.0,785736.0,0.015047,4397765.0,0.084219,,0.0,3612029.0,0.0,0.0,0.0,0.0,0.0,0.0,0.0,0.0,0.0,0.0,0.0,results/paper_m4pro_fullmodes_2026-04-29/solutions/test/lazy_gnn_t080/matpower/case1354pegase/2017-09-15.json,,,results/paper_m4pro_fullmodes_2026-04-29/results.csv,,,1807.965445,,,,LAZY_GNN_T080,LAZY_GNN_T080,2026-05-07 03:44:41,results/paper_m4pro_fullmodes_2026-04-29/logs/gurobi/test/matpower_case1354pegase_2017-09-15__lazy_gnn_t080.log,555.0,1252.965445,heuristic,LAZY_GNN_T080,True,False,False,False,False,False,False,True,False,False,False,True,False,False,,,case1354pegase,1354,2017-09-15,TIME_LIMIT,1807.965445,20.049567,0,False,False,True
2026-05-07 04:14:50,paper_m4pro_fullmodes_2026-04-29,TEST::LAZY_GNN_T080::matpower/case1354pegase/2017-11-15::1800,TEST,matpower/case1354pegase,matpower/case1354pegase/2017-11-15,LAZY_GNN_T080,LAZY,1800,0.05,TIME_LIMIT,9.0,1807.624569,1807.624569,0.43680999,196132561.922421,110459900.257351,51.0,1,FAIL,C120,908.261211,5.36441803e-07,0,1,0.0,481464.0,366264.0,481464.0,366264.0,0.0,0.0,52218216.0,785736.0,0.015047,4458047.0,0.085373,,0.0,3672311.0,0.0,0.0,0.0,0.0,0.0,0.0,0.0,0.0,0.0,0.0,0.0,results/paper_m4pro_fullmodes_2026-04-29/solutions/test/lazy_gnn_t080/matpower/case1354pegase/2017-11-15.json,,,results/paper_m4pro_fullmodes_2026-04-29/results.csv,,,1807.624569,,,,LAZY_GNN_T080,LAZY_GNN_T080,2026-05-07 04:14:50,results/paper_m4pro_fullmodes_2026-04-29/logs/gurobi/test/matpower_case1354pegase_2017-11-15__lazy_gnn_t080.log,541.0,1266.624569,heuristic,LAZY_GNN_T080,True,False,False,False,False,False,False,True,False,False,False,True,False,False,,,case1354pegase,1354,2017-11-15,TIME_LIMIT,1807.624569,43.680999,0,False,False,True
2026-05-07 04:14:50,paper_m4pro_fullmodes_2026-04-29,TEST::ACTIVESET_LAZY::matpower/case1354pegase/2017-01-15::1800,TEST,matpower/case1354pegase,matpower/case1354pegase/2017-01-15,ACTIVESET_LAZY,ACTIVESET_LAZY,1800,0.05,SKIPPED_TOO_LARGE,,,0.000496,,,,,0,,,,,0,1,,,,,,,,,,,,,,,,,,,,,,,,,,,,,Skipped ACTIVESET_LAZY on matpower/case1354pegase: active-set candidate enumeration is too large for the overnight large-case run. Set PAPER_SKIP_LARGE_ACTIVESET=0 to force it.,results/paper_m4pro_fullmodes_2026-04-29/results.csv,,,,,,,ACTIVESET_LAZY,ACTIVESET_LAZY,2026-05-07 04:14:50,results/paper_m4pro_fullmodes_2026-04-29/logs/gurobi/test/matpower_case1354pegase_2017-01-15__activeset_lazy.log,,,exact,ACTIVESET_LAZY,True,False,False,False,True,False,False,False,False,False,False,False,True,False,,,case1354pegase,1354,2017-01-15,SKIPPED_TOO_LARGE,,,0,False,True,False
2026-05-07 04:14:50,paper_m4pro_fullmodes_2026-04-29,TEST::ACTIVESET_LAZY::matpower/case1354pegase/2017-03-15::1800,TEST,matpower/case1354pegase,matpower/case1354pegase/2017-03-15,ACTIVESET_LAZY,ACTIVESET_LAZY,1800,0.05,SKIPPED_TOO_LARGE,,,0.000312,,,,,0,,,,,0,1,,,,,,,,,,,,,,,,,,,,,,,,,,,,,Skipped ACTIVESET_LAZY on matpower/case1354pegase: active-set candidate enumeration is too large for the overnight large-case run. Set PAPER_SKIP_LARGE_ACTIVESET=0 to force it.,results/paper_m4pro_fullmodes_2026-04-29/results.csv,,,,,,,ACTIVESET_LAZY,ACTIVESET_LAZY,2026-05-07 04:14:50,results/paper_m4pro_fullmodes_2026-04-29/logs/gurobi/test/matpower_case1354pegase_2017-03-15__activeset_lazy.log,,,exact,ACTIVESET_LAZY,True,False,False,False,True,False,False,False,False,False,False,False,True,False,,,case1354pegase,1354,2017-03-15,SKIPPED_TOO_LARGE,,,0,False,True,False
2026-05-07 04:14:50,paper_m4pro_fullmodes_2026-04-29,TEST::ACTIVESET_LAZY::matpower/case1354pegase/2017-05-15::1800,TEST,matpower/case1354pegase,matpower/case1354pegase/2017-05-15,ACTIVESET_LAZY,ACTIVESET_LAZY,1800,0.05,SKIPPED_TOO_LARGE,,,0.000277,,,,,0,,,,,0,1,,,,,,,,,,,,,,,,,,,,,,,,,,,,,Skipped ACTIVESET_LAZY on matpower/case1354pegase: active-set candidate enumeration is too large for the overnight large-case run. Set PAPER_SKIP_LARGE_ACTIVESET=0 to force it.,results/paper_m4pro_fullmodes_2026-04-29/results.csv,,,,,,,ACTIVESET_LAZY,ACTIVESET_LAZY,2026-05-07 04:14:50,results/paper_m4pro_fullmodes_2026-04-29/logs/gurobi/test/matpower_case1354pegase_2017-05-15__activeset_lazy.log,,,exact,ACTIVESET_LAZY,True,False,False,False,True,False,False,False,False,False,False,False,True,False,,,case1354pegase,1354,2017-05-15,SKIPPED_TOO_LARGE,,,0,False,True,False
2026-05-07 04:14:50,paper_m4pro_fullmodes_2026-04-29,TEST::ACTIVESET_LAZY::matpower/case1354pegase/2017-07-15::1800,TEST,matpower/case1354pegase,matpower/case1354pegase/2017-07-15,ACTIVESET_LAZY,ACTIVESET_LAZY,1800,0.05,SKIPPED_TOO_LARGE,,,0.000344,,,,,0,,,,,0,1,,,,,,,,,,,,,,,,,,,,,,,,,,,,,Skipped ACTIVESET_LAZY on matpower/case1354pegase: active-set candidate enumeration is too large for the overnight large-case run. Set PAPER_SKIP_LARGE_ACTIVESET=0 to force it.,results/paper_m4pro_fullmodes_2026-04-29/results.csv,,,,,,,ACTIVESET_LAZY,ACTIVESET_LAZY,2026-05-07 04:14:50,results/paper_m4pro_fullmodes_2026-04-29/logs/gurobi/test/matpower_case1354pegase_2017-07-15__activeset_lazy.log,,,exact,ACTIVESET_LAZY,True,False,False,False,True,False,False,False,False,False,False,False,True,False,,,case1354pegase,1354,2017-07-15,SKIPPED_TOO_LARGE,,,0,False,True,False
2026-05-07 04:14:50,paper_m4pro_fullmodes_2026-04-29,TEST::ACTIVESET_LAZY::matpower/case1354pegase/2017-09-15::1800,TEST,matpower/case1354pegase,matpower/case1354pegase/2017-09-15,ACTIVESET_LAZY,ACTIVESET_LAZY,1800,0.05,SKIPPED_TOO_LARGE,,,0.000269,,,,,0,,,,,0,1,,,,,,,,,,,,,,,,,,,,,,,,,,,,,Skipped ACTIVESET_LAZY on matpower/case1354pegase: active-set candidate enumeration is too large for the overnight large-case run. Set PAPER_SKIP_LARGE_ACTIVESET=0 to force it.,results/paper_m4pro_fullmodes_2026-04-29/results.csv,,,,,,,ACTIVESET_LAZY,ACTIVESET_LAZY,2026-05-07 04:14:50,results/paper_m4pro_fullmodes_2026-04-29/logs/gurobi/test/matpower_case1354pegase_2017-09-15__activeset_lazy.log,,,exact,ACTIVESET_LAZY,True,False,False,False,True,False,False,False,False,False,False,False,True,False,,,case1354pegase,1354,2017-09-15,SKIPPED_TOO_LARGE,,,0,False,True,False
2026-05-07 04:14:50,paper_m4pro_fullmodes_2026-04-29,TEST::ACTIVESET_LAZY::matpower/case1354pegase/2017-11-15::1800,TEST,matpower/case1354pegase,matpower/case1354pegase/2017-11-15,ACTIVESET_LAZY,ACTIVESET_LAZY,1800,0.05,SKIPPED_TOO_LARGE,,,0.000242,,,,,0,,,,,0,1,,,,,,,,,,,,,,,,,,,,,,,,,,,,,Skipped ACTIVESET_LAZY on matpower/case1354pegase: active-set candidate enumeration is too large for the overnight large-case run. Set PAPER_SKIP_LARGE_ACTIVESET=0 to force it.,results/paper_m4pro_fullmodes_2026-04-29/results.csv,,,,,,,ACTIVESET_LAZY,ACTIVESET_LAZY,2026-05-07 04:14:50,results/paper_m4pro_fullmodes_2026-04-29/logs/gurobi/test/matpower_case1354pegase_2017-11-15__activeset_lazy.log,,,exact,ACTIVESET_LAZY,True,False,False,False,True,False,False,False,False,False,False,False,True,False,,,case1354pegase,1354,2017-11-15,SKIPPED_TOO_LARGE,,,0,False,True,False
2026-05-07 20:05:17,paper_m4pro_fullmodes_2026-04-29,TEST::LAZY_ALL::matpower/case2383wp/2017-01-15::3000,TEST,matpower/case2383wp,matpower/case2383wp/2017-01-15,LAZY_ALL,LAZY,3000,0.05,OPTIMAL,2.0,1079.151893,1079.151893,7.344e-05,7937363.46192,7936780.524911,1.0,1,OK,OK,1.41457377e-07,3.63215804e-08,1,1,0.0,672480.0,498924.0,672480.0,498924.0,0.0,0.0,,,,,,,0.0,188731.0,0.0,0.0,0.0,0.0,0.0,0.0,0.0,0.0,0.0,0.0,0.0,results/paper_m4pro_fullmodes_2026-04-29/solutions/test/lazy_all/matpower/case2383wp/2017-01-15.json,,,results/paper_m4pro_fullmodes_2026-04-29/results.csv,,,1079.151893,,,,LAZY_ALL,LAZY_ALL,2026-05-07 20:05:17,results/paper_m4pro_fullmodes_2026-04-29/logs/gurobi/test/matpower_case2383wp_2017-01-15__lazy_all.log,926.0,153.15189299999997,exact,LAZY_ALL,True,False,False,False,False,False,False,False,False,False,False,False,True,False,,,case2383wp,2383,2017-01-15,OPTIMAL,1079.151893,0.007344,1,True,False,False
2026-05-07 20:22:57,paper_m4pro_fullmodes_2026-04-29,TEST::LAZY_ALL::matpower/case2383wp/2017-03-15::3000,TEST,matpower/case2383wp,matpower/case2383wp/2017-03-15,LAZY_ALL,LAZY,3000,0.05,OPTIMAL,2.0,1060.234052,1060.234052,0.00381099,7856759.63438,7826817.574013,1.0,1,OK,OK,1.39167312e-07,5.96046448e-08,1,1,0.0,671616.0,498060.0,671616.0,498060.0,0.0,0.0,,,,,,,0.0,148958.0,0.0,0.0,0.0,0.0,0.0,0.0,0.0,0.0,0.0,0.0,0.0,results/paper_m4pro_fullmodes_2026-04-29/solutions/test/lazy_all/matpower/case2383wp/2017-03-15.json,,,results/paper_m4pro_fullmodes_2026-04-29/results.csv,,,1060.234052,,,,LAZY_ALL,LAZY_ALL,2026-05-07 20:22:57,results/paper_m4pro_fullmodes_2026-04-29/logs/gurobi/test/matpower_case2383wp_2017-03-15__lazy_all.log,941.0,119.23405200000002,exact,LAZY_ALL,True,False,False,False,False,False,False,False,False,False,False,False,True,False,,,case2383wp,2383,2017-03-15,OPTIMAL,1060.234052,0.381099,1,True,False,False
2026-05-07 20:40:54,paper_m4pro_fullmodes_2026-04-29,TEST::LAZY_ALL::matpower/case2383wp/2017-05-15::3000,TEST,matpower/case2383wp,matpower/case2383wp/2017-05-15,LAZY_ALL,LAZY,3000,0.05,OPTIMAL,2.0,1076.376091,1076.376091,0.00056451,5808842.610736,5805563.434257,1.0,1,OK,OK,1.75221526e-07,6.51925802e-08,1,1,0.0,672048.0,498492.0,672048.0,498492.0,0.0,0.0,,,,,,,0.0,382182.0,0.0,0.0,0.0,0.0,0.0,0.0,0.0,0.0,0.0,0.0,0.0,results/paper_m4pro_fullmodes_2026-04-29/solutions/test/lazy_all/matpower/case2383wp/2017-05-15.json,,,results/paper_m4pro_fullmodes_2026-04-29/results.csv,,,1076.376091,,,,LAZY_ALL,LAZY_ALL,2026-05-07 20:40:54,results/paper_m4pro_fullmodes_2026-04-29/logs/gurobi/test/matpower_case2383wp_2017-05-15__lazy_all.log,920.0,156.3760910000001,exact,LAZY_ALL,True,False,False,False,False,False,False,False,False,False,False,False,True,False,,,case2383wp,2383,2017-05-15,OPTIMAL,1076.376091,0.056450999999999994,1,True,False,False
2026-05-07 20:59:45,paper_m4pro_fullmodes_2026-04-29,TEST::LAZY_ALL::matpower/case2383wp/2017-07-15::3000,TEST,matpower/case2383wp,matpower/case2383wp/2017-07-15,LAZY_ALL,LAZY,3000,0.05,OPTIMAL,2.0,1131.31619,1131.31619,0.00024311,8559433.62488,8557352.765192,1.0,1,OK,OK,2.24696035e-07,2.01165676e-07,1,1,0.0,674064.0,500508.0,674064.0,500508.0,0.0,0.0,,,,,,,0.0,6168.0,0.0,0.0,0.0,0.0,0.0,0.0,0.0,0.0,0.0,0.0,0.0,results/paper_m4pro_fullmodes_2026-04-29/solutions/test/lazy_all/matpower/case2383wp/2017-07-15.json,,,results/paper_m4pro_fullmodes_2026-04-29/results.csv,,,1131.31619,,,,LAZY_ALL,LAZY_ALL,2026-05-07 20:59:45,results/paper_m4pro_fullmodes_2026-04-29/logs/gurobi/test/matpower_case2383wp_2017-07-15__lazy_all.log,993.0,138.31619,exact,LAZY_ALL,True,False,False,False,False,False,False,False,False,False,False,False,True,False,,,case2383wp,2383,2017-07-15,OPTIMAL,1131.31619,0.024311,1,True,False,False
2026-05-07 21:17:25,paper_m4pro_fullmodes_2026-04-29,TEST::LAZY_ALL::matpower/case2383wp/2017-09-15::3000,TEST,matpower/case2383wp,matpower/case2383wp/2017-09-15,LAZY_ALL,LAZY,3000,0.05,OPTIMAL,2.0,1059.908625,1059.908625,3.333e-05,6674869.643983,6674647.144902,1.0,1,OK,OK,1.03122405e-07,9.87201929e-08,1,1,0.0,674208.0,500652.0,674208.0,500652.0,0.0,0.0,,,,,,,0.0,2905.0,0.0,0.0,0.0,0.0,0.0,0.0,0.0,0.0,0.0,0.0,0.0,results/paper_m4pro_fullmodes_2026-04-29/solutions/test/lazy_all/matpower/case2383wp/2017-09-15.json,,,results/paper_m4pro_fullmodes_2026-04-29/results.csv,,,1059.908625,,,,LAZY_ALL,LAZY_ALL,2026-05-07 21:17:25,results/paper_m4pro_fullmodes_2026-04-29/logs/gurobi/test/matpower_case2383wp_2017-09-15__lazy_all.log,918.0,141.90862500000003,exact,LAZY_ALL,True,False,False,False,False,False,False,False,False,False,False,False,True,False,,,case2383wp,2383,2017-09-15,OPTIMAL,1059.908625,0.003333,1,True,False,False
2026-05-07 21:35:09,paper_m4pro_fullmodes_2026-04-29,TEST::LAZY_ALL::matpower/case2383wp/2017-11-15::3000,TEST,matpower/case2383wp,matpower/case2383wp/2017-11-15,LAZY_ALL,LAZY,3000,0.05,OPTIMAL,2.0,1063.817513,1063.817513,0.00162183,6392722.653689,6382354.768883,1.0,1,OK,OK,4.8030561e-07,8.38190317e-08,1,1,0.0,673632.0,500076.0,673632.0,500076.0,0.0,0.0,,,,,,,0.0,1812.0,0.0,0.0,0.0,0.0,0.0,0.0,0.0,0.0,0.0,0.0,0.0,results/paper_m4pro_fullmodes_2026-04-29/solutions/test/lazy_all/matpower/case2383wp/2017-11-15.json,,,results/paper_m4pro_fullmodes_2026-04-29/results.csv,,,1063.817513,,,,LAZY_ALL,LAZY_ALL,2026-05-07 21:35:09,results/paper_m4pro_fullmodes_2026-04-29/logs/gurobi/test/matpower_case2383wp_2017-11-15__lazy_all.log,974.0,89.81751299999996,exact,LAZY_ALL,True,False,False,False,False,False,False,False,False,False,False,False,True,False,,,case2383wp,2383,2017-11-15,OPTIMAL,1063.817513,0.16218300000000002,1,True,False,False
2026-05-07 21:52:34,paper_m4pro_fullmodes_2026-04-29,TEST::LAZY_COMMIT_HINTS::matpower/case2383wp/2017-01-15::3000,TEST,matpower/case2383wp,matpower/case2383wp/2017-01-15,LAZY_COMMIT_HINTS,LAZY,3000,0.05,OPTIMAL,2.0,1044.857131,1044.857131,0.02800434,7968520.191135,7745367.033047,1.0,1,OK,OK,1.04040973e-07,5.77419996e-08,1,1,0.0,672480.0,498924.0,672480.0,498924.0,0.0,0.0,,,,,,,0.0,188840.0,0.0,0.0,0.0,0.0,0.0,0.0,0.0,0.0,0.0,0.0,0.0,results/paper_m4pro_fullmodes_2026-04-29/solutions/test/lazy_commit_hints/matpower/case2383wp/2017-01-15.json,,,results/paper_m4pro_fullmodes_2026-04-29/results.csv,,,1044.857131,,,,LAZY_COMMIT_HINTS,LAZY_COMMIT_HINTS,2026-05-07 21:52:34,results/paper_m4pro_fullmodes_2026-04-29/logs/gurobi/test/matpower_case2383wp_2017-01-15__lazy_commit_hints.log,915.0,129.85713099999998,exact,LAZY_COMMIT_HINTS,True,False,False,False,False,False,False,False,True,False,False,False,True,False,,,case2383wp,2383,2017-01-15,OPTIMAL,1044.857131,2.800434,1,True,False,False
2026-05-07 22:10:23,paper_m4pro_fullmodes_2026-04-29,TEST::LAZY_COMMIT_HINTS::matpower/case2383wp/2017-03-15::3000,TEST,matpower/case2383wp,matpower/case2383wp/2017-03-15,LAZY_COMMIT_HINTS,LAZY,3000,0.05,OPTIMAL,2.0,1068.665778,1068.665778,0.02765865,8049049.674946,7826423.790067,1.0,1,OK,OK,9.78507444e-08,3.25962901e-08,1,1,0.0,671616.0,498060.0,671616.0,498060.0,0.0,0.0,,,,,,,0.0,149100.0,0.0,0.0,0.0,0.0,0.0,0.0,0.0,0.0,0.0,0.0,0.0,results/paper_m4pro_fullmodes_2026-04-29/solutions/test/lazy_commit_hints/matpower/case2383wp/2017-03-15.json,,,results/paper_m4pro_fullmodes_2026-04-29/results.csv,,,1068.665778,,,,LAZY_COMMIT_HINTS,LAZY_COMMIT_HINTS,2026-05-07 22:10:23,results/paper_m4pro_fullmodes_2026-04-29/logs/gurobi/test/matpower_case2383wp_2017-03-15__lazy_commit_hints.log,930.0,138.66577800000005,exact,LAZY_COMMIT_HINTS,True,False,False,False,False,False,False,False,True,False,False,False,True,False,,,case2383wp,2383,2017-03-15,OPTIMAL,1068.665778,2.765865,1,True,False,False
2026-05-07 22:28:10,paper_m4pro_fullmodes_2026-04-29,TEST::LAZY_COMMIT_HINTS::matpower/case2383wp/2017-05-15::3000,TEST,matpower/case2383wp,matpower/case2383wp/2017-05-15,LAZY_COMMIT_HINTS,LAZY,3000,0.05,OPTIMAL,2.0,1066.772103,1066.772103,0.0061609,5841174.961328,5805188.055457,1.0,1,OK,OK,8.51350959e-08,5.0291419e-08,1,1,0.0,672048.0,498492.0,672048.0,498492.0,0.0,0.0,,,,,,,0.0,382316.0,0.0,0.0,0.0,0.0,0.0,0.0,0.0,0.0,0.0,0.0,0.0,results/paper_m4pro_fullmodes_2026-04-29/solutions/test/lazy_commit_hints/matpower/case2383wp/2017-05-15.json,,,results/paper_m4pro_fullmodes_2026-04-29/results.csv,,,1066.772103,,,,LAZY_COMMIT_HINTS,LAZY_COMMIT_HINTS,2026-05-07 22:28:10,results/paper_m4pro_fullmodes_2026-04-29/logs/gurobi/test/matpower_case2383wp_2017-05-15__lazy_commit_hints.log,919.0,147.77210300000002,exact,LAZY_COMMIT_HINTS,True,False,False,False,False,False,False,False,True,False,False,False,True,False,,,case2383wp,2383,2017-05-15,OPTIMAL,1066.772103,0.61609,1,True,False,False
2026-05-07 22:46:52,paper_m4pro_fullmodes_2026-04-29,TEST::LAZY_COMMIT_HINTS::matpower/case2383wp/2017-07-15::3000,TEST,matpower/case2383wp,matpower/case2383wp/2017-07-15,LAZY_COMMIT_HINTS,LAZY,3000,0.05,OPTIMAL,2.0,1121.321008,1121.321008,0.03009566,8691049.311812,8429486.476556,1.0,1,OK,OK,8.27999171e-08,3.53902578e-07,1,1,0.0,674064.0,500508.0,674064.0,500508.0,0.0,0.0,,,,,,,0.0,6209.0,0.0,0.0,0.0,0.0,0.0,0.0,0.0,0.0,0.0,0.0,0.0,results/paper_m4pro_fullmodes_2026-04-29/solutions/test/lazy_commit_hints/matpower/case2383wp/2017-07-15.json,,,results/paper_m4pro_fullmodes_2026-04-29/results.csv,,,1121.321008,,,,LAZY_COMMIT_HINTS,LAZY_COMMIT_HINTS,2026-05-07 22:46:52,results/paper_m4pro_fullmodes_2026-04-29/logs/gurobi/test/matpower_case2383wp_2017-07-15__lazy_commit_hints.log,994.0,127.32100799999988,exact,LAZY_COMMIT_HINTS,True,False,False,False,False,False,False,False,True,False,False,False,True,False,,,case2383wp,2383,2017-07-15,OPTIMAL,1121.321008,3.009566,1,True,False,False
2026-05-07 23:04:44,paper_m4pro_fullmodes_2026-04-29,TEST::LAZY_COMMIT_HINTS::matpower/case2383wp/2017-09-15::3000,TEST,matpower/case2383wp,matpower/case2383wp/2017-09-15,LAZY_COMMIT_HINTS,LAZY,3000,0.05,OPTIMAL,2.0,1072.159804,1072.159804,0.0493219,6826406.1913,6489714.863295,1.0,1,OK,OK,1.82234597e-07,9.12696123e-08,1,1,0.0,674208.0,500652.0,674208.0,500652.0,0.0,0.0,,,,,,,0.0,3060.0,0.0,0.0,0.0,0.0,0.0,0.0,0.0,0.0,0.0,0.0,0.0,results/paper_m4pro_fullmodes_2026-04-29/solutions/test/lazy_commit_hints/matpower/case2383wp/2017-09-15.json,,,results/paper_m4pro_fullmodes_2026-04-29/results.csv,,,1072.159804,,,,LAZY_COMMIT_HINTS,LAZY_COMMIT_HINTS,2026-05-07 23:04:44,results/paper_m4pro_fullmodes_2026-04-29/logs/gurobi/test/matpower_case2383wp_2017-09-15__lazy_commit_hints.log,919.0,153.1598039999999,exact,LAZY_COMMIT_HINTS,True,False,False,False,False,False,False,False,True,False,False,False,True,False,,,case2383wp,2383,2017-09-15,OPTIMAL,1072.159804,4.93219,1,True,False,False
2026-05-07 23:23:14,paper_m4pro_fullmodes_2026-04-29,TEST::LAZY_COMMIT_HINTS::matpower/case2383wp/2017-11-15::3000,TEST,matpower/case2383wp,matpower/case2383wp/2017-11-15,LAZY_COMMIT_HINTS,LAZY,3000,0.05,OPTIMAL,2.0,1109.886369,1109.886369,0.00051606,6385636.087312,6382340.708802,1.0,1,OK,OK,2.17376615e-07,8.56816769e-08,1,1,0.0,673632.0,500076.0,673632.0,500076.0,0.0,0.0,,,,,,,0.0,1966.0,0.0,0.0,0.0,0.0,0.0,0.0,0.0,0.0,0.0,0.0,0.0,results/paper_m4pro_fullmodes_2026-04-29/solutions/test/lazy_commit_hints/matpower/case2383wp/2017-11-15.json,,,results/paper_m4pro_fullmodes_2026-04-29/results.csv,,,1109.886369,,,,LAZY_COMMIT_HINTS,LAZY_COMMIT_HINTS,2026-05-07 23:23:14,results/paper_m4pro_fullmodes_2026-04-29/logs/gurobi/test/matpower_case2383wp_2017-11-15__lazy_commit_hints.log,970.0,139.88636900000006,exact,LAZY_COMMIT_HINTS,True,False,False,False,False,False,False,False,True,False,False,False,True,False,,,case2383wp,2383,2017-11-15,OPTIMAL,1109.886369,0.051606000000000006,1,True,False,False
2026-05-07 23:41:27,paper_m4pro_fullmodes_2026-04-29,TEST::WARM_LAZY_GRU::matpower/case2383wp/2017-01-15::3000,TEST,matpower/case2383wp,matpower/case2383wp/2017-01-15,WARM_LAZY_GRU,WARM_LAZY,3000,0.05,OPTIMAL,2.0,1093.485243,1093.485243,0.0330566,8004063.372011,7739476.227774,1.0,1,OK,OK,1.49928717e-07,4.84287739e-08,1,1,0.0,672480.0,498924.0,672480.0,498924.0,586692.0,0.0,,,,,,,0.0,188693.0,0.0,0.0,0.0,0.0,0.0,0.0,0.0,0.0,0.0,0.0,0.0,results/paper_m4pro_fullmodes_2026-04-29/solutions/test/warm_lazy_gru/matpower/case2383wp/2017-01-15.json,,,results/paper_m4pro_fullmodes_2026-04-29/results.csv,,,1093.485243,,,,WARM_LAZY_GRU,WARM_LAZY_GRU,2026-05-07 23:41:27,results/paper_m4pro_fullmodes_2026-04-29/logs/gurobi/test/matpower_case2383wp_2017-01-15__warm_lazy_gru.log,916.0,177.48524300000008,exact,WARM_LAZY_GRU,True,False,False,False,False,False,False,False,False,True,False,False,True,False,,,case2383wp,2383,2017-01-15,OPTIMAL,1093.485243,3.30566,1,True,False,False
2026-05-08 00:01:34,paper_m4pro_fullmodes_2026-04-29,TEST::WARM_LAZY_GRU::matpower/case2383wp/2017-03-15::3000,TEST,matpower/case2383wp,matpower/case2383wp/2017-03-15,WARM_LAZY_GRU,WARM_LAZY,3000,0.05,OPTIMAL,2.0,1206.514491,1206.514491,0.00245773,7846086.868287,7826803.315104,1.0,1,OK,OK,3.95966685e-07,6.23986125e-08,1,1,0.0,671616.0,498060.0,671616.0,498060.0,585828.0,0.0,,,,,,,0.0,148842.0,0.0,0.0,0.0,0.0,0.0,0.0,0.0,0.0,0.0,0.0,0.0,results/paper_m4pro_fullmodes_2026-04-29/solutions/test/warm_lazy_gru/matpower/case2383wp/2017-03-15.json,,,results/paper_m4pro_fullmodes_2026-04-29/results.csv,,,1206.514491,,,,WARM_LAZY_GRU,WARM_LAZY_GRU,2026-05-08 00:01:34,results/paper_m4pro_fullmodes_2026-04-29/logs/gurobi/test/matpower_case2383wp_2017-03-15__warm_lazy_gru.log,940.0,266.5144909999999,exact,WARM_LAZY_GRU,True,False,False,False,False,False,False,False,False,True,False,False,True,False,,,case2383wp,2383,2017-03-15,OPTIMAL,1206.514491,0.245773,1,True,False,False
2026-05-08 00:19:45,paper_m4pro_fullmodes_2026-04-29,TEST::WARM_LAZY_GRU::matpower/case2383wp/2017-05-15::3000,TEST,matpower/case2383wp,matpower/case2383wp/2017-05-15,WARM_LAZY_GRU,WARM_LAZY,3000,0.05,OPTIMAL,2.0,1090.916823,1090.916823,0.04182083,5862753.059084,5617567.857066,1.0,1,OK,OK,7.88694194e-08,1.06170774e-07,1,1,0.0,672048.0,498492.0,672048.0,498492.0,586260.0,0.0,,,,,,,0.0,382162.0,0.0,0.0,0.0,0.0,0.0,0.0,0.0,0.0,0.0,0.0,0.0,results/paper_m4pro_fullmodes_2026-04-29/solutions/test/warm_lazy_gru/matpower/case2383wp/2017-05-15.json,,,results/paper_m4pro_fullmodes_2026-04-29/results.csv,,,1090.916823,,,,WARM_LAZY_GRU,WARM_LAZY_GRU,2026-05-08 00:19:45,results/paper_m4pro_fullmodes_2026-04-29/logs/gurobi/test/matpower_case2383wp_2017-05-15__warm_lazy_gru.log,909.0,181.916823,exact,WARM_LAZY_GRU,True,False,False,False,False,False,False,False,False,True,False,False,True,False,,,case2383wp,2383,2017-05-15,OPTIMAL,1090.916823,4.182083,1,True,False,False
2026-05-08 00:41:16,paper_m4pro_fullmodes_2026-04-29,TEST::WARM_LAZY_GRU::matpower/case2383wp/2017-07-15::3000,TEST,matpower/case2383wp,matpower/case2383wp/2017-07-15,WARM_LAZY_GRU,WARM_LAZY,3000,0.05,OPTIMAL,2.0,1290.926798,1290.926798,0.00030328,8559819.585941,8557223.579448,1.0,1,OK,OK,1.6069151e-07,2.04890966e-07,1,1,0.0,674064.0,500508.0,674064.0,500508.0,588276.0,0.0,,,,,,,0.0,6168.0,0.0,0.0,0.0,0.0,0.0,0.0,0.0,0.0,0.0,0.0,0.0,results/paper_m4pro_fullmodes_2026-04-29/solutions/test/warm_lazy_gru/matpower/case2383wp/2017-07-15.json,,,results/paper_m4pro_fullmodes_2026-04-29/results.csv,,,1290.926798,,,,WARM_LAZY_GRU,WARM_LAZY_GRU,2026-05-08 00:41:16,results/paper_m4pro_fullmodes_2026-04-29/logs/gurobi/test/matpower_case2383wp_2017-07-15__warm_lazy_gru.log,985.0,305.92679799999996,exact,WARM_LAZY_GRU,True,False,False,False,False,False,False,False,False,True,False,False,True,False,,,case2383wp,2383,2017-07-15,OPTIMAL,1290.926798,0.030328,1,True,False,False
2026-05-08 00:59:46,paper_m4pro_fullmodes_2026-04-29,TEST::WARM_LAZY_GRU::matpower/case2383wp/2017-09-15::3000,TEST,matpower/case2383wp,matpower/case2383wp/2017-09-15,WARM_LAZY_GRU,WARM_LAZY,3000,0.05,OPTIMAL,2.0,1109.776332,1109.776332,0.03715152,6862779.175089,6607816.526975,1.0,1,OK,OK,1.28096883e-07,6.79865479e-08,1,1,0.0,674208.0,500652.0,674208.0,500652.0,588420.0,0.0,,,,,,,0.0,2830.0,0.0,0.0,0.0,0.0,0.0,0.0,0.0,0.0,0.0,0.0,0.0,results/paper_m4pro_fullmodes_2026-04-29/solutions/test/warm_lazy_gru/matpower/case2383wp/2017-09-15.json,,,results/paper_m4pro_fullmodes_2026-04-29/results.csv,,,1109.776332,,,,WARM_LAZY_GRU,WARM_LAZY_GRU,2026-05-08 00:59:46,results/paper_m4pro_fullmodes_2026-04-29/logs/gurobi/test/matpower_case2383wp_2017-09-15__warm_lazy_gru.log,928.0,181.7763319999999,exact,WARM_LAZY_GRU,True,False,False,False,False,False,False,False,False,True,False,False,True,False,,,case2383wp,2383,2017-09-15,OPTIMAL,1109.776332,3.7151520000000002,1,True,False,False
2026-05-08 01:19:27,paper_m4pro_fullmodes_2026-04-29,TEST::WARM_LAZY_GRU::matpower/case2383wp/2017-11-15::3000,TEST,matpower/case2383wp,matpower/case2383wp/2017-11-15,WARM_LAZY_GRU,WARM_LAZY,3000,0.05,OPTIMAL,2.0,1180.805852,1180.805852,0.00051663,6385636.087312,6382337.052277,1.0,1,OK,OK,1.993802e-07,8.19563866e-08,1,1,0.0,673632.0,500076.0,673632.0,500076.0,587844.0,0.0,,,,,,,0.0,1820.0,0.0,0.0,0.0,0.0,0.0,0.0,0.0,0.0,0.0,0.0,0.0,results/paper_m4pro_fullmodes_2026-04-29/solutions/test/warm_lazy_gru/matpower/case2383wp/2017-11-15.json,,,results/paper_m4pro_fullmodes_2026-04-29/results.csv,,,1180.805852,,,,WARM_LAZY_GRU,WARM_LAZY_GRU,2026-05-08 01:19:27,results/paper_m4pro_fullmodes_2026-04-29/logs/gurobi/test/matpower_case2383wp_2017-11-15__warm_lazy_gru.log,972.0,208.80585199999996,exact,WARM_LAZY_GRU,True,False,False,False,False,False,False,False,False,True,False,False,True,False,,,case2383wp,2383,2017-11-15,OPTIMAL,1180.805852,0.051663,1,True,False,False
2026-05-08 01:45:43,paper_m4pro_fullmodes_2026-04-29,TEST::STREDUCE_LAZY_GRU::matpower/case2383wp/2017-01-15::3000,TEST,matpower/case2383wp,matpower/case2383wp/2017-01-15,STREDUCE_LAZY_GRU,STREDUCE_LAZY,3000,0.05,SKIPPED_TOO_LARGE,,,1575.294067,,,,,0,,,,,0,1,1.879764,672480.0,204667362.0,672480.0,204667362.0,,,,,,,,0.0,204157800.0,,,,,,,,,,,,,,,"Skipped STREDUCE_LAZY_GRU on matpower/case2383wp: model too large before optimize (vars=672480, constrs=204667362, nonzeros=613850099; limits constrs<=3000000, nonzeros<=12000000). Raise PAPER_MAX_LARGE_TEST_MODEL_CONSTRS/PAPER_MAX_LARGE_TEST_MODEL_NONZEROS to force it.",results/paper_m4pro_fullmodes_2026-04-29/results.csv,,,,,,,STREDUCE_LAZY_GRU,STREDUCE_LAZY_GRU,2026-05-08 01:45:43,results/paper_m4pro_fullmodes_2026-04-29/logs/gurobi/test/matpower_case2383wp_2017-01-15__streduce_lazy_gru.log,,,heuristic,STREDUCE_LAZY_GRU,True,False,False,False,False,False,True,False,False,True,False,True,False,False,,,case2383wp,2383,2017-01-15,SKIPPED_TOO_LARGE,,,0,False,True,False
2026-05-08 02:11:10,paper_m4pro_fullmodes_2026-04-29,TEST::STREDUCE_LAZY_GRU::matpower/case2383wp/2017-03-15::3000,TEST,matpower/case2383wp,matpower/case2383wp/2017-03-15,STREDUCE_LAZY_GRU,STREDUCE_LAZY,3000,0.05,SKIPPED_TOO_LARGE,,,1525.210439,,,,,0,,,,,0,1,2.030062,671616.0,204666214.0,671616.0,204666214.0,,,,,,,,0.0,204157800.0,,,,,,,,,,,,,,,"Skipped STREDUCE_LAZY_GRU on matpower/case2383wp: model too large before optimize (vars=671616, constrs=204666214, nonzeros=613841871; limits constrs<=3000000, nonzeros<=12000000). Raise PAPER_MAX_LARGE_TEST_MODEL_CONSTRS/PAPER_MAX_LARGE_TEST_MODEL_NONZEROS to force it.",results/paper_m4pro_fullmodes_2026-04-29/results.csv,,,,,,,STREDUCE_LAZY_GRU,STREDUCE_LAZY_GRU,2026-05-08 02:11:10,results/paper_m4pro_fullmodes_2026-04-29/logs/gurobi/test/matpower_case2383wp_2017-03-15__streduce_lazy_gru.log,,,heuristic,STREDUCE_LAZY_GRU,True,False,False,False,False,False,True,False,False,True,False,True,False,False,,,case2383wp,2383,2017-03-15,SKIPPED_TOO_LARGE,,,0,False,True,False
2026-05-08 02:35:41,paper_m4pro_fullmodes_2026-04-29,TEST::STREDUCE_LAZY_GRU::matpower/case2383wp/2017-05-15::3000,TEST,matpower/case2383wp,matpower/case2383wp/2017-05-15,STREDUCE_LAZY_GRU,STREDUCE_LAZY,3000,0.05,SKIPPED_TOO_LARGE,,,1469.293071,,,,,0,,,,,0,1,1.90737,672048.0,204666622.0,672048.0,204666622.0,,,,,,,,0.0,204157800.0,,,,,,,,,,,,,,,"Skipped STREDUCE_LAZY_GRU on matpower/case2383wp: model too large before optimize (vars=672048, constrs=204666622, nonzeros=613845819; limits constrs<=3000000, nonzeros<=12000000). Raise PAPER_MAX_LARGE_TEST_MODEL_CONSTRS/PAPER_MAX_LARGE_TEST_MODEL_NONZEROS to force it.",results/paper_m4pro_fullmodes_2026-04-29/results.csv,,,,,,,STREDUCE_LAZY_GRU,STREDUCE_LAZY_GRU,2026-05-08 02:35:41,results/paper_m4pro_fullmodes_2026-04-29/logs/gurobi/test/matpower_case2383wp_2017-05-15__streduce_lazy_gru.log,,,heuristic,STREDUCE_LAZY_GRU,True,False,False,False,False,False,True,False,False,True,False,True,False,False,,,case2383wp,2383,2017-05-15,SKIPPED_TOO_LARGE,,,0,False,True,False
2026-05-08 03:00:28,paper_m4pro_fullmodes_2026-04-29,TEST::STREDUCE_LAZY_GRU::matpower/case2383wp/2017-07-15::3000,TEST,matpower/case2383wp,matpower/case2383wp/2017-07-15,STREDUCE_LAZY_GRU,STREDUCE_LAZY,3000,0.05,SKIPPED_TOO_LARGE,,,1484.167913,,,,,0,,,,,0,1,1.876701,674064.0,204668676.0,674064.0,204668676.0,,,,,,,,0.0,204157800.0,,,,,,,,,,,,,,,"Skipped STREDUCE_LAZY_GRU on matpower/case2383wp: model too large before optimize (vars=674064, constrs=204668676, nonzeros=613864393; limits constrs<=3000000, nonzeros<=12000000). Raise PAPER_MAX_LARGE_TEST_MODEL_CONSTRS/PAPER_MAX_LARGE_TEST_MODEL_NONZEROS to force it.",results/paper_m4pro_fullmodes_2026-04-29/results.csv,,,,,,,STREDUCE_LAZY_GRU,STREDUCE_LAZY_GRU,2026-05-08 03:00:28,results/paper_m4pro_fullmodes_2026-04-29/logs/gurobi/test/matpower_case2383wp_2017-07-15__streduce_lazy_gru.log,,,heuristic,STREDUCE_LAZY_GRU,True,False,False,False,False,False,True,False,False,True,False,True,False,False,,,case2383wp,2383,2017-07-15,SKIPPED_TOO_LARGE,,,0,False,True,False
2026-05-08 03:24:54,paper_m4pro_fullmodes_2026-04-29,TEST::STREDUCE_LAZY_GRU::matpower/case2383wp/2017-09-15::3000,TEST,matpower/case2383wp,matpower/case2383wp/2017-09-15,STREDUCE_LAZY_GRU,STREDUCE_LAZY,3000,0.05,SKIPPED_TOO_LARGE,,,1464.683294,,,,,0,,,,,0,1,1.892671,674208.0,204668316.0,674208.0,204668316.0,,,,,,,,0.0,204157800.0,,,,,,,,,,,,,,,"Skipped STREDUCE_LAZY_GRU on matpower/case2383wp: model too large before optimize (vars=674208, constrs=204668316, nonzeros=613865213; limits constrs<=3000000, nonzeros<=12000000). Raise PAPER_MAX_LARGE_TEST_MODEL_CONSTRS/PAPER_MAX_LARGE_TEST_MODEL_NONZEROS to force it.",results/paper_m4pro_fullmodes_2026-04-29/results.csv,,,,,,,STREDUCE_LAZY_GRU,STREDUCE_LAZY_GRU,2026-05-08 03:24:54,results/paper_m4pro_fullmodes_2026-04-29/logs/gurobi/test/matpower_case2383wp_2017-09-15__streduce_lazy_gru.log,,,heuristic,STREDUCE_LAZY_GRU,True,False,False,False,False,False,True,False,False,True,False,True,False,False,,,case2383wp,2383,2017-09-15,SKIPPED_TOO_LARGE,,,0,False,True,False
2026-05-08 03:49:24,paper_m4pro_fullmodes_2026-04-29,TEST::STREDUCE_LAZY_GRU::matpower/case2383wp/2017-11-15::3000,TEST,matpower/case2383wp,matpower/case2383wp/2017-11-15,STREDUCE_LAZY_GRU,STREDUCE_LAZY,3000,0.05,SKIPPED_TOO_LARGE,,,1467.197067,,,,,0,,,,,0,1,1.891975,673632.0,204667858.0,673632.0,204667858.0,,,,,,,,0.0,204157800.0,,,,,,,,,,,,,,,"Skipped STREDUCE_LAZY_GRU on matpower/case2383wp: model too large before optimize (vars=673632, constrs=204667858, nonzeros=613860035; limits constrs<=3000000, nonzeros<=12000000). Raise PAPER_MAX_LARGE_TEST_MODEL_CONSTRS/PAPER_MAX_LARGE_TEST_MODEL_NONZEROS to force it.",results/paper_m4pro_fullmodes_2026-04-29/results.csv,,,,,,,STREDUCE_LAZY_GRU,STREDUCE_LAZY_GRU,2026-05-08 03:49:24,results/paper_m4pro_fullmodes_2026-04-29/logs/gurobi/test/matpower_case2383wp_2017-11-15__streduce_lazy_gru.log,,,heuristic,STREDUCE_LAZY_GRU,True,False,False,False,False,False,True,False,False,True,False,True,False,False,,,case2383wp,2383,2017-11-15,SKIPPED_TOO_LARGE,,,0,False,True,False
2026-05-08 04:07:08,paper_m4pro_fullmodes_2026-04-29,TEST::LAZY_BANDIT::matpower/case2383wp/2017-01-15::3000,TEST,matpower/case2383wp,matpower/case2383wp/2017-01-15,LAZY_BANDIT,LAZY,3000,0.05,OPTIMAL,2.0,1062.103432,1062.103432,0.00026545,7938874.946664,7936767.609216,1.0,1,OK,OK,1.05584981e-07,3.0733645e-08,1,1,0.0,672480.0,498924.0,672480.0,498924.0,0.0,0.0,,,,,,,0.0,881.0,0.0,0.0,0.0,0.0,0.0,0.0,0.0,0.0,0.0,0.0,0.0,results/paper_m4pro_fullmodes_2026-04-29/solutions/test/lazy_bandit/matpower/case2383wp/2017-01-15.json,,,results/paper_m4pro_fullmodes_2026-04-29/results.csv,,,1062.103432,,,,LAZY_BANDIT,LAZY_BANDIT,2026-05-08 04:07:08,results/paper_m4pro_fullmodes_2026-04-29/logs/gurobi/test/matpower_case2383wp_2017-01-15__lazy_bandit.log,903.0,159.1034320000001,exact,LAZY_BANDIT,True,False,False,False,False,False,False,False,False,False,True,False,True,False,,,case2383wp,2383,2017-01-15,OPTIMAL,1062.103432,0.026545,1,True,False,False
2026-05-08 04:27:08,paper_m4pro_fullmodes_2026-04-29,TEST::LAZY_BANDIT::matpower/case2383wp/2017-03-15::3000,TEST,matpower/case2383wp,matpower/case2383wp/2017-03-15,LAZY_BANDIT,LAZY,3000,0.05,OPTIMAL,2.0,1199.456087,1199.456087,0.00015649,7828112.040911,7826887.037438,1.0,1,OK,OK,9.43923535e-08,5.49480319e-08,1,1,0.0,671616.0,498060.0,671616.0,498060.0,0.0,0.0,,,,,,,0.0,1049.0,0.0,0.0,0.0,0.0,0.0,0.0,0.0,0.0,0.0,0.0,0.0,results/paper_m4pro_fullmodes_2026-04-29/solutions/test/lazy_bandit/matpower/case2383wp/2017-03-15.json,,,results/paper_m4pro_fullmodes_2026-04-29/results.csv,,,1199.456087,,,,LAZY_BANDIT,LAZY_BANDIT,2026-05-08 04:27:08,results/paper_m4pro_fullmodes_2026-04-29/logs/gurobi/test/matpower_case2383wp_2017-03-15__lazy_bandit.log,1024.0,175.45608700000005,exact,LAZY_BANDIT,True,False,False,False,False,False,False,False,False,False,True,False,True,False,,,case2383wp,2383,2017-03-15,OPTIMAL,1199.456087,0.015649,1,True,False,False
2026-05-08 04:44:30,paper_m4pro_fullmodes_2026-04-29,TEST::LAZY_BANDIT::matpower/case2383wp/2017-05-15::3000,TEST,matpower/case2383wp,matpower/case2383wp/2017-05-15,LAZY_BANDIT,LAZY,3000,0.05,OPTIMAL,2.0,1042.316613,1042.316613,0.00452517,5831952.146062,5805561.558382,1.0,1,OK,OK,1.16113377e-07,5.0291419e-08,1,1,0.0,672048.0,498492.0,672048.0,498492.0,0.0,0.0,,,,,,,0.0,861.0,0.0,0.0,0.0,0.0,0.0,0.0,0.0,0.0,0.0,0.0,0.0,results/paper_m4pro_fullmodes_2026-04-29/solutions/test/lazy_bandit/matpower/case2383wp/2017-05-15.json,,,results/paper_m4pro_fullmodes_2026-04-29/results.csv,,,1042.316613,,,,LAZY_BANDIT,LAZY_BANDIT,2026-05-08 04:44:30,results/paper_m4pro_fullmodes_2026-04-29/logs/gurobi/test/matpower_case2383wp_2017-05-15__lazy_bandit.log,906.0,136.31661299999996,exact,LAZY_BANDIT,True,False,False,False,False,False,False,False,False,False,True,False,True,False,,,case2383wp,2383,2017-05-15,OPTIMAL,1042.316613,0.452517,1,True,False,False
2026-05-08 05:02:22,paper_m4pro_fullmodes_2026-04-29,TEST::LAZY_BANDIT::matpower/case2383wp/2017-07-15::3000,TEST,matpower/case2383wp,matpower/case2383wp/2017-07-15,LAZY_BANDIT,LAZY,3000,0.05,OPTIMAL,2.0,1072.212023,1072.212023,0.00062374,8562403.555976,8557062.857894,1.0,1,OK,OK,1.50773843e-07,2.10478902e-07,1,1,0.0,674064.0,500508.0,674064.0,500508.0,0.0,0.0,,,,,,,0.0,1186.0,0.0,0.0,0.0,0.0,0.0,0.0,0.0,0.0,0.0,0.0,0.0,results/paper_m4pro_fullmodes_2026-04-29/solutions/test/lazy_bandit/matpower/case2383wp/2017-07-15.json,,,results/paper_m4pro_fullmodes_2026-04-29/results.csv,,,1072.212023,,,,LAZY_BANDIT,LAZY_BANDIT,2026-05-08 05:02:22,results/paper_m4pro_fullmodes_2026-04-29/logs/gurobi/test/matpower_case2383wp_2017-07-15__lazy_bandit.log,906.0,166.21202300000004,exact,LAZY_BANDIT,True,False,False,False,False,False,False,False,False,False,True,False,True,False,,,case2383wp,2383,2017-07-15,OPTIMAL,1072.212023,0.062374,1,True,False,False
2026-05-08 05:20:03,paper_m4pro_fullmodes_2026-04-29,TEST::LAZY_BANDIT::matpower/case2383wp/2017-09-15::3000,TEST,matpower/case2383wp,matpower/case2383wp/2017-09-15,LAZY_BANDIT,LAZY,3000,0.05,OPTIMAL,2.0,1060.826017,1060.826017,0.00042534,6677484.236568,6674644.022176,1.0,1,OK,OK,1.68744108e-07,1.01514161e-07,1,1,0.0,674208.0,500652.0,674208.0,500652.0,0.0,0.0,,,,,,,0.0,1298.0,0.0,0.0,0.0,0.0,0.0,0.0,0.0,0.0,0.0,0.0,0.0,results/paper_m4pro_fullmodes_2026-04-29/solutions/test/lazy_bandit/matpower/case2383wp/2017-09-15.json,,,results/paper_m4pro_fullmodes_2026-04-29/results.csv,,,1060.826017,,,,LAZY_BANDIT,LAZY_BANDIT,2026-05-08 05:20:03,results/paper_m4pro_fullmodes_2026-04-29/logs/gurobi/test/matpower_case2383wp_2017-09-15__lazy_bandit.log,916.0,144.8260170000001,exact,LAZY_BANDIT,True,False,False,False,False,False,False,False,False,False,True,False,True,False,,,case2383wp,2383,2017-09-15,OPTIMAL,1060.826017,0.042534,1,True,False,False
2026-05-08 05:40:02,paper_m4pro_fullmodes_2026-04-29,TEST::LAZY_BANDIT::matpower/case2383wp/2017-11-15::3000,TEST,matpower/case2383wp,matpower/case2383wp/2017-11-15,LAZY_BANDIT,LAZY,3000,0.05,OPTIMAL,2.0,1198.15691,1198.15691,0.00162217,6392722.653689,6382352.572906,1.0,1,OK,OK,1.52671423e-07,8.47503543e-08,1,1,0.0,673632.0,500076.0,673632.0,500076.0,0.0,0.0,,,,,,,0.0,797.0,0.0,0.0,0.0,0.0,0.0,0.0,0.0,0.0,0.0,0.0,0.0,results/paper_m4pro_fullmodes_2026-04-29/solutions/test/lazy_bandit/matpower/case2383wp/2017-11-15.json,,,results/paper_m4pro_fullmodes_2026-04-29/results.csv,,,1198.15691,,,,LAZY_BANDIT,LAZY_BANDIT,2026-05-08 05:40:02,results/paper_m4pro_fullmodes_2026-04-29/logs/gurobi/test/matpower_case2383wp_2017-11-15__lazy_bandit.log,1111.0,87.15690999999993,exact,LAZY_BANDIT,True,False,False,False,False,False,False,False,False,False,True,False,True,False,,,case2383wp,2383,2017-11-15,OPTIMAL,1198.15691,0.162217,1,True,False,False
2026-05-08 05:58:49,paper_m4pro_fullmodes_2026-04-29,TEST::WARM_PRUNE_LAZY_T030::matpower/case2383wp/2017-01-15::3000,TEST,matpower/case2383wp,matpower/case2383wp/2017-01-15,WARM_PRUNE_LAZY_T030,WARM_PRUNE_LAZY,3000,0.05,OPTIMAL,2.0,1127.418414,1127.418414,4.358e-05,7724940.661403,7724604.029477,0.0,1,FAIL,C120,24.6106914,3.25962901e-08,0,1,28.162251,672480.0,498924.0,672480.0,498924.0,586692.0,0.0,204157800.0,6192.0,3e-05,6676.0,3.3e-05,,0.0,484.0,0.0,0.0,0.0,0.0,0.0,0.0,0.0,0.0,0.0,0.0,0.0,results/paper_m4pro_fullmodes_2026-04-29/solutions/test/warm_prune_lazy_t030/matpower/case2383wp/2017-01-15.json,,,results/paper_m4pro_fullmodes_2026-04-29/results.csv,,,1127.418414,,,,WARM_PRUNE_LAZY_T030,WARM_PRUNE_LAZY_T030,2026-05-08 05:58:49,results/paper_m4pro_fullmodes_2026-04-29/logs/gurobi/test/matpower_case2383wp_2017-01-15__warm_prune_lazy_t030.log,995.0,132.41841399999998,heuristic,WARM_PRUNE_LAZY_T030,True,True,False,False,False,False,False,False,False,False,False,True,False,False,,,case2383wp,2383,2017-01-15,OPTIMAL,1127.418414,0.004358,0,False,False,False
2026-05-08 06:16:55,paper_m4pro_fullmodes_2026-04-29,TEST::WARM_PRUNE_LAZY_T030::matpower/case2383wp/2017-03-15::3000,TEST,matpower/case2383wp,matpower/case2383wp/2017-03-15,WARM_PRUNE_LAZY_T030,WARM_PRUNE_LAZY,3000,0.05,OPTIMAL,2.0,1085.964515,1085.964515,0.00012296,7616315.43271,7615378.948647,0.0,1,FAIL,C120,23.2256083,4.65661287e-08,0,1,28.460583,671616.0,498060.0,671616.0,498060.0,585828.0,0.0,204157800.0,12456.0,6.1e-05,13244.0,6.5e-05,,0.0,788.0,0.0,0.0,0.0,0.0,0.0,0.0,0.0,0.0,0.0,0.0,0.0,results/paper_m4pro_fullmodes_2026-04-29/solutions/test/warm_prune_lazy_t030/matpower/case2383wp/2017-03-15.json,,,results/paper_m4pro_fullmodes_2026-04-29/results.csv,,,1085.964515,,,,WARM_PRUNE_LAZY_T030,WARM_PRUNE_LAZY_T030,2026-05-08 06:16:55,results/paper_m4pro_fullmodes_2026-04-29/logs/gurobi/test/matpower_case2383wp_2017-03-15__warm_prune_lazy_t030.log,953.0,132.9645149999999,heuristic,WARM_PRUNE_LAZY_T030,True,True,False,False,False,False,False,False,False,False,False,True,False,False,,,case2383wp,2383,2017-03-15,OPTIMAL,1085.964515,0.012296,0,False,False,False
2026-05-08 06:34:43,paper_m4pro_fullmodes_2026-04-29,TEST::WARM_PRUNE_LAZY_T030::matpower/case2383wp/2017-05-15::3000,TEST,matpower/case2383wp,matpower/case2383wp/2017-05-15,WARM_PRUNE_LAZY_T030,WARM_PRUNE_LAZY,3000,0.05,OPTIMAL,2.0,1067.547718,1067.547718,0.0450616,5862753.059084,5598568.005401,1.0,1,OK,OK,1.25860829e-07,1.04308128e-07,1,1,28.389063,672048.0,498492.0,672048.0,498492.0,586260.0,0.0,204157800.0,4752.0,2.3e-05,4767.0,2.3e-05,,0.0,15.0,0.0,0.0,0.0,0.0,0.0,0.0,0.0,0.0,0.0,0.0,0.0,results/paper_m4pro_fullmodes_2026-04-29/solutions/test/warm_prune_lazy_t030/matpower/case2383wp/2017-05-15.json,,,results/paper_m4pro_fullmodes_2026-04-29/results.csv,,,1067.547718,,,,WARM_PRUNE_LAZY_T030,WARM_PRUNE_LAZY_T030,2026-05-08 06:34:43,results/paper_m4pro_fullmodes_2026-04-29/logs/gurobi/test/matpower_case2383wp_2017-05-15__warm_prune_lazy_t030.log,909.0,158.54771800000003,heuristic,WARM_PRUNE_LAZY_T030,True,True,False,False,False,False,False,False,False,False,False,True,False,False,,,case2383wp,2383,2017-05-15,OPTIMAL,1067.547718,4.50616,1,True,False,False
2026-05-08 06:54:09,paper_m4pro_fullmodes_2026-04-29,TEST::WARM_PRUNE_LAZY_T030::matpower/case2383wp/2017-07-15::3000,TEST,matpower/case2383wp,matpower/case2383wp/2017-07-15,WARM_PRUNE_LAZY_T030,WARM_PRUNE_LAZY,3000,0.05,OPTIMAL,2.0,1165.92217,1165.92217,0.00057103,8421354.13458,8416545.308456,1.0,1,FAIL,C120,68.6697295,1.60187483e-07,0,1,28.361195,674064.0,500508.0,674064.0,500508.0,588276.0,0.0,204157800.0,165744.0,0.000812,169869.0,0.000832,,0.0,4125.0,0.0,0.0,0.0,0.0,0.0,0.0,0.0,0.0,0.0,0.0,0.0,results/paper_m4pro_fullmodes_2026-04-29/solutions/test/warm_prune_lazy_t030/matpower/case2383wp/2017-07-15.json,,,results/paper_m4pro_fullmodes_2026-04-29/results.csv,,,1165.92217,,,,WARM_PRUNE_LAZY_T030,WARM_PRUNE_LAZY_T030,2026-05-08 06:54:09,results/paper_m4pro_fullmodes_2026-04-29/logs/gurobi/test/matpower_case2383wp_2017-07-15__warm_prune_lazy_t030.log,998.0,167.92217000000005,heuristic,WARM_PRUNE_LAZY_T030,True,True,False,False,False,False,False,False,False,False,False,True,False,False,,,case2383wp,2383,2017-07-15,OPTIMAL,1165.92217,0.057103,0,False,False,False
2026-05-08 07:22:14,paper_m4pro_fullmodes_2026-04-29,TEST::WARM_PRUNE_LAZY_T030::matpower/case2383wp/2017-09-15::3000,TEST,matpower/case2383wp,matpower/case2383wp/2017-09-15,WARM_PRUNE_LAZY_T030,WARM_PRUNE_LAZY,3000,0.05,OPTIMAL,2.0,1685.321292,1685.321292,4.56e-06,6476510.427101,6476480.877353,1.0,1,FAIL,C120,36.4321817,1.10827386e-07,0,1,28.347547,674208.0,500652.0,674208.0,500652.0,588420.0,0.0,204157800.0,165744.0,0.000812,165925.0,0.000813,,0.0,181.0,0.0,0.0,0.0,0.0,0.0,0.0,0.0,0.0,0.0,0.0,0.0,results/paper_m4pro_fullmodes_2026-04-29/solutions/test/warm_prune_lazy_t030/matpower/case2383wp/2017-09-15.json,,,results/paper_m4pro_fullmodes_2026-04-29/results.csv,,,1685.321292,,,,WARM_PRUNE_LAZY_T030,WARM_PRUNE_LAZY_T030,2026-05-08 07:22:14,results/paper_m4pro_fullmodes_2026-04-29/logs/gurobi/test/matpower_case2383wp_2017-09-15__warm_prune_lazy_t030.log,1520.0,165.32129200000008,heuristic,WARM_PRUNE_LAZY_T030,True,True,False,False,False,False,False,False,False,False,False,True,False,False,,,case2383wp,2383,2017-09-15,OPTIMAL,1685.321292,0.000456,0,False,False,False
2026-05-08 07:40:17,paper_m4pro_fullmodes_2026-04-29,TEST::WARM_PRUNE_LAZY_T030::matpower/case2383wp/2017-11-15::3000,TEST,matpower/case2383wp,matpower/case2383wp/2017-11-15,WARM_PRUNE_LAZY_T030,WARM_PRUNE_LAZY,3000,0.05,OPTIMAL,2.0,1082.217062,1082.217062,0.00013464,6168083.624101,6167253.161074,1.0,1,FAIL,C120,27.3386817,9.12696123e-08,0,1,29.738245,673632.0,500076.0,673632.0,500076.0,587844.0,0.0,204157800.0,215712.0,0.001057,215791.0,0.001057,,0.0,79.0,0.0,0.0,0.0,0.0,0.0,0.0,0.0,0.0,0.0,0.0,0.0,results/paper_m4pro_fullmodes_2026-04-29/solutions/test/warm_prune_lazy_t030/matpower/case2383wp/2017-11-15.json,,,results/paper_m4pro_fullmodes_2026-04-29/results.csv,,,1082.217062,,,,WARM_PRUNE_LAZY_T030,WARM_PRUNE_LAZY_T030,2026-05-08 07:40:17,results/paper_m4pro_fullmodes_2026-04-29/logs/gurobi/test/matpower_case2383wp_2017-11-15__warm_prune_lazy_t030.log,908.0,174.21706199999994,heuristic,WARM_PRUNE_LAZY_T030,True,True,False,False,False,False,False,False,False,False,False,True,False,False,,,case2383wp,2383,2017-11-15,OPTIMAL,1082.217062,0.013464,0,False,False,False
2026-05-08 07:58:06,paper_m4pro_fullmodes_2026-04-29,TEST::LAZY_GNN_T080::matpower/case2383wp/2017-01-15::3000,TEST,matpower/case2383wp,matpower/case2383wp/2017-01-15,LAZY_GNN_T080,LAZY,3000,0.05,OPTIMAL,2.0,1068.925035,1068.925035,7.173e-05,7937352.624243,7936783.263606,1.0,1,OK,OK,1.57199031e-07,4.00468707e-08,1,1,0.0,672480.0,498924.0,672480.0,498924.0,0.0,0.0,,,,,,,0.0,188652.0,0.0,0.0,0.0,0.0,0.0,0.0,0.0,0.0,0.0,0.0,0.0,results/paper_m4pro_fullmodes_2026-04-29/solutions/test/lazy_gnn_t080/matpower/case2383wp/2017-01-15.json,,,results/paper_m4pro_fullmodes_2026-04-29/results.csv,,,1068.925035,,,,LAZY_GNN_T080,LAZY_GNN_T080,2026-05-08 07:58:06,results/paper_m4pro_fullmodes_2026-04-29/logs/gurobi/test/matpower_case2383wp_2017-01-15__lazy_gnn_t080.log,907.0,161.92503499999998,heuristic,LAZY_GNN_T080,True,False,False,False,False,False,False,True,False,False,False,True,False,False,,,case2383wp,2383,2017-01-15,OPTIMAL,1068.925035,0.0071730000000000006,1,True,False,False
2026-05-08 08:15:28,paper_m4pro_fullmodes_2026-04-29,TEST::LAZY_GNN_T080::matpower/case2383wp/2017-03-15::3000,TEST,matpower/case2383wp,matpower/case2383wp/2017-03-15,LAZY_GNN_T080,LAZY,3000,0.05,OPTIMAL,2.0,1041.923721,1041.923721,0.00016785,7828135.047629,7826821.058061,1.0,1,OK,OK,1.52683876e-07,5.58793545e-08,1,1,0.0,671616.0,498060.0,671616.0,498060.0,0.0,0.0,,,,,,,0.0,111584.0,0.0,0.0,0.0,0.0,0.0,0.0,0.0,0.0,0.0,0.0,0.0,results/paper_m4pro_fullmodes_2026-04-29/solutions/test/lazy_gnn_t080/matpower/case2383wp/2017-03-15.json,,,results/paper_m4pro_fullmodes_2026-04-29/results.csv,,,1041.923721,,,,LAZY_GNN_T080,LAZY_GNN_T080,2026-05-08 08:15:28,results/paper_m4pro_fullmodes_2026-04-29/logs/gurobi/test/matpower_case2383wp_2017-03-15__lazy_gnn_t080.log,916.0,125.92372099999989,heuristic,LAZY_GNN_T080,True,False,False,False,False,False,False,True,False,False,False,True,False,False,,,case2383wp,2383,2017-03-15,OPTIMAL,1041.923721,0.016784999999999998,1,True,False,False
2026-05-08 08:33:24,paper_m4pro_fullmodes_2026-04-29,TEST::LAZY_GNN_T080::matpower/case2383wp/2017-05-15::3000,TEST,matpower/case2383wp,matpower/case2383wp/2017-05-15,LAZY_GNN_T080,LAZY,3000,0.05,OPTIMAL,2.0,1076.368052,1076.368052,0.00056451,5808842.610736,5805563.434257,1.0,1,OK,OK,1.75221526e-07,6.51925802e-08,1,1,0.0,672048.0,498492.0,672048.0,498492.0,0.0,0.0,,,,,,,0.0,382182.0,0.0,0.0,0.0,0.0,0.0,0.0,0.0,0.0,0.0,0.0,0.0,results/paper_m4pro_fullmodes_2026-04-29/solutions/test/lazy_gnn_t080/matpower/case2383wp/2017-05-15.json,,,results/paper_m4pro_fullmodes_2026-04-29/results.csv,,,1076.368052,,,,LAZY_GNN_T080,LAZY_GNN_T080,2026-05-08 08:33:24,results/paper_m4pro_fullmodes_2026-04-29/logs/gurobi/test/matpower_case2383wp_2017-05-15__lazy_gnn_t080.log,914.0,162.36805200000003,heuristic,LAZY_GNN_T080,True,False,False,False,False,False,False,True,False,False,False,True,False,False,,,case2383wp,2383,2017-05-15,OPTIMAL,1076.368052,0.056450999999999994,1,True,False,False
2026-05-08 08:52:24,paper_m4pro_fullmodes_2026-04-29,TEST::LAZY_GNN_T080::matpower/case2383wp/2017-07-15::3000,TEST,matpower/case2383wp,matpower/case2383wp/2017-07-15,LAZY_GNN_T080,LAZY,3000,0.05,OPTIMAL,2.0,1139.580005,1139.580005,0.00024311,8559433.62488,8557352.765192,1.0,1,OK,OK,2.24696035e-07,2.01165676e-07,1,1,0.0,674064.0,500508.0,674064.0,500508.0,0.0,0.0,,,,,,,0.0,6168.0,0.0,0.0,0.0,0.0,0.0,0.0,0.0,0.0,0.0,0.0,0.0,results/paper_m4pro_fullmodes_2026-04-29/solutions/test/lazy_gnn_t080/matpower/case2383wp/2017-07-15.json,,,results/paper_m4pro_fullmodes_2026-04-29/results.csv,,,1139.580005,,,,LAZY_GNN_T080,LAZY_GNN_T080,2026-05-08 08:52:24,results/paper_m4pro_fullmodes_2026-04-29/logs/gurobi/test/matpower_case2383wp_2017-07-15__lazy_gnn_t080.log,997.0,142.58000500000003,heuristic,LAZY_GNN_T080,True,False,False,False,False,False,False,True,False,False,False,True,False,False,,,case2383wp,2383,2017-07-15,OPTIMAL,1139.580005,0.024311,1,True,False,False
2026-05-08 09:10:25,paper_m4pro_fullmodes_2026-04-29,TEST::LAZY_GNN_T080::matpower/case2383wp/2017-09-15::3000,TEST,matpower/case2383wp,matpower/case2383wp/2017-09-15,LAZY_GNN_T080,LAZY,3000,0.05,OPTIMAL,2.0,1081.021272,1081.021272,3.333e-05,6674869.643983,6674647.144902,1.0,1,OK,OK,1.03122405e-07,9.87201929e-08,1,1,0.0,674208.0,500652.0,674208.0,500652.0,0.0,0.0,,,,,,,0.0,2905.0,0.0,0.0,0.0,0.0,0.0,0.0,0.0,0.0,0.0,0.0,0.0,results/paper_m4pro_fullmodes_2026-04-29/solutions/test/lazy_gnn_t080/matpower/case2383wp/2017-09-15.json,,,results/paper_m4pro_fullmodes_2026-04-29/results.csv,,,1081.021272,,,,LAZY_GNN_T080,LAZY_GNN_T080,2026-05-08 09:10:25,results/paper_m4pro_fullmodes_2026-04-29/logs/gurobi/test/matpower_case2383wp_2017-09-15__lazy_gnn_t080.log,933.0,148.02127199999995,heuristic,LAZY_GNN_T080,True,False,False,False,False,False,False,True,False,False,False,True,False,False,,,case2383wp,2383,2017-09-15,OPTIMAL,1081.021272,0.003333,1,True,False,False
2026-05-08 09:28:31,paper_m4pro_fullmodes_2026-04-29,TEST::LAZY_GNN_T080::matpower/case2383wp/2017-11-15::3000,TEST,matpower/case2383wp,matpower/case2383wp/2017-11-15,LAZY_GNN_T080,LAZY,3000,0.05,OPTIMAL,2.0,1085.794295,1085.794295,0.00162183,6392722.653689,6382354.768883,1.0,1,OK,OK,4.8030561e-07,8.38190317e-08,1,1,0.0,673632.0,500076.0,673632.0,500076.0,0.0,0.0,,,,,,,0.0,1812.0,0.0,0.0,0.0,0.0,0.0,0.0,0.0,0.0,0.0,0.0,0.0,results/paper_m4pro_fullmodes_2026-04-29/solutions/test/lazy_gnn_t080/matpower/case2383wp/2017-11-15.json,,,results/paper_m4pro_fullmodes_2026-04-29/results.csv,,,1085.794295,,,,LAZY_GNN_T080,LAZY_GNN_T080,2026-05-08 09:28:31,results/paper_m4pro_fullmodes_2026-04-29/logs/gurobi/test/matpower_case2383wp_2017-11-15__lazy_gnn_t080.log,991.0,94.79429499999992,heuristic,LAZY_GNN_T080,True,False,False,False,False,False,False,True,False,False,False,True,False,False,,,case2383wp,2383,2017-11-15,OPTIMAL,1085.794295,0.16218300000000002,1,True,False,False
2026-05-09 12:52:36,paper_m4pro_fullmodes_2026-04-29,TEST::LAZY_ALL::matpower/case3375wp/2017-01-15::3600,TEST,matpower/case3375wp,matpower/case3375wp/2017-01-15,LAZY_ALL,LAZY,3600,0.05,TIME_LIMIT,9.0,3655.596515,3655.596515,0.85278473,243001669.672513,35773557.061033,42.0,1,OK,OK,3.08544383e-07,1.07288361e-06,1,1,0.0,1032048.0,796248.0,1032048.0,796248.0,0.0,0.0,,,,,,,0.0,2268990.0,0.0,0.0,0.0,0.0,0.0,0.0,0.0,0.0,0.0,0.0,0.0,results/paper_m4pro_fullmodes_2026-04-29/solutions/test/lazy_all/matpower/case3375wp/2017-01-15.json,,,results/paper_m4pro_fullmodes_2026-04-29/results.csv,,,3655.596515,,,,LAZY_ALL,LAZY_ALL,2026-05-09 12:52:36,results/paper_m4pro_fullmodes_2026-04-29/logs/gurobi/test/matpower_case3375wp_2017-01-15__lazy_all.log,1081.0,2574.596515,exact,LAZY_ALL,True,False,False,False,False,False,False,False,False,False,False,False,True,False,,,case3375wp,3375,2017-01-15,TIME_LIMIT,3655.596515,85.278473,1,True,False,True
2026-05-09 13:52:49,paper_m4pro_fullmodes_2026-04-29,TEST::LAZY_ALL::matpower/case3375wp/2017-03-15::3600,TEST,matpower/case3375wp,matpower/case3375wp/2017-03-15,LAZY_ALL,LAZY,3600,0.05,TIME_LIMIT,9.0,3612.645365,3612.645365,0.86254041,281761685.353935,38730846.390666,76.0,1,OK,OK,5.7688333e-07,8.34465027e-07,1,1,0.0,1029456.0,793656.0,1029456.0,793656.0,0.0,0.0,,,,,,,0.0,2044142.0,0.0,0.0,0.0,0.0,0.0,0.0,0.0,0.0,0.0,0.0,0.0,results/paper_m4pro_fullmodes_2026-04-29/solutions/test/lazy_all/matpower/case3375wp/2017-03-15.json,,,results/paper_m4pro_fullmodes_2026-04-29/results.csv,,,3612.645365,,,,LAZY_ALL,LAZY_ALL,2026-05-09 13:52:49,results/paper_m4pro_fullmodes_2026-04-29/logs/gurobi/test/matpower_case3375wp_2017-03-15__lazy_all.log,1103.0,2509.645365,exact,LAZY_ALL,True,False,False,False,False,False,False,False,False,False,False,False,True,False,,,case3375wp,3375,2017-03-15,TIME_LIMIT,3612.645365,86.254041,1,True,False,True
2026-05-09 14:52:57,paper_m4pro_fullmodes_2026-04-29,TEST::LAZY_ALL::matpower/case3375wp/2017-05-15::3600,TEST,matpower/case3375wp,matpower/case3375wp/2017-05-15,LAZY_ALL,LAZY,3600,0.05,TIME_LIMIT,9.0,3608.148261,3608.148261,,,22832500.105192,823.0,0,,,,,0,1,0.0,1029456.0,793656.0,1029456.0,793656.0,0.0,0.0,,,,,,,0.0,402604.0,0.0,0.0,0.0,0.0,0.0,0.0,0.0,0.0,0.0,0.0,0.0,,,,results/paper_m4pro_fullmodes_2026-04-29/results.csv,,,3608.148261,,,,LAZY_ALL,LAZY_ALL,2026-05-09 14:52:57,results/paper_m4pro_fullmodes_2026-04-29/logs/gurobi/test/matpower_case3375wp_2017-05-15__lazy_all.log,1093.0,2515.148261,exact,LAZY_ALL,True,False,False,False,False,False,False,False,False,False,False,False,True,False,,,case3375wp,3375,2017-05-15,TIME_LIMIT,3608.148261,,0,False,False,True
2026-05-09 15:53:10,paper_m4pro_fullmodes_2026-04-29,TEST::LAZY_ALL::matpower/case3375wp/2017-07-15::3600,TEST,matpower/case3375wp,matpower/case3375wp/2017-07-15,LAZY_ALL,LAZY,3600,0.05,TIME_LIMIT,9.0,3612.656078,3612.656078,0.90604436,376233509.22096,35349260.990879,16.0,1,OK,OK,3.63041892e-07,0.0,1,1,0.0,1031904.0,796104.0,1031904.0,796104.0,0.0,0.0,,,,,,,0.0,2793041.0,0.0,0.0,0.0,0.0,0.0,0.0,0.0,0.0,0.0,0.0,0.0,results/paper_m4pro_fullmodes_2026-04-29/solutions/test/lazy_all/matpower/case3375wp/2017-07-15.json,,,results/paper_m4pro_fullmodes_2026-04-29/results.csv,,,3612.656078,,,,LAZY_ALL,LAZY_ALL,2026-05-09 15:53:10,results/paper_m4pro_fullmodes_2026-04-29/logs/gurobi/test/matpower_case3375wp_2017-07-15__lazy_all.log,1173.0,2439.656078,exact,LAZY_ALL,True,False,False,False,False,False,False,False,False,False,False,False,True,False,,,case3375wp,3375,2017-07-15,TIME_LIMIT,3612.656078,90.60443599999999,1,True,False,True
2026-05-09 16:53:19,paper_m4pro_fullmodes_2026-04-29,TEST::LAZY_ALL::matpower/case3375wp/2017-09-15::3600,TEST,matpower/case3375wp,matpower/case3375wp/2017-09-15,LAZY_ALL,LAZY,3600,0.05,TIME_LIMIT,9.0,3608.186363,3608.186363,,,28528959.859037,430.0,0,,,,,0,1,0.0,1031904.0,796104.0,1031904.0,796104.0,0.0,0.0,,,,,,,0.0,551270.0,0.0,0.0,0.0,0.0,0.0,0.0,0.0,0.0,0.0,0.0,0.0,,,,results/paper_m4pro_fullmodes_2026-04-29/results.csv,,,3608.186363,,,,LAZY_ALL,LAZY_ALL,2026-05-09 16:53:19,results/paper_m4pro_fullmodes_2026-04-29/logs/gurobi/test/matpower_case3375wp_2017-09-15__lazy_all.log,1149.0,2459.186363,exact,LAZY_ALL,True,False,False,False,False,False,False,False,False,False,False,False,True,False,,,case3375wp,3375,2017-09-15,TIME_LIMIT,3608.186363,,0,False,False,True
2026-05-09 17:53:28,paper_m4pro_fullmodes_2026-04-29,TEST::LAZY_ALL::matpower/case3375wp/2017-11-15::3600,TEST,matpower/case3375wp,matpower/case3375wp/2017-11-15,LAZY_ALL,LAZY,3600,0.05,TIME_LIMIT,9.0,3608.401712,3608.401712,,,29826305.792619,632.0,0,,,,,0,1,0.0,1031904.0,796104.0,1031904.0,796104.0,0.0,0.0,,,,,,,0.0,576994.0,0.0,0.0,0.0,0.0,0.0,0.0,0.0,0.0,0.0,0.0,0.0,,,,results/paper_m4pro_fullmodes_2026-04-29/results.csv,,,3608.401712,,,,LAZY_ALL,LAZY_ALL,2026-05-09 17:53:28,results/paper_m4pro_fullmodes_2026-04-29/logs/gurobi/test/matpower_case3375wp_2017-11-15__lazy_all.log,1080.0,2528.401712,exact,LAZY_ALL,True,False,False,False,False,False,False,False,False,False,False,False,True,False,,,case3375wp,3375,2017-11-15,TIME_LIMIT,3608.401712,,0,False,False,True
2026-05-09 18:54:02,paper_m4pro_fullmodes_2026-04-29,TEST::LAZY_COMMIT_HINTS::matpower/case3375wp/2017-01-15::3600,TEST,matpower/case3375wp,matpower/case3375wp/2017-01-15,LAZY_COMMIT_HINTS,LAZY,3600,0.05,TIME_LIMIT,9.0,3633.884483,3633.884483,0.61534834,92481053.147926,35572990.733303,3.0,1,OK,OK,1.06761234e-06,3.7252903e-07,1,1,0.0,1032048.0,796248.0,1032048.0,796248.0,0.0,0.0,,,,,,,0.0,1907480.0,0.0,0.0,0.0,0.0,0.0,0.0,0.0,0.0,0.0,0.0,0.0,results/paper_m4pro_fullmodes_2026-04-29/solutions/test/lazy_commit_hints/matpower/case3375wp/2017-01-15.json,,,results/paper_m4pro_fullmodes_2026-04-29/results.csv,,,3633.884483,,,,LAZY_COMMIT_HINTS,LAZY_COMMIT_HINTS,2026-05-09 18:54:02,results/paper_m4pro_fullmodes_2026-04-29/logs/gurobi/test/matpower_case3375wp_2017-01-15__lazy_commit_hints.log,1088.0,2545.884483,exact,LAZY_COMMIT_HINTS,True,False,False,False,False,False,False,False,True,False,False,False,True,False,,,case3375wp,3375,2017-01-15,TIME_LIMIT,3633.884483,61.534834000000004,1,True,False,True
2026-05-09 19:54:14,paper_m4pro_fullmodes_2026-04-29,TEST::LAZY_COMMIT_HINTS::matpower/case3375wp/2017-03-15::3600,TEST,matpower/case3375wp,matpower/case3375wp/2017-03-15,LAZY_COMMIT_HINTS,LAZY,3600,0.05,TIME_LIMIT,9.0,3612.020971,3612.020971,0.85450629,265092852.486401,38569343.803712,1.0,1,OK,OK,5.14028137e-07,9.83476639e-07,1,1,0.0,1029456.0,793656.0,1029456.0,793656.0,0.0,0.0,,,,,,,0.0,2512783.0,0.0,0.0,0.0,0.0,0.0,0.0,0.0,0.0,0.0,0.0,0.0,results/paper_m4pro_fullmodes_2026-04-29/solutions/test/lazy_commit_hints/matpower/case3375wp/2017-03-15.json,,,results/paper_m4pro_fullmodes_2026-04-29/results.csv,,,3612.020971,,,,LAZY_COMMIT_HINTS,LAZY_COMMIT_HINTS,2026-05-09 19:54:14,results/paper_m4pro_fullmodes_2026-04-29/logs/gurobi/test/matpower_case3375wp_2017-03-15__lazy_commit_hints.log,1101.0,2511.020971,exact,LAZY_COMMIT_HINTS,True,False,False,False,False,False,False,False,True,False,False,False,True,False,,,case3375wp,3375,2017-03-15,TIME_LIMIT,3612.020971,85.450629,1,True,False,True
2026-05-09 20:54:27,paper_m4pro_fullmodes_2026-04-29,TEST::LAZY_COMMIT_HINTS::matpower/case3375wp/2017-05-15::3600,TEST,matpower/case3375wp,matpower/case3375wp/2017-05-15,LAZY_COMMIT_HINTS,LAZY,3600,0.05,TIME_LIMIT,9.0,3612.692023,3612.692023,0.59982259,56738429.517251,22705437.718584,1854.0,1,OK,OK,1.22297533e-06,2.23517418e-07,1,1,0.0,1029456.0,793656.0,1029456.0,793656.0,0.0,0.0,,,,,,,0.0,136187.0,0.0,0.0,0.0,0.0,0.0,0.0,0.0,0.0,0.0,0.0,0.0,results/paper_m4pro_fullmodes_2026-04-29/solutions/test/lazy_commit_hints/matpower/case3375wp/2017-05-15.json,,,results/paper_m4pro_fullmodes_2026-04-29/results.csv,,,3612.692023,,,,LAZY_COMMIT_HINTS,LAZY_COMMIT_HINTS,2026-05-09 20:54:27,results/paper_m4pro_fullmodes_2026-04-29/logs/gurobi/test/matpower_case3375wp_2017-05-15__lazy_commit_hints.log,1090.0,2522.692023,exact,LAZY_COMMIT_HINTS,True,False,False,False,False,False,False,False,True,False,False,False,True,False,,,case3375wp,3375,2017-05-15,TIME_LIMIT,3612.692023,59.982259000000006,1,True,False,True
2026-05-09 21:54:46,paper_m4pro_fullmodes_2026-04-29,TEST::LAZY_COMMIT_HINTS::matpower/case3375wp/2017-07-15::3600,TEST,matpower/case3375wp,matpower/case3375wp/2017-07-15,LAZY_COMMIT_HINTS,LAZY,3600,0.05,TIME_LIMIT,9.0,3618.939186,3618.939186,0.85489373,242209575.987153,35146128.027549,1.0,1,OK,OK,4.13912694e-07,5.96046448e-07,1,1,0.0,1031904.0,796104.0,1031904.0,796104.0,0.0,0.0,,,,,,,0.0,2737403.0,0.0,0.0,0.0,0.0,0.0,0.0,0.0,0.0,0.0,0.0,0.0,results/paper_m4pro_fullmodes_2026-04-29/solutions/test/lazy_commit_hints/matpower/case3375wp/2017-07-15.json,,,results/paper_m4pro_fullmodes_2026-04-29/results.csv,,,3618.939186,,,,LAZY_COMMIT_HINTS,LAZY_COMMIT_HINTS,2026-05-09 21:54:46,results/paper_m4pro_fullmodes_2026-04-29/logs/gurobi/test/matpower_case3375wp_2017-07-15__lazy_commit_hints.log,1165.0,2453.939186,exact,LAZY_COMMIT_HINTS,True,False,False,False,False,False,False,False,True,False,False,False,True,False,,,case3375wp,3375,2017-07-15,TIME_LIMIT,3618.939186,85.489373,1,True,False,True
2026-05-09 22:54:59,paper_m4pro_fullmodes_2026-04-29,TEST::LAZY_COMMIT_HINTS::matpower/case3375wp/2017-09-15::3600,TEST,matpower/case3375wp,matpower/case3375wp/2017-09-15,LAZY_COMMIT_HINTS,LAZY,3600,0.05,TIME_LIMIT,9.0,3612.679864,3612.679864,0.70132162,95556661.367359,28540708.926958,867.0,1,OK,OK,5.41803828e-07,8.19563866e-07,1,1,0.0,1031904.0,796104.0,1031904.0,796104.0,0.0,0.0,,,,,,,0.0,367205.0,0.0,0.0,0.0,0.0,0.0,0.0,0.0,0.0,0.0,0.0,0.0,results/paper_m4pro_fullmodes_2026-04-29/solutions/test/lazy_commit_hints/matpower/case3375wp/2017-09-15.json,,,results/paper_m4pro_fullmodes_2026-04-29/results.csv,,,3612.679864,,,,LAZY_COMMIT_HINTS,LAZY_COMMIT_HINTS,2026-05-09 22:54:59,results/paper_m4pro_fullmodes_2026-04-29/logs/gurobi/test/matpower_case3375wp_2017-09-15__lazy_commit_hints.log,1154.0,2458.679864,exact,LAZY_COMMIT_HINTS,True,False,False,False,False,False,False,False,True,False,False,False,True,False,,,case3375wp,3375,2017-09-15,TIME_LIMIT,3612.679864,70.132162,1,True,False,True
2026-05-09 23:55:12,paper_m4pro_fullmodes_2026-04-29,TEST::LAZY_COMMIT_HINTS::matpower/case3375wp/2017-11-15::3600,TEST,matpower/case3375wp,matpower/case3375wp/2017-11-15,LAZY_COMMIT_HINTS,LAZY,3600,0.05,TIME_LIMIT,9.0,3612.709395,3612.709395,0.7873222,141433591.833783,30079784.901193,395.0,1,OK,OK,6.01902765e-07,5.66244125e-07,1,1,0.0,1031904.0,796104.0,1031904.0,796104.0,0.0,0.0,,,,,,,0.0,1689669.0,0.0,0.0,0.0,0.0,0.0,0.0,0.0,0.0,0.0,0.0,0.0,results/paper_m4pro_fullmodes_2026-04-29/solutions/test/lazy_commit_hints/matpower/case3375wp/2017-11-15.json,,,results/paper_m4pro_fullmodes_2026-04-29/results.csv,,,3612.709395,,,,LAZY_COMMIT_HINTS,LAZY_COMMIT_HINTS,2026-05-09 23:55:12,results/paper_m4pro_fullmodes_2026-04-29/logs/gurobi/test/matpower_case3375wp_2017-11-15__lazy_commit_hints.log,1231.0,2381.709395,exact,LAZY_COMMIT_HINTS,True,False,False,False,False,False,False,False,True,False,False,False,True,False,,,case3375wp,3375,2017-11-15,TIME_LIMIT,3612.709395,78.73222,1,True,False,True
2026-05-10 00:58:35,paper_m4pro_fullmodes_2026-04-29,TEST::WARM_LAZY_GRU::matpower/case3375wp/2017-01-15::3600,TEST,matpower/case3375wp,matpower/case3375wp/2017-01-15,WARM_LAZY_GRU,WARM_LAZY,3600,0.05,TIME_LIMIT,9.0,3802.360742,3802.360742,0.74584788,140098288.758629,35606277.105285,258.0,1,OK,OK,5.21797357e-07,3.57627869e-07,1,1,0.0,1032048.0,796248.0,1032048.0,796248.0,910584.0,0.0,,,,,,,0.0,1421697.0,0.0,0.0,0.0,0.0,0.0,0.0,0.0,0.0,0.0,0.0,0.0,results/paper_m4pro_fullmodes_2026-04-29/solutions/test/warm_lazy_gru/matpower/case3375wp/2017-01-15.json,,,results/paper_m4pro_fullmodes_2026-04-29/results.csv,,,3802.360742,,,,WARM_LAZY_GRU,WARM_LAZY_GRU,2026-05-10 00:58:35,results/paper_m4pro_fullmodes_2026-04-29/logs/gurobi/test/matpower_case3375wp_2017-01-15__warm_lazy_gru.log,1105.0,2697.360742,exact,WARM_LAZY_GRU,True,False,False,False,False,False,False,False,False,True,False,False,True,False,,,case3375wp,3375,2017-01-15,TIME_LIMIT,3802.360742,74.584788,1,True,False,True
2026-05-10 02:01:55,paper_m4pro_fullmodes_2026-04-29,TEST::WARM_LAZY_GRU::matpower/case3375wp/2017-03-15::3600,TEST,matpower/case3375wp,matpower/case3375wp/2017-03-15,WARM_LAZY_GRU,WARM_LAZY,3600,0.05,TIME_LIMIT,9.0,3799.714253,3799.714253,0.86254041,281761685.353935,38730846.390666,72.0,1,OK,OK,5.7688333e-07,8.34465027e-07,1,1,0.0,1029456.0,793656.0,1029456.0,793656.0,907992.0,0.0,,,,,,,0.0,2044142.0,0.0,0.0,0.0,0.0,0.0,0.0,0.0,0.0,0.0,0.0,0.0,results/paper_m4pro_fullmodes_2026-04-29/solutions/test/warm_lazy_gru/matpower/case3375wp/2017-03-15.json,,,results/paper_m4pro_fullmodes_2026-04-29/results.csv,,,3799.714253,,,,WARM_LAZY_GRU,WARM_LAZY_GRU,2026-05-10 02:01:55,results/paper_m4pro_fullmodes_2026-04-29/logs/gurobi/test/matpower_case3375wp_2017-03-15__warm_lazy_gru.log,1105.0,2694.714253,exact,WARM_LAZY_GRU,True,False,False,False,False,False,False,False,False,True,False,False,True,False,,,case3375wp,3375,2017-03-15,TIME_LIMIT,3799.714253,86.254041,1,True,False,True
2026-05-10 03:05:09,paper_m4pro_fullmodes_2026-04-29,TEST::WARM_LAZY_GRU::matpower/case3375wp/2017-05-15::3600,TEST,matpower/case3375wp,matpower/case3375wp/2017-05-15,WARM_LAZY_GRU,WARM_LAZY,3600,0.05,TIME_LIMIT,9.0,3793.426275,3793.426275,,,22832500.105192,815.0,0,,,,,0,1,0.0,1029456.0,793656.0,1029456.0,793656.0,907992.0,0.0,,,,,,,0.0,402604.0,0.0,0.0,0.0,0.0,0.0,0.0,0.0,0.0,0.0,0.0,0.0,,,,results/paper_m4pro_fullmodes_2026-04-29/results.csv,,,3793.426275,,,,WARM_LAZY_GRU,WARM_LAZY_GRU,2026-05-10 03:05:09,results/paper_m4pro_fullmodes_2026-04-29/logs/gurobi/test/matpower_case3375wp_2017-05-15__warm_lazy_gru.log,1083.0,2710.426275,exact,WARM_LAZY_GRU,True,False,False,False,False,False,False,False,False,True,False,False,True,False,,,case3375wp,3375,2017-05-15,TIME_LIMIT,3793.426275,,0,False,False,True
2026-05-10 04:08:29,paper_m4pro_fullmodes_2026-04-29,TEST::WARM_LAZY_GRU::matpower/case3375wp/2017-07-15::3600,TEST,matpower/case3375wp,matpower/case3375wp/2017-07-15,WARM_LAZY_GRU,WARM_LAZY,3600,0.05,TIME_LIMIT,9.0,3799.783859,3799.783859,0.87837694,285872751.429696,34768718.721544,115.0,1,OK,OK,5.9802975e-07,4.17232513e-07,1,1,0.0,1031904.0,796104.0,1031904.0,796104.0,910440.0,0.0,,,,,,,0.0,1873912.0,0.0,0.0,0.0,0.0,0.0,0.0,0.0,0.0,0.0,0.0,0.0,results/paper_m4pro_fullmodes_2026-04-29/solutions/test/warm_lazy_gru/matpower/case3375wp/2017-07-15.json,,,results/paper_m4pro_fullmodes_2026-04-29/results.csv,,,3799.783859,,,,WARM_LAZY_GRU,WARM_LAZY_GRU,2026-05-10 04:08:29,results/paper_m4pro_fullmodes_2026-04-29/logs/gurobi/test/matpower_case3375wp_2017-07-15__warm_lazy_gru.log,1168.0,2631.783859,exact,WARM_LAZY_GRU,True,False,False,False,False,False,False,False,False,True,False,False,True,False,,,case3375wp,3375,2017-07-15,TIME_LIMIT,3799.783859,87.837694,1,True,False,True
2026-05-10 05:11:52,paper_m4pro_fullmodes_2026-04-29,TEST::WARM_LAZY_GRU::matpower/case3375wp/2017-09-15::3600,TEST,matpower/case3375wp,matpower/case3375wp/2017-09-15,WARM_LAZY_GRU,WARM_LAZY,3600,0.05,TIME_LIMIT,9.0,3803.383528,3803.383528,0.90401058,295911988.98514,28404418.806963,145.0,1,OK,OK,6.89765457e-07,8.34465027e-07,1,1,0.0,1031904.0,796104.0,1031904.0,796104.0,910440.0,0.0,,,,,,,0.0,3477827.0,0.0,0.0,0.0,0.0,0.0,0.0,0.0,0.0,0.0,0.0,0.0,results/paper_m4pro_fullmodes_2026-04-29/solutions/test/warm_lazy_gru/matpower/case3375wp/2017-09-15.json,,,results/paper_m4pro_fullmodes_2026-04-29/results.csv,,,3803.383528,,,,WARM_LAZY_GRU,WARM_LAZY_GRU,2026-05-10 05:11:52,results/paper_m4pro_fullmodes_2026-04-29/logs/gurobi/test/matpower_case3375wp_2017-09-15__warm_lazy_gru.log,1156.0,2647.383528,exact,WARM_LAZY_GRU,True,False,False,False,False,False,False,False,False,True,False,False,True,False,,,case3375wp,3375,2017-09-15,TIME_LIMIT,3803.383528,90.401058,1,True,False,True
2026-05-10 06:15:15,paper_m4pro_fullmodes_2026-04-29,TEST::WARM_LAZY_GRU::matpower/case3375wp/2017-11-15::3600,TEST,matpower/case3375wp,matpower/case3375wp/2017-11-15,WARM_LAZY_GRU,WARM_LAZY,3600,0.05,TIME_LIMIT,9.0,3801.670594,3801.670594,0.78256859,137510444.414144,29899090.07272,222.0,1,OK,OK,1.08506965e-06,2.98023224e-07,1,1,0.0,1031904.0,796104.0,1031904.0,796104.0,910440.0,0.0,,,,,,,0.0,900259.0,0.0,0.0,0.0,0.0,0.0,0.0,0.0,0.0,0.0,0.0,0.0,results/paper_m4pro_fullmodes_2026-04-29/solutions/test/warm_lazy_gru/matpower/case3375wp/2017-11-15.json,,,results/paper_m4pro_fullmodes_2026-04-29/results.csv,,,3801.670594,,,,WARM_LAZY_GRU,WARM_LAZY_GRU,2026-05-10 06:15:15,results/paper_m4pro_fullmodes_2026-04-29/logs/gurobi/test/matpower_case3375wp_2017-11-15__warm_lazy_gru.log,1224.0,2577.670594,exact,WARM_LAZY_GRU,True,False,False,False,False,False,False,False,False,True,False,False,True,False,,,case3375wp,3375,2017-11-15,TIME_LIMIT,3801.670594,78.256859,1,True,False,True
2026-05-10 07:09:53,paper_m4pro_fullmodes_2026-04-29,TEST::STREDUCE_LAZY_GRU::matpower/case3375wp/2017-01-15::3600,TEST,matpower/case3375wp,matpower/case3375wp/2017-01-15,STREDUCE_LAZY_GRU,STREDUCE_LAZY,3600,0.05,SKIPPED_TOO_LARGE,,,3277.558016,,,,,0,,,,,0,1,4.144975,1032048.0,389451857.0,1032048.0,389451857.0,,,,,,,,0.0,388648584.0,,,,,,,,,,,,,,,"Skipped STREDUCE_LAZY_GRU on matpower/case3375wp: model too large before optimize (vars=1032048, constrs=389451857, nonzeros=1168473534; limits constrs<=3000000, nonzeros<=12000000). Raise PAPER_MAX_LARGE_TEST_MODEL_CONSTRS/PAPER_MAX_LARGE_TEST_MODEL_NONZEROS to force it.",results/paper_m4pro_fullmodes_2026-04-29/results.csv,,,,,,,STREDUCE_LAZY_GRU,STREDUCE_LAZY_GRU,2026-05-10 07:09:53,results/paper_m4pro_fullmodes_2026-04-29/logs/gurobi/test/matpower_case3375wp_2017-01-15__streduce_lazy_gru.log,,,heuristic,STREDUCE_LAZY_GRU,True,False,False,False,False,False,True,False,False,True,False,True,False,False,,,case3375wp,3375,2017-01-15,SKIPPED_TOO_LARGE,,,0,False,True,False
2026-05-10 08:03:02,paper_m4pro_fullmodes_2026-04-29,TEST::STREDUCE_LAZY_GRU::matpower/case3375wp/2017-03-15::3600,TEST,matpower/case3375wp,matpower/case3375wp/2017-03-15,STREDUCE_LAZY_GRU,STREDUCE_LAZY,3600,0.05,SKIPPED_TOO_LARGE,,,3183.161876,,,,,0,,,,,0,1,4.750727,1029456.0,389450028.0,1029456.0,389450028.0,,,,,,,,0.0,388648584.0,,,,,,,,,,,,,,,"Skipped STREDUCE_LAZY_GRU on matpower/case3375wp: model too large before optimize (vars=1029456, constrs=389450028, nonzeros=1168450465; limits constrs<=3000000, nonzeros<=12000000). Raise PAPER_MAX_LARGE_TEST_MODEL_CONSTRS/PAPER_MAX_LARGE_TEST_MODEL_NONZEROS to force it.",results/paper_m4pro_fullmodes_2026-04-29/results.csv,,,,,,,STREDUCE_LAZY_GRU,STREDUCE_LAZY_GRU,2026-05-10 08:03:02,results/paper_m4pro_fullmodes_2026-04-29/logs/gurobi/test/matpower_case3375wp_2017-03-15__streduce_lazy_gru.log,,,heuristic,STREDUCE_LAZY_GRU,True,False,False,False,False,False,True,False,False,True,False,True,False,False,,,case3375wp,3375,2017-03-15,SKIPPED_TOO_LARGE,,,0,False,True,False
2026-05-10 11:18:05,paper_m4pro_fullmodes_2026-04-29,TEST::STREDUCE_LAZY_GRU::matpower/case3375wp/2017-05-15::3600,TEST,matpower/case3375wp,matpower/case3375wp/2017-05-15,STREDUCE_LAZY_GRU,STREDUCE_LAZY,3600,0.05,SKIPPED_TOO_LARGE,,,11697.679443,,,,,0,,,,,0,1,4.86258,1029456.0,389449691.0,1029456.0,389449691.0,,,,,,,,0.0,388648584.0,,,,,,,,,,,,,,,"Skipped STREDUCE_LAZY_GRU on matpower/case3375wp: model too large before optimize (vars=1029456, constrs=389449691, nonzeros=1168450128; limits constrs<=3000000, nonzeros<=12000000). Raise PAPER_MAX_LARGE_TEST_MODEL_CONSTRS/PAPER_MAX_LARGE_TEST_MODEL_NONZEROS to force it.",results/paper_m4pro_fullmodes_2026-04-29/results.csv,,,,,,,STREDUCE_LAZY_GRU,STREDUCE_LAZY_GRU,2026-05-10 11:18:05,results/paper_m4pro_fullmodes_2026-04-29/logs/gurobi/test/matpower_case3375wp_2017-05-15__streduce_lazy_gru.log,,,heuristic,STREDUCE_LAZY_GRU,True,False,False,False,False,False,True,False,False,True,False,True,False,False,,,case3375wp,3375,2017-05-15,SKIPPED_TOO_LARGE,,,0,False,True,False
2026-05-10 12:12:33,paper_m4pro_fullmodes_2026-04-29,TEST::STREDUCE_LAZY_GRU::matpower/case3375wp/2017-07-15::3600,TEST,matpower/case3375wp,matpower/case3375wp/2017-07-15,STREDUCE_LAZY_GRU,STREDUCE_LAZY,3600,0.05,SKIPPED_TOO_LARGE,,,3262.392559,,,,,0,,,,,0,1,4.734466,1031904.0,389453149.0,1031904.0,389453149.0,,,,,,,,0.0,388648584.0,,,,,,,,,,,,,,,"Skipped STREDUCE_LAZY_GRU on matpower/case3375wp: model too large before optimize (vars=1031904, constrs=389453149, nonzeros=1168480081; limits constrs<=3000000, nonzeros<=12000000). Raise PAPER_MAX_LARGE_TEST_MODEL_CONSTRS/PAPER_MAX_LARGE_TEST_MODEL_NONZEROS to force it.",results/paper_m4pro_fullmodes_2026-04-29/results.csv,,,,,,,STREDUCE_LAZY_GRU,STREDUCE_LAZY_GRU,2026-05-10 12:12:33,results/paper_m4pro_fullmodes_2026-04-29/logs/gurobi/test/matpower_case3375wp_2017-07-15__streduce_lazy_gru.log,,,heuristic,STREDUCE_LAZY_GRU,True,False,False,False,False,False,True,False,False,True,False,True,False,False,,,case3375wp,3375,2017-07-15,SKIPPED_TOO_LARGE,,,0,False,True,False
2026-05-10 13:06:24,paper_m4pro_fullmodes_2026-04-29,TEST::STREDUCE_LAZY_GRU::matpower/case3375wp/2017-09-15::3600,TEST,matpower/case3375wp,matpower/case3375wp/2017-09-15,STREDUCE_LAZY_GRU,STREDUCE_LAZY,3600,0.05,SKIPPED_TOO_LARGE,,,3224.338285,,,,,0,,,,,0,1,5.052692,1031904.0,389452285.0,1031904.0,389452285.0,,,,,,,,0.0,388648584.0,,,,,,,,,,,,,,,"Skipped STREDUCE_LAZY_GRU on matpower/case3375wp: model too large before optimize (vars=1031904, constrs=389452285, nonzeros=1168478931; limits constrs<=3000000, nonzeros<=12000000). Raise PAPER_MAX_LARGE_TEST_MODEL_CONSTRS/PAPER_MAX_LARGE_TEST_MODEL_NONZEROS to force it.",results/paper_m4pro_fullmodes_2026-04-29/results.csv,,,,,,,STREDUCE_LAZY_GRU,STREDUCE_LAZY_GRU,2026-05-10 13:06:24,results/paper_m4pro_fullmodes_2026-04-29/logs/gurobi/test/matpower_case3375wp_2017-09-15__streduce_lazy_gru.log,,,heuristic,STREDUCE_LAZY_GRU,True,False,False,False,False,False,True,False,False,True,False,True,False,False,,,case3375wp,3375,2017-09-15,SKIPPED_TOO_LARGE,,,0,False,True,False
2026-05-10 14:00:41,paper_m4pro_fullmodes_2026-04-29,TEST::STREDUCE_LAZY_GRU::matpower/case3375wp/2017-11-15::3600,TEST,matpower/case3375wp,matpower/case3375wp/2017-11-15,STREDUCE_LAZY_GRU,STREDUCE_LAZY,3600,0.05,SKIPPED_TOO_LARGE,,,3251.238154,,,,,0,,,,,0,1,4.806844,1031904.0,389451820.0,1031904.0,389451820.0,,,,,,,,0.0,388648584.0,,,,,,,,,,,,,,,"Skipped STREDUCE_LAZY_GRU on matpower/case3375wp: model too large before optimize (vars=1031904, constrs=389451820, nonzeros=1168478466; limits constrs<=3000000, nonzeros<=12000000). Raise PAPER_MAX_LARGE_TEST_MODEL_CONSTRS/PAPER_MAX_LARGE_TEST_MODEL_NONZEROS to force it.",results/paper_m4pro_fullmodes_2026-04-29/results.csv,,,,,,,STREDUCE_LAZY_GRU,STREDUCE_LAZY_GRU,2026-05-10 14:00:41,results/paper_m4pro_fullmodes_2026-04-29/logs/gurobi/test/matpower_case3375wp_2017-11-15__streduce_lazy_gru.log,,,heuristic,STREDUCE_LAZY_GRU,True,False,False,False,False,False,True,False,False,True,False,True,False,False,,,case3375wp,3375,2017-11-15,SKIPPED_TOO_LARGE,,,0,False,True,False
2026-05-10 15:01:01,paper_m4pro_fullmodes_2026-04-29,TEST::LAZY_BANDIT::matpower/case3375wp/2017-01-15::3600,TEST,matpower/case3375wp,matpower/case3375wp/2017-01-15,LAZY_BANDIT,LAZY,3600,0.05,TIME_LIMIT,9.0,3613.592706,3613.592706,0.63445217,86897406.669745,31765158.023125,350.0,1,FAIL,C120,387.948964,2.5331974e-07,0,1,0.0,1032048.0,796248.0,1032048.0,796248.0,0.0,0.0,,,,,,,0.0,1024.0,0.0,0.0,0.0,0.0,0.0,0.0,0.0,0.0,0.0,0.0,0.0,results/paper_m4pro_fullmodes_2026-04-29/solutions/test/lazy_bandit/matpower/case3375wp/2017-01-15.json,,,results/paper_m4pro_fullmodes_2026-04-29/results.csv,,,3613.592706,,,,LAZY_BANDIT,LAZY_BANDIT,2026-05-10 15:01:01,results/paper_m4pro_fullmodes_2026-04-29/logs/gurobi/test/matpower_case3375wp_2017-01-15__lazy_bandit.log,1102.0,2511.592706,exact,LAZY_BANDIT,True,False,False,False,False,False,False,False,False,False,True,False,True,False,,,case3375wp,3375,2017-01-15,TIME_LIMIT,3613.592706,63.445217,0,False,False,True
2026-05-10 16:01:13,paper_m4pro_fullmodes_2026-04-29,TEST::LAZY_BANDIT::matpower/case3375wp/2017-03-15::3600,TEST,matpower/case3375wp,matpower/case3375wp/2017-03-15,LAZY_BANDIT,LAZY,3600,0.05,TIME_LIMIT,9.0,3612.022398,3612.022398,0.63668553,91187070.41607,33129582.490954,574.0,1,FAIL,C120,434.414024,1.93715096e-07,0,1,0.0,1029456.0,793656.0,1029456.0,793656.0,0.0,0.0,,,,,,,0.0,768.0,0.0,0.0,0.0,0.0,0.0,0.0,0.0,0.0,0.0,0.0,0.0,results/paper_m4pro_fullmodes_2026-04-29/solutions/test/lazy_bandit/matpower/case3375wp/2017-03-15.json,,,results/paper_m4pro_fullmodes_2026-04-29/results.csv,,,3612.022398,,,,LAZY_BANDIT,LAZY_BANDIT,2026-05-10 16:01:13,results/paper_m4pro_fullmodes_2026-04-29/logs/gurobi/test/matpower_case3375wp_2017-03-15__lazy_bandit.log,1092.0,2520.022398,exact,LAZY_BANDIT,True,False,False,False,False,False,False,False,False,False,True,False,True,False,,,case3375wp,3375,2017-03-15,TIME_LIMIT,3612.022398,63.668553,0,False,False,True
2026-05-10 18:11:34,paper_m4pro_fullmodes_2026-04-29,TEST::LAZY_BANDIT::matpower/case3375wp/2017-05-15::3600,TEST,matpower/case3375wp,matpower/case3375wp/2017-05-15,LAZY_BANDIT,LAZY,3600,0.05,TIME_LIMIT,9.0,7820.957155,7820.957155,,,18846692.549189,862.0,0,,,,,0,1,0.0,1029456.0,793656.0,1029456.0,793656.0,0.0,0.0,,,,,,,0.0,512.0,0.0,0.0,0.0,0.0,0.0,0.0,0.0,0.0,0.0,0.0,0.0,,,,results/paper_m4pro_fullmodes_2026-04-29/results.csv,,,7820.957155,,,,LAZY_BANDIT,LAZY_BANDIT,2026-05-10 18:11:34,results/paper_m4pro_fullmodes_2026-04-29/logs/gurobi/test/matpower_case3375wp_2017-05-15__lazy_bandit.log,1088.0,6732.957155,exact,LAZY_BANDIT,True,False,False,False,False,False,False,False,False,False,True,False,True,False,,,case3375wp,3375,2017-05-15,TIME_LIMIT,7820.957155,,0,False,False,True
2026-05-10 19:15:56,paper_m4pro_fullmodes_2026-04-29,TEST::LAZY_BANDIT::matpower/case3375wp/2017-07-15::3600,TEST,matpower/case3375wp,matpower/case3375wp/2017-07-15,LAZY_BANDIT,LAZY,3600,0.05,TIME_LIMIT,9.0,3861.400705,3861.400705,0.74460372,116882981.164388,29851478.51805,530.0,1,FAIL,C120,456.20444,4.47034836e-08,0,1,0.0,1031904.0,796104.0,1031904.0,796104.0,0.0,0.0,,,,,,,0.0,896.0,0.0,0.0,0.0,0.0,0.0,0.0,0.0,0.0,0.0,0.0,0.0,results/paper_m4pro_fullmodes_2026-04-29/solutions/test/lazy_bandit/matpower/case3375wp/2017-07-15.json,,,results/paper_m4pro_fullmodes_2026-04-29/results.csv,,,3861.400705,,,,LAZY_BANDIT,LAZY_BANDIT,2026-05-10 19:15:56,results/paper_m4pro_fullmodes_2026-04-29/logs/gurobi/test/matpower_case3375wp_2017-07-15__lazy_bandit.log,1114.0,2747.400705,exact,LAZY_BANDIT,True,False,False,False,False,False,False,False,False,False,True,False,True,False,,,case3375wp,3375,2017-07-15,TIME_LIMIT,3861.400705,74.46037199999999,0,False,False,True
2026-05-10 20:16:04,paper_m4pro_fullmodes_2026-04-29,TEST::LAZY_BANDIT::matpower/case3375wp/2017-09-15::3600,TEST,matpower/case3375wp,matpower/case3375wp/2017-09-15,LAZY_BANDIT,LAZY,3600,0.05,TIME_LIMIT,9.0,3607.448291,3607.448291,,,24508047.96465,733.0,0,,,,,0,1,0.0,1031904.0,796104.0,1031904.0,796104.0,0.0,0.0,,,,,,,0.0,192.0,0.0,0.0,0.0,0.0,0.0,0.0,0.0,0.0,0.0,0.0,0.0,,,,results/paper_m4pro_fullmodes_2026-04-29/results.csv,,,3607.448291,,,,LAZY_BANDIT,LAZY_BANDIT,2026-05-10 20:16:04,results/paper_m4pro_fullmodes_2026-04-29/logs/gurobi/test/matpower_case3375wp_2017-09-15__lazy_bandit.log,1140.0,2467.448291,exact,LAZY_BANDIT,True,False,False,False,False,False,False,False,False,False,True,False,True,False,,,case3375wp,3375,2017-09-15,TIME_LIMIT,3607.448291,,0,False,False,True
2026-05-10 21:16:12,paper_m4pro_fullmodes_2026-04-29,TEST::LAZY_BANDIT::matpower/case3375wp/2017-11-15::3600,TEST,matpower/case3375wp,matpower/case3375wp/2017-11-15,LAZY_BANDIT,LAZY,3600,0.05,TIME_LIMIT,9.0,3607.580777,3607.580777,,,24637374.927682,1017.0,0,,,,,0,1,0.0,1031904.0,796104.0,1031904.0,796104.0,0.0,0.0,,,,,,,0.0,448.0,0.0,0.0,0.0,0.0,0.0,0.0,0.0,0.0,0.0,0.0,0.0,,,,results/paper_m4pro_fullmodes_2026-04-29/results.csv,,,3607.580777,,,,LAZY_BANDIT,LAZY_BANDIT,2026-05-10 21:16:12,results/paper_m4pro_fullmodes_2026-04-29/logs/gurobi/test/matpower_case3375wp_2017-11-15__lazy_bandit.log,1214.0,2393.580777,exact,LAZY_BANDIT,True,False,False,False,False,False,False,False,False,False,True,False,True,False,,,case3375wp,3375,2017-11-15,TIME_LIMIT,3607.580777,,0,False,False,True
2026-05-10 22:20:24,paper_m4pro_fullmodes_2026-04-29,TEST::WARM_PRUNE_LAZY_T030::matpower/case3375wp/2017-01-15::3600,TEST,matpower/case3375wp,matpower/case3375wp/2017-01-15,WARM_PRUNE_LAZY_T030,WARM_PRUNE_LAZY,3600,0.05,TIME_LIMIT,9.0,3852.265918,3852.265918,0.77793126,160900274.287869,35730920.979776,298.0,1,FAIL,C120,2.06728037,5.96046448e-07,0,1,53.860248,1032048.0,796248.0,1032048.0,796248.0,910584.0,0.0,388648584.0,8569656.0,0.02205,11209583.0,0.028842,,0.0,2639927.0,0.0,0.0,0.0,0.0,0.0,0.0,0.0,0.0,0.0,0.0,0.0,results/paper_m4pro_fullmodes_2026-04-29/solutions/test/warm_prune_lazy_t030/matpower/case3375wp/2017-01-15.json,,,results/paper_m4pro_fullmodes_2026-04-29/results.csv,,,3852.265918,,,,WARM_PRUNE_LAZY_T030,WARM_PRUNE_LAZY_T030,2026-05-10 22:20:24,results/paper_m4pro_fullmodes_2026-04-29/logs/gurobi/test/matpower_case3375wp_2017-01-15__warm_prune_lazy_t030.log,1081.0,2771.265918,heuristic,WARM_PRUNE_LAZY_T030,True,True,False,False,False,False,False,False,False,False,False,True,False,False,,,case3375wp,3375,2017-01-15,TIME_LIMIT,3852.265918,77.793126,0,False,False,True
2026-05-10 23:24:38,paper_m4pro_fullmodes_2026-04-29,TEST::WARM_PRUNE_LAZY_T030::matpower/case3375wp/2017-03-15::3600,TEST,matpower/case3375wp,matpower/case3375wp/2017-03-15,WARM_PRUNE_LAZY_T030,WARM_PRUNE_LAZY,3600,0.05,TIME_LIMIT,9.0,3853.928525,3853.928525,0.81196365,201493920.391597,37888181.454668,304.0,1,FAIL,C120,90.3125397,9.53674316e-07,0,1,54.542996,1029456.0,793656.0,1029456.0,793656.0,907992.0,0.0,388648584.0,8569656.0,0.02205,10926914.0,0.028115,,0.0,2357258.0,0.0,0.0,0.0,0.0,0.0,0.0,0.0,0.0,0.0,0.0,0.0,results/paper_m4pro_fullmodes_2026-04-29/solutions/test/warm_prune_lazy_t030/matpower/case3375wp/2017-03-15.json,,,results/paper_m4pro_fullmodes_2026-04-29/results.csv,,,3853.928525,,,,WARM_PRUNE_LAZY_T030,WARM_PRUNE_LAZY_T030,2026-05-10 23:24:38,results/paper_m4pro_fullmodes_2026-04-29/logs/gurobi/test/matpower_case3375wp_2017-03-15__warm_prune_lazy_t030.log,1090.0,2763.928525,heuristic,WARM_PRUNE_LAZY_T030,True,True,False,False,False,False,False,False,False,False,False,True,False,False,,,case3375wp,3375,2017-03-15,TIME_LIMIT,3853.928525,81.196365,0,False,False,True
2026-05-11 00:28:48,paper_m4pro_fullmodes_2026-04-29,TEST::WARM_PRUNE_LAZY_T030::matpower/case3375wp/2017-05-15::3600,TEST,matpower/case3375wp,matpower/case3375wp/2017-05-15,WARM_PRUNE_LAZY_T030,WARM_PRUNE_LAZY,3600,0.05,TIME_LIMIT,9.0,3849.304228,3849.304228,,,22711091.144631,848.0,0,,,,,0,1,54.523017,1029456.0,793656.0,1029456.0,793656.0,907992.0,0.0,388648584.0,8569656.0,0.02205,9633268.0,0.024787,,0.0,1063612.0,0.0,0.0,0.0,0.0,0.0,0.0,0.0,0.0,0.0,0.0,0.0,,,,results/paper_m4pro_fullmodes_2026-04-29/results.csv,,,3849.304228,,,,WARM_PRUNE_LAZY_T030,WARM_PRUNE_LAZY_T030,2026-05-11 00:28:48,results/paper_m4pro_fullmodes_2026-04-29/logs/gurobi/test/matpower_case3375wp_2017-05-15__warm_prune_lazy_t030.log,1111.0,2738.304228,heuristic,WARM_PRUNE_LAZY_T030,True,True,False,False,False,False,False,False,False,False,False,True,False,False,,,case3375wp,3375,2017-05-15,TIME_LIMIT,3849.304228,,0,False,False,True
2026-05-11 01:33:04,paper_m4pro_fullmodes_2026-04-29,TEST::WARM_PRUNE_LAZY_T030::matpower/case3375wp/2017-07-15::3600,TEST,matpower/case3375wp,matpower/case3375wp/2017-07-15,WARM_PRUNE_LAZY_T030,WARM_PRUNE_LAZY,3600,0.05,TIME_LIMIT,9.0,3855.413502,3855.413502,0.84185768,220812062.441633,34919731.264703,224.0,1,OK,OK,3.68555575e-07,2.98023224e-08,1,1,54.52772,1031904.0,796104.0,1031904.0,796104.0,910440.0,0.0,388648584.0,9557424.0,0.024591,11094186.0,0.028546,,0.0,1536762.0,0.0,0.0,0.0,0.0,0.0,0.0,0.0,0.0,0.0,0.0,0.0,results/paper_m4pro_fullmodes_2026-04-29/solutions/test/warm_prune_lazy_t030/matpower/case3375wp/2017-07-15.json,,,results/paper_m4pro_fullmodes_2026-04-29/results.csv,,,3855.413502,,,,WARM_PRUNE_LAZY_T030,WARM_PRUNE_LAZY_T030,2026-05-11 01:33:04,results/paper_m4pro_fullmodes_2026-04-29/logs/gurobi/test/matpower_case3375wp_2017-07-15__warm_prune_lazy_t030.log,1158.0,2697.413502,heuristic,WARM_PRUNE_LAZY_T030,True,True,False,False,False,False,False,False,False,False,False,True,False,False,,,case3375wp,3375,2017-07-15,TIME_LIMIT,3855.413502,84.18576800000001,1,True,False,True
2026-05-11 02:37:18,paper_m4pro_fullmodes_2026-04-29,TEST::WARM_PRUNE_LAZY_T030::matpower/case3375wp/2017-09-15::3600,TEST,matpower/case3375wp,matpower/case3375wp/2017-09-15,WARM_PRUNE_LAZY_T030,WARM_PRUNE_LAZY,3600,0.05,TIME_LIMIT,9.0,3853.681838,3853.681838,0.92066399,358131147.066126,28412694.612574,228.0,1,FAIL,C120,126.83959,1.78813934e-07,0,1,54.388621,1031904.0,796104.0,1031904.0,796104.0,910440.0,0.0,388648584.0,9557424.0,0.024591,16232435.0,0.041766,,0.0,6675011.0,0.0,0.0,0.0,0.0,0.0,0.0,0.0,0.0,0.0,0.0,0.0,results/paper_m4pro_fullmodes_2026-04-29/solutions/test/warm_prune_lazy_t030/matpower/case3375wp/2017-09-15.json,,,results/paper_m4pro_fullmodes_2026-04-29/results.csv,,,3853.681838,,,,WARM_PRUNE_LAZY_T030,WARM_PRUNE_LAZY_T030,2026-05-11 02:37:18,results/paper_m4pro_fullmodes_2026-04-29/logs/gurobi/test/matpower_case3375wp_2017-09-15__warm_prune_lazy_t030.log,1137.0,2716.681838,heuristic,WARM_PRUNE_LAZY_T030,True,True,False,False,False,False,False,False,False,False,False,True,False,False,,,case3375wp,3375,2017-09-15,TIME_LIMIT,3853.681838,92.066399,0,False,False,True
2026-05-11 03:41:33,paper_m4pro_fullmodes_2026-04-29,TEST::WARM_PRUNE_LAZY_T030::matpower/case3375wp/2017-11-15::3600,TEST,matpower/case3375wp,matpower/case3375wp/2017-11-15,WARM_PRUNE_LAZY_T030,WARM_PRUNE_LAZY,3600,0.05,TIME_LIMIT,9.0,3854.406183,3854.406183,0.73775505,114052777.650371,29909764.901986,417.0,1,FAIL,C120,497.235506,2.98023224e-08,0,1,54.349058,1031904.0,796104.0,1031904.0,796104.0,910440.0,0.0,388648584.0,5068008.0,0.01304,6332857.0,0.016295,,0.0,1264849.0,0.0,0.0,0.0,0.0,0.0,0.0,0.0,0.0,0.0,0.0,0.0,results/paper_m4pro_fullmodes_2026-04-29/solutions/test/warm_prune_lazy_t030/matpower/case3375wp/2017-11-15.json,,,results/paper_m4pro_fullmodes_2026-04-29/results.csv,,,3854.406183,,,,WARM_PRUNE_LAZY_T030,WARM_PRUNE_LAZY_T030,2026-05-11 03:41:33,results/paper_m4pro_fullmodes_2026-04-29/logs/gurobi/test/matpower_case3375wp_2017-11-15__warm_prune_lazy_t030.log,1228.0,2626.406183,heuristic,WARM_PRUNE_LAZY_T030,True,True,False,False,False,False,False,False,False,False,False,True,False,False,,,case3375wp,3375,2017-11-15,TIME_LIMIT,3854.406183,73.775505,0,False,False,True
2026-05-11 04:42:38,paper_m4pro_fullmodes_2026-04-29,TEST::LAZY_GNN_T080::matpower/case3375wp/2017-01-15::3600,TEST,matpower/case3375wp,matpower/case3375wp/2017-01-15,LAZY_GNN_T080,LAZY,3600,0.05,TIME_LIMIT,9.0,3665.392053,3665.392053,0.85278473,243001669.672513,35773557.061033,42.0,1,OK,OK,3.08544383e-07,1.07288361e-06,1,1,0.0,1032048.0,796248.0,1032048.0,796248.0,0.0,0.0,,,,,,,0.0,2268990.0,0.0,0.0,0.0,0.0,0.0,0.0,0.0,0.0,0.0,0.0,0.0,results/paper_m4pro_fullmodes_2026-04-29/solutions/test/lazy_gnn_t080/matpower/case3375wp/2017-01-15.json,,,results/paper_m4pro_fullmodes_2026-04-29/results.csv,,,3665.392053,,,,LAZY_GNN_T080,LAZY_GNN_T080,2026-05-11 04:42:38,results/paper_m4pro_fullmodes_2026-04-29/logs/gurobi/test/matpower_case3375wp_2017-01-15__lazy_gnn_t080.log,1100.0,2565.392053,heuristic,LAZY_GNN_T080,True,False,False,False,False,False,False,True,False,False,False,True,False,False,,,case3375wp,3375,2017-01-15,TIME_LIMIT,3665.392053,85.278473,1,True,False,True
2026-05-11 05:42:57,paper_m4pro_fullmodes_2026-04-29,TEST::LAZY_GNN_T080::matpower/case3375wp/2017-03-15::3600,TEST,matpower/case3375wp,matpower/case3375wp/2017-03-15,LAZY_GNN_T080,LAZY,3600,0.05,TIME_LIMIT,9.0,3618.467167,3618.467167,0.86254041,281761685.353935,38730846.390666,79.0,1,OK,OK,5.7688333e-07,8.34465027e-07,1,1,0.0,1029456.0,793656.0,1029456.0,793656.0,0.0,0.0,,,,,,,0.0,2044142.0,0.0,0.0,0.0,0.0,0.0,0.0,0.0,0.0,0.0,0.0,0.0,results/paper_m4pro_fullmodes_2026-04-29/solutions/test/lazy_gnn_t080/matpower/case3375wp/2017-03-15.json,,,results/paper_m4pro_fullmodes_2026-04-29/results.csv,,,3618.467167,,,,LAZY_GNN_T080,LAZY_GNN_T080,2026-05-11 05:42:57,results/paper_m4pro_fullmodes_2026-04-29/logs/gurobi/test/matpower_case3375wp_2017-03-15__lazy_gnn_t080.log,1093.0,2525.467167,heuristic,LAZY_GNN_T080,True,False,False,False,False,False,False,True,False,False,False,True,False,False,,,case3375wp,3375,2017-03-15,TIME_LIMIT,3618.467167,86.254041,1,True,False,True
2026-05-11 06:50:37,paper_m4pro_fullmodes_2026-04-29,TEST::LAZY_GNN_T080::matpower/case3375wp/2017-05-15::3600,TEST,matpower/case3375wp,matpower/case3375wp/2017-05-15,LAZY_GNN_T080,LAZY,3600,0.05,TIME_LIMIT,9.0,4059.599298,4059.599298,,,2011367.900424,1.0,0,,,,,0,1,0.0,1029456.0,793656.0,1029456.0,793656.0,0.0,0.0,,,,,,,0.0,0.0,0.0,0.0,0.0,0.0,0.0,0.0,0.0,0.0,0.0,0.0,0.0,,,,results/paper_m4pro_fullmodes_2026-04-29/results.csv,,,4059.599298,,,,LAZY_GNN_T080,LAZY_GNN_T080,2026-05-11 06:50:37,results/paper_m4pro_fullmodes_2026-04-29/logs/gurobi/test/matpower_case3375wp_2017-05-15__lazy_gnn_t080.log,1705.0,2354.599298,heuristic,LAZY_GNN_T080,True,False,False,False,False,False,False,True,False,False,False,True,False,False,,,case3375wp,3375,2017-05-15,TIME_LIMIT,4059.599298,,0,False,False,True
2026-05-11 07:51:06,paper_m4pro_fullmodes_2026-04-29,TEST::LAZY_GNN_T080::matpower/case3375wp/2017-07-15::3600,TEST,matpower/case3375wp,matpower/case3375wp/2017-07-15,LAZY_GNN_T080,LAZY,3600,0.05,TIME_LIMIT,9.0,3628.068019,3628.068019,0.90609952,376233509.22096,35328508.330972,14.0,1,OK,OK,3.63041892e-07,0.0,1,1,0.0,1031904.0,796104.0,1031904.0,796104.0,0.0,0.0,,,,,,,0.0,2793041.0,0.0,0.0,0.0,0.0,0.0,0.0,0.0,0.0,0.0,0.0,0.0,results/paper_m4pro_fullmodes_2026-04-29/solutions/test/lazy_gnn_t080/matpower/case3375wp/2017-07-15.json,,,results/paper_m4pro_fullmodes_2026-04-29/results.csv,,,3628.068019,,,,LAZY_GNN_T080,LAZY_GNN_T080,2026-05-11 07:51:06,results/paper_m4pro_fullmodes_2026-04-29/logs/gurobi/test/matpower_case3375wp_2017-07-15__lazy_gnn_t080.log,1164.0,2464.068019,heuristic,LAZY_GNN_T080,True,False,False,False,False,False,False,True,False,False,False,True,False,False,,,case3375wp,3375,2017-07-15,TIME_LIMIT,3628.068019,90.609952,1,True,False,True
2026-05-11 08:51:21,paper_m4pro_fullmodes_2026-04-29,TEST::LAZY_GNN_T080::matpower/case3375wp/2017-09-15::3600,TEST,matpower/case3375wp,matpower/case3375wp/2017-09-15,LAZY_GNN_T080,LAZY,3600,0.05,TIME_LIMIT,9.0,3614.888151,3614.888151,,,28528959.859037,429.0,0,,,,,0,1,0.0,1031904.0,796104.0,1031904.0,796104.0,0.0,0.0,,,,,,,0.0,551270.0,0.0,0.0,0.0,0.0,0.0,0.0,0.0,0.0,0.0,0.0,0.0,,,,results/paper_m4pro_fullmodes_2026-04-29/results.csv,,,3614.888151,,,,LAZY_GNN_T080,LAZY_GNN_T080,2026-05-11 08:51:21,results/paper_m4pro_fullmodes_2026-04-29/logs/gurobi/test/matpower_case3375wp_2017-09-15__lazy_gnn_t080.log,1153.0,2461.888151,heuristic,LAZY_GNN_T080,True,False,False,False,False,False,False,True,False,False,False,True,False,False,,,case3375wp,3375,2017-09-15,TIME_LIMIT,3614.888151,,0,False,False,True
2026-05-11 09:52:22,paper_m4pro_fullmodes_2026-04-29,TEST::LAZY_GNN_T080::matpower/case3375wp/2017-11-15::3600,TEST,matpower/case3375wp,matpower/case3375wp/2017-11-15,LAZY_GNN_T080,LAZY,3600,0.05,TIME_LIMIT,9.0,3660.425167,3660.425167,,,29826305.792619,765.0,0,,,,,0,1,0.0,1031904.0,796104.0,1031904.0,796104.0,0.0,0.0,,,,,,,0.0,472589.0,0.0,0.0,0.0,0.0,0.0,0.0,0.0,0.0,0.0,0.0,0.0,,,,results/paper_m4pro_fullmodes_2026-04-29/results.csv,,,3660.425167,,,,LAZY_GNN_T080,LAZY_GNN_T080,2026-05-11 09:52:22,results/paper_m4pro_fullmodes_2026-04-29/logs/gurobi/test/matpower_case3375wp_2017-11-15__lazy_gnn_t080.log,1222.0,2438.425167,heuristic,LAZY_GNN_T080,True,False,False,False,False,False,False,True,False,False,False,True,False,False,,,case3375wp,3375,2017-11-15,TIME_LIMIT,3660.425167,,0,False,False,True
2026-05-13 02:09:38,paper_m4pro_fullmodes_2026-04-29,TEST::LAZY_ALL::matpower/case6515rte/2017-01-15::7200,TEST,matpower/case6515rte,matpower/case6515rte/2017-01-15,LAZY_ALL,LAZY,7200,0.05,OPTIMAL,2.0,3564.30876,3564.30876,0.01359171,86816673.939931,85636687.067589,1.0,1,OK,OK,2.60980784e-08,5.51342964e-07,1,1,0.0,2253492.0,1750644.0,2253492.0,1750644.0,0.0,0.0,,,,,,,0.0,64891.0,0.0,0.0,0.0,0.0,0.0,0.0,0.0,0.0,0.0,0.0,0.0,results/paper_m4pro_fullmodes_2026-04-29/solutions/test/lazy_all/matpower/case6515rte/2017-01-15.json,,,results/paper_m4pro_fullmodes_2026-04-29/results.csv,,,3564.30876,,,,LAZY_ALL,LAZY_ALL,2026-05-13 02:09:38,results/paper_m4pro_fullmodes_2026-04-29/logs/gurobi/test/matpower_case6515rte_2017-01-15__lazy_all.log,2200.0,1364.30876,exact,LAZY_ALL,True,False,False,False,False,False,False,False,False,False,False,False,True,False,,,case6515rte,6515,2017-01-15,OPTIMAL,3564.30876,1.359171,1,True,False,False
2026-05-13 03:07:46,paper_m4pro_fullmodes_2026-04-29,TEST::LAZY_ALL::matpower/case6515rte/2017-03-15::7200,TEST,matpower/case6515rte,matpower/case6515rte/2017-03-15,LAZY_ALL,LAZY,7200,0.05,OPTIMAL,2.0,3487.522906,3487.522906,0.01320757,165830610.392009,163640391.434942,1.0,1,OK,OK,1.91336937e-08,3.57627869e-07,1,1,0.0,2253204.0,1750356.0,2253204.0,1750356.0,0.0,0.0,,,,,,,0.0,211326.0,0.0,0.0,0.0,0.0,0.0,0.0,0.0,0.0,0.0,0.0,0.0,results/paper_m4pro_fullmodes_2026-04-29/solutions/test/lazy_all/matpower/case6515rte/2017-03-15.json,,,results/paper_m4pro_fullmodes_2026-04-29/results.csv,,,3487.522906,,,,LAZY_ALL,LAZY_ALL,2026-05-13 03:07:46,results/paper_m4pro_fullmodes_2026-04-29/logs/gurobi/test/matpower_case6515rte_2017-03-15__lazy_all.log,2174.0,1313.522906,exact,LAZY_ALL,True,False,False,False,False,False,False,False,False,False,False,False,True,False,,,case6515rte,6515,2017-03-15,OPTIMAL,3487.522906,1.320757,1,True,False,False
2026-05-13 04:09:52,paper_m4pro_fullmodes_2026-04-29,TEST::LAZY_ALL::matpower/case6515rte/2017-05-15::7200,TEST,matpower/case6515rte,matpower/case6515rte/2017-05-15,LAZY_ALL,LAZY,7200,0.05,OPTIMAL,2.0,3725.391918,3725.391918,0.03122142,51054792.672035,49460789.660338,1.0,1,OK,OK,1.16301209e-08,1.34110451e-06,1,1,0.0,2253204.0,1750356.0,2253204.0,1750356.0,0.0,0.0,,,,,,,0.0,28950.0,0.0,0.0,0.0,0.0,0.0,0.0,0.0,0.0,0.0,0.0,0.0,results/paper_m4pro_fullmodes_2026-04-29/solutions/test/lazy_all/matpower/case6515rte/2017-05-15.json,,,results/paper_m4pro_fullmodes_2026-04-29/results.csv,,,3725.391918,,,,LAZY_ALL,LAZY_ALL,2026-05-13 04:09:52,results/paper_m4pro_fullmodes_2026-04-29/logs/gurobi/test/matpower_case6515rte_2017-05-15__lazy_all.log,2228.0,1497.3919179999998,exact,LAZY_ALL,True,False,False,False,False,False,False,False,False,False,False,False,True,False,,,case6515rte,6515,2017-05-15,OPTIMAL,3725.391918,3.122142,1,True,False,False
2026-05-13 05:27:46,paper_m4pro_fullmodes_2026-04-29,TEST::LAZY_ALL::matpower/case6515rte/2017-07-15::7200,TEST,matpower/case6515rte,matpower/case6515rte/2017-07-15,LAZY_ALL,LAZY,7200,0.05,OPTIMAL,2.0,4673.622406,4673.622406,0.04018189,148437667.086726,142473160.933503,1.0,1,OK,OK,1.62736029e-08,1.7285347e-06,1,1,0.0,2253204.0,1750356.0,2253204.0,1750356.0,0.0,0.0,,,,,,,0.0,329906.0,0.0,0.0,0.0,0.0,0.0,0.0,0.0,0.0,0.0,0.0,0.0,results/paper_m4pro_fullmodes_2026-04-29/solutions/test/lazy_all/matpower/case6515rte/2017-07-15.json,,,results/paper_m4pro_fullmodes_2026-04-29/results.csv,,,4673.622406,,,,LAZY_ALL,LAZY_ALL,2026-05-13 05:27:46,results/paper_m4pro_fullmodes_2026-04-29/logs/gurobi/test/matpower_case6515rte_2017-07-15__lazy_all.log,2201.0,2472.6224060000004,exact,LAZY_ALL,True,False,False,False,False,False,False,False,False,False,False,False,True,False,,,case6515rte,6515,2017-07-15,OPTIMAL,4673.622406,4.018189,1,True,False,False
2026-05-13 18:59:01,paper_m4pro_fullmodes_2026-04-29,TEST::LAZY_ALL::matpower/case6515rte/2017-09-15::7200,TEST,matpower/case6515rte,matpower/case6515rte/2017-09-15,LAZY_ALL,LAZY,7200,0.05,OPTIMAL,2.0,6580.069279,6580.069279,0.00694172,178289107.59565,177051473.717559,374.0,1,OK,OK,3.54195748e-08,2.98023224e-07,1,1,0.0,2253204.0,1750356.0,2253204.0,1750356.0,0.0,0.0,,,,,,,0.0,846999.0,0.0,0.0,0.0,0.0,0.0,0.0,0.0,0.0,0.0,0.0,0.0,results/paper_m4pro_fullmodes_2026-04-29/solutions/test/lazy_all/matpower/case6515rte/2017-09-15.json,,,results/paper_m4pro_fullmodes_2026-04-29/results.csv,,,6580.069279,,,,LAZY_ALL,LAZY_ALL,2026-05-13 18:59:01,results/paper_m4pro_fullmodes_2026-04-29/logs/gurobi/test/matpower_case6515rte_2017-09-15__lazy_all.log,2246.0,4334.069279,exact,LAZY_ALL,True,False,False,False,False,False,False,False,False,False,False,False,True,False,,,case6515rte,6515,2017-09-15,OPTIMAL,6580.069279,0.694172,1,True,False,False
2026-05-13 20:44:11,paper_m4pro_fullmodes_2026-04-29,TEST::LAZY_ALL::matpower/case6515rte/2017-11-15::7200,TEST,matpower/case6515rte,matpower/case6515rte/2017-11-15,LAZY_ALL,LAZY,7200,0.05,OPTIMAL,2.0,6309.2648,6309.2648,0.03574696,135003329.033096,130177370.673693,1.0,1,OK,OK,1.11599832e-08,5.66244125e-07,1,1,0.0,2253204.0,1750356.0,2253204.0,1750356.0,0.0,0.0,,,,,,,0.0,30330.0,0.0,0.0,0.0,0.0,0.0,0.0,0.0,0.0,0.0,0.0,0.0,results/paper_m4pro_fullmodes_2026-04-29/solutions/test/lazy_all/matpower/case6515rte/2017-11-15.json,,,results/paper_m4pro_fullmodes_2026-04-29/results.csv,,,6309.2648,,,,LAZY_ALL,LAZY_ALL,2026-05-13 20:44:11,results/paper_m4pro_fullmodes_2026-04-29/logs/gurobi/test/matpower_case6515rte_2017-11-15__lazy_all.log,2433.0,3876.2648,exact,LAZY_ALL,True,False,False,False,False,False,False,False,False,False,False,False,True,False,,,case6515rte,6515,2017-11-15,OPTIMAL,6309.2648,3.5746960000000003,1,True,False,False
2026-05-13 21:35:19,paper_m4pro_fullmodes_2026-04-29,TEST::LAZY_COMMIT_HINTS::matpower/case6515rte/2017-01-15::7200,TEST,matpower/case6515rte,matpower/case6515rte/2017-01-15,LAZY_COMMIT_HINTS,LAZY,7200,0.05,OPTIMAL,2.0,3067.587749,3067.587749,0.04476605,89728634.693415,85711838.510933,1.0,1,OK,OK,3.01661203e-08,7.00354576e-07,1,1,0.0,2253492.0,1750644.0,2253492.0,1750644.0,0.0,0.0,,,,,,,0.0,9210.0,0.0,0.0,0.0,0.0,0.0,0.0,0.0,0.0,0.0,0.0,0.0,results/paper_m4pro_fullmodes_2026-04-29/solutions/test/lazy_commit_hints/matpower/case6515rte/2017-01-15.json,,,results/paper_m4pro_fullmodes_2026-04-29/results.csv,,,3067.587749,,,,LAZY_COMMIT_HINTS,LAZY_COMMIT_HINTS,2026-05-13 21:35:19,results/paper_m4pro_fullmodes_2026-04-29/logs/gurobi/test/matpower_case6515rte_2017-01-15__lazy_commit_hints.log,2252.0,815.5877489999998,exact,LAZY_COMMIT_HINTS,True,False,False,False,False,False,False,False,True,False,False,False,True,False,,,case6515rte,6515,2017-01-15,OPTIMAL,3067.587749,4.476605,1,True,False,False
2026-05-13 22:36:54,paper_m4pro_fullmodes_2026-04-29,TEST::LAZY_COMMIT_HINTS::matpower/case6515rte/2017-03-15::7200,TEST,matpower/case6515rte,matpower/case6515rte/2017-03-15,LAZY_COMMIT_HINTS,LAZY,7200,0.05,OPTIMAL,2.0,3694.742771,3694.742771,0.03162555,170505117.688193,165112799.78913,1.0,1,OK,OK,2.27088179e-08,4.47034836e-07,1,1,0.0,2253204.0,1750356.0,2253204.0,1750356.0,0.0,0.0,,,,,,,0.0,153668.0,0.0,0.0,0.0,0.0,0.0,0.0,0.0,0.0,0.0,0.0,0.0,results/paper_m4pro_fullmodes_2026-04-29/solutions/test/lazy_commit_hints/matpower/case6515rte/2017-03-15.json,,,results/paper_m4pro_fullmodes_2026-04-29/results.csv,,,3694.742771,,,,LAZY_COMMIT_HINTS,LAZY_COMMIT_HINTS,2026-05-13 22:36:54,results/paper_m4pro_fullmodes_2026-04-29/logs/gurobi/test/matpower_case6515rte_2017-03-15__lazy_commit_hints.log,2203.0,1491.7427710000002,exact,LAZY_COMMIT_HINTS,True,False,False,False,False,False,False,False,True,False,False,False,True,False,,,case6515rte,6515,2017-03-15,OPTIMAL,3694.742771,3.1625550000000002,1,True,False,False
2026-05-13 23:23:31,paper_m4pro_fullmodes_2026-04-29,TEST::LAZY_COMMIT_HINTS::matpower/case6515rte/2017-05-15::7200,TEST,matpower/case6515rte,matpower/case6515rte/2017-05-15,LAZY_COMMIT_HINTS,LAZY,7200,0.05,OPTIMAL,2.0,2796.749461,2796.749461,0.04059066,51543875.402318,49451675.529987,1.0,1,OK,OK,2.23007106e-08,3.7252903e-07,1,1,0.0,2253204.0,1750356.0,2253204.0,1750356.0,0.0,0.0,,,,,,,0.0,1587.0,0.0,0.0,0.0,0.0,0.0,0.0,0.0,0.0,0.0,0.0,0.0,results/paper_m4pro_fullmodes_2026-04-29/solutions/test/lazy_commit_hints/matpower/case6515rte/2017-05-15.json,,,results/paper_m4pro_fullmodes_2026-04-29/results.csv,,,2796.749461,,,,LAZY_COMMIT_HINTS,LAZY_COMMIT_HINTS,2026-05-13 23:23:31,results/paper_m4pro_fullmodes_2026-04-29/logs/gurobi/test/matpower_case6515rte_2017-05-15__lazy_commit_hints.log,2269.0,527.7494609999999,exact,LAZY_COMMIT_HINTS,True,False,False,False,False,False,False,False,True,False,False,False,True,False,,,case6515rte,6515,2017-05-15,OPTIMAL,2796.749461,4.059066,1,True,False,False
2026-05-14 00:46:42,paper_m4pro_fullmodes_2026-04-29,TEST::LAZY_COMMIT_HINTS::matpower/case6515rte/2017-07-15::7200,TEST,matpower/case6515rte,matpower/case6515rte/2017-07-15,LAZY_COMMIT_HINTS,LAZY,7200,0.05,OPTIMAL,2.0,4990.04903,4990.04903,0.00602469,145247628.125941,144372555.623743,1.0,1,OK,OK,1.54505813e-08,1.75833702e-06,1,1,0.0,2253204.0,1750356.0,2253204.0,1750356.0,0.0,0.0,,,,,,,0.0,185649.0,0.0,0.0,0.0,0.0,0.0,0.0,0.0,0.0,0.0,0.0,0.0,results/paper_m4pro_fullmodes_2026-04-29/solutions/test/lazy_commit_hints/matpower/case6515rte/2017-07-15.json,,,results/paper_m4pro_fullmodes_2026-04-29/results.csv,,,4990.04903,,,,LAZY_COMMIT_HINTS,LAZY_COMMIT_HINTS,2026-05-14 00:46:42,results/paper_m4pro_fullmodes_2026-04-29/logs/gurobi/test/matpower_case6515rte_2017-07-15__lazy_commit_hints.log,2249.0,2741.04903,exact,LAZY_COMMIT_HINTS,True,False,False,False,False,False,False,False,True,False,False,False,True,False,,,case6515rte,6515,2017-07-15,OPTIMAL,4990.04903,0.602469,1,True,False,False
2026-05-14 02:16:58,paper_m4pro_fullmodes_2026-04-29,TEST::LAZY_COMMIT_HINTS::matpower/case6515rte/2017-09-15::7200,TEST,matpower/case6515rte,matpower/case6515rte/2017-09-15,LAZY_COMMIT_HINTS,LAZY,7200,0.05,OPTIMAL,2.0,5416.122647,5416.122647,0.03710498,183641417.606654,176827407.154324,1.0,1,OK,OK,2.31283366e-08,4.47034836e-07,1,1,0.0,2253204.0,1750356.0,2253204.0,1750356.0,0.0,0.0,,,,,,,0.0,332817.0,0.0,0.0,0.0,0.0,0.0,0.0,0.0,0.0,0.0,0.0,0.0,results/paper_m4pro_fullmodes_2026-04-29/solutions/test/lazy_commit_hints/matpower/case6515rte/2017-09-15.json,,,results/paper_m4pro_fullmodes_2026-04-29/results.csv,,,5416.122647,,,,LAZY_COMMIT_HINTS,LAZY_COMMIT_HINTS,2026-05-14 02:16:58,results/paper_m4pro_fullmodes_2026-04-29/logs/gurobi/test/matpower_case6515rte_2017-09-15__lazy_commit_hints.log,2229.0,3187.122647,exact,LAZY_COMMIT_HINTS,True,False,False,False,False,False,False,False,True,False,False,False,True,False,,,case6515rte,6515,2017-09-15,OPTIMAL,5416.122647,3.7104980000000003,1,True,False,False
2026-05-14 03:55:45,paper_m4pro_fullmodes_2026-04-29,TEST::LAZY_COMMIT_HINTS::matpower/case6515rte/2017-11-15::7200,TEST,matpower/case6515rte,matpower/case6515rte/2017-11-15,LAZY_COMMIT_HINTS,LAZY,7200,0.05,OPTIMAL,2.0,5926.210563,5926.210563,0.03870946,135670459.054904,130418728.218476,1.0,1,OK,OK,1.55421418e-08,9.83476639e-07,1,1,0.0,2253204.0,1750356.0,2253204.0,1750356.0,0.0,0.0,,,,,,,0.0,12788.0,0.0,0.0,0.0,0.0,0.0,0.0,0.0,0.0,0.0,0.0,0.0,results/paper_m4pro_fullmodes_2026-04-29/solutions/test/lazy_commit_hints/matpower/case6515rte/2017-11-15.json,,,results/paper_m4pro_fullmodes_2026-04-29/results.csv,,,5926.210563,,,,LAZY_COMMIT_HINTS,LAZY_COMMIT_HINTS,2026-05-14 03:55:45,results/paper_m4pro_fullmodes_2026-04-29/logs/gurobi/test/matpower_case6515rte_2017-11-15__lazy_commit_hints.log,2413.0,3513.2105629999996,exact,LAZY_COMMIT_HINTS,True,False,False,False,False,False,False,False,True,False,False,False,True,False,,,case6515rte,6515,2017-11-15,OPTIMAL,5926.210563,3.870946,1,True,False,False
2026-05-14 04:58:15,paper_m4pro_fullmodes_2026-04-29,TEST::WARM_LAZY_GRU::matpower/case6515rte/2017-01-15::7200,TEST,matpower/case6515rte,matpower/case6515rte/2017-01-15,WARM_LAZY_GRU,WARM_LAZY,7200,0.05,OPTIMAL,2.0,3748.895771,3748.895771,0.00742461,86025909.999141,85387201.195847,1.0,1,OK,OK,1.69245027e-08,2.83122063e-07,1,1,0.0,2253492.0,1750644.0,2253492.0,1750644.0,2018952.0,0.0,,,,,,,0.0,117520.0,0.0,0.0,0.0,0.0,0.0,0.0,0.0,0.0,0.0,0.0,0.0,results/paper_m4pro_fullmodes_2026-04-29/solutions/test/warm_lazy_gru/matpower/case6515rte/2017-01-15.json,,,results/paper_m4pro_fullmodes_2026-04-29/results.csv,,,3748.895771,,,,WARM_LAZY_GRU,WARM_LAZY_GRU,2026-05-14 04:58:15,results/paper_m4pro_fullmodes_2026-04-29/logs/gurobi/test/matpower_case6515rte_2017-01-15__warm_lazy_gru.log,2253.0,1495.895771,exact,WARM_LAZY_GRU,True,False,False,False,False,False,False,False,False,True,False,False,True,False,,,case6515rte,6515,2017-01-15,OPTIMAL,3748.895771,0.742461,1,True,False,False
2026-05-14 06:47:38,paper_m4pro_fullmodes_2026-04-29,TEST::WARM_LAZY_GRU::matpower/case6515rte/2017-03-15::7200,TEST,matpower/case6515rte,matpower/case6515rte/2017-03-15,WARM_LAZY_GRU,WARM_LAZY,7200,0.05,OPTIMAL,2.0,6563.136853,6563.136853,0.00653571,166497978.4219,165409795.912404,1.0,1,OK,OK,5.220042e-08,5.96046448e-07,1,1,0.0,2253204.0,1750356.0,2253204.0,1750356.0,2018664.0,0.0,,,,,,,0.0,1408799.0,0.0,0.0,0.0,0.0,0.0,0.0,0.0,0.0,0.0,0.0,0.0,results/paper_m4pro_fullmodes_2026-04-29/solutions/test/warm_lazy_gru/matpower/case6515rte/2017-03-15.json,,,results/paper_m4pro_fullmodes_2026-04-29/results.csv,,,6563.136853,,,,WARM_LAZY_GRU,WARM_LAZY_GRU,2026-05-14 06:47:38,results/paper_m4pro_fullmodes_2026-04-29/logs/gurobi/test/matpower_case6515rte_2017-03-15__warm_lazy_gru.log,2195.0,4368.136853,exact,WARM_LAZY_GRU,True,False,False,False,False,False,False,False,False,True,False,False,True,False,,,case6515rte,6515,2017-03-15,OPTIMAL,6563.136853,0.653571,1,True,False,False
2026-05-14 07:43:05,paper_m4pro_fullmodes_2026-04-29,TEST::WARM_LAZY_GRU::matpower/case6515rte/2017-05-15::7200,TEST,matpower/case6515rte,matpower/case6515rte/2017-05-15,WARM_LAZY_GRU,WARM_LAZY,7200,0.05,OPTIMAL,2.0,3326.075081,3326.075081,0.026895,50819522.616079,49452731.429286,1.0,1,OK,OK,1.68438419e-08,1.16974115e-06,1,1,0.0,2253204.0,1750356.0,2253204.0,1750356.0,2018664.0,0.0,,,,,,,0.0,1822.0,0.0,0.0,0.0,0.0,0.0,0.0,0.0,0.0,0.0,0.0,0.0,results/paper_m4pro_fullmodes_2026-04-29/solutions/test/warm_lazy_gru/matpower/case6515rte/2017-05-15.json,,,results/paper_m4pro_fullmodes_2026-04-29/results.csv,,,3326.075081,,,,WARM_LAZY_GRU,WARM_LAZY_GRU,2026-05-14 07:43:05,results/paper_m4pro_fullmodes_2026-04-29/logs/gurobi/test/matpower_case6515rte_2017-05-15__warm_lazy_gru.log,2270.0,1056.075081,exact,WARM_LAZY_GRU,True,False,False,False,False,False,False,False,False,True,False,False,True,False,,,case6515rte,6515,2017-05-15,OPTIMAL,3326.075081,2.6895,1,True,False,False
2026-05-14 09:04:36,paper_m4pro_fullmodes_2026-04-29,TEST::WARM_LAZY_GRU::matpower/case6515rte/2017-07-15::7200,TEST,matpower/case6515rte,matpower/case6515rte/2017-07-15,WARM_LAZY_GRU,WARM_LAZY,7200,0.05,OPTIMAL,2.0,4891.090746,4891.090746,0.02811334,147503445.198102,143356630.073544,1.0,1,OK,OK,1.33941995e-08,1.28149986e-06,1,1,0.0,2253204.0,1750356.0,2253204.0,1750356.0,2018664.0,0.0,,,,,,,0.0,87319.0,0.0,0.0,0.0,0.0,0.0,0.0,0.0,0.0,0.0,0.0,0.0,results/paper_m4pro_fullmodes_2026-04-29/solutions/test/warm_lazy_gru/matpower/case6515rte/2017-07-15.json,,,results/paper_m4pro_fullmodes_2026-04-29/results.csv,,,4891.090746,,,,WARM_LAZY_GRU,WARM_LAZY_GRU,2026-05-14 09:04:36,results/paper_m4pro_fullmodes_2026-04-29/logs/gurobi/test/matpower_case6515rte_2017-07-15__warm_lazy_gru.log,2290.0,2601.090746,exact,WARM_LAZY_GRU,True,False,False,False,False,False,False,False,False,True,False,False,True,False,,,case6515rte,6515,2017-07-15,OPTIMAL,4891.090746,2.811334,1,True,False,False
2026-05-14 10:25:07,paper_m4pro_fullmodes_2026-04-29,TEST::WARM_LAZY_GRU::matpower/case6515rte/2017-09-15::7200,TEST,matpower/case6515rte,matpower/case6515rte/2017-09-15,WARM_LAZY_GRU,WARM_LAZY,7200,0.05,OPTIMAL,2.0,4829.796379,4829.796379,0.01184139,179063087.843975,176942731.26137,1.0,1,OK,OK,1.09806706e-08,5.06639481e-07,1,1,0.0,2253204.0,1750356.0,2253204.0,1750356.0,2018664.0,0.0,,,,,,,0.0,174994.0,0.0,0.0,0.0,0.0,0.0,0.0,0.0,0.0,0.0,0.0,0.0,results/paper_m4pro_fullmodes_2026-04-29/solutions/test/warm_lazy_gru/matpower/case6515rte/2017-09-15.json,,,results/paper_m4pro_fullmodes_2026-04-29/results.csv,,,4829.796379,,,,WARM_LAZY_GRU,WARM_LAZY_GRU,2026-05-14 10:25:07,results/paper_m4pro_fullmodes_2026-04-29/logs/gurobi/test/matpower_case6515rte_2017-09-15__warm_lazy_gru.log,2173.0,2656.7963790000003,exact,WARM_LAZY_GRU,True,False,False,False,False,False,False,False,False,True,False,False,True,False,,,case6515rte,6515,2017-09-15,OPTIMAL,4829.796379,1.184139,1,True,False,False
2026-05-14 12:08:37,paper_m4pro_fullmodes_2026-04-29,TEST::WARM_LAZY_GRU::matpower/case6515rte/2017-11-15::7200,TEST,matpower/case6515rte,matpower/case6515rte/2017-11-15,WARM_LAZY_GRU,WARM_LAZY,7200,0.05,OPTIMAL,2.0,6210.194843,6210.194843,0.01320753,132302756.432541,130555363.414793,1.0,1,OK,OK,8.48109494e-09,4.32133675e-07,1,1,0.0,2253204.0,1750356.0,2253204.0,1750356.0,2018664.0,0.0,,,,,,,0.0,20954.0,0.0,0.0,0.0,0.0,0.0,0.0,0.0,0.0,0.0,0.0,0.0,results/paper_m4pro_fullmodes_2026-04-29/solutions/test/warm_lazy_gru/matpower/case6515rte/2017-11-15.json,,,results/paper_m4pro_fullmodes_2026-04-29/results.csv,,,6210.194843,,,,WARM_LAZY_GRU,WARM_LAZY_GRU,2026-05-14 12:08:37,results/paper_m4pro_fullmodes_2026-04-29/logs/gurobi/test/matpower_case6515rte_2017-11-15__warm_lazy_gru.log,2380.0,3830.194843,exact,WARM_LAZY_GRU,True,False,False,False,False,False,False,False,False,True,False,False,True,False,,,case6515rte,6515,2017-11-15,OPTIMAL,6210.194843,1.320753,1,True,False,False
2026-05-14 13:16:59,paper_m4pro_fullmodes_2026-04-29,TEST::STREDUCE_LAZY_GRU::matpower/case6515rte/2017-01-15::7200,TEST,matpower/case6515rte,matpower/case6515rte/2017-01-15,STREDUCE_LAZY_GRU,STREDUCE_LAZY,7200,0.05,OPTIMAL,2.0,4101.405065,4101.405065,0.0138656,86608317.31962,85407440.631986,1.0,1,OK,OK,1.62769926e-08,2.83122063e-07,1,1,14.956976,2253492.0,2599070.0,2253492.0,2599070.0,2018952.0,0.0,508602096.0,839808.0,0.001651,956824.0,0.001881,12.0,839808.0,117016.0,0.0,0.0,0.0,0.0,0.0,0.0,8618.0,2636.0,5982.0,90806.0,0.0,results/paper_m4pro_fullmodes_2026-04-29/solutions/test/streduce_lazy_gru/matpower/case6515rte/2017-01-15.json,,,results/paper_m4pro_fullmodes_2026-04-29/results.csv,,,4101.405065,,,,STREDUCE_LAZY_GRU,STREDUCE_LAZY_GRU,2026-05-14 13:16:59,results/paper_m4pro_fullmodes_2026-04-29/logs/gurobi/test/matpower_case6515rte_2017-01-15__streduce_lazy_gru.log,2179.0,1922.405065,heuristic,STREDUCE_LAZY_GRU,True,False,False,False,False,False,True,False,False,True,False,True,False,False,,,case6515rte,6515,2017-01-15,OPTIMAL,4101.405065,1.38656,1,True,False,False
2026-05-14 14:41:26,paper_m4pro_fullmodes_2026-04-29,TEST::STREDUCE_LAZY_GRU::matpower/case6515rte/2017-03-15::7200,TEST,matpower/case6515rte,matpower/case6515rte/2017-03-15,STREDUCE_LAZY_GRU,STREDUCE_LAZY,7200,0.05,OPTIMAL,2.0,5065.872045,5065.872045,0.00234795,165806737.326162,165417430.851426,1.0,1,OK,OK,3.05035144e-08,9.83476639e-07,1,1,15.341063,2253204.0,2599964.0,2253204.0,2599964.0,2018664.0,0.0,508602096.0,839808.0,0.001651,1653737.0,0.003252,12.0,839808.0,813929.0,0.0,0.0,0.0,0.0,0.0,0.0,9800.0,4573.0,5227.0,90806.0,0.0,results/paper_m4pro_fullmodes_2026-04-29/solutions/test/streduce_lazy_gru/matpower/case6515rte/2017-03-15.json,,,results/paper_m4pro_fullmodes_2026-04-29/results.csv,,,5065.872045,,,,STREDUCE_LAZY_GRU,STREDUCE_LAZY_GRU,2026-05-14 14:41:26,results/paper_m4pro_fullmodes_2026-04-29/logs/gurobi/test/matpower_case6515rte_2017-03-15__streduce_lazy_gru.log,2277.0,2788.872045,heuristic,STREDUCE_LAZY_GRU,True,False,False,False,False,False,True,False,False,True,False,True,False,False,,,case6515rte,6515,2017-03-15,OPTIMAL,5065.872045,0.234795,1,True,False,False
2026-05-14 15:51:59,paper_m4pro_fullmodes_2026-04-29,TEST::STREDUCE_LAZY_GRU::matpower/case6515rte/2017-05-15::7200,TEST,matpower/case6515rte,matpower/case6515rte/2017-05-15,STREDUCE_LAZY_GRU,STREDUCE_LAZY,7200,0.05,OPTIMAL,2.0,4233.063888,4233.063888,0.02689451,50819522.616081,49452756.365897,1.0,1,OK,OK,3.04215746e-08,1.1920929e-06,1,1,14.806252,2253204.0,2599981.0,2253204.0,2599981.0,2018664.0,0.0,508602096.0,839808.0,0.001651,841630.0,0.001655,12.0,839808.0,1822.0,0.0,0.0,0.0,0.0,0.0,0.0,9817.0,2438.0,7379.0,90806.0,0.0,results/paper_m4pro_fullmodes_2026-04-29/solutions/test/streduce_lazy_gru/matpower/case6515rte/2017-05-15.json,,,results/paper_m4pro_fullmodes_2026-04-29/results.csv,,,4233.063888,,,,STREDUCE_LAZY_GRU,STREDUCE_LAZY_GRU,2026-05-14 15:51:59,results/paper_m4pro_fullmodes_2026-04-29/logs/gurobi/test/matpower_case6515rte_2017-05-15__streduce_lazy_gru.log,2223.0,2010.0638879999997,heuristic,STREDUCE_LAZY_GRU,True,False,False,False,False,False,True,False,False,True,False,True,False,False,,,case6515rte,6515,2017-05-15,OPTIMAL,4233.063888,2.689451,1,True,False,False
2026-05-14 16:59:21,paper_m4pro_fullmodes_2026-04-29,TEST::STREDUCE_LAZY_GRU::matpower/case6515rte/2017-07-15::7200,TEST,matpower/case6515rte,matpower/case6515rte/2017-07-15,STREDUCE_LAZY_GRU,STREDUCE_LAZY,7200,0.05,OPTIMAL,2.0,4041.271349,4041.271349,0.01336798,145320639.099002,143377996.164288,1.0,1,OK,OK,1.54518496e-08,1.51991844e-06,1,1,15.142859,2253204.0,2600377.0,2253204.0,2600377.0,2018664.0,0.0,508602096.0,839808.0,0.001651,904832.0,0.001779,12.0,839808.0,65024.0,0.0,0.0,0.0,0.0,0.0,0.0,10213.0,4982.0,5231.0,90806.0,0.0,results/paper_m4pro_fullmodes_2026-04-29/solutions/test/streduce_lazy_gru/matpower/case6515rte/2017-07-15.json,,,results/paper_m4pro_fullmodes_2026-04-29/results.csv,,,4041.271349,,,,STREDUCE_LAZY_GRU,STREDUCE_LAZY_GRU,2026-05-14 16:59:21,results/paper_m4pro_fullmodes_2026-04-29/logs/gurobi/test/matpower_case6515rte_2017-07-15__streduce_lazy_gru.log,2211.0,1830.271349,heuristic,STREDUCE_LAZY_GRU,True,False,False,False,False,False,True,False,False,True,False,True,False,False,,,case6515rte,6515,2017-07-15,OPTIMAL,4041.271349,1.336798,1,True,False,False
2026-05-14 18:07:00,paper_m4pro_fullmodes_2026-04-29,TEST::STREDUCE_LAZY_GRU::matpower/case6515rte/2017-09-15::7200,TEST,matpower/case6515rte,matpower/case6515rte/2017-09-15,STREDUCE_LAZY_GRU,STREDUCE_LAZY,7200,0.05,OPTIMAL,2.0,4058.342621,4058.342621,0.0121615,179072151.630747,176894365.317878,1.0,1,OK,OK,2.92498239e-08,3.57627869e-07,1,1,14.941675,2253204.0,2600301.0,2253204.0,2600301.0,2018664.0,0.0,508602096.0,839808.0,0.001651,1011572.0,0.001989,12.0,839808.0,171764.0,0.0,0.0,0.0,0.0,0.0,0.0,10137.0,4722.0,5415.0,90806.0,0.0,results/paper_m4pro_fullmodes_2026-04-29/solutions/test/streduce_lazy_gru/matpower/case6515rte/2017-09-15.json,,,results/paper_m4pro_fullmodes_2026-04-29/results.csv,,,4058.342621,,,,STREDUCE_LAZY_GRU,STREDUCE_LAZY_GRU,2026-05-14 18:07:00,results/paper_m4pro_fullmodes_2026-04-29/logs/gurobi/test/matpower_case6515rte_2017-09-15__streduce_lazy_gru.log,2217.0,1841.342621,heuristic,STREDUCE_LAZY_GRU,True,False,False,False,False,False,True,False,False,True,False,True,False,False,,,case6515rte,6515,2017-09-15,OPTIMAL,4058.342621,1.21615,1,True,False,False
2026-05-14 20:59:54,paper_m4pro_fullmodes_2026-04-29,TEST::STREDUCE_LAZY_GRU::matpower/case6515rte/2017-11-15::7200,TEST,matpower/case6515rte,matpower/case6515rte/2017-11-15,STREDUCE_LAZY_GRU,STREDUCE_LAZY,7200,0.05,OPTIMAL,2.0,4739.138765,4739.138765,0.01207672,132156964.137454,130560941.746539,1.0,1,OK,OK,2.84243242e-08,7.30156898e-07,1,1,15.759968,2253204.0,2600311.0,2253204.0,2600311.0,2018664.0,0.0,508602096.0,839808.0,0.001651,863392.0,0.001698,12.0,839808.0,23584.0,0.0,0.0,0.0,0.0,0.0,0.0,10147.0,4789.0,5358.0,90806.0,0.0,results/paper_m4pro_fullmodes_2026-04-29/solutions/test/streduce_lazy_gru/matpower/case6515rte/2017-11-15.json,,,results/paper_m4pro_fullmodes_2026-04-29/results.csv,,,4739.138765,,,,STREDUCE_LAZY_GRU,STREDUCE_LAZY_GRU,2026-05-14 20:59:54,results/paper_m4pro_fullmodes_2026-04-29/logs/gurobi/test/matpower_case6515rte_2017-11-15__streduce_lazy_gru.log,2242.0,2497.1387649999997,heuristic,STREDUCE_LAZY_GRU,True,False,False,False,False,False,True,False,False,True,False,True,False,False,,,case6515rte,6515,2017-11-15,OPTIMAL,4739.138765,1.207672,1,True,False,False
2026-05-14 22:36:06,paper_m4pro_fullmodes_2026-04-29,TEST::LAZY_BANDIT::matpower/case6515rte/2017-01-15::7200,TEST,matpower/case6515rte,matpower/case6515rte/2017-01-15,LAZY_BANDIT,LAZY,7200,0.05,OPTIMAL,2.0,5771.266535,5771.266535,0.00103174,85388215.036308,85300116.772879,1.0,1,FAIL,C120,19.1996802,7.30156898e-07,0,1,0.0,2253492.0,1750644.0,2253492.0,1750644.0,0.0,0.0,,,,,,,0.0,2624.0,0.0,0.0,0.0,0.0,0.0,0.0,0.0,0.0,0.0,0.0,0.0,results/paper_m4pro_fullmodes_2026-04-29/solutions/test/lazy_bandit/matpower/case6515rte/2017-01-15.json,,,results/paper_m4pro_fullmodes_2026-04-29/results.csv,,,5771.266535,,,,LAZY_BANDIT,LAZY_BANDIT,2026-05-14 22:36:06,results/paper_m4pro_fullmodes_2026-04-29/logs/gurobi/test/matpower_case6515rte_2017-01-15__lazy_bandit.log,2227.0,3544.2665349999997,exact,LAZY_BANDIT,True,False,False,False,False,False,False,False,False,False,True,False,True,False,,,case6515rte,6515,2017-01-15,OPTIMAL,5771.266535,0.103174,0,False,False,False
2026-05-15 00:23:59,paper_m4pro_fullmodes_2026-04-29,TEST::LAZY_BANDIT::matpower/case6515rte/2017-03-15::7200,TEST,matpower/case6515rte,matpower/case6515rte/2017-03-15,LAZY_BANDIT,LAZY,7200,0.05,OPTIMAL,2.0,6472.468073,6472.468073,0.00423938,136970940.08832,136390268.004055,2128.0,1,FAIL,C120,98.7826045,2.98023224e-07,0,1,0.0,2253204.0,1750356.0,2253204.0,1750356.0,0.0,0.0,,,,,,,0.0,2432.0,0.0,0.0,0.0,0.0,0.0,0.0,0.0,0.0,0.0,0.0,0.0,results/paper_m4pro_fullmodes_2026-04-29/solutions/test/lazy_bandit/matpower/case6515rte/2017-03-15.json,,,results/paper_m4pro_fullmodes_2026-04-29/results.csv,,,6472.468073,,,,LAZY_BANDIT,LAZY_BANDIT,2026-05-15 00:23:59,results/paper_m4pro_fullmodes_2026-04-29/logs/gurobi/test/matpower_case6515rte_2017-03-15__lazy_bandit.log,2192.0,4280.468073,exact,LAZY_BANDIT,True,False,False,False,False,False,False,False,False,False,True,False,True,False,,,case6515rte,6515,2017-03-15,OPTIMAL,6472.468073,0.423938,0,False,False,False
2026-05-15 01:41:46,paper_m4pro_fullmodes_2026-04-29,TEST::LAZY_BANDIT::matpower/case6515rte/2017-05-15::7200,TEST,matpower/case6515rte,matpower/case6515rte/2017-05-15,LAZY_BANDIT,LAZY,7200,0.05,OPTIMAL,2.0,4666.526512,4666.526512,0.03278792,51117775.384984,49441729.742999,1.0,1,OK,OK,1.90662206e-08,1.34110451e-06,1,1,0.0,2253204.0,1750356.0,2253204.0,1750356.0,0.0,0.0,,,,,,,0.0,1783.0,0.0,0.0,0.0,0.0,0.0,0.0,0.0,0.0,0.0,0.0,0.0,results/paper_m4pro_fullmodes_2026-04-29/solutions/test/lazy_bandit/matpower/case6515rte/2017-05-15.json,,,results/paper_m4pro_fullmodes_2026-04-29/results.csv,,,4666.526512,,,,LAZY_BANDIT,LAZY_BANDIT,2026-05-15 01:41:46,results/paper_m4pro_fullmodes_2026-04-29/logs/gurobi/test/matpower_case6515rte_2017-05-15__lazy_bandit.log,2255.0,2411.5265120000004,exact,LAZY_BANDIT,True,False,False,False,False,False,False,False,False,False,True,False,True,False,,,case6515rte,6515,2017-05-15,OPTIMAL,4666.526512,3.2787919999999997,1,True,False,False
2026-05-15 03:42:35,paper_m4pro_fullmodes_2026-04-29,TEST::LAZY_BANDIT::matpower/case6515rte/2017-07-15::7200,TEST,matpower/case6515rte,matpower/case6515rte/2017-07-15,LAZY_BANDIT,LAZY,7200,0.05,TIME_LIMIT,9.0,7248.494604,7248.494604,,,104481151.182142,2015.0,0,,,,,0,1,0.0,2253204.0,1750356.0,2253204.0,1750356.0,0.0,0.0,,,,,,,0.0,1728.0,0.0,0.0,0.0,0.0,0.0,0.0,0.0,0.0,0.0,0.0,0.0,,,,results/paper_m4pro_fullmodes_2026-04-29/results.csv,,,7248.494604,,,,LAZY_BANDIT,LAZY_BANDIT,2026-05-15 03:42:35,results/paper_m4pro_fullmodes_2026-04-29/logs/gurobi/test/matpower_case6515rte_2017-07-15__lazy_bandit.log,2242.0,5006.494604,exact,LAZY_BANDIT,True,False,False,False,False,False,False,False,False,False,True,False,True,False,,,case6515rte,6515,2017-07-15,TIME_LIMIT,7248.494604,,0,False,False,True
2026-05-15 07:17:37,paper_m4pro_fullmodes_2026-04-29,TEST::WARM_PRUNE_LAZY_T030::matpower/case6515rte/2017-01-15::7200,TEST,matpower/case6515rte,matpower/case6515rte/2017-01-15,WARM_PRUNE_LAZY_T030,WARM_PRUNE_LAZY,7200,0.05,OPTIMAL,2.0,3265.906658,3265.906658,0.0047113,85785153.201895,85380993.312978,1.0,1,FAIL,C120,511.354634,4.02331352e-07,0,1,73.216087,2253492.0,1750644.0,2253492.0,1750644.0,2018952.0,0.0,508602096.0,3557808.0,0.006995,3674852.0,0.007225,,0.0,117044.0,0.0,0.0,0.0,0.0,0.0,0.0,0.0,0.0,0.0,0.0,0.0,results/paper_m4pro_fullmodes_2026-04-29/solutions/test/warm_prune_lazy_t030/matpower/case6515rte/2017-01-15.json,,,results/paper_m4pro_fullmodes_2026-04-29/results.csv,,,3265.906658,,,,WARM_PRUNE_LAZY_T030,WARM_PRUNE_LAZY_T030,2026-05-15 07:17:37,results/paper_m4pro_fullmodes_2026-04-29/logs/gurobi/test/matpower_case6515rte_2017-01-15__warm_prune_lazy_t030.log,2250.0,1015.906658,heuristic,WARM_PRUNE_LAZY_T030,True,True,False,False,False,False,False,False,False,False,False,True,False,False,,,case6515rte,6515,2017-01-15,OPTIMAL,3265.906658,0.47113,0,False,False,False
2026-05-15 08:11:51,paper_m4pro_fullmodes_2026-04-29,TEST::WARM_PRUNE_LAZY_T030::matpower/case6515rte/2017-03-15::7200,TEST,matpower/case6515rte,matpower/case6515rte/2017-03-15,WARM_PRUNE_LAZY_T030,WARM_PRUNE_LAZY,7200,0.05,OPTIMAL,2.0,3253.724918,3253.724918,0.04726626,163147982.151944,155436586.671197,1.0,1,FAIL,C120,495.400857,3.57627869e-07,0,1,73.17483,2253204.0,1750356.0,2253204.0,1750356.0,2018664.0,0.0,508602096.0,2363544.0,0.004647,2862937.0,0.005629,,0.0,499393.0,0.0,0.0,0.0,0.0,0.0,0.0,0.0,0.0,0.0,0.0,0.0,results/paper_m4pro_fullmodes_2026-04-29/solutions/test/warm_prune_lazy_t030/matpower/case6515rte/2017-03-15.json,,,results/paper_m4pro_fullmodes_2026-04-29/results.csv,,,3253.724918,,,,WARM_PRUNE_LAZY_T030,WARM_PRUNE_LAZY_T030,2026-05-15 08:11:51,results/paper_m4pro_fullmodes_2026-04-29/logs/gurobi/test/matpower_case6515rte_2017-03-15__warm_prune_lazy_t030.log,2196.0,1057.724918,heuristic,WARM_PRUNE_LAZY_T030,True,True,False,False,False,False,False,False,False,False,False,True,False,False,,,case6515rte,6515,2017-03-15,OPTIMAL,3253.724918,4.7266259999999996,0,False,False,False
2026-05-15 09:03:45,paper_m4pro_fullmodes_2026-04-29,TEST::WARM_PRUNE_LAZY_T030::matpower/case6515rte/2017-05-15::7200,TEST,matpower/case6515rte,matpower/case6515rte/2017-05-15,WARM_PRUNE_LAZY_T030,WARM_PRUNE_LAZY,7200,0.05,OPTIMAL,2.0,3113.322292,3113.322292,0.026895,50819522.616085,49452731.429283,1.0,1,OK,OK,3.268201e-08,1.2665987e-06,1,1,73.277798,2253204.0,1750356.0,2253204.0,1750356.0,2018664.0,0.0,508602096.0,3852648.0,0.007575,3854468.0,0.007579,,0.0,1820.0,0.0,0.0,0.0,0.0,0.0,0.0,0.0,0.0,0.0,0.0,0.0,results/paper_m4pro_fullmodes_2026-04-29/solutions/test/warm_prune_lazy_t030/matpower/case6515rte/2017-05-15.json,,,results/paper_m4pro_fullmodes_2026-04-29/results.csv,,,3113.322292,,,,WARM_PRUNE_LAZY_T030,WARM_PRUNE_LAZY_T030,2026-05-15 09:03:45,results/paper_m4pro_fullmodes_2026-04-29/logs/gurobi/test/matpower_case6515rte_2017-05-15__warm_prune_lazy_t030.log,2277.0,836.3222919999998,heuristic,WARM_PRUNE_LAZY_T030,True,True,False,False,False,False,False,False,False,False,False,True,False,False,,,case6515rte,6515,2017-05-15,OPTIMAL,3113.322292,2.6895,1,True,False,False
2026-05-15 10:18:56,paper_m4pro_fullmodes_2026-04-29,TEST::WARM_PRUNE_LAZY_T030::matpower/case6515rte/2017-07-15::7200,TEST,matpower/case6515rte,matpower/case6515rte/2017-07-15,WARM_PRUNE_LAZY_T030,WARM_PRUNE_LAZY,7200,0.05,OPTIMAL,2.0,4510.287367,4510.287367,0.02409396,144977900.335659,141484808.126141,1.0,1,FAIL,C120,168.5,1.22189522e-06,0,1,72.480693,2253204.0,1750356.0,2253204.0,1750356.0,2018664.0,0.0,508602096.0,4694976.0,0.009231,4749963.0,0.009339,,0.0,54987.0,0.0,0.0,0.0,0.0,0.0,0.0,0.0,0.0,0.0,0.0,0.0,results/paper_m4pro_fullmodes_2026-04-29/solutions/test/warm_prune_lazy_t030/matpower/case6515rte/2017-07-15.json,,,results/paper_m4pro_fullmodes_2026-04-29/results.csv,,,4510.287367,,,,WARM_PRUNE_LAZY_T030,WARM_PRUNE_LAZY_T030,2026-05-15 10:18:56,results/paper_m4pro_fullmodes_2026-04-29/logs/gurobi/test/matpower_case6515rte_2017-07-15__warm_prune_lazy_t030.log,2243.0,2267.287367,heuristic,WARM_PRUNE_LAZY_T030,True,True,False,False,False,False,False,False,False,False,False,True,False,False,,,case6515rte,6515,2017-07-15,OPTIMAL,4510.287367,2.409396,0,False,False,False
2026-05-15 11:40:27,paper_m4pro_fullmodes_2026-04-29,TEST::WARM_PRUNE_LAZY_T030::matpower/case6515rte/2017-09-15::7200,TEST,matpower/case6515rte,matpower/case6515rte/2017-09-15,WARM_PRUNE_LAZY_T030,WARM_PRUNE_LAZY,7200,0.05,OPTIMAL,2.0,4890.3443,4890.3443,0.01184139,179063087.843996,176942731.261398,1.0,1,OK,OK,2.98392706e-08,4.17232513e-07,1,1,75.035665,2253204.0,1750356.0,2253204.0,1750356.0,2018664.0,0.0,508602096.0,4694976.0,0.009231,4869947.0,0.009575,,0.0,174971.0,0.0,0.0,0.0,0.0,0.0,0.0,0.0,0.0,0.0,0.0,0.0,results/paper_m4pro_fullmodes_2026-04-29/solutions/test/warm_prune_lazy_t030/matpower/case6515rte/2017-09-15.json,,,results/paper_m4pro_fullmodes_2026-04-29/results.csv,,,4890.3443,,,,WARM_PRUNE_LAZY_T030,WARM_PRUNE_LAZY_T030,2026-05-15 11:40:27,results/paper_m4pro_fullmodes_2026-04-29/logs/gurobi/test/matpower_case6515rte_2017-09-15__warm_prune_lazy_t030.log,2198.0,2692.3442999999997,heuristic,WARM_PRUNE_LAZY_T030,True,True,False,False,False,False,False,False,False,False,False,True,False,False,,,case6515rte,6515,2017-09-15,OPTIMAL,4890.3443,1.184139,1,True,False,False
2026-05-15 13:28:11,paper_m4pro_fullmodes_2026-04-29,TEST::WARM_PRUNE_LAZY_T030::matpower/case6515rte/2017-11-15::7200,TEST,matpower/case6515rte,matpower/case6515rte/2017-11-15,WARM_PRUNE_LAZY_T030,WARM_PRUNE_LAZY,7200,0.05,OPTIMAL,2.0,6464.336517,6464.336517,0.01145665,131899044.192844,130387923.470195,1.0,1,FAIL,C120,98.0697377,4.47034836e-07,0,1,72.262104,2253204.0,1750356.0,2253204.0,1750356.0,2018664.0,0.0,508602096.0,3147336.0,0.006188,3154689.0,0.006203,,0.0,7353.0,0.0,0.0,0.0,0.0,0.0,0.0,0.0,0.0,0.0,0.0,0.0,results/paper_m4pro_fullmodes_2026-04-29/solutions/test/warm_prune_lazy_t030/matpower/case6515rte/2017-11-15.json,,,results/paper_m4pro_fullmodes_2026-04-29/results.csv,,,6464.336517,,,,WARM_PRUNE_LAZY_T030,WARM_PRUNE_LAZY_T030,2026-05-15 13:28:11,results/paper_m4pro_fullmodes_2026-04-29/logs/gurobi/test/matpower_case6515rte_2017-11-15__warm_prune_lazy_t030.log,2406.0,4058.336517,heuristic,WARM_PRUNE_LAZY_T030,True,True,False,False,False,False,False,False,False,False,False,True,False,False,,,case6515rte,6515,2017-11-15,OPTIMAL,6464.336517,1.1456650000000002,0,False,False,False
2026-05-15 14:09:36,paper_m4pro_fullmodes_2026-04-29,TEST::LAZY_GNN_T080::matpower/case6515rte/2017-01-15::7200,TEST,matpower/case6515rte,matpower/case6515rte/2017-01-15,LAZY_GNN_T080,LAZY,7200,0.05,OPTIMAL,2.0,2483.674194,2483.674194,0.00271283,68359985.665825,68174536.844407,1.0,1,FAIL,C120,424.602193,4.91738319e-07,0,1,0.0,2253492.0,1750644.0,2253492.0,1750644.0,0.0,0.0,508602096.0,0.0,0.0,0.0,0.0,,0.0,0.0,0.0,0.0,0.0,0.0,0.0,0.0,0.0,0.0,0.0,0.0,0.0,results/paper_m4pro_fullmodes_2026-04-29/solutions/test/lazy_gnn_t080/matpower/case6515rte/2017-01-15.json,,,results/paper_m4pro_fullmodes_2026-04-29/results.csv,,,2483.674194,,,,LAZY_GNN_T080,LAZY_GNN_T080,2026-05-15 14:09:36,results/paper_m4pro_fullmodes_2026-04-29/logs/gurobi/test/matpower_case6515rte_2017-01-15__lazy_gnn_t080.log,2202.0,281.67419400000017,heuristic,LAZY_GNN_T080,True,False,False,False,False,False,False,True,False,False,False,True,False,False,,,case6515rte,6515,2017-01-15,OPTIMAL,2483.674194,0.271283,0,False,False,False
2026-05-15 14:49:10,paper_m4pro_fullmodes_2026-04-29,TEST::LAZY_GNN_T080::matpower/case6515rte/2017-03-15::7200,TEST,matpower/case6515rte,matpower/case6515rte/2017-03-15,LAZY_GNN_T080,LAZY,7200,0.05,OPTIMAL,2.0,2374.283298,2374.283298,0.00276753,77458763.963234,77244394.832707,1.0,1,FAIL,C120,485.692815,2.5331974e-07,0,1,0.0,2253204.0,1750356.0,2253204.0,1750356.0,0.0,0.0,508602096.0,0.0,0.0,0.0,0.0,,0.0,0.0,0.0,0.0,0.0,0.0,0.0,0.0,0.0,0.0,0.0,0.0,0.0,results/paper_m4pro_fullmodes_2026-04-29/solutions/test/lazy_gnn_t080/matpower/case6515rte/2017-03-15.json,,,results/paper_m4pro_fullmodes_2026-04-29/results.csv,,,2374.283298,,,,LAZY_GNN_T080,LAZY_GNN_T080,2026-05-15 14:49:10,results/paper_m4pro_fullmodes_2026-04-29/logs/gurobi/test/matpower_case6515rte_2017-03-15__lazy_gnn_t080.log,2165.0,209.28329799999983,heuristic,LAZY_GNN_T080,True,False,False,False,False,False,False,True,False,False,False,True,False,False,,,case6515rte,6515,2017-03-15,OPTIMAL,2374.283298,0.27675299999999997,0,False,False,False
2026-05-15 15:31:29,paper_m4pro_fullmodes_2026-04-29,TEST::LAZY_GNN_T080::matpower/case6515rte/2017-05-15::7200,TEST,matpower/case6515rte,matpower/case6515rte/2017-05-15,LAZY_GNN_T080,LAZY,7200,0.05,OPTIMAL,2.0,2537.695751,2537.695751,0.00489891,47390918.623585,47158754.749851,1.0,1,FAIL,C120,299.007169,6.55651093e-07,0,1,0.0,2253204.0,1750356.0,2253204.0,1750356.0,0.0,0.0,508602096.0,0.0,0.0,0.0,0.0,,0.0,0.0,0.0,0.0,0.0,0.0,0.0,0.0,0.0,0.0,0.0,0.0,0.0,results/paper_m4pro_fullmodes_2026-04-29/solutions/test/lazy_gnn_t080/matpower/case6515rte/2017-05-15.json,,,results/paper_m4pro_fullmodes_2026-04-29/results.csv,,,2537.695751,,,,LAZY_GNN_T080,LAZY_GNN_T080,2026-05-15 15:31:29,results/paper_m4pro_fullmodes_2026-04-29/logs/gurobi/test/matpower_case6515rte_2017-05-15__lazy_gnn_t080.log,2256.0,281.6957510000002,heuristic,LAZY_GNN_T080,True,False,False,False,False,False,False,True,False,False,False,True,False,False,,,case6515rte,6515,2017-05-15,OPTIMAL,2537.695751,0.489891,0,False,False,False
2026-05-15 16:27:14,paper_m4pro_fullmodes_2026-04-29,TEST::LAZY_GNN_T080::matpower/case6515rte/2017-07-15::7200,TEST,matpower/case6515rte,matpower/case6515rte/2017-07-15,LAZY_GNN_T080,LAZY,7200,0.05,OPTIMAL,2.0,3345.437224,3345.437224,0.00573263,74448787.188932,74021999.687143,1.0,1,FAIL,C120,488.365829,2.8014183e-06,0,1,0.0,2253204.0,1750356.0,2253204.0,1750356.0,0.0,0.0,508602096.0,0.0,0.0,0.0,0.0,,0.0,0.0,0.0,0.0,0.0,0.0,0.0,0.0,0.0,0.0,0.0,0.0,0.0,results/paper_m4pro_fullmodes_2026-04-29/solutions/test/lazy_gnn_t080/matpower/case6515rte/2017-07-15.json,,,results/paper_m4pro_fullmodes_2026-04-29/results.csv,,,3345.437224,,,,LAZY_GNN_T080,LAZY_GNN_T080,2026-05-15 16:27:14,results/paper_m4pro_fullmodes_2026-04-29/logs/gurobi/test/matpower_case6515rte_2017-07-15__lazy_gnn_t080.log,2226.0,1119.4372239999998,heuristic,LAZY_GNN_T080,True,False,False,False,False,False,False,True,False,False,False,True,False,False,,,case6515rte,6515,2017-07-15,OPTIMAL,3345.437224,0.573263,0,False,False,False
2026-05-15 17:23:51,paper_m4pro_fullmodes_2026-04-29,TEST::LAZY_GNN_T080::matpower/case6515rte/2017-09-15::7200,TEST,matpower/case6515rte,matpower/case6515rte/2017-09-15,LAZY_GNN_T080,LAZY,7200,0.05,OPTIMAL,2.0,3395.649647,3395.649647,0.00507527,55372805.915864,55091773.705339,1.0,1,FAIL,C120,323.9315,1.07288361e-06,0,1,0.0,2253204.0,1750356.0,2253204.0,1750356.0,0.0,0.0,508602096.0,0.0,0.0,0.0,0.0,,0.0,0.0,0.0,0.0,0.0,0.0,0.0,0.0,0.0,0.0,0.0,0.0,0.0,results/paper_m4pro_fullmodes_2026-04-29/solutions/test/lazy_gnn_t080/matpower/case6515rte/2017-09-15.json,,,results/paper_m4pro_fullmodes_2026-04-29/results.csv,,,3395.649647,,,,LAZY_GNN_T080,LAZY_GNN_T080,2026-05-15 17:23:51,results/paper_m4pro_fullmodes_2026-04-29/logs/gurobi/test/matpower_case6515rte_2017-09-15__lazy_gnn_t080.log,2174.0,1221.6496470000002,heuristic,LAZY_GNN_T080,True,False,False,False,False,False,False,True,False,False,False,True,False,False,,,case6515rte,6515,2017-09-15,OPTIMAL,3395.649647,0.507527,0,False,False,False
2026-05-15 18:27:03,paper_m4pro_fullmodes_2026-04-29,TEST::LAZY_GNN_T080::matpower/case6515rte/2017-11-15::7200,TEST,matpower/case6515rte,matpower/case6515rte/2017-11-15,LAZY_GNN_T080,LAZY,7200,0.05,OPTIMAL,2.0,3791.412086,3791.412086,0.00572103,49778586.630699,49493801.96896,1.0,1,FAIL,C120,316.739852,6.78002834e-07,0,1,0.0,2253204.0,1750356.0,2253204.0,1750356.0,0.0,0.0,508602096.0,0.0,0.0,0.0,0.0,,0.0,0.0,0.0,0.0,0.0,0.0,0.0,0.0,0.0,0.0,0.0,0.0,0.0,results/paper_m4pro_fullmodes_2026-04-29/solutions/test/lazy_gnn_t080/matpower/case6515rte/2017-11-15.json,,,results/paper_m4pro_fullmodes_2026-04-29/results.csv,,,3791.412086,,,,LAZY_GNN_T080,LAZY_GNN_T080,2026-05-15 18:27:03,results/paper_m4pro_fullmodes_2026-04-29/logs/gurobi/test/matpower_case6515rte_2017-11-15__lazy_gnn_t080.log,2399.0,1392.4120859999998,heuristic,LAZY_GNN_T080,True,False,False,False,False,False,False,True,False,False,False,True,False,False,,,case6515rte,6515,2017-11-15,OPTIMAL,3791.412086,0.572103,0,False,False,False
