case_folder,instance_name,mode,runtime_speedup,runtime_ratio,runtime_delta,nodes_delta,mem_delta_gb,root_constr_ratio,final_to_root_ratio,obj_ppm_vs_raw,feasible_ok,violations,status,mip_gap,warm_start_applied_vars,branch_hints_applied
matpower/case118,matpower/case118/2017-01-15,RAW_GNN,9.034612650309978,0.1106854315404092,-198.119166,-1.0,,0.028609956174851108,1.0,43195.53309393342,OK,OK,OPTIMAL,0.04143062,0.0,0.0
matpower/case118,matpower/case118/2017-01-15,RAW_COMMIT_HINTS,1.0142397099154672,0.9859602125846029,-3.1277469999999994,0.0,,1.0,1.0,-3.347140534580457,OK,OK,OPTIMAL,2.136e-05,0.0,0.0
matpower/case118,matpower/case118/2017-01-15,WARM,0.9415946331736691,1.0620281432886614,13.818466999999998,0.0,,1.0,1.0,-3.347140534580457,OK,OK,OPTIMAL,1.205e-05,49068.0,0.0
matpower/case118,matpower/case118/2017-01-15,WARM_BRANCH_HINTS,0.9103832161443943,1.0984385281564677,21.929877000000005,0.0,,1.0,1.0,36605.852365664774,OK,OK,OPTIMAL,0.03533701,49068.0,1944.0
matpower/case118,matpower/case118/2017-01-15,WARM_COMMIT_HINTS,0.9281104808266751,1.077457932712162,17.255875000000003,0.0,,1.0,1.0,-3.347140534580457,OK,OK,OPTIMAL,2.136e-05,49068.0,0.0
matpower/case118,matpower/case118/2017-01-15,WARM_GRU,0.9199686139913282,1.0869936047725062,19.380206999999984,0.0,,1.0,1.0,-3.347140534580457,OK,OK,OPTIMAL,1.205e-05,49068.0,0.0
matpower/case118,matpower/case118/2017-01-15,LAZY_ALL,2.480461802002682,0.40315073555763575,-132.964513,-1.0,,0.028609956174851108,1.0,0.0,OK,OK,OPTIMAL,2.47e-05,0.0,0.0
matpower/case118,matpower/case118/2017-01-15,LAZY_TOPK128,3.0628912414288596,0.3264889025355968,-150.043035,-1.0,,0.028609956174851108,1.0,0.0,OK,OK,OPTIMAL,2.47e-05,0.0,0.0
matpower/case118,matpower/case118/2017-01-15,LAZY_BANDIT,3.3844071062812815,0.29547272789495466,-156.952737,-1.0,,0.028609956174851108,1.0,0.0,OK,OK,OPTIMAL,2.47e-05,0.0,0.0
matpower/case118,matpower/case118/2017-01-15,LAZY_COMMIT_HINTS,2.507358527792469,0.3988260908504461,-133.92794600000002,-1.0,,0.028609956174851108,1.0,0.0,OK,OK,OPTIMAL,2.47e-05,0.0,0.0
matpower/case118,matpower/case118/2017-01-15,LAZY_GNN_T060,2.5253805949704886,0.3959799176375971,-134.562009,-1.0,,0.028609956174851108,1.0,0.0,OK,OK,OPTIMAL,2.47e-05,0.0,0.0
matpower/case118,matpower/case118/2017-01-15,LAZY_GNN_T080,2.4810108611266046,0.4030615164441114,-132.98438900000002,-1.0,,0.028609956174851108,1.0,0.0,OK,OK,OPTIMAL,2.47e-05,0.0,0.0
matpower/case118,matpower/case118/2017-01-15,LAZY_COMMIT_GNN_T060,2.4946988816063085,0.40084998128355726,-133.477069,-1.0,,0.028609956174851108,1.0,0.0,OK,OK,OPTIMAL,2.47e-05,0.0,0.0
matpower/case118,matpower/case118/2017-01-15,WARM_LAZY_TOPK128,3.015221498698593,0.33165059364017285,-148.893127,-1.0,,0.028609956174851108,1.0,0.0,OK,OK,OPTIMAL,2.47e-05,49068.0,0.0
matpower/case118,matpower/case118/2017-01-15,WARM_LAZY_BANDIT,3.3156055834872262,0.30160402822950927,-155.58682199999998,-1.0,,0.028609956174851108,1.0,0.0,OK,OK,OPTIMAL,2.47e-05,49068.0,0.0
matpower/case118,matpower/case118/2017-01-15,WARM_LAZY_COMMIT_HINTS,2.538030039177697,0.39400636894116214,-135.001671,-1.0,,0.028609956174851108,1.0,0.0,OK,OK,OPTIMAL,2.47e-05,49068.0,0.0
matpower/case118,matpower/case118/2017-01-15,WARM_LAZY_GRU,2.519896889102124,0.3968416344036658,-134.37003800000002,-1.0,,0.028609956174851108,1.0,0.0,OK,OK,OPTIMAL,2.47e-05,49068.0,0.0
matpower/case118,matpower/case118/2017-01-15,WARM_LAZY_BRANCH_HINTS,2.522701278019506,0.3964004809895957,-134.468317,-1.0,,0.028609956174851108,1.0,0.0,OK,OK,OPTIMAL,2.47e-05,49068.0,1944.0
matpower/case118,matpower/case118/2017-01-15,WARM_LAZY_GNN_T060,2.509891769190798,0.39842355446362737,-134.01762200000002,-1.0,,0.028609956174851108,1.0,0.0,OK,OK,OPTIMAL,2.47e-05,49068.0,0.0
matpower/case118,matpower/case118/2017-01-15,WARM_LAZY_COMMIT_GNN_T060,2.5084547168315026,0.39865180475058654,-133.966773,-1.0,,0.028609956174851108,1.0,0.0,OK,OK,OPTIMAL,2.47e-05,49068.0,0.0
matpower/case118,matpower/case118/2017-01-15,WARM_LAZY_COMMIT_GRU,2.522243036614404,0.3964724990745918,-134.452273,-1.0,,0.028609956174851108,1.0,0.0,OK,OK,OPTIMAL,2.47e-05,49068.0,0.0
matpower/case118,matpower/case118/2017-01-15,WARM_LAZY_ML_STACK,3.325451590837875,0.300711038090331,-155.78576,-1.0,,0.028609956174851108,1.0,0.0,OK,OK,OPTIMAL,2.47e-05,49068.0,1944.0
matpower/case118,matpower/case118/2017-01-15,WARM_PRUNE_T010,8.487792853352735,0.11781625886463444,-196.530579,-1.0,,0.028609956174851108,1.0,43195.53309393342,OK,OK,OPTIMAL,0.04143062,49068.0,0.0
matpower/case118,matpower/case118/2017-01-15,WARM_PRUNE_T020,8.554742123980326,0.1168942307678496,-196.735986,-1.0,,0.028609956174851108,1.0,43195.53309393342,OK,OK,OPTIMAL,0.04143062,49068.0,0.0
matpower/case118,matpower/case118/2017-01-15,WARM_PRUNE_T030,8.572194034616942,0.11665624879251651,-196.789003,-1.0,,0.028609956174851108,1.0,43195.53309393342,OK,OK,OPTIMAL,0.04143062,49068.0,0.0
matpower/case118,matpower/case118/2017-01-15,WARM_PRUNE_T050,3.097533895717967,0.32283746802009194,-150.856492,-1.0,,0.03719519047083942,1.0,50531.07308524192,OK,OK,OPTIMAL,0.04812402,49068.0,0.0
matpower/case118,matpower/case118/2017-01-15,WARM_PRUNE_T080,1.166436989282497,0.8573116329370896,-31.787740000000014,0.0,,0.16417575008427912,1.0,0.0,OK,OK,OPTIMAL,2.459e-05,49068.0,0.0
matpower/case118,matpower/case118/2017-01-15,WARM_LPSCREEN_T010,7.892623626077254,0.12670058112184607,-194.551353,-1.0,,0.028609956174851108,1.0,43195.53309393342,OK,OK,OPTIMAL,0.04143062,49068.0,0.0
matpower/case118,matpower/case118/2017-01-15,WARM_LPSCREEN_T020,7.959919379409106,0.12562941310521586,-194.789985,-1.0,,0.028609956174851108,1.0,43195.53309393342,OK,OK,OPTIMAL,0.04143062,49068.0,0.0
matpower/case118,matpower/case118/2017-01-15,WARM_LPSCREEN_T030,7.90856711178766,0.1264451557235327,-194.608256,-1.0,,0.028609956174851108,1.0,43195.53309393342,OK,OK,OPTIMAL,0.04143062,49068.0,0.0
matpower/case118,matpower/case118/2017-01-15,WARM_LPSCREEN_T050,6.764944735447249,0.14782086759115073,-189.846231,-1.0,,0.02941903584672435,1.0,49859.09146138671,OK,OK,OPTIMAL,0.04751475,49068.0,0.0
matpower/case118,matpower/case118/2017-01-15,WARM_LPSCREEN_T080,1.1529912588072921,0.8673092639353109,-29.560494000000006,0.0,,0.13325092707045735,1.0,0.0,OK,OK,OPTIMAL,2.459e-05,49068.0,0.0
matpower/case118,matpower/case118/2017-01-15,WARM_PRUNE_LAZY_T010,2.4127679404237927,0.41446174049558787,-130.444677,-1.0,,0.028609956174851108,1.0,0.0,OK,OK,OPTIMAL,2.47e-05,49068.0,0.0
matpower/case118,matpower/case118/2017-01-15,WARM_PRUNE_LAZY_T020,2.5041436489395195,0.3993381132202581,-133.813879,-1.0,,0.028609956174851108,1.0,0.0,OK,OK,OPTIMAL,2.47e-05,49068.0,0.0
matpower/case118,matpower/case118/2017-01-15,WARM_PRUNE_LAZY_T030,2.4960232228128856,0.4006372981069676,-133.52445,-1.0,,0.028609956174851108,1.0,0.0,OK,OK,OPTIMAL,2.47e-05,49068.0,0.0
matpower/case118,matpower/case118/2017-01-15,WARM_PRUNE_LAZY_T050,4.871412290400031,0.2052792784488134,-177.045797,-1.0,,0.028609956174851108,1.0,0.0,OK,OK,OPTIMAL,2.47e-05,49068.0,0.0
matpower/case118,matpower/case118/2017-01-15,WARM_PRUNE_LAZY_T080,4.137776082050105,0.2416757166580506,-168.93749400000002,-1.0,,0.028609956174851108,1.0,0.0,OK,OK,OPTIMAL,2.47e-05,49068.0,0.0
matpower/case118,matpower/case118/2017-01-15,WARM_LPSCREEN_LAZY_T010,2.44906769651114,0.4083186436310301,-131.81322,-1.0,,0.028609956174851108,1.0,0.0,OK,OK,OPTIMAL,2.47e-05,49068.0,0.0
matpower/case118,matpower/case118/2017-01-15,WARM_LPSCREEN_LAZY_T020,2.4638298756638237,0.4058721788697251,-132.358237,-1.0,,0.028609956174851108,1.0,0.0,OK,OK,OPTIMAL,2.47e-05,49068.0,0.0
matpower/case118,matpower/case118/2017-01-15,WARM_LPSCREEN_LAZY_T030,2.453870356375941,0.40751949156632494,-131.991253,-1.0,,0.028609956174851108,1.0,0.0,OK,OK,OPTIMAL,2.47e-05,49068.0,0.0
matpower/case118,matpower/case118/2017-01-15,WARM_LPSCREEN_LAZY_T050,4.7641592768007435,0.20990062294296888,-176.016266,-1.0,,0.028609956174851108,1.0,0.0,OK,OK,OPTIMAL,2.47e-05,49068.0,0.0
matpower/case118,matpower/case118/2017-01-15,WARM_LPSCREEN_LAZY_T080,3.370075617926708,0.2967292468693051,-156.67281300000002,-1.0,,0.028609956174851108,1.0,0.0,OK,OK,OPTIMAL,2.47e-05,49068.0,0.0
matpower/case118,matpower/case118/2017-01-15,WARM_SR_LAZY,0.9498024555603138,1.0528505102780275,11.773898000000003,0.0,,0.6886841218114395,1.0,-3.347140534580457,OK,OK,OPTIMAL,1.339e-05,49068.0,0.0
matpower/case118,matpower/case118/2017-01-15,SHRINK_LAZY,14.043530919865892,0.07120716333421577,-206.914031,-1.0,,0.006357768038855801,1.0,17013.87063763979,OK,OK,OPTIMAL,0.00028971,0.0,0.0
matpower/case118,matpower/case118/2017-01-15,STREDUCE,1.0187449681497602,0.9815999403817378,-4.099117000000007,0.0,,1.0005949482463699,1.0,36270.34033712828,OK,OK,OPTIMAL,0.03502469,49068.0,0.0
matpower/case118,matpower/case118/2017-01-15,STREDUCE_CONSERVATIVE,0.9697547651625944,1.0311885395400295,6.948101000000008,0.0,,1.0002846761808444,1.0,51526.38246799608,OK,OK,OPTIMAL,0.049025,49068.0,0.0
matpower/case118,matpower/case118/2017-01-15,STREDUCE_AGGRESSIVE,1.0231539602557185,0.9773700135511068,-5.041449,0.0,,1.0007310434380892,1.0,26947.50899337895,OK,OK,OPTIMAL,0.02626445,49068.0,0.0
matpower/case118,matpower/case118/2017-01-15,STREDUCE_GRU,1.0167211153752775,0.9835538820602681,-3.663823000000008,0.0,,1.0005949482463699,1.0,36270.34033712828,OK,OK,OPTIMAL,0.03502469,49068.0,0.0
matpower/case118,matpower/case118/2017-01-15,STREDUCE_LAZY,0.9401519990226829,1.0636577926117596,14.181515999999988,0.0,,1.0005949482463699,1.0,36270.34033712828,OK,OK,OPTIMAL,0.03502469,49068.0,0.0
matpower/case118,matpower/case118/2017-01-15,STREDUCE_LAZY_CONSERVATIVE,0.9578932587594745,1.043957654838344,9.792770999999988,0.0,,1.0002846761808444,1.0,51526.38246799608,OK,OK,OPTIMAL,0.049025,49068.0,0.0
matpower/case118,matpower/case118/2017-01-15,STREDUCE_LAZY_AGGRESSIVE,1.00968965405716,0.9904033343134447,-2.1379200000000083,0.0,,1.0007310434380892,1.0,26947.50899337895,OK,OK,OPTIMAL,0.02626445,49068.0,0.0
matpower/case118,matpower/case118/2017-01-15,STREDUCE_LAZY_GRU,0.9546995758003579,1.0474499259745298,10.57077000000001,0.0,,1.0005949482463699,1.0,36270.34033712828,OK,OK,OPTIMAL,0.03502469,49068.0,0.0
matpower/case118,matpower/case118/2017-01-15,WARM_LAZY,2.5300598741326383,0.3952475631995953,-134.725161,-1.0,,0.028609956174851108,1.0,0.0,OK,OK,OPTIMAL,2.47e-05,49068.0,0.0
matpower/case118,matpower/case118/2017-01-15,ACTIVESET,7.786404640357574,0.12842897925146582,-194.166305,-1.0,,0.028609956174851108,1.0,43195.53309393342,OK,OK,OPTIMAL,0.04143062,0.0,0.0
matpower/case118,matpower/case118/2017-01-15,ACTIVESET_B500,7.881115799145286,0.1268855864430327,-194.510138,-1.0,,0.028609956174851108,1.0,43195.53309393342,OK,OK,OPTIMAL,0.04143062,0.0,0.0
matpower/case118,matpower/case118/2017-01-15,ACTIVESET_B5000,7.8533565968584655,0.12733408800003101,-194.410222,-1.0,,0.028609956174851108,1.0,43195.53309393342,OK,OK,OPTIMAL,0.04143062,0.0,0.0
matpower/case118,matpower/case118/2017-01-15,ACTIVESET_NOCLEAN,7.866011414572179,0.12712923326648753,-194.455859,-1.0,,0.028609956174851108,1.0,43195.53309393342,OK,OK,OPTIMAL,0.04143062,0.0,0.0
matpower/case118,matpower/case118/2017-01-15,WARM_ACTIVESET,7.67779540801908,0.13024572118131061,-193.761576,-1.0,,0.028609956174851108,1.0,43195.53309393342,OK,OK,OPTIMAL,0.04143062,49068.0,1944.0
matpower/case118,matpower/case118/2017-01-15,ACTIVESET_LAZY,2.4413801962720525,0.4096043711368608,-131.526789,-1.0,,0.028609956174851108,1.0,0.0,OK,OK,OPTIMAL,2.47e-05,0.0,0.0
matpower/case118,matpower/case118/2017-01-15,ACTIVESET_LAZY_TOPK128,2.956535248113468,0.33823374865498007,-147.42654900000002,-1.0,,0.028609956174851108,1.0,0.0,OK,OK,OPTIMAL,2.47e-05,0.0,0.0
matpower/case118,matpower/case118/2017-01-15,WARM_ACTIVESET_LAZY,2.4310181048708475,0.4113502889988254,-131.137838,-1.0,,0.028609956174851108,1.0,0.0,OK,OK,OPTIMAL,2.47e-05,49068.0,1944.0
matpower/case118,matpower/case118/2017-03-15,RAW_GNN,9.32619611550966,0.10722485219209352,-209.322527,-1.0,,0.028609956174851108,1.0,50364.92753868878,OK,OK,OPTIMAL,0.04795132,0.0,0.0
matpower/case118,matpower/case118/2017-03-15,RAW_COMMIT_HINTS,1.0588962290758568,0.9443796025912209,-13.040911999999992,0.0,,1.0,1.0,128.28780427077535,OK,OK,OPTIMAL,0.00012972,0.0,0.0
matpower/case118,matpower/case118/2017-03-15,WARM,0.9870583507409109,1.0131113315128482,3.074118999999996,0.0,,1.0,1.0,0.0,OK,OK,OPTIMAL,0.0,49068.0,0.0
matpower/case118,matpower/case118/2017-03-15,WARM_BRANCH_HINTS,1.0631845357309526,0.9405704902512408,-13.934007000000008,0.0,,1.0,1.0,41420.64495628918,OK,OK,OPTIMAL,0.03977461,49068.0,1944.0
matpower/case118,matpower/case118/2017-03-15,WARM_COMMIT_HINTS,1.0676909840146056,0.9366005847871057,-14.864801999999997,0.0,,1.0,1.0,1167.6179685586094,OK,OK,OPTIMAL,0.00116771,49068.0,0.0
matpower/case118,matpower/case118/2017-03-15,WARM_GRU,0.9955338988462006,1.004486136694065,1.0518319999999903,0.0,,1.0,1.0,0.0,OK,OK,OPTIMAL,0.0,49068.0,0.0
matpower/case118,matpower/case118/2017-03-15,LAZY_ALL,3.855609091164578,0.2593623929074076,-173.651939,-1.0,,0.028609956174851108,1.0,5.112046480427128,OK,OK,OPTIMAL,6.56e-06,0.0,0.0
matpower/case118,matpower/case118/2017-03-15,LAZY_TOPK128,4.191618345899906,0.23857133867594718,-178.526667,-1.0,,0.028609956174851108,1.0,5.112046480427128,OK,OK,OPTIMAL,6.56e-06,0.0,0.0
matpower/case118,matpower/case118/2017-03-15,LAZY_BANDIT,4.5095906241626125,0.22174961838929458,-182.470734,-1.0,,0.028609956174851108,1.0,5.112046480427128,OK,OK,OPTIMAL,6.56e-06,0.0,0.0
matpower/case118,matpower/case118/2017-03-15,LAZY_COMMIT_HINTS,3.9373973951952763,0.25397487213769154,-174.915112,-1.0,,0.028609956174851108,1.0,5.112046480427128,OK,OK,OPTIMAL,6.56e-06,0.0,0.0
matpower/case118,matpower/case118/2017-03-15,LAZY_GNN_T060,3.982656200293822,0.2510887080652918,-175.59181,-1.0,,0.028609956174851108,1.0,5.112046480427128,OK,OK,OPTIMAL,6.56e-06,0.0,0.0
matpower/case118,matpower/case118/2017-03-15,LAZY_GNN_T080,3.8194732554578965,0.2618162068738233,-173.076611,-1.0,,0.028609956174851108,1.0,5.112046480427128,OK,OK,OPTIMAL,6.56e-06,0.0,0.0
matpower/case118,matpower/case118/2017-03-15,LAZY_COMMIT_GNN_T060,3.9012439174190634,0.2563284996190568,-174.363274,-1.0,,0.028609956174851108,1.0,5.112046480427128,OK,OK,OPTIMAL,6.56e-06,0.0,0.0
matpower/case118,matpower/case118/2017-03-15,WARM_LAZY_TOPK128,3.3932160849109687,0.2947056641770688,-165.36525799999998,-1.0,,0.028609956174851108,1.0,5.112046480427128,OK,OK,OPTIMAL,6.56e-06,49068.0,0.0
matpower/case118,matpower/case118/2017-03-15,WARM_LAZY_BANDIT,4.420804370266041,0.22620317848170707,-181.42654,-1.0,,0.028609956174851108,1.0,5.112046480427128,OK,OK,OPTIMAL,6.56e-06,49068.0,0.0
matpower/case118,matpower/case118/2017-03-15,WARM_LAZY_COMMIT_HINTS,3.929526352178318,0.25448359684511435,-174.795835,-1.0,,0.028609956174851108,1.0,5.112046480427128,OK,OK,OPTIMAL,6.56e-06,49068.0,0.0
matpower/case118,matpower/case118/2017-03-15,WARM_LAZY_GRU,3.9546849316556485,0.25286464466370145,-175.175419,-1.0,,0.028609956174851108,1.0,5.112046480427128,OK,OK,OPTIMAL,6.56e-06,49068.0,0.0
matpower/case118,matpower/case118/2017-03-15,WARM_LAZY_BRANCH_HINTS,3.9180236976647493,0.25523071761817767,-174.620663,-1.0,,0.028609956174851108,1.0,5.112046480427128,OK,OK,OPTIMAL,6.56e-06,49068.0,1944.0
matpower/case118,matpower/case118/2017-03-15,WARM_LAZY_GNN_T060,3.939838405010348,0.25381751665963914,-174.95200599999998,-1.0,,0.028609956174851108,1.0,5.112046480427128,OK,OK,OPTIMAL,6.56e-06,49068.0,0.0
matpower/case118,matpower/case118/2017-03-15,WARM_LAZY_COMMIT_GNN_T060,3.9155063849423484,0.25539480764113837,-174.58219,-1.0,,0.028609956174851108,1.0,5.112046480427128,OK,OK,OPTIMAL,6.56e-06,49068.0,0.0
matpower/case118,matpower/case118/2017-03-15,WARM_LAZY_COMMIT_GRU,3.938611765737505,0.25389656545972106,-174.933472,-1.0,,0.028609956174851108,1.0,5.112046480427128,OK,OK,OPTIMAL,6.56e-06,49068.0,0.0
matpower/case118,matpower/case118/2017-03-15,WARM_LAZY_ML_STACK,4.469504199694622,0.2237384629973778,-182.004424,-1.0,,0.028609956174851108,1.0,5.112046480427128,OK,OK,OPTIMAL,6.56e-06,49068.0,1944.0
matpower/case118,matpower/case118/2017-03-15,WARM_PRUNE_T010,9.072592109561384,0.11022208294210917,-208.619788,-1.0,,0.028609956174851108,1.0,50364.92753868878,OK,OK,OPTIMAL,0.04795132,49068.0,0.0
matpower/case118,matpower/case118/2017-03-15,WARM_PRUNE_T020,7.6431391084154745,0.13083629459248627,-203.786523,-1.0,,0.028789751657489607,1.0,51476.74864476773,OK,OK,OPTIMAL,0.048958,49068.0,0.0
matpower/case118,matpower/case118/2017-03-15,WARM_PRUNE_T030,4.543033086226066,0.22011726109410928,-182.85346099999998,-1.0,,0.03571187773907181,1.0,44655.61396459942,OK,OK,OPTIMAL,0.04274812,49068.0,0.0
matpower/case118,matpower/case118/2017-03-15,WARM_PRUNE_T050,2.060718569180305,0.48526762215656233,-120.685575,-1.0,,0.061512529497696374,1.0,52017.16067396285,OK,OK,OPTIMAL,0.04944654,49068.0,0.0
matpower/case118,matpower/case118/2017-03-15,WARM_PRUNE_T080,1.2076977042264692,0.8280217777183739,-40.32248899999999,0.0,,0.26149005506236656,1.0,0.0,OK,OK,OPTIMAL,0.0,49068.0,0.0
matpower/case118,matpower/case118/2017-03-15,WARM_LPSCREEN_T010,8.461272343697553,0.11818553515120665,-206.752655,-1.0,,0.028654905045510732,1.0,51373.06257709599,OK,OK,OPTIMAL,0.04886421,49068.0,0.0
matpower/case118,matpower/case118/2017-03-15,WARM_LPSCREEN_T020,8.491695848755574,0.1177621075708389,-206.851933,-1.0,,0.028654905045510732,1.0,51373.06257709599,OK,OK,OPTIMAL,0.04886421,49068.0,0.0
matpower/case118,matpower/case118/2017-03-15,WARM_LPSCREEN_T030,7.82550935135015,0.12778720912619804,-204.50142,-1.0,,0.028699853916170356,1.0,50563.613264377185,OK,OK,OPTIMAL,0.04813137,49068.0,0.0
matpower/case118,matpower/case118/2017-03-15,WARM_LPSCREEN_T050,2.94531786465488,0.3395219280066316,-154.85751299999998,-1.0,,0.0468142487919991,1.0,51734.2301958709,OK,OK,OPTIMAL,0.04919083,49068.0,0.0
matpower/case118,matpower/case118/2017-03-15,WARM_LPSCREEN_T080,1.1918446396201334,0.8390355309385974,-37.740173999999996,0.0,,0.24616249016743455,1.0,0.0,OK,OK,OPTIMAL,0.0,49068.0,0.0
matpower/case118,matpower/case118/2017-03-15,WARM_PRUNE_LAZY_T010,3.8147027448322577,0.26214362347228515,-172.999844,-1.0,,0.028609956174851108,1.0,5.112046480427128,OK,OK,OPTIMAL,6.56e-06,49068.0,0.0
matpower/case118,matpower/case118/2017-03-15,WARM_PRUNE_LAZY_T020,5.954791005450782,0.16793200619209628,-195.08896,-1.0,,0.028609956174851108,1.0,0.0,OK,OK,OPTIMAL,1.45e-06,49068.0,0.0
matpower/case118,matpower/case118/2017-03-15,WARM_PRUNE_LAZY_T030,5.276060717953906,0.18953534719513368,-190.02378099999999,-1.0,,0.028609956174851108,1.0,0.0,OK,OK,OPTIMAL,1.45e-06,49068.0,0.0
matpower/case118,matpower/case118/2017-03-15,WARM_PRUNE_LAZY_T050,5.724606550248823,0.17468449424817403,-193.505753,-1.0,,0.028609956174851108,1.0,0.0,OK,OK,OPTIMAL,1.45e-06,49068.0,0.0
matpower/case118,matpower/case118/2017-03-15,WARM_PRUNE_LAZY_T080,3.817469067361742,0.26195366153709304,-173.04438299999998,-1.0,,0.028609956174851108,1.0,0.0,OK,OK,OPTIMAL,1.45e-06,49068.0,0.0
matpower/case118,matpower/case118/2017-03-15,WARM_LPSCREEN_LAZY_T010,4.892478523668281,0.20439537857188597,-186.539657,-1.0,,0.028609956174851108,1.0,0.0,OK,OK,OPTIMAL,1.45e-06,49068.0,0.0
matpower/case118,matpower/case118/2017-03-15,WARM_LPSCREEN_LAZY_T020,5.040106531024923,0.19840850463068416,-187.943356,-1.0,,0.028609956174851108,1.0,0.0,OK,OK,OPTIMAL,1.45e-06,49068.0,0.0
matpower/case118,matpower/case118/2017-03-15,WARM_LPSCREEN_LAZY_T030,5.902081527815075,0.16943174967801497,-194.737326,-1.0,,0.028609956174851108,1.0,0.0,OK,OK,OPTIMAL,1.45e-06,49068.0,0.0
matpower/case118,matpower/case118/2017-03-15,WARM_LPSCREEN_LAZY_T050,5.20006893126269,0.1923051431083969,-189.374367,-1.0,,0.028609956174851108,1.0,5.112046480427128,OK,OK,OPTIMAL,6.56e-06,49068.0,0.0
matpower/case118,matpower/case118/2017-03-15,WARM_SR_LAZY,1.0388646674852744,0.9625892874195519,-8.771419000000009,0.0,,0.6777165973704911,1.0,0.0,OK,OK,OPTIMAL,0.0,49068.0,0.0
matpower/case118,matpower/case118/2017-03-15,SHRINK_LAZY,13.784467347082755,0.07254542194636435,-217.453562,-1.0,,0.006361513778077437,1.0,4795.0252128020065,OK,OK,OPTIMAL,0.04902671,0.0,0.0
matpower/case118,matpower/case118/2017-03-15,STREDUCE,1.0547590520043846,0.9480838283394444,-12.172408999999988,0.0,,1.0006267870297536,1.0,43937.94910299099,OK,OK,OPTIMAL,0.04209005,49068.0,0.0
matpower/case118,matpower/case118/2017-03-15,STREDUCE_CONSERVATIVE,1.0167096028374318,0.9835650191649624,-3.853390999999988,0.0,,1.0004039155460664,1.0,0.0,OK,OK,OPTIMAL,0.0,49068.0,0.0
matpower/case118,matpower/case118/2017-03-15,STREDUCE_AGGRESSIVE,1.0799496625759,0.9259690841652713,-17.357493000000005,0.0,,1.0007478992645866,1.0,13151.793092543332,OK,OK,OPTIMAL,0.0129825,49068.0,0.0
matpower/case118,matpower/case118/2017-03-15,STREDUCE_GRU,1.058052446228737,0.9451327328473594,-12.864330999999993,0.0,,1.0006267870297536,1.0,43937.94910299099,OK,OK,OPTIMAL,0.04209005,49068.0,0.0
matpower/case118,matpower/case118/2017-03-15,STREDUCE_LAZY,0.9824944769907562,1.0178174263766457,4.177523000000008,0.0,,1.0006267870297536,1.0,43937.94910299099,OK,OK,OPTIMAL,0.04209005,49068.0,0.0
matpower/case118,matpower/case118/2017-03-15,STREDUCE_LAZY_CONSERVATIVE,0.9744234803452401,1.026247848261721,6.154143000000005,0.0,,1.0004039155460664,1.0,0.0,OK,OK,OPTIMAL,0.0,49068.0,0.0
matpower/case118,matpower/case118/2017-03-15,STREDUCE_LAZY_AGGRESSIVE,1.0537775552213653,0.948966881145928,-11.965365999999989,0.0,,1.0007478992645866,1.0,13151.793092543332,OK,OK,OPTIMAL,0.0129825,49068.0,0.0
matpower/case118,matpower/case118/2017-03-15,STREDUCE_LAZY_GRU,1.005626147378639,0.9944053290645787,-1.3117420000000095,0.0,,1.0006267870297536,1.0,43937.94910299099,OK,OK,OPTIMAL,0.04209005,49068.0,0.0
matpower/case118,matpower/case118/2017-03-15,WARM_LAZY,3.945066961027182,0.2534811220896562,-175.030878,-1.0,,0.028609956174851108,1.0,5.112046480427128,OK,OK,OPTIMAL,6.56e-06,49068.0,0.0
matpower/case118,matpower/case118/2017-03-15,WARM_LPSCREEN_LAZY_T080,2.663162675261806,0.3754933971135255,-146.423543,-1.0,,0.028609956174851108,1.0,0.0,OK,OK,OPTIMAL,1.45e-06,49068.0,0.0
matpower/case118,matpower/case118/2017-03-15,ACTIVESET,8.184452829556395,0.12218287780811864,-205.815427,-1.0,,0.028609956174851108,1.0,50364.92753868878,OK,OK,OPTIMAL,0.04795132,0.0,0.0
matpower/case118,matpower/case118/2017-03-15,ACTIVESET_B500,8.25090485804571,0.12119882815335939,-206.04615,-1.0,,0.028609956174851108,1.0,50364.92753868878,OK,OK,OPTIMAL,0.04795132,0.0,0.0
matpower/case118,matpower/case118/2017-03-15,ACTIVESET_B5000,8.289501141322097,0.1206345210588281,-206.178459,-1.0,,0.028609956174851108,1.0,50364.92753868878,OK,OK,OPTIMAL,0.04795132,0.0,0.0
matpower/case118,matpower/case118/2017-03-15,ACTIVESET_NOCLEAN,8.19365288389525,0.1220456875791645,-205.847593,-1.0,,0.028609956174851108,1.0,50364.92753868878,OK,OK,OPTIMAL,0.04795132,0.0,0.0
matpower/case118,matpower/case118/2017-03-15,WARM_ACTIVESET,8.021729852697648,0.12466139079262403,-205.234308,-1.0,,0.028609956174851108,1.0,50364.92753868878,OK,OK,OPTIMAL,0.04795132,49068.0,1944.0
matpower/case118,matpower/case118/2017-03-15,ACTIVESET_LAZY,3.7412670344243413,0.26728912713226505,-171.79341499999998,-1.0,,0.028609956174851108,1.0,5.112046480427128,OK,OK,OPTIMAL,6.56e-06,0.0,0.0
matpower/case118,matpower/case118/2017-03-15,ACTIVESET_LAZY_TOPK128,3.964402935165664,0.25224479356768814,-175.320751,-1.0,,0.028609956174851108,1.0,5.112046480427128,OK,OK,OPTIMAL,6.56e-06,0.0,0.0
matpower/case118,matpower/case118/2017-03-15,WARM_ACTIVESET_LAZY,3.6840966886275277,0.27143695850516336,-170.820903,-1.0,,0.028609956174851108,1.0,5.112046480427128,OK,OK,OPTIMAL,6.56e-06,49068.0,1944.0
matpower/case118,matpower/case118/2017-05-15,RAW_GNN,6.237312869529102,0.16032545118672184,-212.88372199999998,-1.0,,0.028609956174851108,1.0,31324.70391314669,OK,OK,OPTIMAL,0.03168701,0.0,0.0
matpower/case118,matpower/case118/2017-05-15,RAW_COMMIT_HINTS,1.1213726945194895,0.8917641787492445,-27.441160999999994,0.0,,1.0,1.0,729.2533500114689,OK,OK,OPTIMAL,0.00082442,0.0,0.0
matpower/case118,matpower/case118/2017-05-15,WARM,1.1522963141059144,0.8678323342341994,-33.50863099999998,0.0,,1.0,1.0,20816.8137614019,OK,OK,OPTIMAL,0.02048612,49068.0,0.0
matpower/case118,matpower/case118/2017-05-15,WARM_BRANCH_HINTS,1.1233056849416976,0.8902296261875524,-27.830218000000002,0.0,,1.0,1.0,20816.8137614019,OK,OK,OPTIMAL,0.02048612,49068.0,1944.0
matpower/case118,matpower/case118/2017-05-15,WARM_COMMIT_HINTS,1.1558602585090594,0.8651564863817508,-34.18704199999999,0.0,,1.0,1.0,769.1376072504241,OK,OK,OPTIMAL,0.00086424,49068.0,0.0
matpower/case118,matpower/case118/2017-05-15,WARM_GRU,1.1386815093280593,0.8782086929558592,-30.877899999999983,0.0,,1.0,1.0,20816.8137614019,OK,OK,OPTIMAL,0.02048612,49068.0,0.0
matpower/case118,matpower/case118/2017-05-15,LAZY_ALL,2.637725291603105,0.37911453599182027,-157.413856,-1.0,,0.028609956174851108,1.0,13.558119597172492,OK,OK,OPTIMAL,0.00010932,0.0,0.0
matpower/case118,matpower/case118/2017-05-15,LAZY_TOPK128,2.581939083153636,0.38730580691260086,-155.337113,-1.0,,0.028609956174851108,1.0,13.558119597172492,OK,OK,OPTIMAL,0.00010932,0.0,0.0
matpower/case118,matpower/case118/2017-05-15,LAZY_BANDIT,2.4567011885141516,0.4070499109437133,-150.331366,-1.0,,0.028609956174851108,1.0,13.558119597172492,OK,OK,OPTIMAL,0.00010932,0.0,0.0
matpower/case118,matpower/case118/2017-05-15,LAZY_COMMIT_HINTS,2.7340343087342216,0.36575985780623615,-160.79968399999998,-1.0,,0.028609956174851108,1.0,13.558119597172492,OK,OK,OPTIMAL,0.00010932,0.0,0.0
matpower/case118,matpower/case118/2017-05-15,LAZY_GNN_T060,2.773258256679234,0.36058668448622017,-162.111245,-1.0,,0.028609956174851108,1.0,13.558119597172492,OK,OK,OPTIMAL,0.00010932,0.0,0.0
matpower/case118,matpower/case118/2017-05-15,LAZY_GNN_T080,2.7518138216013392,0.36339667754778504,-161.398824,-1.0,,0.028609956174851108,1.0,13.558119597172492,OK,OK,OPTIMAL,0.00010932,0.0,0.0
matpower/case118,matpower/case118/2017-05-15,LAZY_COMMIT_GNN_T060,2.717619463519033,0.36796910436647545,-160.239571,-1.0,,0.028609956174851108,1.0,13.558119597172492,OK,OK,OPTIMAL,0.00010932,0.0,0.0
matpower/case118,matpower/case118/2017-05-15,WARM_LAZY_TOPK128,2.6017534704988727,0.38435617030550373,-156.084938,-1.0,,0.028609956174851108,1.0,13.558119597172492,OK,OK,OPTIMAL,0.00010932,49068.0,0.0
matpower/case118,matpower/case118/2017-05-15,WARM_LAZY_BANDIT,2.463083351324904,0.40599519275792895,-150.59877,-1.0,,0.028609956174851108,1.0,13.558119597172492,OK,OK,OPTIMAL,0.00010932,49068.0,0.0
matpower/case118,matpower/case118/2017-05-15,WARM_LAZY_COMMIT_HINTS,2.7452977759243677,0.3642592103376803,-161.18014499999998,-1.0,,0.028609956174851108,1.0,13.558119597172492,OK,OK,OPTIMAL,0.00010932,49068.0,0.0
matpower/case118,matpower/case118/2017-05-15,WARM_LAZY_GRU,2.7547218863541545,0.36301305222629554,-161.496085,-1.0,,0.028609956174851108,1.0,13.558119597172492,OK,OK,OPTIMAL,0.00010932,49068.0,0.0
matpower/case118,matpower/case118/2017-05-15,WARM_LAZY_BRANCH_HINTS,2.746818219339125,0.3640575823181326,-161.231264,-1.0,,0.028609956174851108,1.0,13.558119597172492,OK,OK,OPTIMAL,0.00010932,49068.0,1944.0
matpower/case118,matpower/case118/2017-05-15,WARM_LAZY_GNN_T060,2.761734854305877,0.36209124074343335,-161.72979299999997,-1.0,,0.028609956174851108,1.0,13.558119597172492,OK,OK,OPTIMAL,0.00010932,49068.0,0.0
matpower/case118,matpower/case118/2017-05-15,WARM_LAZY_COMMIT_GNN_T060,2.768783650842755,0.3611694253162838,-161.963502,-1.0,,0.028609956174851108,1.0,13.558119597172492,OK,OK,OPTIMAL,0.00010932,49068.0,0.0
matpower/case118,matpower/case118/2017-05-15,WARM_LAZY_COMMIT_GRU,2.7672513044700153,0.361369420400913,-161.912797,-1.0,,0.028609956174851108,1.0,13.558119597172492,OK,OK,OPTIMAL,0.00010932,49068.0,0.0
matpower/case118,matpower/case118/2017-05-15,WARM_LAZY_ML_STACK,2.4966162314166187,0.40054213675947486,-151.98129,-1.0,,0.028609956174851108,1.0,13.558119597172492,OK,OK,OPTIMAL,0.00010932,49068.0,1944.0
matpower/case118,matpower/case118/2017-05-15,WARM_PRUNE_T010,6.374630030997,0.15687184905436757,-213.759318,-1.0,,0.028609956174851108,1.0,31324.70391314669,OK,OK,OPTIMAL,0.03168701,49068.0,0.0
matpower/case118,matpower/case118/2017-05-15,WARM_PRUNE_T020,6.459535954163582,0.1548098821797619,-214.28209099999998,-1.0,,0.028609956174851108,1.0,31324.70391314669,OK,OK,OPTIMAL,0.03168701,49068.0,0.0
matpower/case118,matpower/case118/2017-05-15,WARM_PRUNE_T030,7.250751611556303,0.1379167365775146,-218.56503099999998,-1.0,,0.028699853916170356,1.0,31933.43034769388,OK,OK,OPTIMAL,0.04950107,49068.0,0.0
matpower/case118,matpower/case118/2017-05-15,WARM_PRUNE_T050,2.1953239783008525,0.45551363255913824,-138.044299,-1.0,,0.04344308349252725,1.0,51537.64176876417,OK,OK,OPTIMAL,0.04910276,49068.0,0.0
matpower/case118,matpower/case118/2017-05-15,WARM_PRUNE_T080,1.31311196136535,0.7615496845830406,-60.454601999999994,0.0,,0.1612091246207439,1.0,20816.8137614019,OK,OK,OPTIMAL,0.02048612,49068.0,0.0
matpower/case118,matpower/case118/2017-05-15,WARM_LPSCREEN_T010,6.067918594120372,0.16480115619365254,-211.748991,-1.0,,0.028609956174851108,1.0,31324.70391314669,OK,OK,OPTIMAL,0.03168701,49068.0,0.0
matpower/case118,matpower/case118/2017-05-15,WARM_LPSCREEN_T020,6.085030623734572,0.16433771033123726,-211.866489,-1.0,,0.028609956174851108,1.0,31324.70391314669,OK,OK,OPTIMAL,0.03168701,49068.0,0.0
matpower/case118,matpower/case118/2017-05-15,WARM_LPSCREEN_T030,6.061683722087651,0.16497066588218473,-211.70601499999998,-1.0,,0.028609956174851108,1.0,31324.70391314669,OK,OK,OPTIMAL,0.03168701,49068.0,0.0
matpower/case118,matpower/case118/2017-05-15,WARM_LPSCREEN_T050,1.9391879115438448,0.5156797822671401,-122.790301,-1.0,,0.049151590066299586,1.0,52375.0072012733,OK,OK,OPTIMAL,0.04985938,49068.0,0.0
matpower/case118,matpower/case118/2017-05-15,WARM_LPSCREEN_T080,1.303379144525574,0.767236459322047,-59.01282699999999,0.0,,0.18381840656253512,1.0,20816.8137614019,OK,OK,OPTIMAL,0.02048612,49068.0,0.0
matpower/case118,matpower/case118/2017-05-15,WARM_PRUNE_LAZY_T010,2.7306321327226604,0.3662155689213689,-160.684147,-1.0,,0.028609956174851108,1.0,13.558119597172492,OK,OK,OPTIMAL,0.00010932,49068.0,0.0
matpower/case118,matpower/case118/2017-05-15,WARM_PRUNE_LAZY_T020,2.754980815525129,0.3629789341416482,-161.50473499999998,-1.0,,0.028609956174851108,1.0,13.558119597172492,OK,OK,OPTIMAL,0.00010932,49068.0,0.0
matpower/case118,matpower/case118/2017-05-15,WARM_PRUNE_LAZY_T030,4.201421304113647,0.2380146925567525,-193.187073,-1.0,,0.028609956174851108,1.0,13.558119597172492,OK,OK,OPTIMAL,0.00010932,49068.0,0.0
matpower/case118,matpower/case118/2017-05-15,WARM_PRUNE_LAZY_T050,3.972326790440089,0.25174162468370614,-189.706867,-1.0,,0.028609956174851108,1.0,13.558119597172492,OK,OK,OPTIMAL,0.00010932,49068.0,0.0
matpower/case118,matpower/case118/2017-05-15,WARM_PRUNE_LAZY_T080,3.389416081296821,0.2950360699349107,-178.730373,-1.0,,0.028609956174851108,1.0,13.558119597172492,OK,OK,OPTIMAL,0.00010932,49068.0,0.0
matpower/case118,matpower/case118/2017-05-15,WARM_LPSCREEN_LAZY_T010,2.6494809893320683,0.3774324118672386,-157.840327,-1.0,,0.028609956174851108,1.0,13.558119597172492,OK,OK,OPTIMAL,0.00010932,49068.0,0.0
matpower/case118,matpower/case118/2017-05-15,WARM_LPSCREEN_LAZY_T020,2.6912744926895784,0.3715711655263489,-159.326336,-1.0,,0.028609956174851108,1.0,13.558119597172492,OK,OK,OPTIMAL,0.00010932,49068.0,0.0
matpower/case118,matpower/case118/2017-05-15,WARM_LPSCREEN_LAZY_T030,2.673770832028031,0.37400363113450114,-158.70963,-1.0,,0.028609956174851108,1.0,13.558119597172492,OK,OK,OPTIMAL,0.00010932,49068.0,0.0
matpower/case118,matpower/case118/2017-05-15,WARM_LPSCREEN_LAZY_T050,3.697745870720997,0.270435025813447,-184.967506,-1.0,,0.028609956174851108,1.0,13.558119597172492,OK,OK,OPTIMAL,0.00010932,49068.0,0.0
matpower/case118,matpower/case118/2017-05-15,WARM_SR_LAZY,0.9097206612806427,1.0992385273434027,25.16006600000003,0.0,,0.6845038768400944,1.0,20816.8137614019,OK,OK,OPTIMAL,0.02048612,49068.0,0.0
matpower/case118,matpower/case118/2017-05-15,SHRINK_LAZY,11.02199432135072,0.09072768238166287,-230.52893,-1.0,,0.006361513778077437,1.0,11285.973195475792,OK,OK,OPTIMAL,0.00030587,0.0,0.0
matpower/case118,matpower/case118/2017-05-15,STREDUCE,1.1491015133094433,0.8702451336261606,-32.89691099999999,0.0,,1.0003614638348879,1.0,20218.667393770673,OK,OK,OPTIMAL,0.01952431,49068.0,0.0
matpower/case118,matpower/case118/2017-05-15,STREDUCE_CONSERVATIVE,1.1454020611652391,0.8730558761023016,-32.18429999999998,0.0,,1.000109875017168,1.0,20816.8137614019,OK,OK,OPTIMAL,0.02009882,49068.0,0.0
matpower/case118,matpower/case118/2017-05-15,STREDUCE_AGGRESSIVE,1.1390836589333477,0.8778986443685907,-30.956506999999988,0.0,,1.0004838246494612,1.0,20056.758577432054,OK,OK,OPTIMAL,0.01905317,49068.0,0.0
matpower/case118,matpower/case118/2017-05-15,STREDUCE_GRU,1.156602929576645,0.8646009571893729,-34.32788599999998,0.0,,1.0003614638348879,1.0,20218.667393770673,OK,OK,OPTIMAL,0.01952431,49068.0,0.0
matpower/case118,matpower/case118/2017-05-15,STREDUCE_LAZY,0.9452640699224615,1.0579054380878228,14.680836999999997,0.0,,1.0003614638348879,1.0,20218.667393770673,OK,OK,OPTIMAL,0.01952431,49068.0,0.0
matpower/case118,matpower/case118/2017-05-15,STREDUCE_LAZY_CONSERVATIVE,0.8410969018115648,1.1889236517768496,47.89804600000002,0.0,,1.000109875017168,1.0,20816.8137614019,OK,OK,OPTIMAL,0.02009882,49068.0,0.0
matpower/case118,matpower/case118/2017-05-15,STREDUCE_LAZY_AGGRESSIVE,0.9824753300995288,1.0178372620294658,4.522303000000022,0.0,,1.0004838246494612,1.0,20056.758577432054,OK,OK,OPTIMAL,0.01905317,49068.0,0.0
matpower/case118,matpower/case118/2017-05-15,STREDUCE_LAZY_GRU,0.9397782194961493,1.0640808429632875,16.24649499999998,0.0,,1.0003614638348879,1.0,20218.667393770673,OK,OK,OPTIMAL,0.01952431,49068.0,0.0
matpower/case118,matpower/case118/2017-05-15,WARM_LAZY,2.777886072162343,0.35998596559490537,-162.263546,-1.0,,0.028609956174851108,1.0,13.558119597172492,OK,OK,OPTIMAL,0.00010932,49068.0,0.0
matpower/case118,matpower/case118/2017-05-15,WARM_LPSCREEN_LAZY_T080,3.3351558580893537,0.2998360624060552,-177.51342499999998,-1.0,,0.028609956174851108,1.0,13.558119597172492,OK,OK,OPTIMAL,0.00010932,49068.0,0.0
matpower/case118,matpower/case118/2017-05-15,ACTIVESET,6.093591100943826,0.16410684331036124,-211.925021,-1.0,,0.028609956174851108,1.0,31324.70391314669,OK,OK,OPTIMAL,0.03168701,0.0,0.0
matpower/case118,matpower/case118/2017-05-15,ACTIVESET_B500,6.070892997851695,0.164720412689512,-211.76946199999998,-1.0,,0.028609956174851108,1.0,31324.70391314669,OK,OK,OPTIMAL,0.03168701,0.0,0.0
matpower/case118,matpower/case118/2017-05-15,ACTIVESET_B5000,6.115430512108918,0.16352078533472666,-212.073605,-1.0,,0.028609956174851108,1.0,31324.70391314669,OK,OK,OPTIMAL,0.03168701,0.0,0.0
matpower/case118,matpower/case118/2017-05-15,ACTIVESET_NOCLEAN,6.062281612882839,0.1649543956973096,-211.71014,-1.0,,0.028609956174851108,1.0,31324.70391314669,OK,OK,OPTIMAL,0.03168701,0.0,0.0
matpower/case118,matpower/case118/2017-05-15,WARM_ACTIVESET,6.008618805527552,0.16642759881523236,-211.336637,-1.0,,0.028609956174851108,1.0,31324.70391314669,OK,OK,OPTIMAL,0.03168701,49068.0,1944.0
matpower/case118,matpower/case118/2017-05-15,ACTIVESET_LAZY,2.6846528071851643,0.37248764433285936,-159.09398,-1.0,,0.028609956174851108,1.0,13.558119597172492,OK,OK,OPTIMAL,0.00010932,0.0,0.0
matpower/case118,matpower/case118/2017-05-15,WARM_ACTIVESET_LAZY,2.67135957770955,0.3743412187352966,-158.62404099999998,-1.0,,0.028609956174851108,1.0,13.558119597172492,OK,OK,OPTIMAL,0.00010932,49068.0,1944.0
matpower/case118,matpower/case118/2017-05-15,ACTIVESET_LAZY_TOPK128,2.5249862021771623,0.396041768124417,-153.122274,-1.0,,0.028609956174851108,1.0,13.558119597172492,OK,OK,OPTIMAL,0.00010932,0.0,0.0
matpower/case118,matpower/case118/2017-07-15,RAW_GNN,9.532059499049389,0.10490912274516623,-237.10154799999998,-1.0,,0.028609956174851108,1.0,48353.037035295965,FAIL,C120,OPTIMAL,0.04612863,0.0,0.0
matpower/case118,matpower/case118/2017-07-15,RAW_COMMIT_HINTS,1.2045961267890477,0.8301537567330421,-44.990747,0.0,,1.0,1.0,378.1666805984802,OK,OK,OPTIMAL,0.00038407,0.0,0.0
matpower/case118,matpower/case118/2017-07-15,WARM,1.1102970361803268,0.900659884169579,-26.314305999999988,0.0,,1.0,1.0,0.0,OK,OK,OPTIMAL,2.52e-06,49068.0,0.0
matpower/case118,matpower/case118/2017-07-15,WARM_BRANCH_HINTS,1.1945549144500396,0.8371318789144068,-43.14230499999999,0.0,,1.0,1.0,52377.484305323014,OK,OK,OPTIMAL,0.04977638,49068.0,1944.0
matpower/case118,matpower/case118/2017-07-15,WARM_COMMIT_HINTS,1.1893330447108814,0.8408073789315195,-42.16869799999998,0.0,,1.0,1.0,378.1666805984802,OK,OK,OPTIMAL,0.00038407,49068.0,0.0
matpower/case118,matpower/case118/2017-07-15,WARM_GRU,1.099283719169111,0.9096832624391508,-23.924093999999997,0.0,,1.0,1.0,0.0,OK,OK,OPTIMAL,2.52e-06,49068.0,0.0
matpower/case118,matpower/case118/2017-07-15,LAZY_ALL,2.600200421476423,0.3845857387532414,-163.01772,-1.0,,0.028609956174851108,1.0,-0.6463364082163434,OK,OK,OPTIMAL,5.41e-06,0.0,0.0
matpower/case118,matpower/case118/2017-07-15,LAZY_TOPK128,3.1362331799743512,0.31885384236900977,-180.42951,-1.0,,0.028609956174851108,1.0,-0.6463364082163434,OK,OK,OPTIMAL,5.41e-06,0.0,0.0
matpower/case118,matpower/case118/2017-07-15,LAZY_BANDIT,3.3287863596923284,0.3004097866143706,-185.315175,-1.0,,0.028609956174851108,1.0,-0.6463364082163434,OK,OK,OPTIMAL,5.41e-06,0.0,0.0
matpower/case118,matpower/case118/2017-07-15,LAZY_COMMIT_HINTS,2.6576571147899117,0.37627126329991223,-165.22015,-1.0,,0.028609956174851108,1.0,-0.6463364082163434,OK,OK,OPTIMAL,5.41e-06,0.0,0.0
matpower/case118,matpower/case118/2017-07-15,LAZY_GNN_T060,2.6288507367223954,0.38039436246075436,-164.12797799999998,-1.0,,0.028609956174851108,1.0,-0.6463364082163434,OK,OK,OPTIMAL,5.41e-06,0.0,0.0
matpower/case118,matpower/case118/2017-07-15,LAZY_GNN_T080,2.6330651856484124,0.3797855083309464,-164.289258,-1.0,,0.028609956174851108,1.0,-0.6463364082163434,OK,OK,OPTIMAL,5.41e-06,0.0,0.0
matpower/case118,matpower/case118/2017-07-15,LAZY_COMMIT_GNN_T060,2.5986495472683373,0.38481525954555335,-162.956922,-1.0,,0.028609956174851108,1.0,-0.6463364082163434,OK,OK,OPTIMAL,5.41e-06,0.0,0.0
matpower/case118,matpower/case118/2017-07-15,WARM_LAZY_TOPK128,3.1679655246711182,0.3156600007835675,-181.27553,-1.0,,0.028609956174851108,1.0,-0.6463364082163434,OK,OK,OPTIMAL,5.41e-06,49068.0,0.0
matpower/case118,matpower/case118/2017-07-15,WARM_LAZY_BANDIT,3.3245626753110393,0.3007914416612531,-185.21407799999997,-1.0,,0.028609956174851108,1.0,-0.6463364082163434,OK,OK,OPTIMAL,5.41e-06,49068.0,0.0
matpower/case118,matpower/case118/2017-07-15,WARM_LAZY_COMMIT_HINTS,2.6579551487347324,0.3762290723664131,-165.231326,-1.0,,0.028609956174851108,1.0,-0.6463364082163434,OK,OK,OPTIMAL,5.41e-06,49068.0,0.0
matpower/case118,matpower/case118/2017-07-15,WARM_LAZY_GRU,2.646116596558519,0.3779122965709742,-164.78545499999998,-1.0,,0.028609956174851108,1.0,-0.6463364082163434,OK,OK,OPTIMAL,5.41e-06,49068.0,0.0
matpower/case118,matpower/case118/2017-07-15,WARM_LAZY_BRANCH_HINTS,2.644665149947955,0.37811970260948885,-164.730515,-1.0,,0.028609956174851108,1.0,-0.6463364082163434,OK,OK,OPTIMAL,5.41e-06,49068.0,1944.0
matpower/case118,matpower/case118/2017-07-15,WARM_LAZY_GNN_T060,2.658963829058393,0.3760863495289161,-165.26913199999998,-1.0,,0.028609956174851108,1.0,-0.6463364082163434,OK,OK,OPTIMAL,5.41e-06,49068.0,0.0
matpower/case118,matpower/case118/2017-07-15,WARM_LAZY_COMMIT_GNN_T060,2.6337702958184086,0.37968383256037275,-164.316191,-1.0,,0.028609956174851108,1.0,-0.6463364082163434,OK,OK,OPTIMAL,5.41e-06,49068.0,0.0
matpower/case118,matpower/case118/2017-07-15,WARM_LAZY_COMMIT_GRU,2.671971538515186,0.37425548348306875,-165.754112,-1.0,,0.028609956174851108,1.0,-0.6463364082163434,OK,OK,OPTIMAL,5.41e-06,49068.0,0.0
matpower/case118,matpower/case118/2017-07-15,WARM_LAZY_ML_STACK,3.3586028763597224,0.29774285225524094,-186.02162199999998,-1.0,,0.028609956174851108,1.0,-0.6463364082163434,OK,OK,OPTIMAL,5.41e-06,49068.0,1944.0
matpower/case118,matpower/case118/2017-07-15,WARM_PRUNE_T010,8.880731295479038,0.11260333937916525,-235.06341899999998,-1.0,,0.028699853916170356,1.0,21847.461859860552,FAIL,C120,OPTIMAL,0.03540565,49068.0,0.0
matpower/case118,matpower/case118/2017-07-15,WARM_PRUNE_T020,10.054266180163898,0.099460267122518,-238.54490099999998,-1.0,,0.02874480278682998,1.0,52160.21649215545,OK,OK,OPTIMAL,0.04958016,49068.0,0.0
matpower/case118,matpower/case118/2017-07-15,WARM_PRUNE_T030,8.890738423474062,0.11247659669749337,-235.096992,-1.0,,0.028969547140128105,1.0,38488.01260451616,OK,OK,OPTIMAL,0.04178021,49068.0,0.0
matpower/case118,matpower/case118/2017-07-15,WARM_PRUNE_T050,1.919723212490216,0.5209084275762992,-126.907062,-1.0,,0.07728958309922464,1.0,50810.63047853654,OK,OK,OPTIMAL,0.04835951,49068.0,0.0
matpower/case118,matpower/case118/2017-07-15,WARM_PRUNE_T080,1.3290682462666494,0.7524068104169959,-65.585216,0.0,,0.3050904596022025,1.0,0.0,OK,OK,OPTIMAL,2.52e-06,49068.0,0.0
matpower/case118,matpower/case118/2017-07-15,WARM_LPSCREEN_T010,8.810093975521012,0.11350616721893275,-234.824268,-1.0,,0.028609956174851108,1.0,48353.037035295965,FAIL,C120,OPTIMAL,0.04612863,49068.0,0.0
matpower/case118,matpower/case118/2017-07-15,WARM_LPSCREEN_T020,9.019698987917382,0.11086844487156179,-235.522977,-1.0,,0.028654905045510732,1.0,46199.258944987785,OK,OK,OPTIMAL,0.04416493,49068.0,0.0
matpower/case118,matpower/case118/2017-07-15,WARM_LPSCREEN_T030,9.473664645525957,0.10555577354875667,-236.93025599999999,-1.0,,0.02874480278682998,1.0,21640.65016409555,OK,OK,OPTIMAL,0.04354195,49068.0,0.0
matpower/case118,matpower/case118/2017-07-15,WARM_LPSCREEN_T050,3.2832104851716877,0.30457992398489414,-184.21054299999997,-1.0,,0.04560062928418923,1.0,51223.97401304623,OK,OK,OPTIMAL,0.04873369,49068.0,0.0
matpower/case118,matpower/case118/2017-07-15,WARM_LPSCREEN_T080,1.3305794346166069,0.7515522741324647,-65.81157499999998,0.0,,0.263827396336667,1.0,0.0,OK,OK,OPTIMAL,2.52e-06,49068.0,0.0
matpower/case118,matpower/case118/2017-07-15,WARM_PRUNE_LAZY_T010,5.243708336693657,0.19070473332819562,-214.37506,-1.0,,0.028609956174851108,1.0,50586.040485676516,OK,OK,OPTIMAL,0.04815607,49068.0,0.0
matpower/case118,matpower/case118/2017-07-15,WARM_PRUNE_LAZY_T020,5.936122426752852,0.16846013746165525,-220.267454,-1.0,,0.028609956174851108,1.0,51772.888316199285,OK,OK,OPTIMAL,0.04923015,49068.0,0.0
matpower/case118,matpower/case118/2017-07-15,WARM_PRUNE_LAZY_T030,5.5685573683515575,0.1795797248464061,-217.32197499999998,-1.0,,0.028609956174851108,1.0,49757.23466449441,OK,OK,OPTIMAL,0.04740457,49068.0,0.0
matpower/case118,matpower/case118/2017-07-15,WARM_PRUNE_LAZY_T050,4.087043897694975,0.2446756200891269,-200.078656,-1.0,,0.028609956174851108,1.0,-0.6463364082163434,OK,OK,OPTIMAL,5.41e-06,49068.0,0.0
matpower/case118,matpower/case118/2017-07-15,WARM_PRUNE_LAZY_T080,3.2332981710935966,0.3092817139292076,-182.965081,-1.0,,0.028609956174851108,1.0,-0.6463364082163434,OK,OK,OPTIMAL,5.41e-06,49068.0,0.0
matpower/case118,matpower/case118/2017-07-15,WARM_LPSCREEN_LAZY_T010,2.5446332296178475,0.3929839429748309,-160.793111,-1.0,,0.028609956174851108,1.0,-0.6463364082163434,OK,OK,OPTIMAL,5.41e-06,49068.0,0.0
matpower/case118,matpower/case118/2017-07-15,WARM_LPSCREEN_LAZY_T020,5.338640243621142,0.18731361439738275,-215.273337,-1.0,,0.028609956174851108,1.0,-0.6463364082163434,OK,OK,OPTIMAL,5.41e-06,49068.0,0.0
matpower/case118,matpower/case118/2017-07-15,WARM_LPSCREEN_LAZY_T030,4.590306542174171,0.21785037465632,-207.18442299999998,-1.0,,0.028609956174851108,1.0,-0.6463364082163434,OK,OK,OPTIMAL,5.41e-06,49068.0,0.0
matpower/case118,matpower/case118/2017-07-15,WARM_LPSCREEN_LAZY_T050,4.678732482287422,0.2137331005321985,-208.275052,-1.0,,0.028609956174851108,1.0,-0.6463364082163434,OK,OK,OPTIMAL,5.41e-06,49068.0,0.0
matpower/case118,matpower/case118/2017-07-15,WARM_SR_LAZY,0.9992899595147867,1.0007105450009306,0.18821700000000874,0.0,,0.7161928306551298,1.0,0.0,OK,OK,OPTIMAL,2.18e-06,49068.0,0.0
matpower/case118,matpower/case118/2017-07-15,SHRINK_LAZY,12.121224492858989,0.08249991579556445,-243.037546,-1.0,,0.006363386647688255,1.0,8945.913546224225,OK,OK,OPTIMAL,0.01954953,0.0,0.0
matpower/case118,matpower/case118/2017-07-15,STREDUCE,1.1301115916952322,0.8848683681758742,-30.497336999999987,0.0,,1.0004569801850396,1.0,5.029678200675159,OK,OK,OPTIMAL,1.87e-06,49068.0,0.0
matpower/case118,matpower/case118/2017-07-15,STREDUCE_CONSERVATIVE,1.0240036196447977,0.9765590480499239,-6.20929799999999,0.0,,1.0002222471938171,1.0,0.0,OK,OK,OPTIMAL,2.39e-06,49068.0,0.0
matpower/case118,matpower/case118/2017-07-15,STREDUCE_AGGRESSIVE,1.1252756615120132,0.8886711356187315,-29.490017999999992,0.0,,1.0006155498120888,1.0,130.67384113109145,OK,OK,OPTIMAL,1.368e-05,49068.0,0.0
matpower/case118,matpower/case118/2017-07-15,STREDUCE_GRU,1.1370851869740608,0.8794415857805138,-31.934843,0.0,,1.0004569801850396,1.0,5.029678200675159,OK,OK,OPTIMAL,1.87e-06,49068.0,0.0
matpower/case118,matpower/case118/2017-07-15,STREDUCE_LAZY,1.0388673306925627,0.9625868197562323,-9.910415999999998,0.0,,1.0004569801850396,1.0,5.029678200675159,OK,OK,OPTIMAL,1.94e-06,49068.0,0.0
matpower/case118,matpower/case118/2017-07-15,STREDUCE_LAZY_CONSERVATIVE,0.9926191974029295,1.0074356839122007,1.9696460000000116,0.0,,1.0002222471938171,1.0,0.0,OK,OK,OPTIMAL,2.2e-06,49068.0,0.0
matpower/case118,matpower/case118/2017-07-15,STREDUCE_LAZY_AGGRESSIVE,1.0547929026607907,0.9480534022151916,-13.760188,0.0,,1.0006155498120888,1.0,130.67384113109145,OK,OK,OPTIMAL,1.154e-05,49068.0,0.0
matpower/case118,matpower/case118/2017-07-15,STREDUCE_LAZY_GRU,1.0397363104926176,0.9617823191403301,-10.123520999999982,0.0,,1.0004569801850396,1.0,5.029678200675159,OK,OK,OPTIMAL,1.94e-06,49068.0,0.0
matpower/case118,matpower/case118/2017-07-15,WARM_LAZY,2.6438627829293426,0.3782344554553704,-164.70011799999997,-1.0,,0.028609956174851108,1.0,-0.6463364082163434,OK,OK,OPTIMAL,5.41e-06,49068.0,0.0
matpower/case118,matpower/case118/2017-07-15,WARM_LPSCREEN_LAZY_T080,3.2614330734420416,0.30661368100514874,-183.67181899999997,-1.0,,0.028609956174851108,1.0,-0.6463364082163434,OK,OK,OPTIMAL,5.41e-06,49068.0,0.0
matpower/case118,matpower/case118/2017-07-15,ACTIVESET,8.29413319413497,0.12056714988699845,-232.95387699999998,0.0,,0.028609956174851108,1.0000436414419132,48386.54899842705,FAIL,C120,OPTIMAL,0.04615912,0.0,0.0
matpower/case118,matpower/case118/2017-07-15,ACTIVESET_B500,8.165634953553104,0.12246445079753059,-232.451299,0.0,,0.028609956174851108,1.0000436414419132,48386.54899842705,FAIL,C120,OPTIMAL,0.04615912,0.0,0.0
matpower/case118,matpower/case118/2017-07-15,ACTIVESET_B5000,8.29051453225534,0.1206197752997559,-232.939937,0.0,,0.028609956174851108,1.0000436414419132,48386.54899842705,FAIL,C120,OPTIMAL,0.04615912,0.0,0.0
matpower/case118,matpower/case118/2017-07-15,ACTIVESET_NOCLEAN,8.207564718249616,0.12183881995794543,-232.617023,0.0,,0.028609956174851108,1.0000436414419132,48386.54899842705,FAIL,C120,OPTIMAL,0.04615912,0.0,0.0
matpower/case118,matpower/case118/2017-07-15,WARM_ACTIVESET,8.083754128492219,0.12370490048372117,-232.122715,0.0,,0.028609956174851108,1.0000436414419132,48386.54899842705,FAIL,C120,OPTIMAL,0.04615912,49068.0,1944.0
matpower/case118,matpower/case118/2017-07-15,ACTIVESET_LAZY,2.5733852153383805,0.38859320168609407,-161.956179,-1.0,,0.028609956174851108,1.0,-0.6463364082163434,OK,OK,OPTIMAL,5.41e-06,0.0,0.0
matpower/case118,matpower/case118/2017-07-15,ACTIVESET_LAZY_TOPK128,3.0782400526077294,0.3248609539573921,-178.83828,-1.0,,0.028609956174851108,1.0,-0.6463364082163434,OK,OK,OPTIMAL,5.41e-06,0.0,0.0
matpower/case118,matpower/case118/2017-07-15,WARM_ACTIVESET_LAZY,2.552860003511867,0.3917175241197481,-161.128574,-1.0,,0.028609956174851108,1.0,-0.6463364082163434,OK,OK,OPTIMAL,5.41e-06,49068.0,1944.0
matpower/case118,matpower/case118/2017-09-15,RAW_GNN,9.006953166252876,0.11102533582019565,-219.29637100000002,-1.0,,0.028609956174851108,1.0,49613.83166299614,OK,OK,OPTIMAL,0.0486393,0.0,0.0
matpower/case118,matpower/case118/2017-09-15,RAW_COMMIT_HINTS,1.1020361448051275,0.907411253899326,-22.84021900000002,0.0,,1.0,1.0,22156.672080065266,OK,OK,OPTIMAL,0.02308386,0.0,0.0
matpower/case118,matpower/case118/2017-09-15,WARM,1.103593910195647,0.9061304078986069,-23.156184000000025,0.0,,1.0,1.0,23451.07392327241,OK,OK,OPTIMAL,0.02431941,49068.0,0.0
matpower/case118,matpower/case118/2017-09-15,WARM_BRANCH_HINTS,1.0973468878851358,0.9112888650253997,-21.88367200000002,0.0,,1.0,1.0,23451.07392327241,OK,OK,OPTIMAL,0.02431941,49068.0,1944.0
matpower/case118,matpower/case118/2017-09-15,WARM_COMMIT_HINTS,1.0688009273490047,0.935627930713295,-15.879599000000013,0.0,,1.0,1.0,22242.760436810313,OK,OK,OPTIMAL,0.02316613,49068.0,0.0
matpower/case118,matpower/case118/2017-09-15,WARM_GRU,1.101908490542869,0.9075163759808561,-22.814287000000007,0.0,,1.0,1.0,23451.07392327241,OK,OK,OPTIMAL,0.02431941,49068.0,0.0
matpower/case118,matpower/case118/2017-09-15,LAZY_ALL,2.363555198842244,0.42309145159369954,-142.314462,-1.0,,0.028609956174851108,1.0,8417.778643587097,OK,OK,OPTIMAL,0.00977415,0.0,0.0
matpower/case118,matpower/case118/2017-09-15,LAZY_TOPK128,2.3255102449546645,0.4300131561103894,-140.606984,-1.0,,0.028609956174851108,1.0,8417.778643587097,OK,OK,OPTIMAL,0.00977415,0.0,0.0
matpower/case118,matpower/case118/2017-09-15,LAZY_BANDIT,2.3874261085693758,0.41886113099401134,-143.35801700000002,-1.0,,0.028609956174851108,1.0,8417.778643587097,OK,OK,OPTIMAL,0.00977415,0.0,0.0
matpower/case118,matpower/case118/2017-09-15,LAZY_COMMIT_HINTS,2.3804507411320674,0.4200885079119223,-143.05524200000002,-1.0,,0.028609956174851108,1.0,8417.778643587097,OK,OK,OPTIMAL,0.00977415,0.0,0.0
matpower/case118,matpower/case118/2017-09-15,LAZY_GNN_T060,2.3391762748770133,0.4275009159164702,-141.226715,-1.0,,0.028609956174851108,1.0,8417.778643587097,OK,OK,OPTIMAL,0.00977415,0.0,0.0
matpower/case118,matpower/case118/2017-09-15,LAZY_GNN_T080,2.3569249034020907,0.4242816555404694,-142.020857,-1.0,,0.028609956174851108,1.0,8417.778643587097,OK,OK,OPTIMAL,0.00977415,0.0,0.0
matpower/case118,matpower/case118/2017-09-15,WARM_LAZY_TOPK128,2.327800287227142,0.42959011796978186,-140.711341,-1.0,,0.028609956174851108,1.0,8417.778643587097,OK,OK,OPTIMAL,0.00977415,49068.0,0.0
matpower/case118,matpower/case118/2017-09-15,WARM_LAZY_BANDIT,2.3292380753205117,0.4293249413168709,-140.776756,-1.0,,0.028609956174851108,1.0,8417.778643587097,OK,OK,OPTIMAL,0.00977415,49068.0,0.0
matpower/case118,matpower/case118/2017-09-15,WARM_LAZY_COMMIT_HINTS,2.3893895285906304,0.41851694252206967,-143.442923,-1.0,,0.028609956174851108,1.0,8417.778643587097,OK,OK,OPTIMAL,0.00977415,49068.0,0.0
matpower/case118,matpower/case118/2017-09-15,WARM_LAZY_GRU,2.365485003001966,0.4227462861658096,-142.399609,-1.0,,0.028609956174851108,1.0,8417.778643587097,OK,OK,OPTIMAL,0.00977415,49068.0,0.0
matpower/case118,matpower/case118/2017-09-15,WARM_LAZY_BRANCH_HINTS,2.38879673538509,0.4186207998307539,-143.417303,-1.0,,0.028609956174851108,1.0,8417.778643587097,OK,OK,OPTIMAL,0.00977415,49068.0,1944.0
matpower/case118,matpower/case118/2017-09-15,WARM_LAZY_GNN_T060,2.402149915131239,0.41629375156852605,-143.99135,-1.0,,0.028609956174851108,1.0,8417.778643587097,OK,OK,OPTIMAL,0.00977415,49068.0,0.0
matpower/case118,matpower/case118/2017-09-15,WARM_LAZY_COMMIT_GNN_T060,2.371662537229589,0.4216451473606908,-142.671243,-1.0,,0.028609956174851108,1.0,8417.778643587097,OK,OK,OPTIMAL,0.00977415,49068.0,0.0
matpower/case118,matpower/case118/2017-09-15,WARM_LAZY_COMMIT_GRU,2.3795129827603034,0.4202540634344307,-143.01440200000002,-1.0,,0.028609956174851108,1.0,8417.778643587097,OK,OK,OPTIMAL,0.00977415,49068.0,0.0
matpower/case118,matpower/case118/2017-09-15,WARM_LAZY_ML_STACK,2.3895388838987217,0.41849078361446074,-143.44937600000003,-1.0,,0.028609956174851108,1.0,8417.778643587097,OK,OK,OPTIMAL,0.00977415,49068.0,1944.0
matpower/case118,matpower/case118/2017-09-15,WARM_PRUNE_T010,9.907489641770301,0.10093374165984158,-221.78581200000002,-1.0,,0.028699853916170356,1.0,49985.28920912234,OK,OK,OPTIMAL,0.04897587,49068.0,0.0
matpower/case118,matpower/case118/2017-09-15,WARM_PRUNE_T020,7.6711446929393174,0.130358641379874,-214.52714200000003,-1.0,,0.02874480278682998,1.0,41863.555909322495,OK,OK,OPTIMAL,0.04156226,49068.0,0.0
matpower/case118,matpower/case118/2017-09-15,WARM_PRUNE_T030,8.3122732388692,0.12030403371774144,-217.007459,-1.0,,0.028969547140128105,1.0,49303.564523200745,OK,OK,OPTIMAL,0.048358,49068.0,0.0
matpower/case118,matpower/case118/2017-09-15,WARM_PRUNE_T050,1.6145702686057861,0.6193598503851555,-93.89806800000002,-1.0,,0.07728958309922464,1.0,48948.61795071814,OK,OK,OPTIMAL,0.04803598,49068.0,0.0
matpower/case118,matpower/case118/2017-09-15,WARM_PRUNE_T080,1.2491599255296255,0.8005380092352984,-49.204204000000004,0.0,,0.3050904596022025,1.0,23451.07392327241,OK,OK,OPTIMAL,0.02431941,49068.0,0.0
matpower/case118,matpower/case118/2017-09-15,WARM_LPSCREEN_T010,7.4336401666529,0.13452359511373335,-213.49971200000002,-1.0,,0.028609956174851108,1.0,49613.83166299614,OK,OK,OPTIMAL,0.0486393,49068.0,0.0
matpower/case118,matpower/case118/2017-09-15,WARM_LPSCREEN_T020,6.885041494382201,0.14524240715410977,-210.855546,-1.0,,0.028654905045510732,1.0,50024.27163994025,OK,OK,OPTIMAL,0.04901118,49068.0,0.0
matpower/case118,matpower/case118/2017-09-15,WARM_LPSCREEN_T030,6.4789378575161445,0.1543462866895553,-208.609759,-1.0,,0.028789751657489607,1.0,48557.0132829035,OK,OK,OPTIMAL,0.04768045,49068.0,0.0
matpower/case118,matpower/case118/2017-09-15,WARM_LPSCREEN_T050,1.3951756567281435,0.7167556251268902,-69.87202900000003,-1.0,,0.06173727385099449,1.0,50436.21057102779,OK,OK,OPTIMAL,0.04938412,49068.0,0.0
matpower/case118,matpower/case118/2017-09-15,WARM_LPSCREEN_T080,1.2261531478097445,0.815558808282866,-45.49880400000001,0.0,,0.27133385773682434,1.0,23451.07392327241,OK,OK,OPTIMAL,0.02431941,49068.0,0.0
matpower/case118,matpower/case118/2017-09-15,WARM_PRUNE_LAZY_T010,3.5739467083628975,0.2798027171642035,-177.661588,-1.0,,0.028609956174851108,1.0,8417.77864377613,OK,OK,OPTIMAL,0.00977415,49068.0,0.0
matpower/case118,matpower/case118/2017-09-15,WARM_PRUNE_LAZY_T020,3.264742548868714,0.30630286616214686,-171.124409,-1.0,,0.028609956174851108,1.0,8417.778643587097,OK,OK,OPTIMAL,0.00977415,49068.0,0.0
matpower/case118,matpower/case118/2017-09-15,WARM_PRUNE_LAZY_T030,3.090979219517783,0.32352207147999135,-166.876696,-1.0,,0.028609956174851108,1.0,8417.778643587097,OK,OK,OPTIMAL,0.00977415,49068.0,0.0
matpower/case118,matpower/case118/2017-09-15,WARM_PRUNE_LAZY_T050,3.2395489925083356,0.30868494420444453,-170.536787,-1.0,,0.028609956174851108,1.0,8417.778643587097,OK,OK,OPTIMAL,0.00977415,49068.0,0.0
matpower/case118,matpower/case118/2017-09-15,WARM_PRUNE_LAZY_T080,2.872380198496996,0.3481433274478291,-160.80301100000003,-1.0,,0.028609956174851108,1.0,8417.778643587097,OK,OK,OPTIMAL,0.00977415,49068.0,0.0
matpower/case118,matpower/case118/2017-09-15,WARM_LPSCREEN_LAZY_T010,2.261607675944341,0.44216333833517213,-137.609721,-1.0,,0.028609956174851108,1.0,8417.778643587097,OK,OK,OPTIMAL,0.00977415,49068.0,0.0
matpower/case118,matpower/case118/2017-09-15,WARM_LPSCREEN_LAZY_T020,3.28342827318821,0.3045597213637317,-171.554416,-1.0,,0.028609956174851108,1.0,8417.778643587097,OK,OK,OPTIMAL,0.00977415,49068.0,0.0
matpower/case118,matpower/case118/2017-09-15,WARM_LPSCREEN_LAZY_T030,2.6351911250712905,0.37947911651871047,-153.072954,-1.0,,0.028609956174851108,1.0,8417.77864377613,OK,OK,OPTIMAL,0.00977415,49068.0,0.0
matpower/case118,matpower/case118/2017-09-15,WARM_LPSCREEN_LAZY_T050,3.118784134373743,0.32063777322017245,-167.588208,-1.0,,0.028609956174851108,1.0,8417.77864377613,OK,OK,OPTIMAL,0.00977415,49068.0,0.0
matpower/case118,matpower/case118/2017-09-15,WARM_SR_LAZY,1.0188392610437718,0.9815090939620137,-4.561422000000022,0.0,,0.716282728396449,1.0,23370.12371615036,OK,OK,OPTIMAL,0.02424223,49068.0,0.0
matpower/case118,matpower/case118/2017-09-15,SHRINK_LAZY,10.852095887305019,0.09214809843044405,-223.95309500000002,-1.0,,0.006363386647688255,1.0,2294.722789418342,OK,OK,OPTIMAL,0.01423859,0.0,0.0
matpower/case118,matpower/case118/2017-09-15,STREDUCE,1.0955533702336238,0.9127807254034122,-21.515653000000015,0.0,,1.0002116342660223,1.0,23451.07392327241,OK,OK,OPTIMAL,0.0243191,49068.0,0.0
matpower/case118,matpower/case118/2017-09-15,STREDUCE_CONSERVATIVE,1.0095565872855232,0.9905338765494871,-2.3351470000000063,0.0,,1.0001123721766492,1.0,23451.07392327241,OK,OK,OPTIMAL,0.02431941,49068.0,0.0
matpower/case118,matpower/case118/2017-09-15,STREDUCE_AGGRESSIVE,1.1136482018883822,0.8979496382289559,-25.17425400000002,0.0,,1.0003783196613851,1.0,21035.851732055457,OK,OK,OPTIMAL,0.02200119,49068.0,0.0
matpower/case118,matpower/case118/2017-09-15,STREDUCE_GRU,1.09956779030709,0.9094482475889163,-22.33772400000001,0.0,,1.0002116342660223,1.0,23451.07392327241,OK,OK,OPTIMAL,0.0243191,49068.0,0.0
matpower/case118,matpower/case118/2017-09-15,STREDUCE_LAZY,0.9681723187653323,1.0328739839156484,8.109505999999982,0.0,,1.0002116342660223,1.0,23451.07392327241,OK,OK,OPTIMAL,0.0243191,49068.0,0.0
matpower/case118,matpower/case118/2017-09-15,STREDUCE_LAZY_CONSERVATIVE,0.9222679492192494,1.0842835868323897,20.791463999999962,0.0,,1.0001123721766492,1.0,23370.12371615036,OK,OK,OPTIMAL,0.02424223,49068.0,0.0
matpower/case118,matpower/case118/2017-09-15,STREDUCE_LAZY_AGGRESSIVE,0.9864239524240965,1.0137628932697151,3.3950940000000003,0.0,,1.0003783196613851,1.0,21035.851732055457,OK,OK,OPTIMAL,0.02200119,49068.0,0.0
matpower/case118,matpower/case118/2017-09-15,STREDUCE_LAZY_GRU,0.9659398959799139,1.035261100780534,8.69837099999998,0.0,,1.0002116342660223,1.0,23451.07392327241,OK,OK,OPTIMAL,0.0243191,49068.0,0.0
matpower/case118,matpower/case118/2017-09-15,LAZY_COMMIT_GNN_T060,2.4447931908450964,0.4090325528329568,-145.782576,-1.0,,0.028609956174851108,1.0,8417.778643587097,OK,OK,OPTIMAL,0.00977415,0.0,0.0
matpower/case118,matpower/case118/2017-09-15,WARM_LAZY,2.379542546226703,0.4202488421926827,-143.01569,-1.0,,0.028609956174851108,1.0,8417.778643587097,OK,OK,OPTIMAL,0.00977415,49068.0,0.0
matpower/case118,matpower/case118/2017-09-15,WARM_LPSCREEN_LAZY_T080,2.8389025653299904,0.35224879226658534,-159.790256,-1.0,,0.028609956174851108,1.0,8417.778643587097,OK,OK,OPTIMAL,0.00977415,49068.0,0.0
matpower/case118,matpower/case118/2017-09-15,ACTIVESET,8.028884860562412,0.12455029775205313,-215.95997100000002,-1.0,,0.028609956174851108,1.0,49613.83166299614,OK,OK,OPTIMAL,0.0486393,0.0,0.0
matpower/case118,matpower/case118/2017-09-15,ACTIVESET_B500,8.054627724504101,0.12415223076763203,-216.05816800000002,-1.0,,0.028609956174851108,1.0,49613.83166299614,OK,OK,OPTIMAL,0.0486393,0.0,0.0
matpower/case118,matpower/case118/2017-09-15,ACTIVESET_B5000,8.009950914803518,0.12484471011574605,-215.887344,-1.0,,0.028609956174851108,1.0,49613.83166299614,OK,OK,OPTIMAL,0.0486393,0.0,0.0
matpower/case118,matpower/case118/2017-09-15,ACTIVESET_NOCLEAN,8.000087594586182,0.12499863134957671,-215.849374,-1.0,,0.028609956174851108,1.0,49613.83166299614,OK,OK,OPTIMAL,0.0486393,0.0,0.0
matpower/case118,matpower/case118/2017-09-15,WARM_ACTIVESET,7.833349184126593,0.12765931614875387,-215.193024,-1.0,,0.028609956174851108,1.0,49613.83166299614,OK,OK,OPTIMAL,0.0486393,49068.0,1944.0
matpower/case118,matpower/case118/2017-09-15,ACTIVESET_LAZY,2.3305049705865692,0.42909155424298795,-140.83432900000003,-1.0,,0.028609956174851108,1.0,8417.778643587097,OK,OK,OPTIMAL,0.00977415,0.0,0.0
matpower/case118,matpower/case118/2017-09-15,ACTIVESET_LAZY_TOPK128,2.3267796930864444,0.42977854885501104,-140.664858,-1.0,,0.028609956174851108,1.0,8417.778643587097,OK,OK,OPTIMAL,0.00977415,0.0,0.0
matpower/case118,matpower/case118/2017-09-15,WARM_ACTIVESET_LAZY,2.3161925582335066,0.43174303295520094,-140.18025,-1.0,,0.028609956174851108,1.0,8417.778643587097,OK,OK,OPTIMAL,0.00977415,49068.0,1944.0
matpower/case118,matpower/case118/2017-11-15,RAW_GNN,9.854459705775234,0.10147689775563719,-214.74801699999998,-1.0,,0.028609956174851108,1.0,50304.28905731354,FAIL,C120,OPTIMAL,0.04803867,0.0,0.0
matpower/case118,matpower/case118/2017-11-15,RAW_COMMIT_HINTS,1.092323154638046,0.915479998527873,-20.200373999999982,0.0,,1.0,1.0,3173.852139866283,OK,OK,OPTIMAL,0.00331427,0.0,0.0
matpower/case118,matpower/case118/2017-11-15,WARM,0.9908659580241773,1.0092182417832138,2.20317,0.0,,1.0,1.0,19.39152045536761,OK,OK,OPTIMAL,9.084e-05,49068.0,0.0
matpower/case118,matpower/case118/2017-11-15,WARM_BRANCH_HINTS,0.9644730804725045,1.03683557400077,8.803743000000026,0.0,,1.0,1.0,19.39152045536761,OK,OK,OPTIMAL,9.084e-05,49068.0,1944.0
matpower/case118,matpower/case118/2017-11-15,WARM_COMMIT_HINTS,1.0579884780542421,0.9451898775297729,-13.099679999999978,0.0,,1.0,1.0,3173.852139866283,OK,OK,OPTIMAL,0.00331427,49068.0,0.0
matpower/case118,matpower/case118/2017-11-15,WARM_GRU,0.9664016262514998,1.0347664706223874,8.309225000000026,0.0,,1.0,1.0,19.39152045536761,OK,OK,OPTIMAL,9.084e-05,49068.0,0.0
matpower/case118,matpower/case118/2017-11-15,LAZY_ALL,2.6157513071636687,0.3822993406373665,-147.63114199999998,-1.0,,0.028609956174851108,1.0,249.7889138223307,OK,OK,OPTIMAL,0.00040062,0.0,0.0
matpower/case118,matpower/case118/2017-11-15,LAZY_TOPK128,1.869507627164649,0.534900198035902,-111.15936799999999,-1.0,,0.028609956174851108,1.0,0.0,OK,OK,OPTIMAL,0.00015094,0.0,0.0
matpower/case118,matpower/case118/2017-11-15,LAZY_BANDIT,2.3077888332795897,0.43331520873116625,-135.438293,-1.0,,0.028609956174851108,1.0,249.7889138223307,OK,OK,OPTIMAL,0.00040062,0.0,0.0
matpower/case118,matpower/case118/2017-11-15,LAZY_COMMIT_HINTS,2.6611954078892164,0.3757709775973089,-149.19142799999997,-1.0,,0.028609956174851108,1.0,249.7889138223307,OK,OK,OPTIMAL,0.00040062,0.0,0.0
matpower/case118,matpower/case118/2017-11-15,LAZY_GNN_T060,2.6088325162940755,0.38331322296631365,-147.388823,-1.0,,0.028609956174851108,1.0,249.7889138223307,OK,OK,OPTIMAL,0.00040062,0.0,0.0
matpower/case118,matpower/case118/2017-11-15,LAZY_GNN_T080,2.6134699475586176,0.3826330587555268,-147.551383,-1.0,,0.028609956174851108,1.0,249.7889138223307,OK,OK,OPTIMAL,0.00040062,0.0,0.0
matpower/case118,matpower/case118/2017-11-15,WARM_LAZY,2.609766066240535,0.3831761064471718,-147.42159399999997,-1.0,,0.028609956174851108,1.0,249.7889138223307,OK,OK,OPTIMAL,0.00040062,49068.0,0.0
matpower/case118,matpower/case118/2017-11-15,WARM_LAZY_TOPK128,1.8644722206004596,0.5363448105855644,-110.81410399999999,-1.0,,0.028609956174851108,1.0,0.0,OK,OK,OPTIMAL,0.00015094,49068.0,0.0
matpower/case118,matpower/case118/2017-11-15,WARM_LAZY_BANDIT,2.362808654661051,0.42322512998558987,-137.849833,-1.0,,0.028609956174851108,1.0,249.7889138223307,OK,OK,OPTIMAL,0.00040062,49068.0,0.0
matpower/case118,matpower/case118/2017-11-15,WARM_LAZY_COMMIT_HINTS,2.6574746046955355,0.37629710486530465,-149.06568299999998,-1.0,,0.028609956174851108,1.0,249.7889138223307,OK,OK,OPTIMAL,0.00040062,49068.0,0.0
matpower/case118,matpower/case118/2017-11-15,WARM_LAZY_GRU,2.6365913810425896,0.37927758058761807,-148.353346,-1.0,,0.028609956174851108,1.0,249.7889138223307,OK,OK,OPTIMAL,0.00040062,49068.0,0.0
matpower/case118,matpower/case118/2017-11-15,WARM_LAZY_BRANCH_HINTS,2.6348751673041506,0.3795246212833457,-148.29430299999999,-1.0,,0.028609956174851108,1.0,249.7889138223307,OK,OK,OPTIMAL,0.00040062,49068.0,1944.0
matpower/case118,matpower/case118/2017-11-15,WARM_LAZY_GNN_T060,2.5955066319665323,0.385281234763146,-146.91846599999997,-1.0,,0.028609956174851108,1.0,249.7889138223307,OK,OK,OPTIMAL,0.00040062,49068.0,0.0
matpower/case118,matpower/case118/2017-11-15,WARM_LAZY_COMMIT_GNN_T060,2.6548554804460798,0.37666833745390005,-148.97695799999997,-1.0,,0.028609956174851108,1.0,249.7889138223307,OK,OK,OPTIMAL,0.00040062,49068.0,0.0
matpower/case118,matpower/case118/2017-11-15,WARM_LAZY_COMMIT_GRU,2.6498777841008665,0.3773758948431319,-148.80785099999997,-1.0,,0.028609956174851108,1.0,249.7889138223307,OK,OK,OPTIMAL,0.00040062,49068.0,0.0
matpower/case118,matpower/case118/2017-11-15,WARM_LAZY_ML_STACK,2.354803123360913,0.424663951767119,-137.50595299999998,-1.0,,0.028609956174851108,1.0,249.7889138223307,OK,OK,OPTIMAL,0.00040062,49068.0,1944.0
matpower/case118,matpower/case118/2017-11-15,WARM_PRUNE_T010,9.479025195846065,0.10549607995959584,-213.78742799999998,-1.0,,0.028609956174851108,1.0,50304.28905731354,FAIL,C120,OPTIMAL,0.04803867,49068.0,0.0
matpower/case118,matpower/case118/2017-11-15,WARM_PRUNE_T020,9.478730086083523,0.1054993644631974,-213.786643,-1.0,,0.028609956174851108,1.0,50304.28905731354,FAIL,C120,OPTIMAL,0.04803867,49068.0,0.0
matpower/case118,matpower/case118/2017-11-15,WARM_PRUNE_T030,9.357745215150597,0.10686334977158349,-213.460649,-1.0,,0.028609956174851108,1.0,50304.28905731354,FAIL,C120,OPTIMAL,0.04803867,49068.0,0.0
matpower/case118,matpower/case118/2017-11-15,WARM_PRUNE_T050,9.599271165662207,0.10417457562581678,-214.10326899999998,-1.0,,0.029104393752106977,1.0,51526.80517815431,OK,OK,OPTIMAL,0.04914543,49068.0,0.0
matpower/case118,matpower/case118/2017-11-15,WARM_PRUNE_T080,1.2259621131656067,0.8156858921340231,-44.051276,0.0,,0.16592875604000448,1.0,171.78606948675653,OK,OK,OPTIMAL,0.00031453,49068.0,0.0
matpower/case118,matpower/case118/2017-11-15,WARM_LPSCREEN_T010,8.509550519792267,0.11751502005589029,-210.914888,-1.0,,0.028609956174851108,1.0,50304.28905731354,FAIL,C120,OPTIMAL,0.04803867,49068.0,0.0
matpower/case118,matpower/case118/2017-11-15,WARM_LPSCREEN_T020,10.236234405768789,0.0976921747157758,-215.65257,-1.0,,0.028654905045510732,1.0,48778.582237814386,OK,OK,OPTIMAL,0.04665381,49068.0,0.0
matpower/case118,matpower/case118/2017-11-15,WARM_LPSCREEN_T030,7.979200624017336,0.12532583740155714,-209.048094,-1.0,,0.02901449601078773,1.0,48878.213351359795,OK,OK,OPTIMAL,0.04674437,49068.0,0.0
matpower/case118,matpower/case118/2017-11-15,WARM_LPSCREEN_T050,1.6704030030547685,0.5986579275607374,-95.9212,-1.0,,0.06214181368693111,1.0,50880.110335099016,OK,OK,OPTIMAL,0.04856029,49068.0,0.0
matpower/case118,matpower/case118/2017-11-15,WARM_LPSCREEN_T080,1.6664297976681914,0.600085284960269,-95.58005999999997,-1.0,,0.25043263288009887,1.0,51735.1387652407,OK,OK,OPTIMAL,0.04933378,49068.0,0.0
matpower/case118,matpower/case118/2017-11-15,WARM_PRUNE_LAZY_T010,2.643014750641174,0.37835581498643095,-148.573649,-1.0,,0.028609956174851108,1.0,249.7889138223307,OK,OK,OPTIMAL,0.00040062,49068.0,0.0
matpower/case118,matpower/case118/2017-11-15,WARM_PRUNE_LAZY_T020,2.647704771873042,0.3776856130725553,-148.733828,-1.0,,0.028609956174851108,1.0,249.7889138223307,OK,OK,OPTIMAL,0.00040062,49068.0,0.0
matpower/case118,matpower/case118/2017-11-15,WARM_PRUNE_LAZY_T030,2.636836454353147,0.3792423297050154,-148.36177099999998,-1.0,,0.028609956174851108,1.0,249.7889138223307,OK,OK,OPTIMAL,0.00040062,49068.0,0.0
matpower/case118,matpower/case118/2017-11-15,WARM_PRUNE_LAZY_T050,3.910413528567541,0.25572742951467825,-177.881969,-1.0,,0.028609956174851108,1.0,249.7889138223307,OK,OK,OPTIMAL,0.00040062,49068.0,0.0
matpower/case118,matpower/case118/2017-11-15,WARM_PRUNE_LAZY_T080,3.708273206056677,0.2696672937599938,-174.55032599999998,-1.0,,0.028609956174851108,1.0,48705.638754795036,OK,OK,OPTIMAL,0.0465875,49068.0,0.0
matpower/case118,matpower/case118/2017-11-15,WARM_LPSCREEN_LAZY_T010,2.55233992473665,0.3917973426298928,-145.361109,-1.0,,0.028609956174851108,1.0,249.7889138223307,OK,OK,OPTIMAL,0.00040062,49068.0,0.0
matpower/case118,matpower/case118/2017-11-15,WARM_LPSCREEN_LAZY_T020,3.4237028842471617,0.29208141997400283,-169.193325,-1.0,,0.028609956174851108,1.0,51867.63610185988,OK,OK,OPTIMAL,0.04945353,49068.0,0.0
matpower/case118,matpower/case118/2017-11-15,WARM_LPSCREEN_LAZY_T030,3.513530727866854,0.28461399015773603,-170.978049,-1.0,,0.028609956174851108,1.0,249.7889138223307,OK,OK,OPTIMAL,0.00040062,49068.0,0.0
matpower/case118,matpower/case118/2017-11-15,WARM_LPSCREEN_LAZY_T050,3.28478003812966,0.3044343878104532,-166.240952,-1.0,,0.028609956174851108,1.0,51732.051444556055,OK,OK,OPTIMAL,0.04933099,49068.0,0.0
matpower/case118,matpower/case118/2017-11-15,WARM_SR_LAZY,0.8036992321900025,1.2442465538695329,58.375197000000014,0.0,,0.7245982694684796,1.0,15.850272757398063,OK,OK,OPTIMAL,8.429e-05,49068.0,0.0
matpower/case118,matpower/case118/2017-11-15,SHRINK_LAZY,9.069522462636398,0.11025938842091058,-212.648992,-1.0,,0.006364635227428799,1.0,2363.6495213181793,OK,OK,OPTIMAL,0.0043843,0.0,0.0
matpower/case118,matpower/case118/2017-11-15,STREDUCE,0.971784106841434,1.0290351457282785,6.939432000000011,0.0,,1.0001679339751033,1.0,19.39152045536761,OK,OK,OPTIMAL,9.088e-05,49068.0,0.0
matpower/case118,matpower/case118/2017-11-15,STREDUCE_CONSERVATIVE,0.9900396958925319,1.0100605098450004,2.4044730000000243,0.0,,1.000071169045211,1.0,0.0,OK,OK,OPTIMAL,6.572e-05,49068.0,0.0
matpower/case118,matpower/case118/2017-11-15,STREDUCE_AGGRESSIVE,0.8767073820037027,1.1406314359011256,33.611068999999986,0.0,,1.0003371165299473,1.0,86.63466676647751,OK,OK,OPTIMAL,0.00015956,49068.0,0.0
matpower/case118,matpower/case118/2017-11-15,STREDUCE_GRU,0.9710545501138127,1.0298082634830297,7.12420800000001,0.0,,1.0001679339751033,1.0,19.39152045536761,OK,OK,OPTIMAL,9.088e-05,49068.0,0.0
matpower/case118,matpower/case118/2017-11-15,STREDUCE_LAZY,0.8398026404073756,1.1907559608468428,45.59088600000001,0.0,,1.0001679339751033,1.0,15.850272757398063,OK,OK,OPTIMAL,8.41e-05,49068.0,0.0
matpower/case118,matpower/case118/2017-11-15,STREDUCE_LAZY_CONSERVATIVE,0.7765825156006093,1.2876931683513366,68.758986,0.0,,1.000071169045211,1.0,15.850272757398063,OK,OK,OPTIMAL,8.387e-05,49068.0,0.0
matpower/case118,matpower/case118/2017-11-15,STREDUCE_LAZY_AGGRESSIVE,0.8667366077557349,1.1537530445256348,36.74714800000004,0.0,,1.0003371165299473,1.0,15.850272757398063,OK,OK,OPTIMAL,8.385e-05,49068.0,0.0
matpower/case118,matpower/case118/2017-11-15,STREDUCE_LAZY_GRU,0.836691363382361,1.1951838440849405,46.64915500000001,0.0,,1.0001679339751033,1.0,15.850272757398063,OK,OK,OPTIMAL,8.41e-05,49068.0,0.0
matpower/case118,matpower/case118/2017-11-15,LAZY_COMMIT_GNN_T060,2.694664332293912,0.37110373563623816,-150.30690399999997,-1.0,,0.028609956174851108,1.0,249.7889138223307,OK,OK,OPTIMAL,0.00040062,0.0,0.0
matpower/case118,matpower/case118/2017-11-15,WARM_LPSCREEN_LAZY_T080,3.2567913869359284,0.3070506769366107,-165.615656,-1.0,,0.028609956174851108,1.0,249.7889138223307,OK,OK,OPTIMAL,0.00040062,49068.0,0.0
matpower/case118,matpower/case118/2017-11-15,ACTIVESET,8.03650979561939,0.12443212606361641,-209.26169199999998,0.0,,0.028609956174851108,1.00006546216287,50392.89662539215,OK,OK,OPTIMAL,0.04811898,0.0,0.0
matpower/case118,matpower/case118/2017-11-15,ACTIVESET_B500,7.9896605580033295,0.1251617628483965,-209.08730799999998,0.0,,0.028609956174851108,1.00006546216287,50392.89662539215,OK,OK,OPTIMAL,0.04811898,0.0,0.0
matpower/case118,matpower/case118/2017-11-15,ACTIVESET_B5000,8.052343765292854,0.12418744518958465,-209.320171,0.0,,0.028609956174851108,1.00006546216287,50392.89662539215,OK,OK,OPTIMAL,0.04811898,0.0,0.0
matpower/case118,matpower/case118/2017-11-15,ACTIVESET_NOCLEAN,8.000142596022856,0.12499777197685628,-209.126502,0.0,,0.028609956174851108,1.00006546216287,50392.89662539215,OK,OK,OPTIMAL,0.04811898,0.0,0.0
matpower/case118,matpower/case118/2017-11-15,WARM_ACTIVESET,7.770750147676082,0.1286877046611851,-208.24460399999998,0.0,,0.028609956174851108,1.00006546216287,50392.89662539215,OK,OK,OPTIMAL,0.04811898,49068.0,1944.0
matpower/case118,matpower/case118/2017-11-15,ACTIVESET_LAZY,2.5790747449301508,0.38773595141659345,-146.331786,-1.0,,0.028609956174851108,1.0,249.7889138223307,OK,OK,OPTIMAL,0.00040062,0.0,0.0
matpower/case118,matpower/case118/2017-11-15,ACTIVESET_LAZY_TOPK128,1.876866210858863,0.5328030278420299,-111.66059399999999,-1.0,,0.028609956174851108,1.0,0.0,OK,OK,OPTIMAL,0.00015094,0.0,0.0
matpower/case118,matpower/case118/2017-11-15,WARM_ACTIVESET_LAZY,2.5165881401795427,0.39736339213958793,-144.03081699999998,-1.0,,0.028609956174851108,1.0,249.7889138223307,OK,OK,OPTIMAL,0.00040062,49068.0,1944.0
matpower/case14,matpower/case14/2017-01-15,RAW_GNN,2.898011913158244,0.34506414396005824,-1.0872039999999998,0.0,,0.16176470588235295,1.0,-18627.663441463585,OK,OK,OPTIMAL,0.00033505,0.0,0.0
matpower/case14,matpower/case14/2017-01-15,RAW_COMMIT_HINTS,0.980910831928458,1.019460655800908,0.03230500000000003,0.0,,1.0,1.0,-14604.567558074838,OK,OK,OPTIMAL,0.03423035,0.0,0.0
matpower/case14,matpower/case14/2017-01-15,WARM,0.9504956844476355,1.0520826305288624,0.08645800000000015,0.0,,1.0,1.0,0.0,OK,OK,OPTIMAL,0.048335,5076.0,0.0
matpower/case14,matpower/case14/2017-01-15,WARM_BRANCH_HINTS,0.9628712311350112,1.0385604717062968,0.06401100000000004,0.0,,1.0,1.0,0.0,OK,OK,OPTIMAL,0.048335,5076.0,180.0
matpower/case14,matpower/case14/2017-01-15,WARM_COMMIT_HINTS,0.9501235721096775,1.052494674750123,0.08714200000000005,0.0,,1.0,1.0,0.0,OK,OK,OPTIMAL,0.048335,5076.0,0.0
matpower/case14,matpower/case14/2017-01-15,WARM_GRU,0.9158385579764355,1.0918954998024115,0.15254800000000013,0.0,,1.0,1.0,0.0,OK,OK,OPTIMAL,0.048335,5076.0,0.0
matpower/case14,matpower/case14/2017-01-15,LAZY_ALL,3.80870395183642,0.2625565054794653,-1.224168,0.0,,0.16176470588235295,1.0,-18627.663298097617,OK,OK,OPTIMAL,0.00033505,0.0,0.0
matpower/case14,matpower/case14/2017-01-15,LAZY_TOPK128,3.8439821418647298,0.2601468901504564,-1.228168,0.0,,0.16176470588235295,1.0,-18627.663298097617,OK,OK,OPTIMAL,0.00033505,0.0,0.0
matpower/case14,matpower/case14/2017-01-15,LAZY_BANDIT,3.8258472671959805,0.26138001079507667,-1.226121,0.0,,0.16176470588235295,1.0,-18627.663298097617,OK,OK,OPTIMAL,0.00033505,0.0,0.0
matpower/case14,matpower/case14/2017-01-15,LAZY_COMMIT_HINTS,2.601608279930353,0.3843776204566703,-1.0219429999999998,0.0,,0.16176470588235295,1.0,-18627.663298097617,OK,OK,OPTIMAL,0.00033505,0.0,0.0
matpower/case14,matpower/case14/2017-01-15,LAZY_GNN_T060,3.8252125161590627,0.26142338387099884,-1.226049,0.0,,0.16176470588235295,1.0,-18627.663298097617,OK,OK,OPTIMAL,0.00033505,0.0,0.0
matpower/case14,matpower/case14/2017-01-15,LAZY_GNN_T080,3.908734288687855,0.255837293134524,-1.235322,0.0,,0.16176470588235295,1.0,-18627.663298097617,OK,OK,OPTIMAL,0.00033505,0.0,0.0
matpower/case14,matpower/case14/2017-01-15,LAZY_COMMIT_GNN_T060,2.450812229730428,0.4080279949108924,-0.982683,0.0,,0.16176470588235295,1.0,-18627.663298097617,OK,OK,OPTIMAL,0.00033505,0.0,0.0
matpower/case14,matpower/case14/2017-01-15,WARM_LAZY,3.6488359006822817,0.27406000906015365,-1.205072,0.0,,0.16176470588235295,1.0,-18627.663298097617,OK,OK,OPTIMAL,0.00033505,5076.0,0.0
matpower/case14,matpower/case14/2017-01-15,WARM_LAZY_TOPK128,3.6904416260018005,0.27097027980453203,-1.2102009999999999,0.0,,0.16176470588235295,1.0,-18627.663298097617,OK,OK,OPTIMAL,0.00033505,5076.0,0.0
matpower/case14,matpower/case14/2017-01-15,WARM_LAZY_BANDIT,3.7059057280248604,0.2698395678113946,-1.212078,0.0,,0.16176470588235295,1.0,-18627.663298097617,OK,OK,OPTIMAL,0.00033505,5076.0,0.0
matpower/case14,matpower/case14/2017-01-15,WARM_LAZY_COMMIT_HINTS,3.658961614335938,0.2733015826353481,-1.206331,0.0,,0.16176470588235295,1.0,-18627.663298097617,OK,OK,OPTIMAL,0.00033505,5076.0,0.0
matpower/case14,matpower/case14/2017-01-15,WARM_LAZY_GRU,3.691418202519035,0.270898593748494,-1.2103199999999998,0.0,,0.16176470588235295,1.0,-18627.663298097617,OK,OK,OPTIMAL,0.00033505,5076.0,0.0
matpower/case14,matpower/case14/2017-01-15,WARM_LAZY_BRANCH_HINTS,3.712137678728762,0.26938656012954093,-1.2128299999999999,0.0,,0.16176470588235295,1.0,-18627.663298097617,OK,OK,OPTIMAL,0.00033505,5076.0,180.0
matpower/case14,matpower/case14/2017-01-15,WARM_LAZY_GNN_T060,3.6834810779625666,0.2714823230619464,-1.2093509999999998,0.0,,0.16176470588235295,1.0,-18627.663298097617,OK,OK,OPTIMAL,0.00033505,5076.0,0.0
matpower/case14,matpower/case14/2017-01-15,WARM_LAZY_COMMIT_GNN_T060,3.701245479395855,0.27017932357278485,-1.211514,0.0,,0.16176470588235295,1.0,-18627.663298097617,OK,OK,OPTIMAL,0.00033505,5076.0,0.0
matpower/case14,matpower/case14/2017-01-15,WARM_LAZY_COMMIT_GRU,3.638534780550246,0.2748359051960945,-1.203784,0.0,,0.16176470588235295,1.0,-18627.663298097617,OK,OK,OPTIMAL,0.00033505,5076.0,0.0
matpower/case14,matpower/case14/2017-01-15,WARM_LAZY_ML_STACK,3.581789151167307,0.2791900800956135,-1.196556,0.0,,0.16176470588235295,1.0,-18627.663298097617,OK,OK,OPTIMAL,0.00033505,5076.0,180.0
matpower/case14,matpower/case14/2017-01-15,WARM_PRUNE_T010,2.7720989262395004,0.36073748686759644,-1.061186,0.0,,0.16176470588235295,1.0,-18627.663441463585,OK,OK,OPTIMAL,0.00033505,5076.0,0.0
matpower/case14,matpower/case14/2017-01-15,WARM_PRUNE_T020,2.723337795626952,0.36719646075700474,-1.0504639999999998,0.0,,0.16176470588235295,1.0,-18627.663441463585,OK,OK,OPTIMAL,0.00033505,5076.0,0.0
matpower/case14,matpower/case14/2017-01-15,WARM_PRUNE_T030,2.805142486346185,0.3564881302348893,-1.0682399999999999,0.0,,0.16176470588235295,1.0,-18627.663441463585,OK,OK,OPTIMAL,0.00033505,5076.0,0.0
matpower/case14,matpower/case14/2017-01-15,WARM_PRUNE_T050,6.287653591503416,0.15904184056057294,-1.396004,0.0,,0.16911764705882354,1.0,-18627.663298097617,OK,OK,OPTIMAL,0.00033505,5076.0,0.0
matpower/case14,matpower/case14/2017-01-15,WARM_PRUNE_T080,4.236950446024069,0.23601880945725826,-1.268221,0.0,,0.24509803921568626,1.0,-18627.663298097617,OK,OK,OPTIMAL,0.02058695,5076.0,0.0
matpower/case14,matpower/case14/2017-01-15,WARM_LPSCREEN_T010,2.2050343371013374,0.45350767703443823,-0.9071859999999999,0.0,,0.16176470588235295,1.0,-18627.663441463585,OK,OK,OPTIMAL,0.00033505,5076.0,0.0
matpower/case14,matpower/case14/2017-01-15,WARM_LPSCREEN_T020,2.2379572769984697,0.44683605459224496,-0.9182609999999999,0.0,,0.16176470588235295,1.0,-18627.663441463585,OK,OK,OPTIMAL,0.00033505,5076.0,0.0
matpower/case14,matpower/case14/2017-01-15,WARM_LPSCREEN_T030,2.256391575313139,0.4431854873687965,-0.924321,0.0,,0.16176470588235295,1.0,-18627.663441463585,OK,OK,OPTIMAL,0.00033505,5076.0,0.0
matpower/case14,matpower/case14/2017-01-15,WARM_LPSCREEN_T050,2.3535876979440333,0.42488325413730954,-0.954703,0.0,,0.16176470588235295,1.0,-18627.663441463585,OK,OK,OPTIMAL,0.00033505,5076.0,0.0
matpower/case14,matpower/case14/2017-01-15,WARM_LPSCREEN_T080,3.7988722492768483,0.26323601700224575,-1.22304,0.0,,0.23529411764705882,1.0,-18627.663298097617,OK,OK,OPTIMAL,0.02158243,5076.0,0.0
matpower/case14,matpower/case14/2017-01-15,WARM_PRUNE_LAZY_T010,3.6132941824347706,0.27675576620948233,-1.200597,0.0,,0.16176470588235295,1.0,-18627.663298097617,OK,OK,OPTIMAL,0.00033505,5076.0,0.0
matpower/case14,matpower/case14/2017-01-15,WARM_PRUNE_LAZY_T020,3.651115118990014,0.273888926371794,-1.2053559999999999,0.0,,0.16176470588235295,1.0,-18627.663298097617,OK,OK,OPTIMAL,0.00033505,5076.0,0.0
matpower/case14,matpower/case14/2017-01-15,WARM_PRUNE_LAZY_T030,3.630743792253467,0.27542565854786943,-1.202805,0.0,,0.16176470588235295,1.0,-18627.663298097617,OK,OK,OPTIMAL,0.00033505,5076.0,0.0
matpower/case14,matpower/case14/2017-01-15,WARM_PRUNE_LAZY_T050,3.66586209866374,0.2727871297626047,-1.207185,0.0,,0.16176470588235295,1.0,-18627.663298097617,OK,OK,OPTIMAL,0.00033505,5076.0,0.0
matpower/case14,matpower/case14/2017-01-15,WARM_PRUNE_LAZY_T080,3.6208919086933284,0.2761750489151912,-1.2015609999999999,0.0,,0.16176470588235295,1.0,-18627.663298097617,OK,OK,OPTIMAL,0.00033505,5076.0,0.0
matpower/case14,matpower/case14/2017-01-15,WARM_LPSCREEN_LAZY_T010,2.9900554595905104,0.3344419571859548,-1.1048369999999998,0.0,,0.16176470588235295,1.0,-18627.663298097617,OK,OK,OPTIMAL,0.00033505,5076.0,0.0
matpower/case14,matpower/case14/2017-01-15,WARM_LPSCREEN_LAZY_T020,2.9317975101154867,0.34108767626336134,-1.093805,0.0,,0.16176470588235295,1.0,-18627.663298097617,OK,OK,OPTIMAL,0.00033505,5076.0,0.0
matpower/case14,matpower/case14/2017-01-15,WARM_LPSCREEN_LAZY_T030,2.723722078015837,0.36714465402743107,-1.0505499999999999,0.0,,0.16176470588235295,1.0,-18627.663298097617,OK,OK,OPTIMAL,0.00033505,5076.0,0.0
matpower/case14,matpower/case14/2017-01-15,WARM_LPSCREEN_LAZY_T050,2.8783992093148263,0.3474153261173386,-1.083301,0.0,,0.16176470588235295,1.0,-18627.663298097617,OK,OK,OPTIMAL,0.00033505,5076.0,0.0
matpower/case14,matpower/case14/2017-01-15,WARM_LPSCREEN_LAZY_T080,2.935115131433542,0.34070213781071995,-1.094445,0.0,,0.16176470588235295,1.0,-18627.663298097617,OK,OK,OPTIMAL,0.00033505,5076.0,0.0
matpower/case14,matpower/case14/2017-01-15,WARM_SR_LAZY,3.23547606842771,0.3090735270021494,-1.1469489999999998,0.0,,0.4264705882352941,1.0,-18627.663298097617,OK,OK,OPTIMAL,0.00033505,5076.0,0.0
matpower/case14,matpower/case14/2017-01-15,SHRINK_LAZY,5.0855684599760425,0.19663485171227266,-1.333599,0.0,,0.03594771241830065,1.0,-6665.56560613029,OK,OK,OPTIMAL,0.0,0.0,0.0
matpower/case14,matpower/case14/2017-01-15,STREDUCE,0.9300148184667789,1.075251684321115,0.124919,0.0,,1.0040849673202614,1.0,602.2639881071467,OK,OK,OPTIMAL,0.01519768,5076.0,0.0
matpower/case14,matpower/case14/2017-01-15,STREDUCE_CONSERVATIVE,0.8510615608933805,1.1750031324999277,0.290508,0.0,,1.0034041394335511,1.0,-14604.567558074838,OK,OK,OPTIMAL,0.00142954,5076.0,0.0
matpower/case14,matpower/case14/2017-01-15,STREDUCE_AGGRESSIVE,1.2824796427633305,0.7797394723906277,-0.36563599999999985,0.0,,1.0048338779956427,1.0,2947.9489801584073,OK,OK,OPTIMAL,0.01750092,5076.0,0.0
matpower/case14,matpower/case14/2017-01-15,STREDUCE_GRU,0.9475609957970936,1.0553410328575148,0.09186700000000014,0.0,,1.0040849673202614,1.0,602.2639881071467,OK,OK,OPTIMAL,0.01519768,5076.0,0.0
matpower/case14,matpower/case14/2017-01-15,STREDUCE_LAZY,3.467736780425441,0.2883725217106341,-1.1813129999999998,0.0,,1.0040849673202614,1.0,3697.4166838020064,OK,OK,OPTIMAL,0.01823456,5076.0,0.0
matpower/case14,matpower/case14/2017-01-15,STREDUCE_LAZY_CONSERVATIVE,1.242737169611027,0.8046753766228759,-0.3242419999999999,0.0,,1.0034041394335511,1.0,-14604.567558074838,OK,OK,OPTIMAL,0.00142954,5076.0,0.0
matpower/case14,matpower/case14/2017-01-15,STREDUCE_LAZY_AGGRESSIVE,4.167187978531658,0.23996997619300056,-1.2616619999999998,0.0,,1.0048338779956427,1.0,3697.4166838020064,OK,OK,OPTIMAL,0.01823456,5076.0,0.0
matpower/case14,matpower/case14/2017-01-15,STREDUCE_LAZY_GRU,4.004506232254298,0.2497186774103382,-1.245479,0.0,,1.0040849673202614,1.0,3697.4166838020064,OK,OK,OPTIMAL,0.01823456,5076.0,0.0
matpower/case14,matpower/case14/2017-01-15,ACTIVESET,2.802547254543122,0.3568182475349635,-1.067692,0.0,,0.16176470588235295,1.0,-18627.663441463585,OK,OK,OPTIMAL,0.00033505,0.0,0.0
matpower/case14,matpower/case14/2017-01-15,ACTIVESET_B500,2.704542936649136,0.36974824339042517,-1.046228,0.0,,0.16176470588235295,1.0,-18627.663441463585,OK,OK,OPTIMAL,0.00033505,0.0,0.0
matpower/case14,matpower/case14/2017-01-15,ACTIVESET_B5000,2.890578719625273,0.3459514848049658,-1.085731,0.0,,0.16176470588235295,1.0,-18627.663441463585,OK,OK,OPTIMAL,0.00033505,0.0,0.0
matpower/case14,matpower/case14/2017-01-15,ACTIVESET_NOCLEAN,2.9451497753901394,0.3395413056259699,-1.096372,0.0,,0.16176470588235295,1.0,-18627.663441463585,OK,OK,OPTIMAL,0.00033505,0.0,0.0
matpower/case14,matpower/case14/2017-01-15,WARM_ACTIVESET,2.552720081563234,0.39173899528679246,-1.009723,0.0,,0.16176470588235295,1.0,-18627.663441463585,OK,OK,OPTIMAL,0.00033505,5076.0,180.0
matpower/case14,matpower/case14/2017-01-15,ACTIVESET_LAZY,3.743504743606223,0.2671293529700919,-1.216577,0.0,,0.16176470588235295,1.0,-18627.663298097617,OK,OK,OPTIMAL,0.00033505,0.0,0.0
matpower/case14,matpower/case14/2017-01-15,ACTIVESET_LAZY_TOPK128,3.728621838282694,0.2681956077531783,-1.214807,0.0,,0.16176470588235295,1.0,-18627.663298097617,OK,OK,OPTIMAL,0.00033505,0.0,0.0
matpower/case14,matpower/case14/2017-01-15,WARM_ACTIVESET_LAZY,3.5565039474670868,0.2811750007228846,-1.193261,0.0,,0.16176470588235295,1.0,-18627.663298097617,OK,OK,OPTIMAL,0.00033505,5076.0,180.0
matpower/case14,matpower/case14/2017-03-15,RAW_GNN,17.087283314270437,0.058523053759215814,-3.249036,0.0,,0.16176470588235295,1.0,0.0,OK,OK,OPTIMAL,0.04041328,0.0,0.0
matpower/case14,matpower/case14/2017-03-15,RAW_COMMIT_HINTS,1.8291714502879712,0.5466956090106082,-1.5643529999999999,0.0,,1.0,1.0,19312.88093302601,OK,OK,OPTIMAL,0.03993136,0.0,0.0
matpower/case14,matpower/case14/2017-03-15,WARM,0.9815052614783675,1.018843239305488,0.06502799999999986,0.0,,1.0,1.0,0.0,OK,OK,OPTIMAL,0.01249344,5076.0,0.0
matpower/case14,matpower/case14/2017-03-15,WARM_BRANCH_HINTS,0.9562139237644305,1.045791088319643,0.15802499999999986,0.0,,1.0,1.0,0.0,OK,OK,OPTIMAL,0.01249344,5076.0,180.0
matpower/case14,matpower/case14/2017-03-15,WARM_COMMIT_HINTS,0.9678918406497863,1.033173292719007,0.11448100000000005,0.0,,1.0,1.0,0.0,OK,OK,OPTIMAL,0.01249344,5076.0,0.0
matpower/case14,matpower/case14/2017-03-15,WARM_GRU,0.9659366579365672,1.0352645712154653,0.12169799999999986,0.0,,1.0,1.0,0.0,OK,OK,OPTIMAL,0.01249344,5076.0,0.0
matpower/case14,matpower/case14/2017-03-15,LAZY_ALL,7.839847610220202,0.1275534997257316,-3.010812,0.0,,0.16176470588235295,1.0,0.0,OK,OK,OPTIMAL,0.01249344,0.0,0.0
matpower/case14,matpower/case14/2017-03-15,LAZY_TOPK128,7.9736760020240345,0.12541267036008993,-3.0181999999999998,0.0,,0.16176470588235295,1.0,0.0,OK,OK,OPTIMAL,0.01249344,0.0,0.0
matpower/case14,matpower/case14/2017-03-15,LAZY_BANDIT,7.915335019920227,0.1263370403758448,-3.0150099999999997,0.0,,0.16176470588235295,1.0,0.0,OK,OK,OPTIMAL,0.01249344,0.0,0.0
matpower/case14,matpower/case14/2017-03-15,LAZY_COMMIT_HINTS,7.12190828399314,0.14041180539316298,-2.966438,0.0,,0.16176470588235295,1.0,0.0,OK,OK,OPTIMAL,0.01249344,0.0,0.0
matpower/case14,matpower/case14/2017-03-15,LAZY_GNN_T060,7.920003580182313,0.12626256918648773,-3.0152669999999997,0.0,,0.16176470588235295,1.0,0.0,OK,OK,OPTIMAL,0.01249344,0.0,0.0
matpower/case14,matpower/case14/2017-03-15,LAZY_GNN_T080,8.029892802877825,0.12453466373070524,-3.02123,0.0,,0.16176470588235295,1.0,0.0,OK,OK,OPTIMAL,0.01249344,0.0,0.0
matpower/case14,matpower/case14/2017-03-15,LAZY_COMMIT_GNN_T060,7.2938683721628195,0.13710145960633427,-2.977862,0.0,,0.16176470588235295,1.0,0.0,OK,OK,OPTIMAL,0.01249344,0.0,0.0
matpower/case14,matpower/case14/2017-03-15,WARM_LAZY,7.767097296932322,0.12874822623825738,-3.0066889999999997,0.0,,0.16176470588235295,1.0,0.0,OK,OK,OPTIMAL,0.01249344,5076.0,0.0
matpower/case14,matpower/case14/2017-03-15,WARM_LAZY_TOPK128,7.6246467717311335,0.1311536166773737,-2.998388,0.0,,0.16176470588235295,1.0,0.0,OK,OK,OPTIMAL,0.01249344,5076.0,0.0
matpower/case14,matpower/case14/2017-03-15,WARM_LAZY_BANDIT,6.979907730083188,0.1432683695358938,-2.9565799999999998,0.0,,0.16176470588235295,1.0,0.0,OK,OK,OPTIMAL,0.01249344,5076.0,0.0
matpower/case14,matpower/case14/2017-03-15,WARM_LAZY_COMMIT_HINTS,7.6962854428431875,0.12993281076001473,-3.002601,0.0,,0.16176470588235295,1.0,0.0,OK,OK,OPTIMAL,0.01249344,5076.0,0.0
matpower/case14,matpower/case14/2017-03-15,WARM_LAZY_GRU,7.632859569498632,0.13101249812010957,-2.998875,0.0,,0.16176470588235295,1.0,0.0,OK,OK,OPTIMAL,0.01249344,5076.0,0.0
matpower/case14,matpower/case14/2017-03-15,WARM_LAZY_BRANCH_HINTS,7.654530170081003,0.13064159102914838,-3.000155,0.0,,0.16176470588235295,1.0,0.0,OK,OK,OPTIMAL,0.01249344,5076.0,180.0
matpower/case14,matpower/case14/2017-03-15,WARM_LAZY_GNN_T060,7.475276992559379,0.1337743070919464,-2.989344,0.0,,0.16176470588235295,1.0,0.0,OK,OK,OPTIMAL,0.01249344,5076.0,0.0
matpower/case14,matpower/case14/2017-03-15,WARM_LAZY_COMMIT_GNN_T060,7.155681210266363,0.13974909873923463,-2.968725,0.0,,0.16176470588235295,1.0,0.0,OK,OK,OPTIMAL,0.01249344,5076.0,0.0
matpower/case14,matpower/case14/2017-03-15,WARM_LAZY_COMMIT_GRU,7.481386495779118,0.13366506336281175,-2.989721,0.0,,0.16176470588235295,1.0,0.0,OK,OK,OPTIMAL,0.01249344,5076.0,0.0
matpower/case14,matpower/case14/2017-03-15,WARM_LAZY_ML_STACK,7.301090192079447,0.1369658467012016,-2.9783299999999997,0.0,,0.16176470588235295,1.0,0.0,OK,OK,OPTIMAL,0.01249344,5076.0,180.0
matpower/case14,matpower/case14/2017-03-15,WARM_PRUNE_T010,14.73620855306702,0.06786006023183432,-3.216814,0.0,,0.16176470588235295,1.0,0.0,OK,OK,OPTIMAL,0.04041328,5076.0,0.0
matpower/case14,matpower/case14/2017-03-15,WARM_PRUNE_T020,12.067949112475697,0.08286412137470918,-3.165035,0.0,,0.16176470588235295,1.0,0.0,OK,OK,OPTIMAL,0.04041328,5076.0,0.0
matpower/case14,matpower/case14/2017-03-15,WARM_PRUNE_T030,14.314033646906575,0.06986150966720071,-3.209907,0.0,,0.16176470588235295,1.0,0.0,OK,OK,OPTIMAL,0.04041328,5076.0,0.0
matpower/case14,matpower/case14/2017-03-15,WARM_PRUNE_T050,9.046366903551702,0.11054161418186445,-3.06952,0.0,,0.16911764705882354,1.0,0.0,OK,OK,OPTIMAL,0.01249344,5076.0,0.0
matpower/case14,matpower/case14/2017-03-15,WARM_PRUNE_T080,9.0101589506334,0.11098583337752345,-3.067987,0.0,,0.27450980392156865,1.0,29635.386403826084,OK,OK,OPTIMAL,0.04136892,5076.0,0.0
matpower/case14,matpower/case14/2017-03-15,WARM_LPSCREEN_T010,9.89817582102395,0.10102871661220418,-3.102349,0.0,,0.16176470588235295,1.0,0.0,OK,OK,OPTIMAL,0.04041328,5076.0,0.0
matpower/case14,matpower/case14/2017-03-15,WARM_LPSCREEN_T020,9.74591425513348,0.10260710014694296,-3.096902,0.0,,0.16666666666666666,1.0,0.0,OK,OK,OPTIMAL,0.03979039,5076.0,0.0
matpower/case14,matpower/case14/2017-03-15,WARM_LPSCREEN_T030,9.680764699281866,0.10329762483269338,-3.094519,0.0,,0.16666666666666666,1.0,0.0,OK,OK,OPTIMAL,0.03979039,5076.0,0.0
matpower/case14,matpower/case14/2017-03-15,WARM_LPSCREEN_T050,8.309013030539424,0.12035123742429366,-3.035667,0.0,,0.20833333333333334,1.0,0.0,OK,OK,OPTIMAL,0.01249344,5076.0,0.0
matpower/case14,matpower/case14/2017-03-15,WARM_LPSCREEN_T080,2.7475472301993027,0.36396098636945423,-2.1949699999999996,0.0,,0.33088235294117646,1.0,0.0,OK,OK,OPTIMAL,0.01249344,5076.0,0.0
matpower/case14,matpower/case14/2017-03-15,WARM_PRUNE_LAZY_T010,7.327366266503034,0.13647468457684284,-2.980025,0.0,,0.16176470588235295,1.0,0.0,OK,OK,OPTIMAL,0.01249344,5076.0,0.0
matpower/case14,matpower/case14/2017-03-15,WARM_PRUNE_LAZY_T020,6.831970304380103,0.14637065962638646,-2.945874,0.0,,0.16176470588235295,1.0,0.0,OK,OK,OPTIMAL,0.01249344,5076.0,0.0
matpower/case14,matpower/case14/2017-03-15,WARM_PRUNE_LAZY_T030,7.572763060880556,0.13205219705946017,-2.995287,0.0,,0.16176470588235295,1.0,0.0,OK,OK,OPTIMAL,0.01249344,5076.0,0.0
matpower/case14,matpower/case14/2017-03-15,WARM_PRUNE_LAZY_T050,7.657332602584101,0.13059377878695416,-3.00032,0.0,,0.16176470588235295,1.0,0.0,OK,OK,OPTIMAL,0.01249344,5076.0,0.0
matpower/case14,matpower/case14/2017-03-15,WARM_PRUNE_LAZY_T080,6.832213768567848,0.1463654437454198,-2.9458919999999997,0.0,,0.16176470588235295,1.0,0.0,OK,OK,OPTIMAL,0.01249344,5076.0,0.0
matpower/case14,matpower/case14/2017-03-15,WARM_LPSCREEN_LAZY_T010,5.974473013586692,0.1673787793041957,-2.873375,0.0,,0.16176470588235295,1.0,0.0,OK,OK,OPTIMAL,0.01249344,5076.0,0.0
matpower/case14,matpower/case14/2017-03-15,WARM_LPSCREEN_LAZY_T020,5.698413327454934,0.17548744580917006,-2.845392,0.0,,0.16176470588235295,1.0,0.0,OK,OK,OPTIMAL,0.01249344,5076.0,0.0
matpower/case14,matpower/case14/2017-03-15,WARM_LPSCREEN_LAZY_T030,6.0557122175915765,0.1651333425480564,-2.881124,0.0,,0.16176470588235295,1.0,0.0,OK,OK,OPTIMAL,0.01249344,5076.0,0.0
matpower/case14,matpower/case14/2017-03-15,WARM_LPSCREEN_LAZY_T050,5.959492363696647,0.1677995270355048,-2.871923,0.0,,0.16176470588235295,1.0,0.0,OK,OK,OPTIMAL,0.01249344,5076.0,0.0
matpower/case14,matpower/case14/2017-03-15,WARM_LPSCREEN_LAZY_T080,5.908061227459567,0.1692602634773293,-2.866882,0.0,,0.16176470588235295,1.0,0.0,OK,OK,OPTIMAL,0.01249344,5076.0,0.0
matpower/case14,matpower/case14/2017-03-15,WARM_SR_LAZY,6.536354338314676,0.1529904818865494,-2.9230289999999997,0.0,,0.4264705882352941,1.0,0.0,OK,OK,OPTIMAL,0.01249344,5076.0,0.0
matpower/case14,matpower/case14/2017-03-15,SHRINK_LAZY,8.40164040189603,0.11902437526061294,-3.040246,0.0,,0.03594771241830065,1.0,12680.296101154518,OK,OK,OPTIMAL,0.04365305,0.0,0.0
matpower/case14,matpower/case14/2017-03-15,STREDUCE,2.976266616990339,0.335991404228167,-2.291493,0.0,,1.0036764705882353,1.0,2014.9684490765821,OK,OK,OPTIMAL,0.0,5076.0,0.0
matpower/case14,matpower/case14/2017-03-15,STREDUCE_CONSERVATIVE,2.0000330344584176,0.4999917415218028,-1.725528,0.0,,1.0026211873638344,1.0,432.9312460400844,OK,OK,OPTIMAL,0.0,5076.0,0.0
matpower/case14,matpower/case14/2017-03-15,STREDUCE_AGGRESSIVE,2.8400946424162616,0.3521009423648051,-2.235899,0.0,,1.0041530501089324,1.0,2014.9684490765821,OK,OK,OPTIMAL,0.0,5076.0,0.0
matpower/case14,matpower/case14/2017-03-15,STREDUCE_GRU,2.7651172070304986,0.3616483227030782,-2.2029509999999997,0.0,,1.0036764705882353,1.0,2014.9684490765821,OK,OK,OPTIMAL,0.0,5076.0,0.0
matpower/case14,matpower/case14/2017-03-15,STREDUCE_LAZY_CONSERVATIVE,1.1219189077688763,0.8913300177716655,-0.37502000000000013,0.0,,1.0026211873638344,1.0,432.9312460400844,OK,OK,OPTIMAL,0.0,5076.0,0.0
matpower/case14,matpower/case14/2017-03-15,STREDUCE_LAZY_AGGRESSIVE,1.2451714862502503,0.8031022321362596,-0.679494,0.0,,1.0041530501089324,1.0,2014.9684490765821,OK,OK,OPTIMAL,0.0,5076.0,0.0
matpower/case14,matpower/case14/2017-03-15,STREDUCE_LAZY_GRU,1.1762553146236765,0.8501555636498301,-0.5171129999999997,0.0,,1.0036764705882353,1.0,2014.9684490765821,OK,OK,OPTIMAL,0.0,5076.0,0.0
matpower/case14,matpower/case14/2017-03-15,ACTIVESET,16.98117357608562,0.058888744969210365,-3.2477739999999997,0.0,,0.16176470588235295,1.0,0.0,OK,OK,OPTIMAL,0.04041328,0.0,0.0
matpower/case14,matpower/case14/2017-03-15,ACTIVESET_B500,17.022132231078842,0.0587470468696166,-3.248263,0.0,,0.16176470588235295,1.0,0.0,OK,OK,OPTIMAL,0.04041328,0.0,0.0
matpower/case14,matpower/case14/2017-03-15,ACTIVESET_B5000,16.8619431061946,0.05930514613304728,-3.246337,0.0,,0.16176470588235295,1.0,0.0,OK,OK,OPTIMAL,0.04041328,0.0,0.0
matpower/case14,matpower/case14/2017-03-15,ACTIVESET_NOCLEAN,14.79451860997505,0.06759260144671152,-3.217737,0.0,,0.16176470588235295,1.0,0.0,OK,OK,OPTIMAL,0.04041328,0.0,0.0
matpower/case14,matpower/case14/2017-03-15,WARM_ACTIVESET,14.623992507903145,0.06838077901500406,-3.215017,0.0,,0.16176470588235295,1.0,0.0,OK,OK,OPTIMAL,0.04041328,5076.0,180.0
matpower/case14,matpower/case14/2017-03-15,ACTIVESET_LAZY,7.724624121158671,0.12945613719389662,-3.0042459999999997,0.0,,0.16176470588235295,1.0,0.0,OK,OK,OPTIMAL,0.01249344,0.0,0.0
matpower/case14,matpower/case14/2017-03-15,ACTIVESET_LAZY_TOPK128,6.906708375111826,0.1447867704395162,-2.95134,0.0,,0.16176470588235295,1.0,0.0,OK,OK,OPTIMAL,0.01249344,0.0,0.0
matpower/case14,matpower/case14/2017-03-15,WARM_ACTIVESET_LAZY,7.304768315373039,0.136896881163976,-2.978568,0.0,,0.16176470588235295,1.0,0.0,OK,OK,OPTIMAL,0.01249344,5076.0,180.0
matpower/case14,matpower/case14/2017-03-15,STREDUCE_LAZY,1.1990933309057275,0.8339634407312202,-0.5729919999999997,0.0,,1.0036764705882353,1.0,2014.9684490765821,OK,OK,OPTIMAL,0.0,5076.0,0.0
matpower/case14,matpower/case14/2017-05-15,RAW_GNN,13.623307010103181,0.07340361626280535,-3.169826,0.0,,0.16176470588235295,1.0,0.0,OK,OK,OPTIMAL,0.01351316,0.0,0.0
matpower/case14,matpower/case14/2017-05-15,RAW_COMMIT_HINTS,0.6989902147683644,1.4306351918408273,1.4731750000000003,0.0,,1.0,1.0,0.0,OK,OK,OPTIMAL,0.01351316,0.0,0.0
matpower/case14,matpower/case14/2017-05-15,WARM,0.9853130552572102,1.0149058663786363,0.050991999999999926,0.0,,1.0,1.0,0.0,OK,OK,OPTIMAL,0.01351316,5076.0,0.0
matpower/case14,matpower/case14/2017-05-15,WARM_BRANCH_HINTS,0.9956152515671561,1.0044040591241867,0.015066000000000024,0.0,,1.0,1.0,0.0,OK,OK,OPTIMAL,0.01351316,5076.0,180.0
matpower/case14,matpower/case14/2017-05-15,WARM_COMMIT_HINTS,0.9962537119965379,1.0037603754529099,0.012863999999999987,0.0,,1.0,1.0,0.0,OK,OK,OPTIMAL,0.01351316,5076.0,0.0
matpower/case14,matpower/case14/2017-05-15,WARM_GRU,0.9897207117676585,1.0103860494280072,0.03553000000000006,0.0,,1.0,1.0,0.0,OK,OK,OPTIMAL,0.01351316,5076.0,0.0
matpower/case14,matpower/case14/2017-05-15,LAZY_ALL,11.828100310834968,0.08454443010463514,-3.131714,0.0,,0.16176470588235295,1.0,0.0,OK,OK,OPTIMAL,0.01351316,0.0,0.0
matpower/case14,matpower/case14/2017-05-15,LAZY_TOPK128,10.338086949163811,0.09672969524413647,-3.090029,0.0,,0.16176470588235295,1.0,0.0,OK,OK,OPTIMAL,0.01351316,0.0,0.0
matpower/case14,matpower/case14/2017-05-15,LAZY_BANDIT,12.416285569105693,0.08053938470038162,-3.145415,0.0,,0.16176470588235295,1.0,0.0,OK,OK,OPTIMAL,0.01351316,0.0,0.0
matpower/case14,matpower/case14/2017-05-15,LAZY_COMMIT_HINTS,9.898366926500119,0.10102676607418733,-3.075329,0.0,,0.16176470588235295,1.0,0.0,OK,OK,OPTIMAL,0.01351316,0.0,0.0
matpower/case14,matpower/case14/2017-05-15,LAZY_GNN_T060,12.140187944042644,0.08237104768140872,-3.139149,0.0,,0.16176470588235295,1.0,0.0,OK,OK,OPTIMAL,0.01351316,0.0,0.0
matpower/case14,matpower/case14/2017-05-15,LAZY_GNN_T080,12.062577794703085,0.08290101975044833,-3.137336,0.0,,0.16176470588235295,1.0,0.0,OK,OK,OPTIMAL,0.01351316,0.0,0.0
matpower/case14,matpower/case14/2017-05-15,LAZY_COMMIT_GNN_T060,10.241921721609637,0.09763792647331797,-3.086922,0.0,,0.16176470588235295,1.0,0.0,OK,OK,OPTIMAL,0.01351316,0.0,0.0
matpower/case14,matpower/case14/2017-05-15,WARM_LAZY,11.238362275704834,0.08898093649835498,-3.116537,0.0,,0.16176470588235295,1.0,0.0,OK,OK,OPTIMAL,0.01351316,5076.0,0.0
matpower/case14,matpower/case14/2017-05-15,WARM_LAZY_TOPK128,10.987884510996125,0.09100932932078509,-3.109598,0.0,,0.16176470588235295,1.0,0.0,OK,OK,OPTIMAL,0.01351316,5076.0,0.0
matpower/case14,matpower/case14/2017-05-15,WARM_LAZY_BANDIT,11.408440605615954,0.0876543985781665,-3.1210750000000003,0.0,,0.16176470588235295,1.0,0.0,OK,OK,OPTIMAL,0.01351316,5076.0,0.0
matpower/case14,matpower/case14/2017-05-15,WARM_LAZY_COMMIT_HINTS,11.541070934571241,0.08664707163392464,-3.124521,0.0,,0.16176470588235295,1.0,0.0,OK,OK,OPTIMAL,0.01351316,5076.0,0.0
matpower/case14,matpower/case14/2017-05-15,WARM_LAZY_GRU,11.364779477230144,0.08799114861872558,-3.119923,0.0,,0.16176470588235295,1.0,0.0,OK,OK,OPTIMAL,0.01351316,5076.0,0.0
matpower/case14,matpower/case14/2017-05-15,WARM_LAZY_BRANCH_HINTS,10.01825929071368,0.09981773988690226,-3.079465,0.0,,0.16176470588235295,1.0,0.0,OK,OK,OPTIMAL,0.01351316,5076.0,180.0
matpower/case14,matpower/case14/2017-05-15,WARM_LAZY_GNN_T060,11.414569284515464,0.0876073354214564,-3.121236,0.0,,0.16176470588235295,1.0,0.0,OK,OK,OPTIMAL,0.01351316,5076.0,0.0
matpower/case14,matpower/case14/2017-05-15,WARM_LAZY_COMMIT_GNN_T060,10.805193287450134,0.09254808992278428,-3.104334,0.0,,0.16176470588235295,1.0,0.0,OK,OK,OPTIMAL,0.01351316,5076.0,0.0
matpower/case14,matpower/case14/2017-05-15,WARM_LAZY_COMMIT_GRU,9.46680743079635,0.10563223212367379,-3.059574,0.0,,0.16176470588235295,1.0,0.0,OK,OK,OPTIMAL,0.01351316,5076.0,0.0
matpower/case14,matpower/case14/2017-05-15,WARM_LAZY_ML_STACK,10.297073661144287,0.09711497003012334,-3.088711,0.0,,0.16176470588235295,1.0,0.0,OK,OK,OPTIMAL,0.01351316,5076.0,180.0
matpower/case14,matpower/case14/2017-05-15,WARM_PRUNE_T010,11.635595872193084,0.08594317050747821,-3.126929,0.0,,0.16176470588235295,1.0,0.0,OK,OK,OPTIMAL,0.01351316,5076.0,0.0
matpower/case14,matpower/case14/2017-05-15,WARM_PRUNE_T020,12.091057536996654,0.08270575149776303,-3.138004,0.0,,0.16176470588235295,1.0,0.0,OK,OK,OPTIMAL,0.01351316,5076.0,0.0
matpower/case14,matpower/case14/2017-05-15,WARM_PRUNE_T030,11.673036173109535,0.08566751487531918,-3.127872,0.0,,0.16176470588235295,1.0,0.0,OK,OK,OPTIMAL,0.01351316,5076.0,0.0
matpower/case14,matpower/case14/2017-05-15,WARM_PRUNE_T050,11.139844996580807,0.089767855863967,-3.113845,0.0,,0.16911764705882354,1.0,0.0,OK,OK,OPTIMAL,0.01351316,5076.0,0.0
matpower/case14,matpower/case14/2017-05-15,WARM_PRUNE_T080,9.173202798402905,0.10901317914546754,-3.0480080000000003,0.0,,0.27205882352941174,1.0,0.0,OK,OK,OPTIMAL,0.04037399,5076.0,0.0
matpower/case14,matpower/case14/2017-05-15,WARM_LPSCREEN_T010,8.878926618339056,0.11262622645563274,-3.035648,0.0,,0.16176470588235295,1.0,0.0,OK,OK,OPTIMAL,0.01351316,5076.0,0.0
matpower/case14,matpower/case14/2017-05-15,WARM_LPSCREEN_T020,8.796212491321901,0.11368529364048133,-3.032025,0.0,,0.16176470588235295,1.0,0.0,OK,OK,OPTIMAL,0.01351316,5076.0,0.0
matpower/case14,matpower/case14/2017-05-15,WARM_LPSCREEN_T030,8.775678518290492,0.11395130278710353,-3.0311150000000002,0.0,,0.16176470588235295,1.0,0.0,OK,OK,OPTIMAL,0.01351316,5076.0,0.0
matpower/case14,matpower/case14/2017-05-15,WARM_LPSCREEN_T050,8.345636937158917,0.11982308930160906,-3.011028,0.0,,0.16666666666666666,1.0,0.0,OK,OK,OPTIMAL,0.01351316,5076.0,0.0
matpower/case14,matpower/case14/2017-05-15,WARM_LPSCREEN_T080,3.5585179806873137,0.28101586262235323,-2.459598,0.0,,0.2426470588235294,1.0,0.0,OK,OK,OPTIMAL,0.01351316,5076.0,0.0
matpower/case14,matpower/case14/2017-05-15,WARM_PRUNE_LAZY_T010,10.828108036248421,0.09235223703461189,-3.105004,0.0,,0.16176470588235295,1.0,0.0,OK,OK,OPTIMAL,0.01351316,5076.0,0.0
matpower/case14,matpower/case14/2017-05-15,WARM_PRUNE_LAZY_T020,10.95509000252987,0.0912817694577652,-3.108666,0.0,,0.16176470588235295,1.0,0.0,OK,OK,OPTIMAL,0.01351316,5076.0,0.0
matpower/case14,matpower/case14/2017-05-15,WARM_PRUNE_LAZY_T030,11.032320378737307,0.09064276287038485,-3.110852,0.0,,0.16176470588235295,1.0,0.0,OK,OK,OPTIMAL,0.01351316,5076.0,0.0
matpower/case14,matpower/case14/2017-05-15,WARM_PRUNE_LAZY_T050,11.484580625235,0.08707327090400724,-3.123063,0.0,,0.16176470588235295,1.0,0.0,OK,OK,OPTIMAL,0.01351316,5076.0,0.0
matpower/case14,matpower/case14/2017-05-15,WARM_PRUNE_LAZY_T080,11.209124092374635,0.08921303678672644,-3.115743,0.0,,0.16176470588235295,1.0,0.0,OK,OK,OPTIMAL,0.01351316,5076.0,0.0
matpower/case14,matpower/case14/2017-05-15,WARM_LPSCREEN_LAZY_T010,7.196302279889098,0.13896025501799947,-2.945561,0.0,,0.16176470588235295,1.0,0.0,OK,OK,OPTIMAL,0.01351316,5076.0,0.0
matpower/case14,matpower/case14/2017-05-15,WARM_LPSCREEN_LAZY_T020,8.299735063347034,0.12048577362621622,-3.0087610000000002,0.0,,0.16176470588235295,1.0,0.0,OK,OK,OPTIMAL,0.01351316,5076.0,0.0
matpower/case14,matpower/case14/2017-05-15,WARM_LPSCREEN_LAZY_T030,8.255490693392344,0.12113150352169802,-3.006552,0.0,,0.16176470588235295,1.0,0.0,OK,OK,OPTIMAL,0.01351316,5076.0,0.0
matpower/case14,matpower/case14/2017-05-15,WARM_LPSCREEN_LAZY_T050,8.493583138638469,0.11773594061272721,-3.018168,0.0,,0.16176470588235295,1.0,0.0,OK,OK,OPTIMAL,0.01351316,5076.0,0.0
matpower/case14,matpower/case14/2017-05-15,WARM_LPSCREEN_LAZY_T080,7.454609045068446,0.13414519714639417,-2.962033,0.0,,0.16176470588235295,1.0,0.0,OK,OK,OPTIMAL,0.01351316,5076.0,0.0
matpower/case14,matpower/case14/2017-05-15,WARM_SR_LAZY,5.967885154843482,0.16756354622347397,-2.8477110000000003,0.0,,0.4264705882352941,1.0,0.0,OK,OK,OPTIMAL,0.01351316,5076.0,0.0
matpower/case14,matpower/case14/2017-05-15,SHRINK_LAZY,9.679352962147663,0.10331269082867696,-3.0675090000000003,0.0,,0.03594771241830065,1.0,0.0,OK,OK,OPTIMAL,0.02408227,0.0,0.0
matpower/case14,matpower/case14/2017-05-15,STREDUCE_CONSERVATIVE,0.18608654358212254,5.373843700625706,14.962634999999999,1.0,,1.0061274509803921,1.0,0.0,OK,OK,OPTIMAL,0.0,5076.0,0.0
matpower/case14,matpower/case14/2017-05-15,STREDUCE_AGGRESSIVE,0.1864267519679268,5.364037024965397,14.929086999999999,1.0,,1.0061274509803921,1.0,0.0,OK,OK,OPTIMAL,0.0,5076.0,0.0
matpower/case14,matpower/case14/2017-05-15,STREDUCE_GRU,0.1867876639828648,5.353672607050411,14.893631,1.0,,1.0061274509803921,1.0,0.0,OK,OK,OPTIMAL,0.0,5076.0,0.0
matpower/case14,matpower/case14/2017-05-15,STREDUCE_LAZY,0.18670400963347686,5.356071366453908,14.901837,1.0,,1.0061274509803921,1.0,0.0,OK,OK,OPTIMAL,0.0,5076.0,0.0
matpower/case14,matpower/case14/2017-05-15,STREDUCE_LAZY_CONSERVATIVE,0.1862206105658933,5.369974875289943,14.9494,1.0,,1.0061274509803921,1.0,0.0,OK,OK,OPTIMAL,0.0,5076.0,0.0
matpower/case14,matpower/case14/2017-05-15,STREDUCE_LAZY_AGGRESSIVE,0.18684846896590598,5.351930393298908,14.887671000000001,1.0,,1.0061274509803921,1.0,0.0,OK,OK,OPTIMAL,0.0,5076.0,0.0
matpower/case14,matpower/case14/2017-05-15,STREDUCE_LAZY_GRU,0.18681453163980732,5.352902642113925,14.890996999999999,1.0,,1.0061274509803921,1.0,0.0,OK,OK,OPTIMAL,0.0,5076.0,0.0
matpower/case14,matpower/case14/2017-05-15,ACTIVESET,10.903100478712894,0.09171703057789755,-3.107177,0.0,,0.16176470588235295,1.0,0.0,OK,OK,OPTIMAL,0.01351316,0.0,0.0
matpower/case14,matpower/case14/2017-05-15,ACTIVESET_B500,12.925577335791797,0.07736598327650189,-3.1562710000000003,0.0,,0.16176470588235295,1.0,0.0,OK,OK,OPTIMAL,0.01351316,0.0,0.0
matpower/case14,matpower/case14/2017-05-15,ACTIVESET_B5000,13.166709645635196,0.07594911917355927,-3.161118,0.0,,0.16176470588235295,1.0,0.0,OK,OK,OPTIMAL,0.01351316,0.0,0.0
matpower/case14,matpower/case14/2017-05-15,ACTIVESET_NOCLEAN,11.093317292413856,0.09014436111764766,-3.1125570000000002,0.0,,0.16176470588235295,1.0,0.0,OK,OK,OPTIMAL,0.01351316,0.0,0.0
matpower/case14,matpower/case14/2017-05-15,WARM_ACTIVESET,11.634250442116718,0.08595310931075861,-3.126895,0.0,,0.16176470588235295,1.0,0.0,OK,OK,OPTIMAL,0.01351316,5076.0,180.0
matpower/case14,matpower/case14/2017-05-15,ACTIVESET_LAZY,11.483501174890904,0.08708145580082638,-3.1230350000000002,0.0,,0.16176470588235295,1.0,0.0,OK,OK,OPTIMAL,0.01351316,0.0,0.0
matpower/case14,matpower/case14/2017-05-15,ACTIVESET_LAZY_TOPK128,11.303308453026442,0.08846967276490199,-3.118286,0.0,,0.16176470588235295,1.0,0.0,OK,OK,OPTIMAL,0.01351316,0.0,0.0
matpower/case14,matpower/case14/2017-05-15,WARM_ACTIVESET_LAZY,10.731974739695257,0.09317949624883255,-3.102174,0.0,,0.16176470588235295,1.0,0.0,OK,OK,OPTIMAL,0.01351316,5076.0,180.0
matpower/case14,matpower/case14/2017-05-15,STREDUCE,0.1869354398732946,5.349440430759427,14.879152999999999,1.0,,1.0061274509803921,1.0,0.0,OK,OK,OPTIMAL,0.0,5076.0,0.0
matpower/case14,matpower/case14/2017-07-15,RAW_GNN,8.959351946357282,0.11161521569722269,-3.080309,0.0,,0.16176470588235295,1.0,0.0,OK,OK,OPTIMAL,0.00788338,0.0,0.0
matpower/case14,matpower/case14/2017-07-15,RAW_COMMIT_HINTS,1.0971394686997085,0.9114611483124978,-0.30699200000000015,0.0,,1.0,1.0,0.0,OK,OK,OPTIMAL,0.00788338,0.0,0.0
matpower/case14,matpower/case14/2017-07-15,WARM,1.0354595611566115,0.9657547600246185,-0.11873900000000015,0.0,,1.0,1.0,0.0,OK,OK,OPTIMAL,0.00788338,5076.0,0.0
matpower/case14,matpower/case14/2017-07-15,WARM_BRANCH_HINTS,0.9863016893900388,1.0138885604245822,0.04815600000000009,0.0,,1.0,1.0,0.0,OK,OK,OPTIMAL,0.00788338,5076.0,180.0
matpower/case14,matpower/case14/2017-07-15,WARM_COMMIT_HINTS,0.9857013751662705,1.014506041275754,0.050297000000000036,0.0,,1.0,1.0,0.0,OK,OK,OPTIMAL,0.00788338,5076.0,0.0
matpower/case14,matpower/case14/2017-07-15,WARM_GRU,0.9497632517912935,1.0528939692222856,0.18339999999999979,0.0,,1.0,1.0,0.0,OK,OK,OPTIMAL,0.00788338,5076.0,0.0
matpower/case14,matpower/case14/2017-07-15,LAZY_ALL,12.001779162339911,0.08332097987087411,-3.178414,0.0,,0.16176470588235295,1.0,0.0,OK,OK,OPTIMAL,0.00788338,0.0,0.0
matpower/case14,matpower/case14/2017-07-15,LAZY_TOPK128,11.993808199465914,0.08337635414617771,-3.178222,0.0,,0.16176470588235295,1.0,0.0,OK,OK,OPTIMAL,0.00788338,0.0,0.0
matpower/case14,matpower/case14/2017-07-15,LAZY_BANDIT,11.925044452622275,0.08385712975519378,-3.176555,0.0,,0.16176470588235295,1.0,0.0,OK,OK,OPTIMAL,0.00788338,0.0,0.0
matpower/case14,matpower/case14/2017-07-15,LAZY_COMMIT_HINTS,5.8046875261580695,0.17227456180778553,-2.869984,0.0,,0.16176470588235295,1.0,0.0,OK,OK,OPTIMAL,0.00788338,0.0,0.0
matpower/case14,matpower/case14/2017-07-15,LAZY_GNN_T060,10.134937082559958,0.09866859476816925,-3.125199,0.0,,0.16176470588235295,1.0,0.0,OK,OK,OPTIMAL,0.00788338,0.0,0.0
matpower/case14,matpower/case14/2017-07-15,LAZY_GNN_T080,11.727805607324902,0.08526744332933216,-3.171665,0.0,,0.16176470588235295,1.0,0.0,OK,OK,OPTIMAL,0.00788338,0.0,0.0
matpower/case14,matpower/case14/2017-07-15,LAZY_COMMIT_GNN_T060,5.864924432716785,0.17050518066722542,-2.876119,0.0,,0.16176470588235295,1.0,0.0,OK,OK,OPTIMAL,0.00788338,0.0,0.0
matpower/case14,matpower/case14/2017-07-15,WARM_LAZY,11.135921737650266,0.08979948167371055,-3.155951,0.0,,0.16176470588235295,1.0,0.0,OK,OK,OPTIMAL,0.00788338,5076.0,0.0
matpower/case14,matpower/case14/2017-07-15,WARM_LAZY_TOPK128,11.042682616117608,0.09055770547461234,-3.153322,0.0,,0.16176470588235295,1.0,0.0,OK,OK,OPTIMAL,0.00788338,5076.0,0.0
matpower/case14,matpower/case14/2017-07-15,WARM_LAZY_BANDIT,11.097855206429578,0.09010750108008678,-3.154883,0.0,,0.16176470588235295,1.0,0.0,OK,OK,OPTIMAL,0.00788338,5076.0,0.0
matpower/case14,matpower/case14/2017-07-15,WARM_LAZY_COMMIT_HINTS,10.865031366920903,0.09203839052361569,-3.148188,0.0,,0.16176470588235295,1.0,0.0,OK,OK,OPTIMAL,0.00788338,5076.0,0.0
matpower/case14,matpower/case14/2017-07-15,WARM_LAZY_GRU,11.264352057905286,0.08877563439596182,-3.159501,0.0,,0.16176470588235295,1.0,0.0,OK,OK,OPTIMAL,0.00788338,5076.0,0.0
matpower/case14,matpower/case14/2017-07-15,WARM_LAZY_BRANCH_HINTS,11.31157349410168,0.0884050305221852,-3.160786,0.0,,0.16176470588235295,1.0,0.0,OK,OK,OPTIMAL,0.00788338,5076.0,180.0
matpower/case14,matpower/case14/2017-07-15,WARM_LAZY_GNN_T060,11.22711229981155,0.08907009864119604,-3.15848,0.0,,0.16176470588235295,1.0,0.0,OK,OK,OPTIMAL,0.00788338,5076.0,0.0
matpower/case14,matpower/case14/2017-07-15,WARM_LAZY_COMMIT_GNN_T060,10.742933450657313,0.09308444519302261,-3.144561,0.0,,0.16176470588235295,1.0,0.0,OK,OK,OPTIMAL,0.00788338,5076.0,0.0
matpower/case14,matpower/case14/2017-07-15,WARM_LAZY_COMMIT_GRU,10.220286625518042,0.09784461401534444,-3.128056,0.0,,0.16176470588235295,1.0,0.0,OK,OK,OPTIMAL,0.00788338,5076.0,0.0
matpower/case14,matpower/case14/2017-07-15,WARM_LAZY_ML_STACK,10.787923100616975,0.09269624845052972,-3.1459070000000002,0.0,,0.16176470588235295,1.0,0.0,OK,OK,OPTIMAL,0.00788338,5076.0,180.0
matpower/case14,matpower/case14/2017-07-15,WARM_PRUNE_T010,8.249204774446197,0.12122380609313145,-3.046993,0.0,,0.16176470588235295,1.0,0.0,OK,OK,OPTIMAL,0.00788338,5076.0,0.0
matpower/case14,matpower/case14/2017-07-15,WARM_PRUNE_T020,11.21168341099208,0.08919267190684202,-3.158055,0.0,,0.16666666666666666,1.0,0.0,OK,OK,OPTIMAL,0.00788338,5076.0,0.0
matpower/case14,matpower/case14/2017-07-15,WARM_PRUNE_T030,11.865626336772582,0.0842770513429127,-3.175099,0.0,,0.16666666666666666,1.0,0.0,OK,OK,OPTIMAL,0.00788338,5076.0,0.0
matpower/case14,matpower/case14/2017-07-15,WARM_PRUNE_T050,10.176701075104708,0.09826367038001173,-3.1266030000000002,0.0,,0.20833333333333334,1.0,-0.0009014227915675943,OK,OK,OPTIMAL,0.00788338,5076.0,0.0
matpower/case14,matpower/case14/2017-07-15,WARM_PRUNE_T080,4.179828458112075,0.23924426804148688,-2.637779,0.0,,0.3284313725490196,1.0,2515.052830125161,OK,OK,OPTIMAL,0.0290946,5076.0,0.0
matpower/case14,matpower/case14/2017-07-15,WARM_LPSCREEN_T010,6.531429777005874,0.1531058335068586,-2.936448,0.0,,0.16176470588235295,1.0,0.0,OK,OK,OPTIMAL,0.00788338,5076.0,0.0
matpower/case14,matpower/case14/2017-07-15,WARM_LPSCREEN_T020,8.634179989043279,0.11581875768966987,-3.065734,0.0,,0.16666666666666666,1.0,0.0,OK,OK,OPTIMAL,0.00788338,5076.0,0.0
matpower/case14,matpower/case14/2017-07-15,WARM_LPSCREEN_T030,7.715944544584641,0.12960176090195466,-3.017944,0.0,,0.16666666666666666,1.0,0.0,OK,OK,OPTIMAL,0.00788338,5076.0,0.0
matpower/case14,matpower/case14/2017-07-15,WARM_LPSCREEN_T050,7.950275723703067,0.1257818011290584,-3.031189,0.0,,0.20833333333333334,1.0,-0.0009014227915675943,OK,OK,OPTIMAL,0.00788338,5076.0,0.0
matpower/case14,matpower/case14/2017-07-15,WARM_LPSCREEN_T080,2.8925860731298334,0.34571140658157873,-2.268624,0.0,,0.34068627450980393,1.0,591.7181603694446,OK,OK,OPTIMAL,0.00847009,5076.0,0.0
matpower/case14,matpower/case14/2017-07-15,WARM_PRUNE_LAZY_T010,10.813560167786804,0.09247648179541859,-3.146669,0.0,,0.16176470588235295,1.0,0.0,OK,OK,OPTIMAL,0.00788338,5076.0,0.0
matpower/case14,matpower/case14/2017-07-15,WARM_PRUNE_LAZY_T020,11.030492557398224,0.09065778294091621,-3.152975,0.0,,0.16176470588235295,1.0,0.0,OK,OK,OPTIMAL,0.00788338,5076.0,0.0
matpower/case14,matpower/case14/2017-07-15,WARM_PRUNE_LAZY_T030,9.509781818680489,0.10515488357847025,-3.102709,0.0,,0.16176470588235295,1.0,0.0,OK,OK,OPTIMAL,0.00788338,5076.0,0.0
matpower/case14,matpower/case14/2017-07-15,WARM_PRUNE_LAZY_T050,10.955074675437517,0.09128189716881713,-3.150811,0.0,,0.16176470588235295,1.0,0.0,OK,OK,OPTIMAL,0.00788338,5076.0,0.0
matpower/case14,matpower/case14/2017-07-15,WARM_PRUNE_LAZY_T080,11.087740953452974,0.09018969726999054,-3.154598,0.0,,0.16176470588235295,1.0,0.0,OK,OK,OPTIMAL,0.00788338,5076.0,0.0
matpower/case14,matpower/case14/2017-07-15,WARM_LPSCREEN_LAZY_T010,8.074487210537102,0.12384687397795528,-3.037898,0.0,,0.16176470588235295,1.0,0.0,OK,OK,OPTIMAL,0.00788338,5076.0,0.0
matpower/case14,matpower/case14/2017-07-15,WARM_LPSCREEN_LAZY_T020,8.19345386489469,0.12204865206900788,-3.044133,0.0,,0.16176470588235295,1.0,0.0,OK,OK,OPTIMAL,0.00788338,5076.0,0.0
matpower/case14,matpower/case14/2017-07-15,WARM_LPSCREEN_LAZY_T030,7.762724386672697,0.1288207528940269,-3.020652,0.0,,0.16176470588235295,1.0,0.0,OK,OK,OPTIMAL,0.00788338,5076.0,0.0
matpower/case14,matpower/case14/2017-07-15,WARM_LPSCREEN_LAZY_T050,7.351845216008481,0.13602027390654553,-2.995689,0.0,,0.16176470588235295,1.0,0.0,OK,OK,OPTIMAL,0.00788338,5076.0,0.0
matpower/case14,matpower/case14/2017-07-15,WARM_LPSCREEN_LAZY_T080,8.25609924518418,0.12112257499609208,-3.047344,0.0,,0.16176470588235295,1.0,0.0,OK,OK,OPTIMAL,0.00788338,5076.0,0.0
matpower/case14,matpower/case14/2017-07-15,WARM_SR_LAZY,6.999640662473049,0.14286447665253277,-2.971958,0.0,,0.4264705882352941,1.0,591.7181603694446,OK,OK,OPTIMAL,0.00847009,5076.0,0.0
matpower/case14,matpower/case14/2017-07-15,SHRINK_LAZY,9.856372091965525,0.1014572086635361,-3.11553,0.0,,0.03594771241830065,1.0,0.0,OK,OK,OPTIMAL,0.0348774,0.0,0.0
matpower/case14,matpower/case14/2017-07-15,STREDUCE,8.150120701124271,0.12269756935772186,-3.041883,0.0,,1.0060253267973855,1.0,0.0,OK,OK,OPTIMAL,0.00090076,5076.0,0.0
matpower/case14,matpower/case14/2017-07-15,STREDUCE_CONSERVATIVE,8.834123584999402,0.11319742025094928,-3.074823,0.0,,1.0056168300653594,1.0,0.0,OK,OK,OPTIMAL,0.00217756,5076.0,0.0
matpower/case14,matpower/case14/2017-07-15,STREDUCE_AGGRESSIVE,10.56241679841837,0.0946753019772654,-3.139045,0.0,,1.0060934095860568,1.0,0.0,OK,OK,OPTIMAL,0.00090076,5076.0,0.0
matpower/case14,matpower/case14/2017-07-15,STREDUCE_GRU,10.162860701985784,0.09839749154532874,-3.1261390000000002,0.0,,1.0060253267973855,1.0,0.0,OK,OK,OPTIMAL,0.00090076,5076.0,0.0
matpower/case14,matpower/case14/2017-07-15,STREDUCE_LAZY,9.179296432391219,0.1089408112446695,-3.089582,0.0,,1.0060253267973855,1.0,8724.105787958459,OK,OK,OPTIMAL,0.01170441,5076.0,0.0
matpower/case14,matpower/case14/2017-07-15,STREDUCE_LAZY_CONSERVATIVE,10.212610415506918,0.09791815797473202,-3.127801,0.0,,1.0056168300653594,1.0,23389.133632996283,OK,OK,OPTIMAL,0.02586655,5076.0,0.0
matpower/case14,matpower/case14/2017-07-15,STREDUCE_LAZY_AGGRESSIVE,10.479257965267745,0.09542660399375424,-3.13644,0.0,,1.0060934095860568,1.0,0.0,OK,OK,OPTIMAL,0.00090082,5076.0,0.0
matpower/case14,matpower/case14/2017-07-15,STREDUCE_LAZY_GRU,10.200742553867517,0.09803207900986181,-3.127406,0.0,,1.0060253267973855,1.0,8724.105787958459,OK,OK,OPTIMAL,0.01170441,5076.0,0.0
matpower/case14,matpower/case14/2017-07-15,ACTIVESET,8.655323652829887,0.11553582975179058,-3.066715,0.0,,0.16176470588235295,1.0,0.0,OK,OK,OPTIMAL,0.00788338,0.0,0.0
matpower/case14,matpower/case14/2017-07-15,ACTIVESET_B500,8.687963236731196,0.1151017761875619,-3.06822,0.0,,0.16176470588235295,1.0,0.0,OK,OK,OPTIMAL,0.00788338,0.0,0.0
matpower/case14,matpower/case14/2017-07-15,ACTIVESET_B5000,7.957537632508429,0.12566701487087698,-3.031587,0.0,,0.16176470588235295,1.0,0.0,OK,OK,OPTIMAL,0.00788338,0.0,0.0
matpower/case14,matpower/case14/2017-07-15,ACTIVESET_NOCLEAN,8.700018316810567,0.1149422867383802,-3.068773,0.0,,0.16176470588235295,1.0,0.0,OK,OK,OPTIMAL,0.00788338,0.0,0.0
matpower/case14,matpower/case14/2017-07-15,WARM_ACTIVESET,7.7169062170330776,0.12958561007165778,-3.018,0.0,,0.16176470588235295,1.0,0.0,OK,OK,OPTIMAL,0.00788338,5076.0,180.0
matpower/case14,matpower/case14/2017-07-15,ACTIVESET_LAZY,9.865991731186742,0.1013582848279677,-3.115873,0.0,,0.16176470588235295,1.0,0.0,OK,OK,OPTIMAL,0.00788338,0.0,0.0
matpower/case14,matpower/case14/2017-07-15,ACTIVESET_LAZY_TOPK128,11.310761702821726,0.08841137549123039,-3.160764,0.0,,0.16176470588235295,1.0,0.0,OK,OK,OPTIMAL,0.00788338,0.0,0.0
matpower/case14,matpower/case14/2017-07-15,WARM_ACTIVESET_LAZY,9.12148603357834,0.10963125923986118,-3.087188,0.0,,0.16176470588235295,1.0,0.0,OK,OK,OPTIMAL,0.00788338,5076.0,180.0
matpower/case14,matpower/case14/2017-09-15,RAW_GNN,14.348682165051104,0.06969281140226849,-3.3917800000000002,0.0,,0.16176470588235295,1.0,0.0,OK,OK,OPTIMAL,0.00833051,0.0,0.0
matpower/case14,matpower/case14/2017-09-15,RAW_COMMIT_HINTS,1.9581054793446397,0.5106977180487187,-1.783933,0.0,,1.0,1.0,-4388.814104195581,OK,OK,OPTIMAL,0.0236709,0.0,0.0
matpower/case14,matpower/case14/2017-09-15,WARM,1.00599867940756,0.9940370901768055,-0.02173999999999987,0.0,,1.0,1.0,0.0,OK,OK,OPTIMAL,0.00833051,5076.0,0.0
matpower/case14,matpower/case14/2017-09-15,WARM_BRANCH_HINTS,0.9800933998078455,1.0203109215877357,0.07405099999999987,0.0,,1.0,1.0,0.0,OK,OK,OPTIMAL,0.00833051,5076.0,180.0
matpower/case14,matpower/case14/2017-09-15,WARM_COMMIT_HINTS,0.9672659364425958,1.0338418446511135,0.12338300000000002,0.0,,1.0,1.0,0.0,OK,OK,OPTIMAL,0.00833051,5076.0,0.0
matpower/case14,matpower/case14/2017-09-15,WARM_GRU,0.9690859675586596,1.0319001961396879,0.11630399999999996,0.0,,1.0,1.0,0.0,OK,OK,OPTIMAL,0.00833051,5076.0,0.0
matpower/case14,matpower/case14/2017-09-15,LAZY_ALL,12.117359080031907,0.08252623310040316,-3.3449910000000003,0.0,,0.16176470588235295,1.0,-4388.814104195581,OK,OK,OPTIMAL,0.00395907,0.0,0.0
matpower/case14,matpower/case14/2017-09-15,LAZY_TOPK128,11.873094082782428,0.08422404413101835,-3.338801,0.0,,0.16176470588235295,1.0,-4388.814104195581,OK,OK,OPTIMAL,0.00395907,0.0,0.0
matpower/case14,matpower/case14/2017-09-15,LAZY_BANDIT,11.869074205499164,0.08425256955059572,-3.3386970000000002,0.0,,0.16176470588235295,1.0,-4388.814104195581,OK,OK,OPTIMAL,0.00395907,0.0,0.0
matpower/case14,matpower/case14/2017-09-15,LAZY_COMMIT_HINTS,5.5500565529062715,0.18017834421459233,-2.988964,0.0,,0.16176470588235295,1.0,-4388.814104195581,OK,OK,OPTIMAL,0.00395907,0.0,0.0
matpower/case14,matpower/case14/2017-09-15,LAZY_GNN_T060,11.870735940038616,0.084240775386732,-3.33874,0.0,,0.16176470588235295,1.0,-4388.814104195581,OK,OK,OPTIMAL,0.00395907,0.0,0.0
matpower/case14,matpower/case14/2017-09-15,LAZY_GNN_T080,12.003578812900846,0.08330848787573669,-3.342139,0.0,,0.16176470588235295,1.0,-4388.814104195581,OK,OK,OPTIMAL,0.00395907,0.0,0.0
matpower/case14,matpower/case14/2017-09-15,LAZY_COMMIT_GNN_T060,5.471659970674707,0.18275989468634518,-2.979552,0.0,,0.16176470588235295,1.0,-4388.814104195581,OK,OK,OPTIMAL,0.00395907,0.0,0.0
matpower/case14,matpower/case14/2017-09-15,WARM_LAZY,9.746806644958804,0.10259770573341734,-3.271813,0.0,,0.16176470588235295,1.0,-4388.814104195581,OK,OK,OPTIMAL,0.00395907,5076.0,0.0
matpower/case14,matpower/case14/2017-09-15,WARM_LAZY_TOPK128,11.143863628027534,0.08973548433282472,-3.318707,0.0,,0.16176470588235295,1.0,-4388.814104195581,OK,OK,OPTIMAL,0.00395907,5076.0,0.0
matpower/case14,matpower/case14/2017-09-15,WARM_LAZY_BANDIT,10.874010910186321,0.09196238704002418,-3.310588,0.0,,0.16176470588235295,1.0,-4388.814104195581,OK,OK,OPTIMAL,0.00395907,5076.0,0.0
matpower/case14,matpower/case14/2017-09-15,WARM_LAZY_COMMIT_HINTS,9.777651135223854,0.1022740519343663,-3.272993,0.0,,0.16176470588235295,1.0,-4388.814104195581,OK,OK,OPTIMAL,0.00395907,5076.0,0.0
matpower/case14,matpower/case14/2017-09-15,WARM_LAZY_GRU,11.194951346604396,0.08932597999216099,-3.3202000000000003,0.0,,0.16176470588235295,1.0,-4388.814104195581,OK,OK,OPTIMAL,0.00395907,5076.0,0.0
matpower/case14,matpower/case14/2017-09-15,WARM_LAZY_BRANCH_HINTS,10.866621362637886,0.09202492353678997,-3.31036,0.0,,0.16176470588235295,1.0,-4388.814104195581,OK,OK,OPTIMAL,0.00395907,5076.0,180.0
matpower/case14,matpower/case14/2017-09-15,WARM_LAZY_GNN_T060,11.136306989303147,0.0897963751323072,-3.318485,0.0,,0.16176470588235295,1.0,-4388.814104195581,OK,OK,OPTIMAL,0.00395907,5076.0,0.0
matpower/case14,matpower/case14/2017-09-15,WARM_LAZY_COMMIT_GNN_T060,10.84448060060203,0.0922128073099679,-3.309675,0.0,,0.16176470588235295,1.0,-4388.814104195581,OK,OK,OPTIMAL,0.00395907,5076.0,0.0
matpower/case14,matpower/case14/2017-09-15,WARM_LAZY_COMMIT_GRU,11.009992691956926,0.09082658163165948,-3.3147290000000003,0.0,,0.16176470588235295,1.0,-4388.814104195581,OK,OK,OPTIMAL,0.00395907,5076.0,0.0
matpower/case14,matpower/case14/2017-09-15,WARM_LAZY_ML_STACK,9.430334367102851,0.10604077873298313,-3.2592600000000003,0.0,,0.16176470588235295,1.0,-4388.814104195581,OK,OK,OPTIMAL,0.00395907,5076.0,180.0
matpower/case14,matpower/case14/2017-09-15,WARM_PRUNE_T010,12.659977637646536,0.07898908107280812,-3.357887,0.0,,0.16176470588235295,1.0,0.0,OK,OK,OPTIMAL,0.00833051,5076.0,0.0
matpower/case14,matpower/case14/2017-09-15,WARM_PRUNE_T020,11.685446521004742,0.0855765330150189,-3.33387,0.0,,0.16666666666666666,1.0,0.0,OK,OK,OPTIMAL,0.00833051,5076.0,0.0
matpower/case14,matpower/case14/2017-09-15,WARM_PRUNE_T030,10.085006389794033,0.09915710127977649,-3.284357,0.0,,0.16666666666666666,1.0,0.0,OK,OK,OPTIMAL,0.00833051,5076.0,0.0
matpower/case14,matpower/case14/2017-09-15,WARM_PRUNE_T050,12.268389775755782,0.08151028931083958,-3.348695,0.0,,0.20833333333333334,1.0,-4287.76456733353,OK,OK,OPTIMAL,0.00406015,5076.0,0.0
matpower/case14,matpower/case14/2017-09-15,WARM_PRUNE_T080,8.6943491884828,0.11501723456479947,-3.226533,0.0,,0.3284313725490196,1.0,5424.908880434276,OK,OK,OPTIMAL,0.02350702,5076.0,0.0
matpower/case14,matpower/case14/2017-09-15,WARM_LPSCREEN_T010,8.968976477129038,0.11149544237851532,-3.239373,0.0,,0.16176470588235295,1.0,0.0,OK,OK,OPTIMAL,0.00833051,5076.0,0.0
matpower/case14,matpower/case14/2017-09-15,WARM_LPSCREEN_T020,9.041845435020907,0.11059689166182786,-3.242649,0.0,,0.16176470588235295,1.0,0.0,OK,OK,OPTIMAL,0.00833051,5076.0,0.0
matpower/case14,matpower/case14/2017-09-15,WARM_LPSCREEN_T030,8.63856309501808,0.11575999260533353,-3.223825,0.0,,0.16666666666666666,1.0,0.0,OK,OK,OPTIMAL,0.00833051,5076.0,0.0
matpower/case14,matpower/case14/2017-09-15,WARM_LPSCREEN_T050,8.874943099524106,0.11267677874505158,-3.235066,0.0,,0.20833333333333334,1.0,-4287.76456733353,OK,OK,OPTIMAL,0.00406015,5076.0,0.0
matpower/case14,matpower/case14/2017-09-15,WARM_LPSCREEN_T080,6.8683235874790896,0.14559593578598912,-3.115047,0.0,,0.3284313725490196,1.0,5424.908880434276,OK,OK,OPTIMAL,0.02350702,5076.0,0.0
matpower/case14,matpower/case14/2017-09-15,WARM_PRUNE_LAZY_T010,10.7302193209644,0.09319474002234308,-3.306095,0.0,,0.16176470588235295,1.0,-4388.814104195581,OK,OK,OPTIMAL,0.00395907,5076.0,0.0
matpower/case14,matpower/case14/2017-09-15,WARM_PRUNE_LAZY_T020,11.84054963398871,0.08445553888220401,-3.3379570000000003,0.0,,0.16176470588235295,1.0,-4388.814104195581,OK,OK,OPTIMAL,0.00395907,5076.0,0.0
matpower/case14,matpower/case14/2017-09-15,WARM_PRUNE_LAZY_T030,11.400044401085639,0.08771895659500843,-3.326059,0.0,,0.16176470588235295,1.0,-4388.814104195581,OK,OK,OPTIMAL,0.00395907,5076.0,0.0
matpower/case14,matpower/case14/2017-09-15,WARM_PRUNE_LAZY_T050,11.082483220660475,0.09023248491238445,-3.316895,0.0,,0.16176470588235295,1.0,-4388.814104195581,OK,OK,OPTIMAL,0.00395907,5076.0,0.0
matpower/case14,matpower/case14/2017-09-15,WARM_PRUNE_LAZY_T080,11.656082254057875,0.08579211935913256,-3.333084,0.0,,0.16176470588235295,1.0,-4388.814104195581,OK,OK,OPTIMAL,0.00395907,5076.0,0.0
matpower/case14,matpower/case14/2017-09-15,WARM_LPSCREEN_LAZY_T010,8.054556862190624,0.1241533230330969,-3.193224,0.0,,0.16176470588235295,1.0,-4388.814104195581,OK,OK,OPTIMAL,0.00395907,5076.0,0.0
matpower/case14,matpower/case14/2017-09-15,WARM_LPSCREEN_LAZY_T020,8.151842949613746,0.12267164691235646,-3.198626,0.0,,0.16176470588235295,1.0,-4388.814104195581,OK,OK,OPTIMAL,0.00395907,5076.0,0.0
matpower/case14,matpower/case14/2017-09-15,WARM_LPSCREEN_LAZY_T030,7.597685603897755,0.1316190287588343,-3.166005,0.0,,0.16176470588235295,1.0,-4388.814104195581,OK,OK,OPTIMAL,0.00395907,5076.0,0.0
matpower/case14,matpower/case14/2017-09-15,WARM_LPSCREEN_LAZY_T050,8.164091505551152,0.12248760309950626,-3.199297,0.0,,0.16176470588235295,1.0,-4388.814104195581,OK,OK,OPTIMAL,0.00395907,5076.0,0.0
matpower/case14,matpower/case14/2017-09-15,WARM_LPSCREEN_LAZY_T080,8.361284004751836,0.11959885580153548,-3.209829,0.0,,0.16176470588235295,1.0,-4388.814104195581,OK,OK,OPTIMAL,0.00395907,5076.0,0.0
matpower/case14,matpower/case14/2017-09-15,WARM_SR_LAZY,7.12476598438984,0.14035548707016787,-3.134153,0.0,,0.4264705882352941,1.0,0.0,OK,OK,OPTIMAL,0.00833051,5076.0,0.0
matpower/case14,matpower/case14/2017-09-15,SHRINK_LAZY,10.653059137381405,0.09386975019138089,-3.303634,0.0,,0.03594771241830065,1.0,-4388.814104195581,OK,OK,OPTIMAL,0.01406863,0.0,0.0
matpower/case14,matpower/case14/2017-09-15,STREDUCE,10.39951109729278,0.09615836654670447,-3.29529,0.0,,1.0058210784313726,1.0,-3751.5605241387807,OK,OK,OPTIMAL,0.00459616,5076.0,0.0
matpower/case14,matpower/case14/2017-09-15,STREDUCE_CONSERVATIVE,11.042070991580351,0.09056272150056871,-3.315691,0.0,,1.005787037037037,1.0,1613.6065435796688,OK,OK,OPTIMAL,0.00992807,5076.0,0.0
matpower/case14,matpower/case14/2017-09-15,STREDUCE_AGGRESSIVE,9.508818006363779,0.10516554206114258,-3.262451,0.0,,1.0058891612200436,1.0,-4133.9126717184845,OK,OK,OPTIMAL,0.00421182,5076.0,0.0
matpower/case14,matpower/case14/2017-09-15,STREDUCE_GRU,9.702245486672911,0.1030689237222052,-3.270095,0.0,,1.0058210784313726,1.0,-3751.5605241387807,OK,OK,OPTIMAL,0.00459616,5076.0,0.0
matpower/case14,matpower/case14/2017-09-15,STREDUCE_LAZY,11.05895181936204,0.09042448292877066,-3.316195,0.0,,1.0058210784313726,1.0,-3751.5605241387807,OK,OK,OPTIMAL,0.00120081,5076.0,0.0
matpower/case14,matpower/case14/2017-09-15,STREDUCE_LAZY_CONSERVATIVE,11.135388637592277,0.0898037807700821,-3.318458,0.0,,1.005787037037037,1.0,1613.6065435796688,OK,OK,OPTIMAL,0.0065509,5076.0,0.0
matpower/case14,matpower/case14/2017-09-15,STREDUCE_LAZY_AGGRESSIVE,9.637054012761752,0.10376615080456768,-3.267553,0.0,,1.0058891612200436,1.0,-349.1913596329858,OK,OK,OPTIMAL,0.00459232,5076.0,0.0
matpower/case14,matpower/case14/2017-09-15,STREDUCE_LAZY_GRU,9.669975863989604,0.10341287445441706,-3.268841,0.0,,1.0058210784313726,1.0,-3751.5605241387807,OK,OK,OPTIMAL,0.00120081,5076.0,0.0
matpower/case14,matpower/case14/2017-09-15,ACTIVESET,13.797887478522824,0.07247486265970464,-3.381637,0.0,,0.16176470588235295,1.0,0.0,OK,OK,OPTIMAL,0.00833051,0.0,0.0
matpower/case14,matpower/case14/2017-09-15,ACTIVESET_B500,13.657505150777299,0.07321981496328313,-3.378921,0.0,,0.16176470588235295,1.0,0.0,OK,OK,OPTIMAL,0.00833051,0.0,0.0
matpower/case14,matpower/case14/2017-09-15,ACTIVESET_B5000,13.823102763201797,0.0723426583112787,-3.3821190000000003,0.0,,0.16176470588235295,1.0,0.0,OK,OK,OPTIMAL,0.00833051,0.0,0.0
matpower/case14,matpower/case14/2017-09-15,ACTIVESET_NOCLEAN,12.849020430171947,0.07782694450791046,-3.362124,0.0,,0.16176470588235295,1.0,0.0,OK,OK,OPTIMAL,0.00833051,0.0,0.0
matpower/case14,matpower/case14/2017-09-15,WARM_ACTIVESET,12.506675494144364,0.07995729964115571,-3.3543570000000003,0.0,,0.16176470588235295,1.0,0.0,OK,OK,OPTIMAL,0.00833051,5076.0,180.0
matpower/case14,matpower/case14/2017-09-15,ACTIVESET_LAZY,11.31822217531137,0.08835309861484403,-3.323747,0.0,,0.16176470588235295,1.0,-4388.814104195581,OK,OK,OPTIMAL,0.00395907,0.0,0.0
matpower/case14,matpower/case14/2017-09-15,ACTIVESET_LAZY_TOPK128,11.213958581319456,0.08917457584209644,-3.320752,0.0,,0.16176470588235295,1.0,-4388.814104195581,OK,OK,OPTIMAL,0.00395907,0.0,0.0
matpower/case14,matpower/case14/2017-09-15,WARM_ACTIVESET_LAZY,10.609596116855188,0.09425429478991439,-3.302232,0.0,,0.16176470588235295,1.0,-4388.814104195581,OK,OK,OPTIMAL,0.00395907,5076.0,180.0
matpower/case14,matpower/case14/2017-11-15,RAW_GNN,7.645870907974489,0.1307895479842617,-3.1063,0.0,,0.16176470588235295,1.0,0.0,OK,OK,OPTIMAL,0.00619405,0.0,0.0
matpower/case14,matpower/case14/2017-11-15,RAW_COMMIT_HINTS,0.9917638462321914,1.0083045513295312,0.029678000000000093,0.0,,1.0,1.0,0.0,OK,OK,OPTIMAL,0.00619405,0.0,0.0
matpower/case14,matpower/case14/2017-11-15,WARM,0.9738247187826997,1.0268788424779562,0.09605700000000006,0.0,,1.0,1.0,0.0,OK,OK,OPTIMAL,0.00619405,5076.0,0.0
matpower/case14,matpower/case14/2017-11-15,WARM_BRANCH_HINTS,0.9949275081899027,1.0050983531647706,0.018219999999999903,0.0,,1.0,1.0,0.0,OK,OK,OPTIMAL,0.00619405,5076.0,180.0
matpower/case14,matpower/case14/2017-11-15,WARM_COMMIT_HINTS,0.9969258433636295,1.0030836362171114,0.011019999999999808,0.0,,1.0,1.0,0.0,OK,OK,OPTIMAL,0.00619405,5076.0,0.0
matpower/case14,matpower/case14/2017-11-15,WARM_GRU,0.9596920029582668,1.0420009721009273,0.15009899999999998,0.0,,1.0,1.0,0.0,OK,OK,OPTIMAL,0.00619405,5076.0,0.0
matpower/case14,matpower/case14/2017-11-15,LAZY_ALL,12.485947774074308,0.08009003546181649,-3.287485,0.0,,0.16176470588235295,1.0,0.0,OK,OK,OPTIMAL,0.00619405,0.0,0.0
matpower/case14,matpower/case14/2017-11-15,LAZY_TOPK128,12.698643328216498,0.07874856976083351,-3.292279,0.0,,0.16176470588235295,1.0,0.0,OK,OK,OPTIMAL,0.00619405,0.0,0.0
matpower/case14,matpower/case14/2017-11-15,LAZY_BANDIT,10.828123342998857,0.09235210648450641,-3.243664,0.0,,0.16176470588235295,1.0,0.0,OK,OK,OPTIMAL,0.00619405,0.0,0.0
matpower/case14,matpower/case14/2017-11-15,LAZY_COMMIT_HINTS,12.21298634724809,0.08188005550545191,-3.281088,0.0,,0.16176470588235295,1.0,0.0,OK,OK,OPTIMAL,0.00619405,0.0,0.0
matpower/case14,matpower/case14/2017-11-15,LAZY_GNN_T060,12.246761569251014,0.08165423931423513,-3.281895,0.0,,0.16176470588235295,1.0,0.0,OK,OK,OPTIMAL,0.00619405,0.0,0.0
matpower/case14,matpower/case14/2017-11-15,LAZY_GNN_T080,12.619631620207214,0.07924161576941341,-3.290517,0.0,,0.16176470588235295,1.0,0.0,OK,OK,OPTIMAL,0.00619405,0.0,0.0
matpower/case14,matpower/case14/2017-11-15,LAZY_COMMIT_GNN_T060,12.354084204194654,0.08094489105558016,-3.28443,0.0,,0.16176470588235295,1.0,0.0,OK,OK,OPTIMAL,0.00619405,0.0,0.0
matpower/case14,matpower/case14/2017-11-15,WARM_LAZY,11.653936710016566,0.0858079140879922,-3.267051,0.0,,0.16176470588235295,1.0,0.0,OK,OK,OPTIMAL,0.00619405,5076.0,0.0
matpower/case14,matpower/case14/2017-11-15,WARM_LAZY_TOPK128,11.73572073625273,0.08520993490505506,-3.269188,0.0,,0.16176470588235295,1.0,0.0,OK,OK,OPTIMAL,0.00619405,5076.0,0.0
matpower/case14,matpower/case14/2017-11-15,WARM_LAZY_BANDIT,11.69156756579916,0.08553172997308395,-3.268038,0.0,,0.16176470588235295,1.0,0.0,OK,OK,OPTIMAL,0.00619405,5076.0,0.0
matpower/case14,matpower/case14/2017-11-15,WARM_LAZY_COMMIT_HINTS,11.269280617055427,0.08873680885065155,-3.256584,0.0,,0.16176470588235295,1.0,0.0,OK,OK,OPTIMAL,0.00619405,5076.0,0.0
matpower/case14,matpower/case14/2017-11-15,WARM_LAZY_GRU,11.663940285062452,0.08573432095504299,-3.267314,0.0,,0.16176470588235295,1.0,0.0,OK,OK,OPTIMAL,0.00619405,5076.0,0.0
matpower/case14,matpower/case14/2017-11-15,WARM_LAZY_BRANCH_HINTS,11.552408783663653,0.08656203383437291,-3.2643560000000003,0.0,,0.16176470588235295,1.0,0.0,OK,OK,OPTIMAL,0.00619405,5076.0,180.0
matpower/case14,matpower/case14/2017-11-15,WARM_LAZY_GNN_T060,9.676650095312365,0.10334154796859167,-3.204391,0.0,,0.16176470588235295,1.0,0.0,OK,OK,OPTIMAL,0.00619405,5076.0,0.0
matpower/case14,matpower/case14/2017-11-15,WARM_LAZY_COMMIT_GNN_T060,11.124194175966133,0.08989415180836237,-3.2524480000000002,0.0,,0.16176470588235295,1.0,0.0,OK,OK,OPTIMAL,0.00619405,5076.0,0.0
matpower/case14,matpower/case14/2017-11-15,WARM_LAZY_COMMIT_GRU,11.257459395436161,0.08882998950948079,-3.2562510000000002,0.0,,0.16176470588235295,1.0,0.0,OK,OK,OPTIMAL,0.00619405,5076.0,0.0
matpower/case14,matpower/case14/2017-11-15,WARM_LAZY_ML_STACK,11.04856641129805,0.09050947994279324,-3.250249,0.0,,0.16176470588235295,1.0,0.0,OK,OK,OPTIMAL,0.00619405,5076.0,180.0
matpower/case14,matpower/case14/2017-11-15,WARM_PRUNE_T010,6.851096093937215,0.1459620455309241,-3.052078,0.0,,0.16176470588235295,1.0,0.0,OK,OK,OPTIMAL,0.00619405,5076.0,0.0
matpower/case14,matpower/case14/2017-11-15,WARM_PRUNE_T020,7.0259000839482,0.14233051823276863,-3.0650560000000002,0.0,,0.16176470588235295,1.0,0.0,OK,OK,OPTIMAL,0.00619405,5076.0,0.0
matpower/case14,matpower/case14/2017-11-15,WARM_PRUNE_T030,6.549754043077284,0.15267748886798932,-3.028079,0.0,,0.16176470588235295,1.0,0.0,OK,OK,OPTIMAL,0.00619405,5076.0,0.0
matpower/case14,matpower/case14/2017-11-15,WARM_PRUNE_T050,6.784824954434995,0.14738773759319113,-3.046983,0.0,,0.16176470588235295,1.0,0.0,OK,OK,OPTIMAL,0.00619405,5076.0,0.0
matpower/case14,matpower/case14/2017-11-15,WARM_PRUNE_T080,16.11096935325357,0.062069511652199406,-3.3518850000000002,0.0,,0.16666666666666666,1.0,0.0,OK,OK,OPTIMAL,0.03341907,5076.0,0.0
matpower/case14,matpower/case14/2017-11-15,WARM_LPSCREEN_T010,5.8114850602825,0.1720730569943837,-2.958765,0.0,,0.16176470588235295,1.0,0.0,OK,OK,OPTIMAL,0.00619405,5076.0,0.0
matpower/case14,matpower/case14/2017-11-15,WARM_LPSCREEN_T020,5.477006614640486,0.18258148480721537,-2.921211,0.0,,0.16176470588235295,1.0,0.0,OK,OK,OPTIMAL,0.00619405,5076.0,0.0
matpower/case14,matpower/case14/2017-11-15,WARM_LPSCREEN_T030,11.072460310575172,0.09031416432758961,-3.250947,0.0,,0.16666666666666666,1.0,0.0,OK,OK,OPTIMAL,0.03341907,5076.0,0.0
matpower/case14,matpower/case14/2017-11-15,WARM_LPSCREEN_T050,8.881059950894144,0.11259917234308502,-3.171307,0.0,,0.20098039215686275,1.0,0.0,OK,OK,OPTIMAL,0.00619405,5076.0,0.0
matpower/case14,matpower/case14/2017-11-15,WARM_LPSCREEN_T080,7.544694524258399,0.13254347101591823,-3.100032,0.0,,0.2818627450980392,1.0,5471.902554658858,OK,OK,OPTIMAL,0.01464576,5076.0,0.0
matpower/case14,matpower/case14/2017-11-15,WARM_PRUNE_LAZY_T010,11.103008065418122,0.09006568257071167,-3.2518350000000003,0.0,,0.16176470588235295,1.0,0.0,OK,OK,OPTIMAL,0.00619405,5076.0,0.0
matpower/case14,matpower/case14/2017-11-15,WARM_PRUNE_LAZY_T020,11.207784632078756,0.08922369877966915,-3.2548440000000003,0.0,,0.16176470588235295,1.0,0.0,OK,OK,OPTIMAL,0.00619405,5076.0,0.0
matpower/case14,matpower/case14/2017-11-15,WARM_PRUNE_LAZY_T030,11.38927203309346,0.0878019242225781,-3.259925,0.0,,0.16176470588235295,1.0,0.0,OK,OK,OPTIMAL,0.00619405,5076.0,0.0
matpower/case14,matpower/case14/2017-11-15,WARM_PRUNE_LAZY_T050,11.281197914036062,0.08864306854822575,-3.256919,0.0,,0.16176470588235295,1.0,0.0,OK,OK,OPTIMAL,0.00619405,5076.0,0.0
matpower/case14,matpower/case14/2017-11-15,WARM_PRUNE_LAZY_T080,11.483547663575427,0.0870811032701934,-3.2625010000000003,0.0,,0.16176470588235295,1.0,0.0,OK,OK,OPTIMAL,0.00619405,5076.0,0.0
matpower/case14,matpower/case14/2017-11-15,WARM_LPSCREEN_LAZY_T010,8.549671884457394,0.11696355293095145,-3.15571,0.0,,0.16176470588235295,1.0,0.0,OK,OK,OPTIMAL,0.00619405,5076.0,0.0
matpower/case14,matpower/case14/2017-11-15,WARM_LPSCREEN_LAZY_T020,8.422367084520552,0.11873146705252227,-3.149392,0.0,,0.16176470588235295,1.0,0.0,OK,OK,OPTIMAL,0.00619405,5076.0,0.0
matpower/case14,matpower/case14/2017-11-15,WARM_LPSCREEN_LAZY_T030,8.713479707901056,0.11476471324002023,-3.163568,0.0,,0.16176470588235295,1.0,0.0,OK,OK,OPTIMAL,0.00619405,5076.0,0.0
matpower/case14,matpower/case14/2017-11-15,WARM_LPSCREEN_LAZY_T050,8.70214941960557,0.11491413808030494,-3.163034,0.0,,0.16176470588235295,1.0,0.0,OK,OK,OPTIMAL,0.00619405,5076.0,0.0
matpower/case14,matpower/case14/2017-11-15,WARM_LPSCREEN_LAZY_T080,8.733090754470766,0.11450699736379884,-3.164489,0.0,,0.16176470588235295,1.0,0.0,OK,OK,OPTIMAL,0.00619405,5076.0,0.0
matpower/case14,matpower/case14/2017-11-15,WARM_SR_LAZY,7.143591322233927,0.13998561156313213,-3.073436,0.0,,0.4264705882352941,1.0,0.0,OK,OK,OPTIMAL,0.00619405,5076.0,0.0
matpower/case14,matpower/case14/2017-11-15,SHRINK_LAZY,10.434077949682193,0.09583980537834286,-3.2312000000000003,0.0,,0.03594771241830065,1.0,0.0,OK,OK,OPTIMAL,0.01993926,0.0,0.0
matpower/case14,matpower/case14/2017-11-15,STREDUCE,13.670036645169189,0.07315269343871049,-3.312277,0.0,,1.0061274509803921,1.0,,,,INFEASIBLE,,5076.0,0.0
matpower/case14,matpower/case14/2017-11-15,STREDUCE_CONSERVATIVE,0.1946956763725497,5.136220889088992,14.781625,1.0,,1.0058891612200436,1.0,0.0,OK,OK,OPTIMAL,0.0,5076.0,0.0
matpower/case14,matpower/case14/2017-11-15,STREDUCE_AGGRESSIVE,14.404168446848475,0.0694243477983481,-3.3256010000000003,0.0,,1.0061274509803921,1.0,,,,INFEASIBLE,,5076.0,0.0
matpower/case14,matpower/case14/2017-11-15,STREDUCE_GRU,14.334489867954499,0.06976181288708098,-3.324395,0.0,,1.0061274509803921,1.0,,,,INFEASIBLE,,5076.0,0.0
matpower/case14,matpower/case14/2017-11-15,STREDUCE_LAZY,12.063132489451476,0.08289720774222145,-3.277453,0.0,,1.0061274509803921,1.0,,,,INFEASIBLE,,5076.0,0.0
matpower/case14,matpower/case14/2017-11-15,STREDUCE_LAZY_CONSERVATIVE,0.1944828880290079,5.14184055026397,14.801708,1.0,,1.0058891612200436,1.0,0.0,OK,OK,OPTIMAL,0.0,5076.0,0.0
matpower/case14,matpower/case14/2017-11-15,STREDUCE_LAZY_AGGRESSIVE,14.153727642856012,0.07065276549282355,-3.321211,0.0,,1.0061274509803921,1.0,,,,INFEASIBLE,,5076.0,0.0
matpower/case14,matpower/case14/2017-11-15,STREDUCE_LAZY_GRU,14.300188871015504,0.069929146322456,-3.323797,0.0,,1.0061274509803921,1.0,,,,INFEASIBLE,,5076.0,0.0
matpower/case14,matpower/case14/2017-11-15,ACTIVESET,7.451268739183921,0.13420533267593865,-3.094093,0.0,,0.16176470588235295,1.0,0.0,OK,OK,OPTIMAL,0.00619405,0.0,0.0
matpower/case14,matpower/case14/2017-11-15,ACTIVESET_B500,6.805070141463536,0.14694925683527701,-3.04855,0.0,,0.16176470588235295,1.0,0.0,OK,OK,OPTIMAL,0.00619405,0.0,0.0
matpower/case14,matpower/case14/2017-11-15,ACTIVESET_B5000,7.3469038265049145,0.13611175858766103,-3.0872800000000002,0.0,,0.16176470588235295,1.0,0.0,OK,OK,OPTIMAL,0.00619405,0.0,0.0
matpower/case14,matpower/case14/2017-11-15,ACTIVESET_NOCLEAN,7.490877725468167,0.1334957045954854,-3.096629,0.0,,0.16176470588235295,1.0,0.0,OK,OK,OPTIMAL,0.00619405,0.0,0.0
matpower/case14,matpower/case14/2017-11-15,WARM_ACTIVESET,6.494453631853453,0.15397754094282598,-3.023433,0.0,,0.16176470588235295,1.0,0.0,OK,OK,OPTIMAL,0.00619405,5076.0,180.0
matpower/case14,matpower/case14/2017-11-15,ACTIVESET_LAZY,11.845691575402402,0.0844188786813006,-3.272015,0.0,,0.16176470588235295,1.0,0.0,OK,OK,OPTIMAL,0.00619405,0.0,0.0
matpower/case14,matpower/case14/2017-11-15,ACTIVESET_LAZY_TOPK128,10.104940069388874,0.09896149736002124,-3.220044,0.0,,0.16176470588235295,1.0,0.0,OK,OK,OPTIMAL,0.00619405,0.0,0.0
matpower/case14,matpower/case14/2017-11-15,WARM_ACTIVESET_LAZY,10.889825059649144,0.09182883972171162,-3.245534,0.0,,0.16176470588235295,1.0,0.0,OK,OK,OPTIMAL,0.00619405,5076.0,180.0
matpower/case30,matpower/case30/2017-01-15,RAW_GNN,20.779551886326637,0.04812423316298847,-7.010249,0.0,,0.08492731446059679,1.0,-3059.8747966719084,OK,OK,OPTIMAL,4.787e-05,0.0,0.0
matpower/case30,matpower/case30/2017-01-15,RAW_COMMIT_HINTS,0.9533686563821621,1.048912184500374,0.36022200000000026,0.0,,1.0,1.0,-3059.8747966719084,OK,OK,OPTIMAL,0.04350734,0.0,0.0
matpower/case30,matpower/case30/2017-01-15,WARM,0.9821845168467909,1.0181386316396068,0.13358500000000006,0.0,,1.0,1.0,0.0,OK,OK,OPTIMAL,0.04643409,9144.0,0.0
matpower/case30,matpower/case30/2017-01-15,WARM_BRANCH_HINTS,1.001507564612729,0.9984947047171713,-0.011085999999999707,0.0,,1.0,1.0,0.0,OK,OK,OPTIMAL,0.04643409,9144.0,216.0
matpower/case30,matpower/case30/2017-01-15,WARM_COMMIT_HINTS,0.9920397512689992,1.0080241227438902,0.05909500000000012,0.0,,1.0,1.0,0.0,OK,OK,OPTIMAL,0.04643409,9144.0,0.0
matpower/case30,matpower/case30/2017-01-15,WARM_GRU,0.9875179611668712,1.0126398094252178,0.09308799999999984,0.0,,1.0,1.0,0.0,OK,OK,OPTIMAL,0.04643409,9144.0,0.0
matpower/case30,matpower/case30/2017-01-15,LAZY_ALL,14.252338727469064,0.07016392320740053,-6.847934,0.0,,0.08492731446059679,1.0,-3059.8747966719084,OK,OK,OPTIMAL,4.787e-05,0.0,0.0
matpower/case30,matpower/case30/2017-01-15,LAZY_TOPK128,15.30699123523531,0.0653296251779442,-6.8835370000000005,0.0,,0.08492731446059679,1.0,-3059.8747966719084,OK,OK,OPTIMAL,4.787e-05,0.0,0.0
matpower/case30,matpower/case30/2017-01-15,LAZY_BANDIT,14.812463545416879,0.06751071467172723,-6.867474,0.0,,0.08492731446059679,1.0,-3059.8747966719084,OK,OK,OPTIMAL,4.787e-05,0.0,0.0
matpower/case30,matpower/case30/2017-01-15,LAZY_COMMIT_HINTS,14.570315575805656,0.06863269328637761,-6.859211,0.0,,0.08492731446059679,1.0,-3059.8747966719084,OK,OK,OPTIMAL,4.787e-05,0.0,0.0
matpower/case30,matpower/case30/2017-01-15,LAZY_GNN_T060,14.441601531094474,0.06924439771079972,-6.854706,0.0,,0.08492731446059679,1.0,-3059.8747966719084,OK,OK,OPTIMAL,4.787e-05,0.0,0.0
matpower/case30,matpower/case30/2017-01-15,LAZY_GNN_T080,13.62167580984652,0.07341240637052478,-6.82401,0.0,,0.08492731446059679,1.0,-3059.8747966719084,OK,OK,OPTIMAL,4.787e-05,0.0,0.0
matpower/case30,matpower/case30/2017-01-15,LAZY_COMMIT_GNN_T060,14.863253917799371,0.06728001859690078,-6.869173,0.0,,0.08492731446059679,1.0,-3059.8747966719084,OK,OK,OPTIMAL,4.787e-05,0.0,0.0
matpower/case30,matpower/case30/2017-01-15,WARM_LAZY,12.87621665189288,0.07766256401510564,-6.792709,0.0,,0.08492731446059679,1.0,-3059.8747966719084,OK,OK,OPTIMAL,4.787e-05,9144.0,0.0
matpower/case30,matpower/case30/2017-01-15,WARM_LAZY_TOPK128,12.946226352075884,0.07724258581649573,-6.795802,0.0,,0.08492731446059679,1.0,-3059.8747966719084,OK,OK,OPTIMAL,4.787e-05,9144.0,0.0
matpower/case30,matpower/case30/2017-01-15,WARM_LAZY_BANDIT,11.897974910539027,0.0840479163487071,-6.745683,0.0,,0.08492731446059679,1.0,-3059.8747966719084,OK,OK,OPTIMAL,4.787e-05,9144.0,0.0
matpower/case30,matpower/case30/2017-01-15,WARM_LAZY_COMMIT_HINTS,12.6906142086145,0.07879839254125236,-6.784344,0.0,,0.08492731446059679,1.0,-3059.8747966719084,OK,OK,OPTIMAL,4.787e-05,9144.0,0.0
matpower/case30,matpower/case30/2017-01-15,WARM_LAZY_GRU,12.96042010196342,0.07715799272961117,-6.796425,0.0,,0.08492731446059679,1.0,-3059.8747966719084,OK,OK,OPTIMAL,4.787e-05,9144.0,0.0
matpower/case30,matpower/case30/2017-01-15,WARM_LAZY_BRANCH_HINTS,12.91039101052687,0.07745698787779706,-6.794223,0.0,,0.08492731446059679,1.0,-3059.8747966719084,OK,OK,OPTIMAL,4.787e-05,9144.0,216.0
matpower/case30,matpower/case30/2017-01-15,WARM_LAZY_GNN_T060,11.803165923292791,0.08472303164243113,-6.740711,0.0,,0.08492731446059679,1.0,-3059.8747966719084,OK,OK,OPTIMAL,4.787e-05,9144.0,0.0
matpower/case30,matpower/case30/2017-01-15,WARM_LAZY_COMMIT_GNN_T060,12.840185227803698,0.07788049644600407,-6.791104,0.0,,0.08492731446059679,1.0,-3059.8747966719084,OK,OK,OPTIMAL,4.787e-05,9144.0,0.0
matpower/case30,matpower/case30/2017-01-15,WARM_LAZY_COMMIT_GRU,12.867735036761623,0.07771375437426371,-6.792332,0.0,,0.08492731446059679,1.0,-3059.8747966719084,OK,OK,OPTIMAL,4.787e-05,9144.0,0.0
matpower/case30,matpower/case30/2017-01-15,WARM_LAZY_ML_STACK,11.095060253487983,0.09013020003074138,-6.700889,0.0,,0.08492731446059679,1.0,-3059.8747966719084,OK,OK,OPTIMAL,4.787e-05,9144.0,216.0
matpower/case30,matpower/case30/2017-01-15,WARM_PRUNE_T010,17.85880601285698,0.05599478482940439,-6.952285,0.0,,0.08492731446059679,1.0,-3059.8747966719084,OK,OK,OPTIMAL,4.787e-05,9144.0,0.0
matpower/case30,matpower/case30/2017-01-15,WARM_PRUNE_T020,18.22865431072037,0.05485868473636558,-6.960652,0.0,,0.08492731446059679,1.0,-3059.8747966719084,OK,OK,OPTIMAL,4.787e-05,9144.0,0.0
matpower/case30,matpower/case30/2017-01-15,WARM_PRUNE_T030,17.969836641575267,0.05564880860888773,-6.954833,0.0,,0.08492731446059679,1.0,-3059.8747966719084,OK,OK,OPTIMAL,4.787e-05,9144.0,0.0
matpower/case30,matpower/case30/2017-01-15,WARM_PRUNE_T050,18.28976869167002,0.054675377084208006,-6.962002,0.0,,0.08492731446059679,1.0,-3059.8747966719084,OK,OK,OPTIMAL,4.787e-05,9144.0,0.0
matpower/case30,matpower/case30/2017-01-15,WARM_PRUNE_T080,16.403986136726093,0.060960792801522085,-6.915712,0.0,,0.08492731446059679,1.0,-3059.8747966719084,OK,OK,OPTIMAL,4.787e-05,9144.0,0.0
matpower/case30,matpower/case30/2017-01-15,WARM_LPSCREEN_T010,14.044980290371365,0.07119981511725987,-6.840305,0.0,,0.08492731446059679,1.0,-3059.8747966719084,OK,OK,OPTIMAL,4.787e-05,9144.0,0.0
matpower/case30,matpower/case30/2017-01-15,WARM_LPSCREEN_T020,13.579680268471227,0.07363943629230808,-6.822338,0.0,,0.08492731446059679,1.0,-3059.8747966719084,OK,OK,OPTIMAL,4.787e-05,9144.0,0.0
matpower/case30,matpower/case30/2017-01-15,WARM_LPSCREEN_T030,12.666561178894648,0.07894802589879137,-6.7832419999999995,0.0,,0.08492731446059679,1.0,-3059.8747966719084,OK,OK,OPTIMAL,4.787e-05,9144.0,0.0
matpower/case30,matpower/case30/2017-01-15,WARM_LPSCREEN_T050,13.847421424327434,0.0722156110771049,-6.8328240000000005,0.0,,0.08492731446059679,1.0,-3059.8747966719084,OK,OK,OPTIMAL,4.787e-05,9144.0,0.0
matpower/case30,matpower/case30/2017-01-15,WARM_LPSCREEN_T080,9.511646318704239,0.10513427081845374,-6.590389,0.0,,0.0864575363427697,1.0,-3059.8747966719084,OK,OK,OPTIMAL,9.966e-05,9144.0,0.0
matpower/case30,matpower/case30/2017-01-15,WARM_PRUNE_LAZY_T010,12.694989347105102,0.07877123585204383,-6.784544,0.0,,0.08492731446059679,1.0,-3059.8747966719084,OK,OK,OPTIMAL,4.787e-05,9144.0,0.0
matpower/case30,matpower/case30/2017-01-15,WARM_PRUNE_LAZY_T020,11.677474697664241,0.08563495326605354,-6.733995,0.0,,0.08492731446059679,1.0,-3059.8747966719084,OK,OK,OPTIMAL,4.787e-05,9144.0,0.0
matpower/case30,matpower/case30/2017-01-15,WARM_PRUNE_LAZY_T030,12.74285269359541,0.07847536372311692,-6.786723,0.0,,0.08492731446059679,1.0,-3059.8747966719084,OK,OK,OPTIMAL,4.787e-05,9144.0,0.0
matpower/case30,matpower/case30/2017-01-15,WARM_PRUNE_LAZY_T050,12.933153742003123,0.07732066129797024,-6.795227,0.0,,0.08492731446059679,1.0,-3059.8747966719084,OK,OK,OPTIMAL,4.787e-05,9144.0,0.0
matpower/case30,matpower/case30/2017-01-15,WARM_PRUNE_LAZY_T080,13.050309305387461,0.07662653632180025,-6.800339,0.0,,0.08492731446059679,1.0,-3059.8747966719084,OK,OK,OPTIMAL,4.787e-05,9144.0,0.0
matpower/case30,matpower/case30/2017-01-15,WARM_LPSCREEN_LAZY_T010,9.721448475320399,0.10286532943508113,-6.607099,0.0,,0.08492731446059679,1.0,-3059.8747966719084,OK,OK,OPTIMAL,4.787e-05,9144.0,0.0
matpower/case30,matpower/case30/2017-01-15,WARM_LPSCREEN_LAZY_T020,10.42575227352518,0.09591634001695663,-6.658276,0.0,,0.08492731446059679,1.0,-3059.8747966719084,OK,OK,OPTIMAL,4.787e-05,9144.0,0.0
matpower/case30,matpower/case30/2017-01-15,WARM_LPSCREEN_LAZY_T030,10.268997106703385,0.09738049291563448,-6.647493,0.0,,0.08492731446059679,1.0,-3059.8747966719084,OK,OK,OPTIMAL,4.787e-05,9144.0,0.0
matpower/case30,matpower/case30/2017-01-15,WARM_LPSCREEN_LAZY_T050,9.703119894598155,0.10305963554636814,-6.605668,0.0,,0.08492731446059679,1.0,-3059.8747966719084,OK,OK,OPTIMAL,4.787e-05,9144.0,0.0
matpower/case30,matpower/case30/2017-01-15,WARM_LPSCREEN_LAZY_T080,10.004181161950068,0.09995820585530807,-6.628509,0.0,,0.08492731446059679,1.0,-3059.8747966719084,OK,OK,OPTIMAL,4.787e-05,9144.0,0.0
matpower/case30,matpower/case30/2017-01-15,WARM_SR_LAZY,2.256173125055526,0.4432283980757856,-4.1004380000000005,0.0,,0.65876052027544,1.0,-3059.8747966719084,OK,OK,OPTIMAL,4.787e-05,9144.0,0.0
matpower/case30,matpower/case30/2017-01-15,SHRINK_LAZY,11.98629610822494,0.08342860805130659,-6.750244,0.0,,0.018872736546799287,1.0,1630.241783273243,OK,OK,OPTIMAL,0.00385463,0.0,0.0
matpower/case30,matpower/case30/2017-01-15,STREDUCE,1.2388818171220344,0.8071794953961264,-1.4200590000000002,0.0,,1.0021146816288362,1.0,-3059.8747966719084,OK,OK,OPTIMAL,4.787e-05,9144.0,0.0
matpower/case30,matpower/case30/2017-01-15,STREDUCE_CONSERVATIVE,0.9165619697873121,1.0910337030807091,0.6704329999999992,0.0,,1.0017533792399897,1.0,-3059.8747966719084,OK,OK,OPTIMAL,4.787e-05,9144.0,0.0
matpower/case30,matpower/case30/2017-01-15,STREDUCE_AGGRESSIVE,0.19585630227641027,5.105784130391213,30.237736999999996,1.0,,1.0022528266598656,1.0,-3059.8747966719084,OK,OK,OPTIMAL,0.0,9144.0,0.0
matpower/case30,matpower/case30/2017-01-15,STREDUCE_GRU,1.2140194327693863,0.8237100436842503,-1.298317,0.0,,1.0021146816288362,1.0,-3059.8747966719084,OK,OK,OPTIMAL,4.787e-05,9144.0,0.0
matpower/case30,matpower/case30/2017-01-15,STREDUCE_LAZY,6.022494807255123,0.16604414482770982,-6.141808,0.0,,1.0021146816288362,1.0,12966.924485227597,OK,OK,OPTIMAL,0.01586876,9144.0,0.0
matpower/case30,matpower/case30/2017-01-15,STREDUCE_LAZY_CONSERVATIVE,5.831077202508624,0.17149489970219975,-6.101665,0.0,,1.0017533792399897,1.0,160.03920036692216,OK,OK,OPTIMAL,0.00326712,9144.0,0.0
matpower/case30,matpower/case30/2017-01-15,STREDUCE_LAZY_AGGRESSIVE,0.1968965301791823,5.0788096625672745,30.039079,1.0,,1.0022528266598656,1.0,-3059.8747966719084,OK,OK,OPTIMAL,0.0,9144.0,0.0
matpower/case30,matpower/case30/2017-01-15,STREDUCE_LAZY_GRU,6.128041484509044,0.16318427388715961,-6.16287,0.0,,1.0021146816288362,1.0,12966.924485227597,OK,OK,OPTIMAL,0.01586876,9144.0,0.0
matpower/case30,matpower/case30/2017-01-15,ACTIVESET,15.11476244227809,0.06616048408427916,-6.877418,0.0,,0.08492731446059679,1.0,-3059.8747966719084,OK,OK,OPTIMAL,4.787e-05,0.0,0.0
matpower/case30,matpower/case30/2017-01-15,ACTIVESET_B500,16.302530160486995,0.06134017174976523,-6.912918,0.0,,0.08492731446059679,1.0,-3059.8747966719084,OK,OK,OPTIMAL,4.787e-05,0.0,0.0
matpower/case30,matpower/case30/2017-01-15,ACTIVESET_B5000,14.90470475616099,0.067092909008254,-6.870551,0.0,,0.08492731446059679,1.0,-3059.8747966719084,OK,OK,OPTIMAL,4.787e-05,0.0,0.0
matpower/case30,matpower/case30/2017-01-15,ACTIVESET_NOCLEAN,13.883471608764419,0.07202809413812002,-6.834205,0.0,,0.08492731446059679,1.0,-3059.8747966719084,OK,OK,OPTIMAL,4.787e-05,0.0,0.0
matpower/case30,matpower/case30/2017-01-15,WARM_ACTIVESET,12.68547727276642,0.0788303016510724,-6.784109,0.0,,0.08492731446059679,1.0,-3059.8747966719084,OK,OK,OPTIMAL,4.787e-05,9144.0,216.0
matpower/case30,matpower/case30/2017-01-15,ACTIVESET_LAZY,10.404395331161474,0.09611322601371847,-6.656826,0.0,,0.08492731446059679,1.0,-3059.8747966719084,OK,OK,OPTIMAL,4.787e-05,0.0,0.0
matpower/case30,matpower/case30/2017-01-15,ACTIVESET_LAZY_TOPK128,10.261385217087195,0.09745272970892917,-6.646961,0.0,,0.08492731446059679,1.0,-3059.8747966719084,OK,OK,OPTIMAL,4.787e-05,0.0,0.0
matpower/case30,matpower/case30/2017-01-15,WARM_ACTIVESET_LAZY,10.211233001308871,0.0979313663562295,-6.643436,0.0,,0.08492731446059679,1.0,-3059.8747966719084,OK,OK,OPTIMAL,4.787e-05,9144.0,216.0
matpower/case30,matpower/case30/2017-03-15,RAW_GNN,21.573939449132187,0.04635222057417173,-6.551627,0.0,,0.08492731446059679,1.0,-6207.271210019056,OK,OK,OPTIMAL,2.626e-05,0.0,0.0
matpower/case30,matpower/case30/2017-03-15,RAW_COMMIT_HINTS,0.9793782394351541,1.0210559717732133,0.14465599999999945,0.0,,1.0,1.0,0.0,OK,OK,OPTIMAL,0.03703132,0.0,0.0
matpower/case30,matpower/case30/2017-03-15,WARM,0.9642987128357519,1.03702305798922,0.25435099999999977,0.0,,1.0,1.0,0.0,OK,OK,OPTIMAL,0.03703132,9144.0,0.0
matpower/case30,matpower/case30/2017-03-15,WARM_BRANCH_HINTS,0.9728174630708377,1.0279420733704314,0.19196399999999958,0.0,,1.0,1.0,0.0,OK,OK,OPTIMAL,0.03703132,9144.0,216.0
matpower/case30,matpower/case30/2017-03-15,WARM_COMMIT_HINTS,0.9688977130862195,1.0321006918415678,0.22053399999999979,0.0,,1.0,1.0,0.0,OK,OK,OPTIMAL,0.03703132,9144.0,0.0
matpower/case30,matpower/case30/2017-03-15,WARM_GRU,0.9671048343628132,1.0340140639032789,0.23367899999999953,0.0,,1.0,1.0,0.0,OK,OK,OPTIMAL,0.03703132,9144.0,0.0
matpower/case30,matpower/case30/2017-03-15,LAZY_ALL,14.185625379415153,0.07049389598650378,-6.385772,0.0,,0.08492731446059679,1.0,-6207.271210019056,OK,OK,OPTIMAL,2.626e-05,0.0,0.0
matpower/case30,matpower/case30/2017-03-15,LAZY_TOPK128,13.773858405376362,0.07260129809448812,-6.371294,0.0,,0.08492731446059679,1.0,-6207.271210019056,OK,OK,OPTIMAL,2.626e-05,0.0,0.0
matpower/case30,matpower/case30/2017-03-15,LAZY_BANDIT,13.69134404980649,0.07303884822134271,-6.368288,0.0,,0.08492731446059679,1.0,-6207.271210019056,OK,OK,OPTIMAL,2.626e-05,0.0,0.0
matpower/case30,matpower/case30/2017-03-15,LAZY_COMMIT_HINTS,14.01926353702211,0.07133042312523745,-6.380025,0.0,,0.08492731446059679,1.0,-6207.271210019056,OK,OK,OPTIMAL,2.626e-05,0.0,0.0
matpower/case30,matpower/case30/2017-03-15,LAZY_GNN_T060,13.139858695361122,0.0761043191699648,-6.347228,0.0,,0.08492731446059679,1.0,-6207.271210019056,OK,OK,OPTIMAL,2.626e-05,0.0,0.0
matpower/case30,matpower/case30/2017-03-15,LAZY_GNN_T080,13.807714956999556,0.0724232795299029,-6.372517,0.0,,0.08492731446059679,1.0,-6207.271210019056,OK,OK,OPTIMAL,2.626e-05,0.0,0.0
matpower/case30,matpower/case30/2017-03-15,LAZY_COMMIT_GNN_T060,14.329781864145874,0.0697847329066516,-6.390644,0.0,,0.08492731446059679,1.0,-6207.271210019056,OK,OK,OPTIMAL,2.626e-05,0.0,0.0
matpower/case30,matpower/case30/2017-03-15,WARM_LAZY,12.349177988129092,0.08097704972438417,-6.313752,0.0,,0.08492731446059679,1.0,-6207.271210019056,OK,OK,OPTIMAL,2.626e-05,9144.0,0.0
matpower/case30,matpower/case30/2017-03-15,WARM_LAZY_TOPK128,11.803960042198296,0.08471733184669152,-6.288056,0.0,,0.08492731446059679,1.0,-6207.271210019056,OK,OK,OPTIMAL,2.626e-05,9144.0,0.0
matpower/case30,matpower/case30/2017-03-15,WARM_LAZY_BANDIT,12.665427790283301,0.07895509070504377,-6.327643,0.0,,0.08492731446059679,1.0,-6207.271210019056,OK,OK,OPTIMAL,2.626e-05,9144.0,0.0
matpower/case30,matpower/case30/2017-03-15,WARM_LAZY_COMMIT_HINTS,12.375984709419525,0.0808016512204388,-6.314957,0.0,,0.08492731446059679,1.0,-6207.271210019056,OK,OK,OPTIMAL,2.626e-05,9144.0,0.0
matpower/case30,matpower/case30/2017-03-15,WARM_LAZY_GRU,12.505542793276565,0.07996454184600739,-6.320708,0.0,,0.08492731446059679,1.0,-6207.271210019056,OK,OK,OPTIMAL,2.626e-05,9144.0,0.0
matpower/case30,matpower/case30/2017-03-15,WARM_LAZY_BRANCH_HINTS,11.434546625678035,0.08745427630286155,-6.269253,0.0,,0.08492731446059679,1.0,-6207.271210019056,OK,OK,OPTIMAL,2.626e-05,9144.0,216.0
matpower/case30,matpower/case30/2017-03-15,WARM_LAZY_GNN_T060,12.450989453920029,0.08031490217712482,-6.318301,0.0,,0.08492731446059679,1.0,-6207.271210019056,OK,OK,OPTIMAL,2.626e-05,9144.0,0.0
matpower/case30,matpower/case30/2017-03-15,WARM_LAZY_COMMIT_GNN_T060,12.52857653478058,0.07981752733232703,-6.321718000000001,0.0,,0.08492731446059679,1.0,-6207.271210019056,OK,OK,OPTIMAL,2.626e-05,9144.0,0.0
matpower/case30,matpower/case30/2017-03-15,WARM_LAZY_COMMIT_GRU,12.033627252122065,0.08310046331405649,-6.299164,0.0,,0.08492731446059679,1.0,-6207.271210019056,OK,OK,OPTIMAL,2.626e-05,9144.0,0.0
matpower/case30,matpower/case30/2017-03-15,WARM_LAZY_ML_STACK,11.79919587667819,0.08475153819393398,-6.287821,0.0,,0.08492731446059679,1.0,-6207.271210019056,OK,OK,OPTIMAL,2.626e-05,9144.0,216.0
matpower/case30,matpower/case30/2017-03-15,WARM_PRUNE_T010,17.116039084961457,0.05842473220796877,-6.468688,0.0,,0.08492731446059679,1.0,-6207.271210019056,OK,OK,OPTIMAL,2.626e-05,9144.0,0.0
matpower/case30,matpower/case30/2017-03-15,WARM_PRUNE_T020,16.71911922533103,0.05981176319891937,-6.459159,0.0,,0.08492731446059679,1.0,-6207.271210019056,OK,OK,OPTIMAL,2.626e-05,9144.0,0.0
matpower/case30,matpower/case30/2017-03-15,WARM_PRUNE_T030,16.495795655911294,0.060621507495556816,-6.453596,0.0,,0.08492731446059679,1.0,-6207.271210019056,OK,OK,OPTIMAL,2.626e-05,9144.0,0.0
matpower/case30,matpower/case30/2017-03-15,WARM_PRUNE_T050,15.38270526857885,0.06500807124235998,-6.42346,0.0,,0.08492731446059679,1.0,-6207.271210019056,OK,OK,OPTIMAL,2.626e-05,9144.0,0.0
matpower/case30,matpower/case30/2017-03-15,WARM_PRUNE_T080,10.217008841266182,0.09787600417462995,-6.197655,0.0,,0.0864575363427697,1.0,-6207.271210019056,OK,OK,OPTIMAL,2.626e-05,9144.0,0.0
matpower/case30,matpower/case30/2017-03-15,WARM_LPSCREEN_T010,12.604522904404751,0.0793366006459905,-6.325022000000001,0.0,,0.08492731446059679,1.0,-6207.271210019056,OK,OK,OPTIMAL,2.626e-05,9144.0,0.0
matpower/case30,matpower/case30/2017-03-15,WARM_LPSCREEN_T020,11.290042678227202,0.08857362443177436,-6.261563,0.0,,0.08492731446059679,1.0,-6207.271210019056,OK,OK,OPTIMAL,2.626e-05,9144.0,0.0
matpower/case30,matpower/case30/2017-03-15,WARM_LPSCREEN_T030,12.930314408590009,0.07733763993671097,-6.338755,0.0,,0.08492731446059679,1.0,-6207.271210019056,OK,OK,OPTIMAL,2.626e-05,9144.0,0.0
matpower/case30,matpower/case30/2017-03-15,WARM_LPSCREEN_T050,12.927881222773163,0.07735219582915458,-6.338655,0.0,,0.08492731446059679,1.0,-6207.271210019056,OK,OK,OPTIMAL,2.626e-05,9144.0,0.0
matpower/case30,matpower/case30/2017-03-15,WARM_LPSCREEN_T080,11.605298854516308,0.08616753541084733,-6.278093,0.0,,0.08951798010711554,1.0,-6207.271210019056,OK,OK,OPTIMAL,2.626e-05,9144.0,0.0
matpower/case30,matpower/case30/2017-03-15,WARM_PRUNE_LAZY_T010,11.18060810821807,0.08944057338571514,-6.255607,0.0,,0.08492731446059679,1.0,-6207.271210019056,OK,OK,OPTIMAL,2.626e-05,9144.0,0.0
matpower/case30,matpower/case30/2017-03-15,WARM_PRUNE_LAZY_T020,12.20779336165797,0.08191488587452529,-6.307309,0.0,,0.08492731446059679,1.0,-6207.271210019056,OK,OK,OPTIMAL,2.626e-05,9144.0,0.0
matpower/case30,matpower/case30/2017-03-15,WARM_PRUNE_LAZY_T030,12.069842742268442,0.08285112087649761,-6.300877,0.0,,0.08492731446059679,1.0,-6207.271210019056,OK,OK,OPTIMAL,2.626e-05,9144.0,0.0
matpower/case30,matpower/case30/2017-03-15,WARM_PRUNE_LAZY_T050,12.376586691071294,0.08079772112947903,-6.314984,0.0,,0.08492731446059679,1.0,-6207.271210019056,OK,OK,OPTIMAL,2.626e-05,9144.0,0.0
matpower/case30,matpower/case30/2017-03-15,WARM_PRUNE_LAZY_T080,12.533444983845337,0.07978652328142218,-6.321931,0.0,,0.08492731446059679,1.0,-6207.271210019056,OK,OK,OPTIMAL,2.626e-05,9144.0,0.0
matpower/case30,matpower/case30/2017-03-15,WARM_LPSCREEN_LAZY_T010,9.762185911618303,0.10243607415936082,-6.166327,0.0,,0.08492731446059679,1.0,-6207.271210019056,OK,OK,OPTIMAL,2.626e-05,9144.0,0.0
matpower/case30,matpower/case30/2017-03-15,WARM_LPSCREEN_LAZY_T020,9.751986929347789,0.1025432055277457,-6.165591,0.0,,0.08492731446059679,1.0,-6207.271210019056,OK,OK,OPTIMAL,2.626e-05,9144.0,0.0
matpower/case30,matpower/case30/2017-03-15,WARM_LPSCREEN_LAZY_T030,9.271812492661576,0.10785377732686859,-6.129107,0.0,,0.08492731446059679,1.0,-6207.271210019056,OK,OK,OPTIMAL,2.626e-05,9144.0,0.0
matpower/case30,matpower/case30/2017-03-15,WARM_LPSCREEN_LAZY_T050,9.89075648399427,0.10110450111862032,-6.1754750000000005,0.0,,0.08492731446059679,1.0,-6207.271210019056,OK,OK,OPTIMAL,2.626e-05,9144.0,0.0
matpower/case30,matpower/case30/2017-03-15,WARM_LPSCREEN_LAZY_T080,10.014212165030203,0.0998580800486749,-6.184038,0.0,,0.08492731446059679,1.0,-6207.271210019056,OK,OK,OPTIMAL,2.626e-05,9144.0,0.0
matpower/case30,matpower/case30/2017-03-15,WARM_SR_LAZY,2.184038497180648,0.4578673870863033,-3.724489,0.0,,0.6327467482785004,1.0,-6207.271210019056,OK,OK,OPTIMAL,0.00013578,9144.0,0.0
matpower/case30,matpower/case30/2017-03-15,SHRINK_LAZY,20.263063201236417,0.04935087997647768,-6.531026,0.0,,0.018872736546799287,1.0,1032.4128352025266,OK,OK,OPTIMAL,0.04574521,0.0,0.0
matpower/case30,matpower/case30/2017-03-15,STREDUCE,0.9714672923587593,1.0293707342137708,0.20177900000000015,0.0,,1.0018490181076256,1.0,-6207.271210019056,OK,OK,OPTIMAL,2.626e-05,9144.0,0.0
matpower/case30,matpower/case30/2017-03-15,STREDUCE_CONSERVATIVE,0.8923554879433221,1.1206296296835403,0.8287339999999999,0.0,,1.0015939811272634,1.0,-6202.09572672337,OK,OK,OPTIMAL,3.147e-05,9144.0,0.0
matpower/case30,matpower/case30/2017-03-15,STREDUCE_AGGRESSIVE,0.9871849751690304,1.0129813815579753,0.08918300000000023,0.0,,1.0018490181076256,1.0,-6207.271210019056,OK,OK,OPTIMAL,2.626e-05,9144.0,0.0
matpower/case30,matpower/case30/2017-03-15,STREDUCE_GRU,0.9973843245591991,1.0026225351415632,0.018016999999999506,0.0,,1.0018490181076256,1.0,-6207.271210019056,OK,OK,OPTIMAL,2.626e-05,9144.0,0.0
matpower/case30,matpower/case30/2017-03-15,STREDUCE_LAZY,5.590886378395798,0.1788625152291025,-5.641272,0.0,,1.0018490181076256,1.0,-6207.271210019056,OK,OK,OPTIMAL,2.626e-05,9144.0,0.0
matpower/case30,matpower/case30/2017-03-15,STREDUCE_LAZY_CONSERVATIVE,5.963033043719784,0.16769989243195482,-5.71796,0.0,,1.0015939811272634,1.0,6035.406020211048,OK,OK,OPTIMAL,0.01219517,9144.0,0.0
matpower/case30,matpower/case30/2017-03-15,STREDUCE_LAZY_AGGRESSIVE,5.680847140462683,0.17603008411850243,-5.660731,0.0,,1.0018490181076256,1.0,-6207.271210019056,OK,OK,OPTIMAL,2.626e-05,9144.0,0.0
matpower/case30,matpower/case30/2017-03-15,STREDUCE_LAZY_GRU,5.9305212417538975,0.16861924259869257,-5.711644,0.0,,1.0018490181076256,1.0,-6207.271210019056,OK,OK,OPTIMAL,2.626e-05,9144.0,0.0
matpower/case30,matpower/case30/2017-03-15,ACTIVESET,14.588056177246262,0.06854922875603887,-6.399132,0.0,,0.08492731446059679,1.0,-6207.271210019056,OK,OK,OPTIMAL,2.626e-05,0.0,0.0
matpower/case30,matpower/case30/2017-03-15,ACTIVESET_B500,13.640374302352592,0.07331177120466022,-6.366413,0.0,,0.08492731446059679,1.0,-6207.271210019056,OK,OK,OPTIMAL,2.626e-05,0.0,0.0
matpower/case30,matpower/case30/2017-03-15,ACTIVESET_B5000,12.66031630197219,0.07898696810949524,-6.327424000000001,0.0,,0.08492731446059679,1.0,-6207.271210019056,OK,OK,OPTIMAL,2.626e-05,0.0,0.0
matpower/case30,matpower/case30/2017-03-15,ACTIVESET_NOCLEAN,14.681613123134097,0.06811240642380645,-6.402133,0.0,,0.08492731446059679,1.0,-6207.271210019056,OK,OK,OPTIMAL,2.626e-05,0.0,0.0
matpower/case30,matpower/case30/2017-03-15,WARM_ACTIVESET,11.998110360533431,0.08334645789635331,-6.297474,0.0,,0.08492731446059679,1.0,-6207.271210019056,OK,OK,OPTIMAL,2.626e-05,9144.0,216.0
matpower/case30,matpower/case30/2017-03-15,ACTIVESET_LAZY,9.435768753227633,0.10597970617475512,-6.1419820000000005,0.0,,0.08492731446059679,1.0,-6207.271210019056,OK,OK,OPTIMAL,2.626e-05,0.0,0.0
matpower/case30,matpower/case30/2017-03-15,ACTIVESET_LAZY_TOPK128,11.09928671249586,0.09009587966352599,-6.251105,0.0,,0.08492731446059679,1.0,-6207.271210019056,OK,OK,OPTIMAL,2.626e-05,0.0,0.0
matpower/case30,matpower/case30/2017-03-15,WARM_ACTIVESET_LAZY,8.589788633337292,0.11641729996928707,-6.0702750000000005,0.0,,0.08492731446059679,1.0,-6207.271210019056,OK,OK,OPTIMAL,2.626e-05,9144.0,216.0
matpower/case30,matpower/case30/2017-05-15,RAW_GNN,33.8432825258731,0.02954796123087359,-11.37064,0.0,,0.08492731446059679,1.0,15328.076918849307,OK,OK,OPTIMAL,0.03768189,0.0,0.0
matpower/case30,matpower/case30/2017-05-15,RAW_COMMIT_HINTS,0.8922353582267947,1.1207805101866553,1.4151670000000003,0.0,,1.0,1.0,0.0,OK,OK,OPTIMAL,0.01190361,0.0,0.0
matpower/case30,matpower/case30/2017-05-15,WARM,0.9890744568166401,1.0110462292379119,0.12942699999999974,0.0,,1.0,1.0,0.0,OK,OK,OPTIMAL,0.01190361,9144.0,0.0
matpower/case30,matpower/case30/2017-05-15,WARM_BRANCH_HINTS,0.9965699249062934,1.003441881004014,0.040328000000000586,0.0,,1.0,1.0,0.0,OK,OK,OPTIMAL,0.01190361,9144.0,216.0
matpower/case30,matpower/case30/2017-05-15,WARM_COMMIT_HINTS,0.9915572261224747,1.0085146612369928,0.09976499999999966,0.0,,1.0,1.0,0.0,OK,OK,OPTIMAL,0.01190361,9144.0,0.0
matpower/case30,matpower/case30/2017-05-15,WARM_GRU,1.0005707007056945,0.9994296248078302,-0.006683000000000661,0.0,,1.0,1.0,0.0,OK,OK,OPTIMAL,0.01190361,9144.0,0.0
matpower/case30,matpower/case30/2017-05-15,LAZY_ALL,22.0027285462651,0.04544890866136451,-11.184331,0.0,,0.08492731446059679,1.0,0.0,OK,OK,OPTIMAL,0.01190361,0.0,0.0
matpower/case30,matpower/case30/2017-05-15,LAZY_TOPK128,22.414638858918146,0.04461370117511969,-11.194117,0.0,,0.08492731446059679,1.0,0.0,OK,OK,OPTIMAL,0.01190361,0.0,0.0
matpower/case30,matpower/case30/2017-05-15,LAZY_BANDIT,23.006693763744895,0.04346561093345147,-11.207569,0.0,,0.08492731446059679,1.0,0.0,OK,OK,OPTIMAL,0.01190361,0.0,0.0
matpower/case30,matpower/case30/2017-05-15,LAZY_COMMIT_HINTS,19.62512792425209,0.05095508186544011,-11.119816,0.0,,0.08492731446059679,1.0,0.0,OK,OK,OPTIMAL,0.01190361,0.0,0.0
matpower/case30,matpower/case30/2017-05-15,LAZY_GNN_T060,22.676528706490288,0.044098460260092114,-11.200154,0.0,,0.08492731446059679,1.0,0.0,OK,OK,OPTIMAL,0.01190361,0.0,0.0
matpower/case30,matpower/case30/2017-05-15,LAZY_GNN_T080,22.987194729572774,0.043502480914450636,-11.207137,0.0,,0.08492731446059679,1.0,0.0,OK,OK,OPTIMAL,0.01190361,0.0,0.0
matpower/case30,matpower/case30/2017-05-15,LAZY_COMMIT_GNN_T060,21.584668921507944,0.04632917945771939,-11.174017,0.0,,0.08492731446059679,1.0,0.0,OK,OK,OPTIMAL,0.01190361,0.0,0.0
matpower/case30,matpower/case30/2017-05-15,WARM_LAZY,18.66947262083449,0.053563376979595796,-11.089255,0.0,,0.08492731446059679,1.0,0.0,OK,OK,OPTIMAL,0.01190361,9144.0,0.0
matpower/case30,matpower/case30/2017-05-15,WARM_LAZY_TOPK128,20.127754567755325,0.04968264078507797,-11.134725,0.0,,0.08492731446059679,1.0,0.0,OK,OK,OPTIMAL,0.01190361,9144.0,0.0
matpower/case30,matpower/case30/2017-05-15,WARM_LAZY_BANDIT,20.319210112392675,0.0492145115124382,-11.14021,0.0,,0.08492731446059679,1.0,0.0,OK,OK,OPTIMAL,0.01190361,9144.0,0.0
matpower/case30,matpower/case30/2017-05-15,WARM_LAZY_COMMIT_HINTS,19.984698724694734,0.05003828247679901,-11.130558,0.0,,0.08492731446059679,1.0,0.0,OK,OK,OPTIMAL,0.01190361,9144.0,0.0
matpower/case30,matpower/case30/2017-05-15,WARM_LAZY_GRU,18.805662154982997,0.05317547405450049,-11.0938,0.0,,0.08492731446059679,1.0,0.0,OK,OK,OPTIMAL,0.01190361,9144.0,0.0
matpower/case30,matpower/case30/2017-05-15,WARM_LAZY_BRANCH_HINTS,19.703110969108916,0.05075340648326184,-11.122179,0.0,,0.08492731446059679,1.0,0.0,OK,OK,OPTIMAL,0.01190361,9144.0,216.0
matpower/case30,matpower/case30/2017-05-15,WARM_LAZY_GNN_T060,19.20549339592642,0.05206843580556513,-11.106771,0.0,,0.08492731446059679,1.0,0.0,OK,OK,OPTIMAL,0.01190361,9144.0,0.0
matpower/case30,matpower/case30/2017-05-15,WARM_LAZY_COMMIT_GNN_T060,19.574702082125597,0.05108634582557136,-11.118278,0.0,,0.08492731446059679,1.0,0.0,OK,OK,OPTIMAL,0.01190361,9144.0,0.0
matpower/case30,matpower/case30/2017-05-15,WARM_LAZY_COMMIT_GRU,18.45824196251906,0.054176340413706794,-11.082073,0.0,,0.08492731446059679,1.0,0.0,OK,OK,OPTIMAL,0.01190361,9144.0,0.0
matpower/case30,matpower/case30/2017-05-15,WARM_LAZY_ML_STACK,18.190870757297713,0.05497262958667471,-11.072743,0.0,,0.08492731446059679,1.0,0.0,OK,OK,OPTIMAL,0.01190361,9144.0,216.0
matpower/case30,matpower/case30/2017-05-15,WARM_PRUNE_T010,26.198475518408706,0.03817015991244745,-11.269615,0.0,,0.08492731446059679,1.0,15328.076918849307,OK,OK,OPTIMAL,0.03768189,9144.0,0.0
matpower/case30,matpower/case30/2017-05-15,WARM_PRUNE_T020,25.81088005286926,0.038743351561499176,-11.262898999999999,0.0,,0.08492731446059679,1.0,15328.076918849307,OK,OK,OPTIMAL,0.03768189,9144.0,0.0
matpower/case30,matpower/case30/2017-05-15,WARM_PRUNE_T030,23.284583527092497,0.04294687078411611,-11.213647,0.0,,0.08492731446059679,1.0,15328.076918849307,OK,OK,OPTIMAL,0.03768189,9144.0,0.0
matpower/case30,matpower/case30/2017-05-15,WARM_PRUNE_T050,26.47504530438673,0.03777141789571582,-11.274287,0.0,,0.08492731446059679,1.0,15328.076918849307,OK,OK,OPTIMAL,0.03768189,9144.0,0.0
matpower/case30,matpower/case30/2017-05-15,WARM_PRUNE_T080,26.67527775248156,0.03748789456960656,-11.277609,0.0,,0.08492731446059679,1.0,15328.076918849307,OK,OK,OPTIMAL,0.03768189,9144.0,0.0
matpower/case30,matpower/case30/2017-05-15,WARM_LPSCREEN_T010,15.707179387496565,0.06366515434311734,-10.970894,0.0,,0.08492731446059679,1.0,15328.076918849307,OK,OK,OPTIMAL,0.03768189,9144.0,0.0
matpower/case30,matpower/case30/2017-05-15,WARM_LPSCREEN_T020,16.722015915876487,0.05980140223706903,-11.016164999999999,0.0,,0.08492731446059679,1.0,15328.076918849307,OK,OK,OPTIMAL,0.03768189,9144.0,0.0
matpower/case30,matpower/case30/2017-05-15,WARM_LPSCREEN_T030,16.969062236144843,0.05893077567185512,-11.026366,0.0,,0.08492731446059679,1.0,15328.076918849307,OK,OK,OPTIMAL,0.03768189,9144.0,0.0
matpower/case30,matpower/case30/2017-05-15,WARM_LPSCREEN_T050,15.919242464178867,0.06281705943295847,-10.980831,0.0,,0.08492731446059679,1.0,15328.076918849307,OK,OK,OPTIMAL,0.03768189,9144.0,0.0
matpower/case30,matpower/case30/2017-05-15,WARM_LPSCREEN_T080,17.134254912799452,0.05836261950631949,-11.033023,0.0,,0.08492731446059679,1.0,15328.076918849307,OK,OK,OPTIMAL,0.03768189,9144.0,0.0
matpower/case30,matpower/case30/2017-05-15,WARM_PRUNE_LAZY_T010,19.38649562693793,0.05158229827831698,-11.112467,0.0,,0.08492731446059679,1.0,0.0,OK,OK,OPTIMAL,0.01190361,9144.0,0.0
matpower/case30,matpower/case30/2017-05-15,WARM_PRUNE_LAZY_T020,19.469122673503737,0.05136338276613448,-11.115032,0.0,,0.08492731446059679,1.0,0.0,OK,OK,OPTIMAL,0.01190361,9144.0,0.0
matpower/case30,matpower/case30/2017-05-15,WARM_PRUNE_LAZY_T030,19.314208992423893,0.05177535359549312,-11.110205,0.0,,0.08492731446059679,1.0,0.0,OK,OK,OPTIMAL,0.01190361,9144.0,0.0
matpower/case30,matpower/case30/2017-05-15,WARM_PRUNE_LAZY_T050,19.843729253322856,0.050393753474163576,-11.126393,0.0,,0.08492731446059679,1.0,0.0,OK,OK,OPTIMAL,0.01190361,9144.0,0.0
matpower/case30,matpower/case30/2017-05-15,WARM_PRUNE_LAZY_T080,18.174448725585087,0.05502230164440969,-11.072161,0.0,,0.08492731446059679,1.0,0.0,OK,OK,OPTIMAL,0.01190361,9144.0,0.0
matpower/case30,matpower/case30/2017-05-15,WARM_LPSCREEN_LAZY_T010,13.942140027677592,0.0717250004672758,-10.876458,0.0,,0.08492731446059679,1.0,0.0,OK,OK,OPTIMAL,0.01190361,9144.0,0.0
matpower/case30,matpower/case30/2017-05-15,WARM_LPSCREEN_LAZY_T020,13.350130688719295,0.07490563375870082,-10.839191,0.0,,0.08492731446059679,1.0,0.0,OK,OK,OPTIMAL,0.01190361,9144.0,0.0
matpower/case30,matpower/case30/2017-05-15,WARM_LPSCREEN_LAZY_T030,14.079485167503211,0.07102532430007419,-10.884656,0.0,,0.08492731446059679,1.0,0.0,OK,OK,OPTIMAL,0.01190361,9144.0,0.0
matpower/case30,matpower/case30/2017-05-15,WARM_LPSCREEN_LAZY_T050,13.896765049487923,0.07195919312436304,-10.873714,0.0,,0.08492731446059679,1.0,0.0,OK,OK,OPTIMAL,0.01190361,9144.0,0.0
matpower/case30,matpower/case30/2017-05-15,WARM_LPSCREEN_LAZY_T080,13.349811263571306,0.07490742604944384,-10.83917,0.0,,0.08492731446059679,1.0,0.0,OK,OK,OPTIMAL,0.01190361,9144.0,0.0
matpower/case30,matpower/case30/2017-05-15,WARM_SR_LAZY,3.661374578414642,0.27312146806705456,-8.516726,0.0,,0.6327467482785004,1.0,11052.130780734178,OK,OK,OPTIMAL,0.04422878,9144.0,0.0
matpower/case30,matpower/case30/2017-05-15,SHRINK_LAZY,18.842982237482207,0.053070155636553824,-11.095034,0.0,,0.018872736546799287,1.0,-1095.8793543757772,OK,OK,OPTIMAL,0.01408959,0.0,0.0
matpower/case30,matpower/case30/2017-05-15,STREDUCE,1.620618174837037,0.6170484914502185,-4.486985,0.0,,1.001732126158293,1.0,4601.489424364931,OK,OK,OPTIMAL,0.00107385,9144.0,0.0
matpower/case30,matpower/case30/2017-05-15,STREDUCE_CONSERVATIVE,1.3684130186958905,0.7307735211062292,-3.1544860000000003,0.0,,1.0010201479214487,1.0,10163.338408918813,OK,OK,OPTIMAL,0.01958437,9144.0,0.0
matpower/case30,matpower/case30/2017-05-15,STREDUCE_AGGRESSIVE,2.034641092291794,0.4914871737273392,-5.958168,0.0,,1.0021253081696846,1.0,4556.849507751858,OK,OK,OPTIMAL,0.0005527,9144.0,0.0
matpower/case30,matpower/case30/2017-05-15,STREDUCE_GRU,1.667175680919208,0.5998168108166283,-4.688886,0.0,,1.001732126158293,1.0,4601.489424364931,OK,OK,OPTIMAL,0.00107385,9144.0,0.0
matpower/case30,matpower/case30/2017-05-15,STREDUCE_LAZY,9.90931971816811,0.10091510097979414,-10.534442,0.0,,1.001732126158293,1.0,34956.61200834891,OK,OK,OPTIMAL,0.03037221,9144.0,0.0
matpower/case30,matpower/case30/2017-05-15,STREDUCE_LAZY_CONSERVATIVE,2.7212476978138227,0.36747849187098003,-7.411159,0.0,,1.0010201479214487,1.0,4601.489424364931,OK,OK,OPTIMAL,0.00265415,9144.0,0.0
matpower/case30,matpower/case30/2017-05-15,STREDUCE_LAZY_AGGRESSIVE,10.203932357254578,0.09800143366190006,-10.568581,0.0,,1.0021253081696846,1.0,4601.489424364931,OK,OK,OPTIMAL,0.00059711,9144.0,0.0
matpower/case30,matpower/case30/2017-05-15,STREDUCE_LAZY_GRU,9.240089271279803,0.10822406262980773,-10.448803999999999,0.0,,1.001732126158293,1.0,34956.61200834891,OK,OK,OPTIMAL,0.03037221,9144.0,0.0
matpower/case30,matpower/case30/2017-05-15,ACTIVESET,19.82844963116273,0.050432586440262224,-11.125938,0.0,,0.08492731446059679,1.0,15328.076918849307,OK,OK,OPTIMAL,0.03768189,0.0,0.0
matpower/case30,matpower/case30/2017-05-15,ACTIVESET_B500,20.269085656457317,0.04933621658860672,-11.138784,0.0,,0.08492731446059679,1.0,15328.076918849307,OK,OK,OPTIMAL,0.03768189,0.0,0.0
matpower/case30,matpower/case30/2017-05-15,ACTIVESET_B5000,23.76850110658739,0.04207248894305969,-11.223892,0.0,,0.08492731446059679,1.0,15328.076918849307,OK,OK,OPTIMAL,0.03768189,0.0,0.0
matpower/case30,matpower/case30/2017-05-15,ACTIVESET_NOCLEAN,21.229060107804504,0.04710524134944472,-11.164924,0.0,,0.08492731446059679,1.0,15328.076918849307,OK,OK,OPTIMAL,0.03768189,0.0,0.0
matpower/case30,matpower/case30/2017-05-15,WARM_ACTIVESET,19.018018412834447,0.05258171373549322,-11.100757,0.0,,0.08492731446059679,1.0,15328.076918849307,OK,OK,OPTIMAL,0.03768189,9144.0,216.0
matpower/case30,matpower/case30/2017-05-15,ACTIVESET_LAZY,16.520730491623908,0.060530011097693584,-11.007628,0.0,,0.08492731446059679,1.0,0.0,OK,OK,OPTIMAL,0.01190361,0.0,0.0
matpower/case30,matpower/case30/2017-05-15,ACTIVESET_LAZY_TOPK128,16.080678918901114,0.06218642913295204,-10.98822,0.0,,0.08492731446059679,1.0,0.0,OK,OK,OPTIMAL,0.01190361,0.0,0.0
matpower/case30,matpower/case30/2017-05-15,WARM_ACTIVESET_LAZY,14.761496149892157,0.06774381064397092,-10.923105,0.0,,0.08492731446059679,1.0,0.0,OK,OK,OPTIMAL,0.01190361,9144.0,216.0
matpower/case30,matpower/case30/2017-07-15,RAW_GNN,28.25569515254512,0.03539109530313309,-10.777556,0.0,,0.08492731446059679,1.0,0.0,OK,OK,OPTIMAL,0.00054039,0.0,0.0
matpower/case30,matpower/case30/2017-07-15,RAW_COMMIT_HINTS,0.9656385718894703,1.0355841503341094,0.39758099999999885,0.0,,1.0,1.0,0.0,OK,OK,OPTIMAL,0.00048641,0.0,0.0
matpower/case30,matpower/case30/2017-07-15,WARM,0.9966078878359655,1.0034036577529002,0.03802899999999987,0.0,,1.0,1.0,0.0,OK,OK,OPTIMAL,0.00048641,9144.0,0.0
matpower/case30,matpower/case30/2017-07-15,WARM_BRANCH_HINTS,0.981956160715918,1.018375402086104,0.2053079999999987,0.0,,1.0,1.0,0.0,OK,OK,OPTIMAL,0.00048641,9144.0,216.0
matpower/case30,matpower/case30/2017-07-15,WARM_COMMIT_HINTS,0.969176438830137,1.0318038696927765,0.35534399999999877,0.0,,1.0,1.0,0.0,OK,OK,OPTIMAL,0.00048641,9144.0,0.0
matpower/case30,matpower/case30/2017-07-15,WARM_GRU,0.986884473540399,1.013289829570983,0.14848699999999937,0.0,,1.0,1.0,0.0,OK,OK,OPTIMAL,0.00048641,9144.0,0.0
matpower/case30,matpower/case30/2017-07-15,LAZY_ALL,22.22231503912233,0.044999812046562324,-10.670198000000001,0.0,,0.08492731446059679,1.0,0.0,OK,OK,OPTIMAL,0.00048641,0.0,0.0
matpower/case30,matpower/case30/2017-07-15,LAZY_TOPK128,21.659988174513167,0.04616807691412676,-10.657145,0.0,,0.08492731446059679,1.0,0.0,OK,OK,OPTIMAL,0.00048641,0.0,0.0
matpower/case30,matpower/case30/2017-07-15,LAZY_BANDIT,19.616070002089252,0.05097861089879333,-10.603397000000001,0.0,,0.08492731446059679,1.0,0.0,OK,OK,OPTIMAL,0.00048641,0.0,0.0
matpower/case30,matpower/case30/2017-07-15,LAZY_COMMIT_HINTS,21.2154723408457,0.04713541060665999,-10.646337,0.0,,0.08492731446059679,1.0,0.0,OK,OK,OPTIMAL,0.00048641,0.0,0.0
matpower/case30,matpower/case30/2017-07-15,LAZY_GNN_T060,21.205365785148437,0.04715787551754321,-10.646086,0.0,,0.08492731446059679,1.0,0.0,OK,OK,OPTIMAL,0.00048641,0.0,0.0
matpower/case30,matpower/case30/2017-07-15,LAZY_GNN_T080,21.64115099441393,0.04620826314913299,-10.656696,0.0,,0.08492731446059679,1.0,0.0,OK,OK,OPTIMAL,0.00048641,0.0,0.0
matpower/case30,matpower/case30/2017-07-15,LAZY_COMMIT_GNN_T060,18.69069545303229,0.05350255706176865,-10.575197000000001,0.0,,0.08492731446059679,1.0,0.0,OK,OK,OPTIMAL,0.00048641,0.0,0.0
matpower/case30,matpower/case30/2017-07-15,WARM_LAZY,19.026128832308206,0.05255929930958437,-10.585736,0.0,,0.08492731446059679,1.0,0.0,OK,OK,OPTIMAL,0.00048641,9144.0,0.0
matpower/case30,matpower/case30/2017-07-15,WARM_LAZY_TOPK128,19.02441183932491,0.052564042896344566,-10.585683000000001,0.0,,0.08492731446059679,1.0,0.0,OK,OK,OPTIMAL,0.00048641,9144.0,0.0
matpower/case30,matpower/case30/2017-07-15,WARM_LAZY_BANDIT,19.296629430823543,0.051822521833924336,-10.593968,0.0,,0.08492731446059679,1.0,0.0,OK,OK,OPTIMAL,0.00048641,9144.0,0.0
matpower/case30,matpower/case30/2017-07-15,WARM_LAZY_COMMIT_HINTS,18.205604918275867,0.054928139135664786,-10.559269,0.0,,0.08492731446059679,1.0,0.0,OK,OK,OPTIMAL,0.00048641,9144.0,0.0
matpower/case30,matpower/case30/2017-07-15,WARM_LAZY_GRU,19.18506676923447,0.05212387384565263,-10.590601000000001,0.0,,0.08492731446059679,1.0,0.0,OK,OK,OPTIMAL,0.00048641,9144.0,0.0
matpower/case30,matpower/case30/2017-07-15,WARM_LAZY_BRANCH_HINTS,18.737399231585815,0.05336919962266109,-10.576687000000002,0.0,,0.08492731446059679,1.0,0.0,OK,OK,OPTIMAL,0.00048641,9144.0,216.0
matpower/case30,matpower/case30/2017-07-15,WARM_LAZY_GNN_T060,19.270137700756113,0.05189376513696435,-10.593172000000001,0.0,,0.08492731446059679,1.0,0.0,OK,OK,OPTIMAL,0.00048641,9144.0,0.0
matpower/case30,matpower/case30/2017-07-15,WARM_LAZY_COMMIT_GNN_T060,17.342642363434017,0.0576613401259109,-10.528731,0.0,,0.08492731446059679,1.0,0.0,OK,OK,OPTIMAL,0.00048641,9144.0,0.0
matpower/case30,matpower/case30/2017-07-15,WARM_LAZY_COMMIT_GRU,18.892903945822095,0.05292992558833901,-10.581595,0.0,,0.08492731446059679,1.0,0.0,OK,OK,OPTIMAL,0.00048641,9144.0,0.0
matpower/case30,matpower/case30/2017-07-15,WARM_LAZY_ML_STACK,17.878512942863225,0.0559330635157317,-10.548041000000001,0.0,,0.08492731446059679,1.0,0.0,OK,OK,OPTIMAL,0.00048641,9144.0,216.0
matpower/case30,matpower/case30/2017-07-15,WARM_PRUNE_T010,22.655892610917352,0.04413862729549323,-10.679820000000001,0.0,,0.08492731446059679,1.0,0.0,OK,OK,OPTIMAL,0.00054039,9144.0,0.0
matpower/case30,matpower/case30/2017-07-15,WARM_PRUNE_T020,20.446781177142316,0.048907453517324825,-10.626538,0.0,,0.08492731446059679,1.0,0.0,OK,OK,OPTIMAL,0.00054039,9144.0,0.0
matpower/case30,matpower/case30/2017-07-15,WARM_PRUNE_T030,22.674927853295614,0.04410157361778147,-10.680234,0.0,,0.08492731446059679,1.0,0.0,OK,OK,OPTIMAL,0.00054039,9144.0,0.0
matpower/case30,matpower/case30/2017-07-15,WARM_PRUNE_T050,22.971237073130617,0.043532701213105186,-10.68659,0.0,,0.08492731446059679,1.0,0.0,OK,OK,OPTIMAL,0.00054039,9144.0,0.0
matpower/case30,matpower/case30/2017-07-15,WARM_PRUNE_T080,22.50316712553902,0.04443818927448182,-10.676473000000001,0.0,,0.08798775822494262,1.0,0.0,OK,OK,OPTIMAL,0.00064942,9144.0,0.0
matpower/case30,matpower/case30/2017-07-15,WARM_LPSCREEN_T010,17.051814839516087,0.05864478411310142,-10.517743000000001,0.0,,0.08492731446059679,1.0,0.0,OK,OK,OPTIMAL,0.00054039,9144.0,0.0
matpower/case30,matpower/case30/2017-07-15,WARM_LPSCREEN_T020,15.728771469959304,0.06357775633716341,-10.462627000000001,0.0,,0.08492731446059679,1.0,0.0,OK,OK,OPTIMAL,0.00054039,9144.0,0.0
matpower/case30,matpower/case30/2017-07-15,WARM_LPSCREEN_T030,15.830594062772748,0.06316882335777921,-10.467196000000001,0.0,,0.08492731446059679,1.0,0.0,OK,OK,OPTIMAL,0.00054039,9144.0,0.0
matpower/case30,matpower/case30/2017-07-15,WARM_LPSCREEN_T050,16.873433167614067,0.0592647619524961,-10.510816,0.0,,0.08492731446059679,1.0,0.0,OK,OK,OPTIMAL,0.00054039,9144.0,0.0
matpower/case30,matpower/case30/2017-07-15,WARM_LPSCREEN_T080,16.833495295562237,0.05940536902419945,-10.509245,0.0,,0.08798775822494262,1.0,0.0,OK,OK,OPTIMAL,0.00064942,9144.0,0.0
matpower/case30,matpower/case30/2017-07-15,WARM_PRUNE_LAZY_T010,18.51514041736612,0.054009852340199296,-10.569529000000001,0.0,,0.08492731446059679,1.0,0.0,OK,OK,OPTIMAL,0.00048641,9144.0,0.0
matpower/case30,matpower/case30/2017-07-15,WARM_PRUNE_LAZY_T020,18.118688731948986,0.055191631954948445,-10.556325000000001,0.0,,0.08492731446059679,1.0,0.0,OK,OK,OPTIMAL,0.00048641,9144.0,0.0
matpower/case30,matpower/case30/2017-07-15,WARM_PRUNE_LAZY_T030,18.546889369175556,0.05391739714919386,-10.570562,0.0,,0.08492731446059679,1.0,0.0,OK,OK,OPTIMAL,0.00048641,9144.0,0.0
matpower/case30,matpower/case30/2017-07-15,WARM_PRUNE_LAZY_T050,17.475174509629117,0.057224035127602484,-10.533617000000001,0.0,,0.08492731446059679,1.0,0.0,OK,OK,OPTIMAL,0.00048641,9144.0,0.0
matpower/case30,matpower/case30/2017-07-15,WARM_PRUNE_LAZY_T080,18.250449605768022,0.0547931706670915,-10.560777000000002,0.0,,0.08492731446059679,1.0,0.0,OK,OK,OPTIMAL,0.00048641,9144.0,0.0
matpower/case30,matpower/case30/2017-07-15,WARM_LPSCREEN_LAZY_T010,14.09724123573461,0.07093586491696932,-10.380415000000001,0.0,,0.08492731446059679,1.0,0.0,OK,OK,OPTIMAL,0.00048641,9144.0,0.0
matpower/case30,matpower/case30/2017-07-15,WARM_LPSCREEN_LAZY_T020,14.699394025507237,0.06803001526897927,-10.412882000000002,0.0,,0.08492731446059679,1.0,0.0,OK,OK,OPTIMAL,0.00048641,9144.0,0.0
matpower/case30,matpower/case30/2017-07-15,WARM_LPSCREEN_LAZY_T030,14.774422866875245,0.0676845389502174,-10.416742000000001,0.0,,0.08492731446059679,1.0,0.0,OK,OK,OPTIMAL,0.00048641,9144.0,0.0
matpower/case30,matpower/case30/2017-07-15,WARM_LPSCREEN_LAZY_T050,14.278294984760677,0.07003637346527067,-10.390465,0.0,,0.08492731446059679,1.0,0.0,OK,OK,OPTIMAL,0.00048641,9144.0,0.0
matpower/case30,matpower/case30/2017-07-15,WARM_LPSCREEN_LAZY_T080,14.828305617858234,0.06743858845178277,-10.419490000000001,0.0,,0.08492731446059679,1.0,0.0,OK,OK,OPTIMAL,0.00048641,9144.0,0.0
matpower/case30,matpower/case30/2017-07-15,WARM_SR_LAZY,3.6423317093366503,0.2745494040085993,-8.105445000000001,0.0,,0.6327467482785004,1.0,0.0,OK,OK,OPTIMAL,0.00048641,9144.0,0.0
matpower/case30,matpower/case30/2017-07-15,SHRINK_LAZY,31.987323000108795,0.031262384789017786,-10.823686,0.0,,0.018872736546799287,1.0,4937.926590231741,OK,OK,OPTIMAL,0.03896946,0.0,0.0
matpower/case30,matpower/case30/2017-07-15,STREDUCE,1.8695521148833716,0.5348874695918188,-5.196693000000001,0.0,,1.0021253081696846,1.0,1485.0624884525976,OK,OK,OPTIMAL,1.9e-05,9144.0,0.0
matpower/case30,matpower/case30/2017-07-15,STREDUCE_CONSERVATIVE,1.8268733169901485,0.5473833301411083,-5.0570770000000005,0.0,,1.002061548924594,1.0,1485.0624884525976,OK,OK,OPTIMAL,2.58e-05,9144.0,0.0
matpower/case30,matpower/case30/2017-07-15,STREDUCE_AGGRESSIVE,1.896494627324475,0.5272886016085233,-5.281595000000001,0.0,,1.002135934710533,1.0,1485.0624884525976,OK,OK,OPTIMAL,1.22e-05,9144.0,0.0
matpower/case30,matpower/case30/2017-07-15,STREDUCE_GRU,1.9299072596114237,0.5181596136393334,-5.383593000000001,0.0,,1.0021253081696846,1.0,1485.0624884525976,OK,OK,OPTIMAL,1.9e-05,9144.0,0.0
matpower/case30,matpower/case30/2017-07-15,STREDUCE_LAZY,9.048295454545455,0.11051805337519621,-9.938164,0.0,,1.0021253081696846,1.0,1485.0624884525976,OK,OK,OPTIMAL,1.9e-05,9144.0,0.0
matpower/case30,matpower/case30/2017-07-15,STREDUCE_LAZY_CONSERVATIVE,9.432726799950359,0.1060138834939291,-9.988489000000001,0.0,,1.002061548924594,1.0,12450.90381194379,OK,OK,OPTIMAL,0.01085651,9144.0,0.0
matpower/case30,matpower/case30/2017-07-15,STREDUCE_LAZY_AGGRESSIVE,8.787886176495805,0.11379300777411218,-9.901573,0.0,,1.002135934710533,1.0,1485.0624884525976,OK,OK,OPTIMAL,1.22e-05,9144.0,0.0
matpower/case30,matpower/case30/2017-07-15,STREDUCE_LAZY_GRU,9.356781857541842,0.10687435223190231,-9.978875,0.0,,1.0021253081696846,1.0,1485.0624884525976,OK,OK,OPTIMAL,1.9e-05,9144.0,0.0
matpower/case30,matpower/case30/2017-07-15,ACTIVESET,19.23235682428862,0.0519957075014902,-10.592033,0.0,,0.08492731446059679,1.0,0.0,OK,OK,OPTIMAL,0.00054039,0.0,0.0
matpower/case30,matpower/case30/2017-07-15,ACTIVESET_B500,21.372118068108566,0.04678993428789812,-10.650197,0.0,,0.08492731446059679,1.0,0.0,OK,OK,OPTIMAL,0.00054039,0.0,0.0
matpower/case30,matpower/case30/2017-07-15,ACTIVESET_B5000,19.33951617370112,0.051707601732035674,-10.595252,0.0,,0.08492731446059679,1.0,0.0,OK,OK,OPTIMAL,0.00054039,0.0,0.0
matpower/case30,matpower/case30/2017-07-15,ACTIVESET_NOCLEAN,18.63884319855333,0.053651398284074614,-10.573534,0.0,,0.08492731446059679,1.0,0.0,OK,OK,OPTIMAL,0.00054039,0.0,0.0
matpower/case30,matpower/case30/2017-07-15,WARM_ACTIVESET,18.86005587299444,0.0530221122744335,-10.580565,0.0,,0.08492731446059679,1.0,0.0,OK,OK,OPTIMAL,0.00054039,9144.0,216.0
matpower/case30,matpower/case30/2017-07-15,ACTIVESET_LAZY,14.880640349475257,0.06720140911377268,-10.42214,0.0,,0.08492731446059679,1.0,0.0,OK,OK,OPTIMAL,0.00048641,0.0,0.0
matpower/case30,matpower/case30/2017-07-15,ACTIVESET_LAZY_TOPK128,15.620690426525442,0.06401765688294439,-10.457712,0.0,,0.08492731446059679,1.0,0.0,OK,OK,OPTIMAL,0.00048641,0.0,0.0
matpower/case30,matpower/case30/2017-07-15,WARM_ACTIVESET_LAZY,15.25325666418202,0.06555977008819491,-10.440482000000001,0.0,,0.08492731446059679,1.0,0.0,OK,OK,OPTIMAL,0.00048641,9144.0,216.0
matpower/case30,matpower/case30/2017-09-15,RAW_GNN,33.97183383991895,0.02943615009752402,-12.366416000000001,0.0,,0.08492731446059679,1.0,597.016926796713,OK,OK,OPTIMAL,0.02895977,0.0,0.0
matpower/case30,matpower/case30/2017-09-15,RAW_COMMIT_HINTS,0.9540924288656354,1.0481164819523263,0.6130750000000003,0.0,,1.0,1.0,0.0,OK,OK,OPTIMAL,0.00836381,0.0,0.0
matpower/case30,matpower/case30/2017-09-15,WARM,1.007820779917044,0.9922399100386801,-0.0988749999999996,0.0,,1.0,1.0,0.0,OK,OK,OPTIMAL,0.00836381,9144.0,0.0
matpower/case30,matpower/case30/2017-09-15,WARM_BRANCH_HINTS,1.0032848654844553,0.9967258895280264,-0.041717000000000226,0.0,,1.0,1.0,0.0,OK,OK,OPTIMAL,0.00836381,9144.0,216.0
matpower/case30,matpower/case30/2017-09-15,WARM_COMMIT_HINTS,0.9900155983208981,1.0100850953217664,0.1284989999999997,0.0,,1.0,1.0,0.0,OK,OK,OPTIMAL,0.00836381,9144.0,0.0
matpower/case30,matpower/case30/2017-09-15,WARM_GRU,1.0197906917982071,0.9805933786635079,-0.24726900000000107,0.0,,1.0,1.0,0.0,OK,OK,OPTIMAL,0.00836381,9144.0,0.0
matpower/case30,matpower/case30/2017-09-15,LAZY_ALL,22.622475684543573,0.044203826934964205,-12.178254,0.0,,0.08492731446059679,1.0,0.0,OK,OK,OPTIMAL,0.00836381,0.0,0.0
matpower/case30,matpower/case30/2017-09-15,LAZY_TOPK128,21.01537705366877,0.04758420453015019,-12.135183000000001,0.0,,0.08492731446059679,1.0,0.0,OK,OK,OPTIMAL,0.00836381,0.0,0.0
matpower/case30,matpower/case30/2017-09-15,LAZY_BANDIT,23.547620191685734,0.04246713646048542,-12.200382000000001,0.0,,0.08492731446059679,1.0,0.0,OK,OK,OPTIMAL,0.00836381,0.0,0.0
matpower/case30,matpower/case30/2017-09-15,LAZY_COMMIT_HINTS,24.802229995542344,0.040318955197969214,-12.227753,0.0,,0.08492731446059679,1.0,0.0,OK,OK,OPTIMAL,0.00836381,0.0,0.0
matpower/case30,matpower/case30/2017-09-15,LAZY_GNN_T060,22.57573867622983,0.04429533909572172,-12.177088000000001,0.0,,0.08492731446059679,1.0,0.0,OK,OK,OPTIMAL,0.00836381,0.0,0.0
matpower/case30,matpower/case30/2017-09-15,LAZY_GNN_T080,22.87321020809697,0.04371926768923789,-12.184428,0.0,,0.08492731446059679,1.0,0.0,OK,OK,OPTIMAL,0.00836381,0.0,0.0
matpower/case30,matpower/case30/2017-09-15,LAZY_COMMIT_GNN_T060,23.826977092099114,0.041969234961475414,-12.206726,0.0,,0.08492731446059679,1.0,0.0,OK,OK,OPTIMAL,0.00836381,0.0,0.0
matpower/case30,matpower/case30/2017-09-15,WARM_LAZY,20.749967429256344,0.048192846731414794,-12.127428,0.0,,0.08492731446059679,1.0,0.0,OK,OK,OPTIMAL,0.00836381,9144.0,0.0
matpower/case30,matpower/case30/2017-09-15,WARM_LAZY_TOPK128,20.81763640997824,0.04803619298109576,-12.129424,0.0,,0.08492731446059679,1.0,0.0,OK,OK,OPTIMAL,0.00836381,9144.0,0.0
matpower/case30,matpower/case30/2017-09-15,WARM_LAZY_BANDIT,19.44821101764637,0.05141861115619571,-12.086327,0.0,,0.08492731446059679,1.0,0.0,OK,OK,OPTIMAL,0.00836381,9144.0,0.0
matpower/case30,matpower/case30/2017-09-15,WARM_LAZY_COMMIT_HINTS,20.16886060721183,0.04958138287903222,-12.109736,0.0,,0.08492731446059679,1.0,0.0,OK,OK,OPTIMAL,0.00836381,9144.0,0.0
matpower/case30,matpower/case30/2017-09-15,WARM_LAZY_GRU,20.545167526916053,0.04867324633347031,-12.121307,0.0,,0.08492731446059679,1.0,0.0,OK,OK,OPTIMAL,0.00836381,9144.0,0.0
matpower/case30,matpower/case30/2017-09-15,WARM_LAZY_BRANCH_HINTS,20.54937568745343,0.04866327888542897,-12.121434,0.0,,0.08492731446059679,1.0,0.0,OK,OK,OPTIMAL,0.00836381,9144.0,216.0
matpower/case30,matpower/case30/2017-09-15,WARM_LAZY_GNN_T060,20.76142927674191,0.04816624070869026,-12.127767,0.0,,0.08492731446059679,1.0,0.0,OK,OK,OPTIMAL,0.00836381,9144.0,0.0
matpower/case30,matpower/case30/2017-09-15,WARM_LAZY_COMMIT_GNN_T060,20.095317103329066,0.049762837523690345,-12.107424,0.0,,0.08492731446059679,1.0,0.0,OK,OK,OPTIMAL,0.00836381,9144.0,0.0
matpower/case30,matpower/case30/2017-09-15,WARM_LAZY_COMMIT_GRU,20.30187332397495,0.0492565382534959,-12.113875,0.0,,0.08492731446059679,1.0,0.0,OK,OK,OPTIMAL,0.00836381,9144.0,0.0
matpower/case30,matpower/case30/2017-09-15,WARM_LAZY_ML_STACK,20.31572787731615,0.049222947168758156,-12.114303,0.0,,0.08492731446059679,1.0,0.0,OK,OK,OPTIMAL,0.00836381,9144.0,216.0
matpower/case30,matpower/case30/2017-09-15,WARM_PRUNE_T010,24.30735126349245,0.041139817710287255,-12.217294,0.0,,0.08492731446059679,1.0,597.016926796713,OK,OK,OPTIMAL,0.02895977,9144.0,0.0
matpower/case30,matpower/case30/2017-09-15,WARM_PRUNE_T020,27.006153043986952,0.03702859857052668,-12.269677,0.0,,0.08492731446059679,1.0,597.016926796713,OK,OK,OPTIMAL,0.02895977,9144.0,0.0
matpower/case30,matpower/case30/2017-09-15,WARM_PRUNE_T030,27.241965726991864,0.036708070556346846,-12.273761,0.0,,0.08492731446059679,1.0,597.016926796713,OK,OK,OPTIMAL,0.02895977,9144.0,0.0
matpower/case30,matpower/case30/2017-09-15,WARM_PRUNE_T050,27.121526122198762,0.036871081497936345,-12.271684,0.0,,0.08492731446059679,1.0,597.016926796713,OK,OK,OPTIMAL,0.02895977,9144.0,0.0
matpower/case30,matpower/case30/2017-09-15,WARM_PRUNE_T080,29.14235787884679,0.03431431334956798,-12.304261,0.0,,0.08798775822494262,1.0,1027.0175020504155,OK,OK,OPTIMAL,0.02851136,9144.0,0.0
matpower/case30,matpower/case30/2017-09-15,WARM_LPSCREEN_T010,14.315589601389599,0.06985391645363535,-11.851434000000001,0.0,,0.08492731446059679,1.0,597.016926796713,OK,OK,OPTIMAL,0.02895977,9144.0,0.0
matpower/case30,matpower/case30/2017-09-15,WARM_LPSCREEN_T020,14.722251943193019,0.0679243911772859,-11.876019000000001,0.0,,0.08492731446059679,1.0,597.016926796713,OK,OK,OPTIMAL,0.02895977,9144.0,0.0
matpower/case30,matpower/case30/2017-09-15,WARM_LPSCREEN_T030,14.877602111113708,0.06721513268949374,-11.885056,0.0,,0.08492731446059679,1.0,597.016926796713,OK,OK,OPTIMAL,0.02895977,9144.0,0.0
matpower/case30,matpower/case30/2017-09-15,WARM_LPSCREEN_T050,15.02511285217662,0.06655524053885123,-11.893464,0.0,,0.08492731446059679,1.0,597.016926796713,OK,OK,OPTIMAL,0.02895977,9144.0,0.0
matpower/case30,matpower/case30/2017-09-15,WARM_LPSCREEN_T080,13.81116450183134,0.07240519073300455,-11.818927,0.0,,0.08798775822494262,1.0,597.016926796713,OK,OK,OPTIMAL,0.03447408,9144.0,0.0
matpower/case30,matpower/case30/2017-09-15,WARM_PRUNE_LAZY_T010,20.472509921750728,0.04884598927157262,-12.119106,0.0,,0.08492731446059679,1.0,0.0,OK,OK,OPTIMAL,0.00836381,9144.0,0.0
matpower/case30,matpower/case30/2017-09-15,WARM_PRUNE_LAZY_T020,20.4154004656223,0.048982629641966126,-12.117365000000001,0.0,,0.08492731446059679,1.0,0.0,OK,OK,OPTIMAL,0.00836381,9144.0,0.0
matpower/case30,matpower/case30/2017-09-15,WARM_PRUNE_LAZY_T030,18.476966648153173,0.054121437736099016,-12.051889000000001,0.0,,0.08492731446059679,1.0,0.0,OK,OK,OPTIMAL,0.00836381,9144.0,0.0
matpower/case30,matpower/case30/2017-09-15,WARM_PRUNE_LAZY_T050,20.34865960348666,0.049143286068270266,-12.115318,0.0,,0.08492731446059679,1.0,0.0,OK,OK,OPTIMAL,0.00836381,9144.0,0.0
matpower/case30,matpower/case30/2017-09-15,WARM_PRUNE_LAZY_T080,22.49300220314089,0.04445827155346837,-12.175012,0.0,,0.08492731446059679,1.0,0.0,OK,OK,OPTIMAL,0.00836381,9144.0,0.0
matpower/case30,matpower/case30/2017-09-15,WARM_LPSCREEN_LAZY_T010,12.750949955817173,0.07842552934997483,-11.742219,0.0,,0.08492731446059679,1.0,0.0,OK,OK,OPTIMAL,0.00836381,9144.0,0.0
matpower/case30,matpower/case30/2017-09-15,WARM_LPSCREEN_LAZY_T020,12.063335589818362,0.08289581207075224,-11.685261,0.0,,0.08492731446059679,1.0,0.0,OK,OK,OPTIMAL,0.00836381,9144.0,0.0
matpower/case30,matpower/case30/2017-09-15,WARM_LPSCREEN_LAZY_T030,11.967209511796291,0.083561668993451,-11.676777000000001,0.0,,0.08492731446059679,1.0,0.0,OK,OK,OPTIMAL,0.00836381,9144.0,0.0
matpower/case30,matpower/case30/2017-09-15,WARM_LPSCREEN_LAZY_T050,12.680558596502403,0.0788608792262372,-11.736672,0.0,,0.08492731446059679,1.0,0.0,OK,OK,OPTIMAL,0.00836381,9144.0,0.0
matpower/case30,matpower/case30/2017-09-15,WARM_LPSCREEN_LAZY_T080,13.824021282620748,0.07233785159584337,-11.819785,0.0,,0.08492731446059679,1.0,0.0,OK,OK,OPTIMAL,0.00836381,9144.0,0.0
matpower/case30,matpower/case30/2017-09-15,WARM_SR_LAZY,3.8807853629103857,0.25767980099008936,-9.458255000000001,0.0,,0.65876052027544,1.0,9917.782755890783,OK,OK,OPTIMAL,0.03083785,9144.0,0.0
matpower/case30,matpower/case30/2017-09-15,SHRINK_LAZY,16.623602520128017,0.06015543254172436,-11.975007,0.0,,0.018872736546799287,1.0,3718.548731480078,OK,OK,OPTIMAL,0.01873488,0.0,0.0
matpower/case30,matpower/case30/2017-09-15,STREDUCE,1.5496836834414074,0.6452929786156643,-4.519491,0.0,,1.001732126158293,1.0,597.016926796713,OK,OK,OPTIMAL,3.04e-06,9144.0,0.0
matpower/case30,matpower/case30/2017-09-15,STREDUCE_CONSERVATIVE,1.765259342529537,0.5664890001754899,-5.52357,0.0,,1.0013495706877498,1.0,10015.29000434421,OK,OK,OPTIMAL,0.02418341,9144.0,0.0
matpower/case30,matpower/case30/2017-09-15,STREDUCE_AGGRESSIVE,2.2657885293250475,0.44134745456491853,-7.118058,0.0,,1.0021040550879878,1.0,2910.9613034252484,OK,OK,OPTIMAL,0.0,9144.0,0.0
matpower/case30,matpower/case30/2017-09-15,STREDUCE_GRU,1.5855953033985055,0.630677952852558,-4.705708000000001,0.0,,1.001732126158293,1.0,597.016926796713,OK,OK,OPTIMAL,3.04e-06,9144.0,0.0
matpower/case30,matpower/case30/2017-09-15,STREDUCE_LAZY,2.5547059791841646,0.3914344774498653,-7.754023,0.0,,1.001732126158293,1.0,48047.42550722098,OK,OK,OPTIMAL,0.04527796,9144.0,0.0
matpower/case30,matpower/case30/2017-09-15,STREDUCE_LAZY_CONSERVATIVE,2.4368185491937435,0.41037113753540017,-7.512742,0.0,,1.0013495706877498,1.0,0.0,OK,OK,OPTIMAL,0.00740627,9144.0,0.0
matpower/case30,matpower/case30/2017-09-15,STREDUCE_LAZY_AGGRESSIVE,11.154356129414062,0.08965107339212505,-11.599189,0.0,,1.0021040550879878,1.0,29184.371057333068,OK,OK,OPTIMAL,0.02552838,9144.0,0.0
matpower/case30,matpower/case30/2017-09-15,STREDUCE_LAZY_GRU,2.5879819024744455,0.3864014655758878,-7.818151,0.0,,1.001732126158293,1.0,48047.42550722098,OK,OK,OPTIMAL,0.04527796,9144.0,0.0
matpower/case30,matpower/case30/2017-09-15,ACTIVESET,22.889399878560113,0.04368834505515687,-12.184822,0.0,,0.08492731446059679,1.0,597.016926796713,OK,OK,OPTIMAL,0.02895977,0.0,0.0
matpower/case30,matpower/case30/2017-09-15,ACTIVESET_B500,22.316429224480075,0.04481003613710059,-12.170530000000001,0.0,,0.08492731446059679,1.0,597.016926796713,OK,OK,OPTIMAL,0.02895977,0.0,0.0
matpower/case30,matpower/case30/2017-09-15,ACTIVESET_B5000,24.292243397622155,0.04116540344305479,-12.216968000000001,0.0,,0.08492731446059679,1.0,597.016926796713,OK,OK,OPTIMAL,0.02895977,0.0,0.0
matpower/case30,matpower/case30/2017-09-15,ACTIVESET_NOCLEAN,25.140637085444585,0.0397762394246946,-12.234668000000001,0.0,,0.08492731446059679,1.0,597.016926796713,OK,OK,OPTIMAL,0.02895977,0.0,0.0
matpower/case30,matpower/case30/2017-09-15,WARM_ACTIVESET,19.87235130995717,0.050321171581691165,-12.10031,0.0,,0.08492731446059679,1.0,597.016926796713,OK,OK,OPTIMAL,0.02895977,9144.0,216.0
matpower/case30,matpower/case30/2017-09-15,ACTIVESET_LAZY,16.121002321712123,0.06203088245035347,-11.951111000000001,0.0,,0.08492731446059679,1.0,0.0,OK,OK,OPTIMAL,0.00836381,0.0,0.0
matpower/case30,matpower/case30/2017-09-15,ACTIVESET_LAZY_TOPK128,17.545771394341664,0.056993789416547966,-12.015291000000001,0.0,,0.08492731446059679,1.0,0.0,OK,OK,OPTIMAL,0.00836381,0.0,0.0
matpower/case30,matpower/case30/2017-09-15,WARM_ACTIVESET_LAZY,15.196791153009428,0.06580336532439413,-11.903044000000001,0.0,,0.08492731446059679,1.0,0.0,OK,OK,OPTIMAL,0.00836381,9144.0,216.0
matpower/case30,matpower/case30/2017-11-15,RAW_GNN,30.79343866474772,0.03247445051158897,-11.302856,0.0,,0.08492731446059679,1.0,0.0,OK,OK,OPTIMAL,0.00418539,0.0,0.0
matpower/case30,matpower/case30/2017-11-15,RAW_COMMIT_HINTS,0.9345997088733623,1.0699767938141946,0.8174849999999996,0.0,,1.0,1.0,0.0,OK,OK,OPTIMAL,0.00184346,0.0,0.0
matpower/case30,matpower/case30/2017-11-15,WARM,0.9932445903796948,1.0068013555631072,0.07945499999999939,0.0,,1.0,1.0,0.0,OK,OK,OPTIMAL,0.00184346,9144.0,0.0
matpower/case30,matpower/case30/2017-11-15,WARM_BRANCH_HINTS,0.9894786324424362,1.010633243824167,0.12421999999999933,0.0,,1.0,1.0,0.0,OK,OK,OPTIMAL,0.00184346,9144.0,216.0
matpower/case30,matpower/case30/2017-11-15,WARM_COMMIT_HINTS,0.9841037768471947,1.0161529947621302,0.1887030000000003,0.0,,1.0,1.0,0.0,OK,OK,OPTIMAL,0.00184346,9144.0,0.0
matpower/case30,matpower/case30/2017-11-15,WARM_GRU,0.9925052124188657,1.0075513835971386,0.08821700000000021,0.0,,1.0,1.0,0.0,OK,OK,OPTIMAL,0.00184346,9144.0,0.0
matpower/case30,matpower/case30/2017-11-15,LAZY_ALL,19.346212890265978,0.05168970307894982,-11.078379,0.0,,0.08492731446059679,1.0,0.0,OK,OK,OPTIMAL,0.00184346,0.0,0.0
matpower/case30,matpower/case30/2017-11-15,LAZY_TOPK128,21.22517464729876,0.0471138643906172,-11.131835,0.0,,0.08492731446059679,1.0,0.0,OK,OK,OPTIMAL,0.00184346,0.0,0.0
matpower/case30,matpower/case30/2017-11-15,LAZY_BANDIT,21.059915560090424,0.047483571201731176,-11.127516,0.0,,0.08492731446059679,1.0,0.0,OK,OK,OPTIMAL,0.00184346,0.0,0.0
matpower/case30,matpower/case30/2017-11-15,LAZY_COMMIT_HINTS,22.292630333562325,0.04485787388195575,-11.158190000000001,0.0,,0.08492731446059679,1.0,0.0,OK,OK,OPTIMAL,0.00184346,0.0,0.0
matpower/case30,matpower/case30/2017-11-15,LAZY_GNN_T060,20.64928545546138,0.04842782585174235,-11.116485,0.0,,0.08492731446059679,1.0,0.0,OK,OK,OPTIMAL,0.00184346,0.0,0.0
matpower/case30,matpower/case30/2017-11-15,LAZY_GNN_T080,19.755287504629266,0.05061935948872775,-11.090883,0.0,,0.08492731446059679,1.0,0.0,OK,OK,OPTIMAL,0.00184346,0.0,0.0
matpower/case30,matpower/case30/2017-11-15,LAZY_COMMIT_GNN_T060,21.7540105956072,0.04596853511701105,-11.145215,0.0,,0.08492731446059679,1.0,0.0,OK,OK,OPTIMAL,0.00184346,0.0,0.0
matpower/case30,matpower/case30/2017-11-15,WARM_LAZY,18.69952651848627,0.05347728986674633,-11.057496,0.0,,0.08492731446059679,1.0,0.0,OK,OK,OPTIMAL,0.00184346,9144.0,0.0
matpower/case30,matpower/case30/2017-11-15,WARM_LAZY_TOPK128,18.8090871766799,0.05316579112035972,-11.061135,0.0,,0.08492731446059679,1.0,0.0,OK,OK,OPTIMAL,0.00184346,9144.0,0.0
matpower/case30,matpower/case30/2017-11-15,WARM_LAZY_BANDIT,18.611286355178304,0.053730837348691135,-11.054534,0.0,,0.08492731446059679,1.0,0.0,OK,OK,OPTIMAL,0.00184346,9144.0,0.0
matpower/case30,matpower/case30/2017-11-15,WARM_LAZY_COMMIT_HINTS,19.087987320675797,0.052388970256534925,-11.070210000000001,0.0,,0.08492731446059679,1.0,0.0,OK,OK,OPTIMAL,0.00184346,9144.0,0.0
matpower/case30,matpower/case30/2017-11-15,WARM_LAZY_GRU,18.434080759945086,0.054247348323051336,-11.0485,0.0,,0.08492731446059679,1.0,0.0,OK,OK,OPTIMAL,0.00184346,9144.0,0.0
matpower/case30,matpower/case30/2017-11-15,WARM_LAZY_BRANCH_HINTS,19.17354490233699,0.05215519639657839,-11.072941,0.0,,0.08492731446059679,1.0,0.0,OK,OK,OPTIMAL,0.00184346,9144.0,216.0
matpower/case30,matpower/case30/2017-11-15,WARM_LAZY_GNN_T060,17.508524034404875,0.057115037111921264,-11.014999000000001,0.0,,0.08492731446059679,1.0,0.0,OK,OK,OPTIMAL,0.00184346,9144.0,0.0
matpower/case30,matpower/case30/2017-11-15,WARM_LAZY_COMMIT_GNN_T060,17.709820555539554,0.05646584599002074,-11.022583000000001,0.0,,0.08492731446059679,1.0,0.0,OK,OK,OPTIMAL,0.00184346,9144.0,0.0
matpower/case30,matpower/case30/2017-11-15,WARM_LAZY_COMMIT_GRU,18.39017509834819,0.054376861267069726,-11.046987000000001,0.0,,0.08492731446059679,1.0,0.0,OK,OK,OPTIMAL,0.00184346,9144.0,0.0
matpower/case30,matpower/case30/2017-11-15,WARM_LAZY_ML_STACK,16.988776169064224,0.05886239185497974,-10.994586,0.0,,0.08492731446059679,1.0,0.0,OK,OK,OPTIMAL,0.00184346,9144.0,216.0
matpower/case30,matpower/case30/2017-11-15,WARM_PRUNE_T010,26.72814338925038,0.03741374720408689,-11.245154000000001,0.0,,0.08492731446059679,1.0,0.0,OK,OK,OPTIMAL,0.00418539,9144.0,0.0
matpower/case30,matpower/case30/2017-11-15,WARM_PRUNE_T020,26.312632607922016,0.03800455906106967,-11.238252000000001,0.0,,0.08492731446059679,1.0,0.0,OK,OK,OPTIMAL,0.00418539,9144.0,0.0
matpower/case30,matpower/case30/2017-11-15,WARM_PRUNE_T030,26.812185280900426,0.03729647507368028,-11.246524,0.0,,0.08492731446059679,1.0,0.0,OK,OK,OPTIMAL,0.00418539,9144.0,0.0
matpower/case30,matpower/case30/2017-11-15,WARM_PRUNE_T050,26.39360077358252,0.037887971731424566,-11.239614000000001,0.0,,0.08492731446059679,1.0,0.0,OK,OK,OPTIMAL,0.00418539,9144.0,0.0
matpower/case30,matpower/case30/2017-11-15,WARM_PRUNE_T080,24.872372452292698,0.04020525190824012,-11.212543,0.0,,0.0864575363427697,1.0,0.0,OK,OK,OPTIMAL,0.00404315,9144.0,0.0
matpower/case30,matpower/case30/2017-11-15,WARM_LPSCREEN_T010,18.45598109254982,0.05418297705147048,-11.049252000000001,0.0,,0.08492731446059679,1.0,0.0,OK,OK,OPTIMAL,0.00418539,9144.0,0.0
matpower/case30,matpower/case30/2017-11-15,WARM_LPSCREEN_T020,18.82578834055281,0.05311862546791152,-11.061686,0.0,,0.08492731446059679,1.0,0.0,OK,OK,OPTIMAL,0.00418539,9144.0,0.0
matpower/case30,matpower/case30/2017-11-15,WARM_LPSCREEN_T030,17.03177394052847,0.058713790089734576,-10.996322000000001,0.0,,0.08492731446059679,1.0,0.0,OK,OK,OPTIMAL,0.00418539,9144.0,0.0
matpower/case30,matpower/case30/2017-11-15,WARM_LPSCREEN_T050,17.559922318188786,0.05694786012602046,-11.016952,0.0,,0.08492731446059679,1.0,0.0,OK,OK,OPTIMAL,0.00418539,9144.0,0.0
matpower/case30,matpower/case30/2017-11-15,WARM_LPSCREEN_T080,19.986980146862575,0.050032570836218766,-11.097738,0.0,,0.0864575363427697,1.0,0.0,OK,OK,OPTIMAL,0.00404315,9144.0,0.0
matpower/case30,matpower/case30/2017-11-15,WARM_PRUNE_LAZY_T010,18.461901939868042,0.054165600232147455,-11.049455,0.0,,0.08492731446059679,1.0,0.0,OK,OK,OPTIMAL,0.00184346,9144.0,0.0
matpower/case30,matpower/case30/2017-11-15,WARM_PRUNE_LAZY_T020,17.561770153094972,0.05694186811935735,-11.017022,0.0,,0.08492731446059679,1.0,0.0,OK,OK,OPTIMAL,0.00184346,9144.0,0.0
matpower/case30,matpower/case30/2017-11-15,WARM_PRUNE_LAZY_T030,18.464703269746586,0.054157382623009474,-11.049551000000001,0.0,,0.08492731446059679,1.0,0.0,OK,OK,OPTIMAL,0.00184346,9144.0,0.0
matpower/case30,matpower/case30/2017-11-15,WARM_PRUNE_LAZY_T050,18.169987603839235,0.0550358107998216,-11.039289,0.0,,0.08492731446059679,1.0,0.0,OK,OK,OPTIMAL,0.00184346,9144.0,0.0
matpower/case30,matpower/case30/2017-11-15,WARM_PRUNE_LAZY_T080,18.755908267721594,0.05331653288798457,-11.059374,0.0,,0.08492731446059679,1.0,0.0,OK,OK,OPTIMAL,0.00184346,9144.0,0.0
matpower/case30,matpower/case30/2017-11-15,WARM_LPSCREEN_LAZY_T010,13.159487779106993,0.07599079970176927,-10.794488000000001,0.0,,0.08492731446059679,1.0,0.0,OK,OK,OPTIMAL,0.00184346,9144.0,0.0
matpower/case30,matpower/case30/2017-11-15,WARM_LPSCREEN_LAZY_T020,14.182902666556593,0.07050742880426082,-10.858546,0.0,,0.08492731446059679,1.0,0.0,OK,OK,OPTIMAL,0.00184346,9144.0,0.0
matpower/case30,matpower/case30/2017-11-15,WARM_LPSCREEN_LAZY_T030,14.246847815880008,0.07019096525235335,-10.862243000000001,0.0,,0.08492731446059679,1.0,0.0,OK,OK,OPTIMAL,0.00184346,9144.0,0.0
matpower/case30,matpower/case30/2017-11-15,WARM_LPSCREEN_LAZY_T050,13.817814718131357,0.07237034367582217,-10.836783,0.0,,0.08492731446059679,1.0,0.0,OK,OK,OPTIMAL,0.00184346,9144.0,0.0
matpower/case30,matpower/case30/2017-11-15,WARM_LPSCREEN_LAZY_T080,14.071568210589966,0.07106528462459649,-10.852029,0.0,,0.08492731446059679,1.0,0.0,OK,OK,OPTIMAL,0.00184346,9144.0,0.0
matpower/case30,matpower/case30/2017-11-15,WARM_SR_LAZY,3.6966567148121254,0.27051470481235174,-8.522015,0.0,,0.65876052027544,1.0,0.0,OK,OK,OPTIMAL,0.00184346,9144.0,0.0
matpower/case30,matpower/case30/2017-11-15,SHRINK_LAZY,18.967707472467165,0.05272118422595686,-11.066329,0.0,,0.018872736546799287,1.0,472.44523401259374,OK,OK,OPTIMAL,0.00616853,0.0,0.0
matpower/case30,matpower/case30/2017-11-15,STREDUCE,1.48158862438308,0.6749511865457194,-3.797295000000001,0.0,,1.0016471138315055,1.0,7265.1955072446735,OK,OK,OPTIMAL,0.00142124,9144.0,0.0
matpower/case30,matpower/case30/2017-11-15,STREDUCE_CONSERVATIVE,1.391711722873503,0.7185396110160475,-3.2880850000000006,0.0,,1.0014664626370824,1.0,633.8894306772879,OK,OK,OPTIMAL,0.00993064,9144.0,0.0
matpower/case30,matpower/case30/2017-11-15,STREDUCE_AGGRESSIVE,1.7842984219304623,0.5604443672141364,-5.13499,0.0,,1.0020721754654425,1.0,7350.71525316887,OK,OK,OPTIMAL,0.00102898,9144.0,0.0
matpower/case30,matpower/case30/2017-11-15,STREDUCE_GRU,1.4591214842727862,0.6853438941024101,-3.675885000000001,0.0,,1.0016471138315055,1.0,7265.1955072446735,OK,OK,OPTIMAL,0.00142124,9144.0,0.0
matpower/case30,matpower/case30/2017-11-15,STREDUCE_LAZY,10.031936343713719,0.0996816532459984,-10.517726,0.0,,1.0016471138315055,1.0,7708.749078187701,OK,OK,OPTIMAL,0.00186078,9144.0,0.0
matpower/case30,matpower/case30/2017-11-15,STREDUCE_LAZY_CONSERVATIVE,2.9027361513984893,0.3445025478868332,-7.657672000000001,0.0,,1.0014664626370824,1.0,0.0,OK,OK,OPTIMAL,0.00184346,9144.0,0.0
matpower/case30,matpower/case30/2017-11-15,STREDUCE_LAZY_AGGRESSIVE,9.36006371320086,0.10683687960261011,-10.434137,0.0,,1.0020721754654425,1.0,7350.71525316887,OK,OK,OPTIMAL,0.00102898,9144.0,0.0
matpower/case30,matpower/case30/2017-11-15,STREDUCE_LAZY_GRU,9.973219164048627,0.10026852749860257,-10.51087,0.0,,1.0016471138315055,1.0,7708.749078187701,OK,OK,OPTIMAL,0.00186078,9144.0,0.0
matpower/case30,matpower/case30/2017-11-15,ACTIVESET,21.802201452704974,0.04586692780402371,-11.146402,0.0,,0.08492731446059679,1.0,0.0,OK,OK,OPTIMAL,0.00418539,0.0,0.0
matpower/case30,matpower/case30/2017-11-15,ACTIVESET_B500,23.112167578710796,0.043267252913185235,-11.176772,0.0,,0.08492731446059679,1.0,0.0,OK,OK,OPTIMAL,0.00418539,0.0,0.0
matpower/case30,matpower/case30/2017-11-15,ACTIVESET_B5000,21.46356116865889,0.046590591008737206,-11.137948,0.0,,0.08492731446059679,1.0,0.0,OK,OK,OPTIMAL,0.00418539,0.0,0.0
matpower/case30,matpower/case30/2017-11-15,ACTIVESET_NOCLEAN,21.12641237829314,0.04733411343553414,-11.129262,0.0,,0.08492731446059679,1.0,0.0,OK,OK,OPTIMAL,0.00418539,0.0,0.0
matpower/case30,matpower/case30/2017-11-15,WARM_ACTIVESET,18.516975144755133,0.05400450085300495,-11.051337,0.0,,0.08492731446059679,1.0,0.0,OK,OK,OPTIMAL,0.00418539,9144.0,216.0
matpower/case30,matpower/case30/2017-11-15,ACTIVESET_LAZY,16.108732493026167,0.062078130630881266,-10.957019,0.0,,0.08492731446059679,1.0,0.0,OK,OK,OPTIMAL,0.00184346,0.0,0.0
matpower/case30,matpower/case30/2017-11-15,ACTIVESET_LAZY_TOPK128,14.798047739928355,0.06757648154504747,-10.892786000000001,0.0,,0.08492731446059679,1.0,0.0,OK,OK,OPTIMAL,0.00184346,0.0,0.0
matpower/case30,matpower/case30/2017-11-15,WARM_ACTIVESET_LAZY,14.83680094287144,0.06739997414877125,-10.894848,0.0,,0.08492731446059679,1.0,0.0,OK,OK,OPTIMAL,0.00184346,9144.0,216.0
matpower/case300,matpower/case300/2017-01-15,RAW_GNN,1.570197629393978,0.6368625078016152,-212.44207,0.0,,0.030571533472035246,1.0,-553400.066153678,FAIL,C120,OPTIMAL,0.03595946,0.0,0.0
matpower/case300,matpower/case300/2017-01-15,RAW_COMMIT_HINTS,1.037955096821729,0.9634328142537674,-21.392471999999998,0.0,,1.0,1.0,13973.122613859556,OK,OK,OPTIMAL,0.01762046,0.0,0.0
matpower/case300,matpower/case300/2017-01-15,WARM,0.8518114393939341,1.1739687373904046,101.77489100000003,0.0,,1.0,1.0,44523.372309071885,OK,OK,OPTIMAL,0.04506668,93888.0,0.0
matpower/case300,matpower/case300/2017-01-15,WARM_BRANCH_HINTS,0.8037634322843471,1.24414717046524,142.830557,0.0,,1.0,1.0,3305.998604893774,OK,OK,OPTIMAL,0.00717582,93888.0,2484.0
matpower/case300,matpower/case300/2017-01-15,WARM_COMMIT_HINTS,0.8811526081812199,1.134877194614554,78.90562399999999,0.0,,1.0,1.0,13973.122613859556,OK,OK,OPTIMAL,0.01762046,93888.0,0.0
matpower/case300,matpower/case300/2017-01-15,WARM_GRU,0.6867600094935207,1.4561127412434671,266.83429,0.0,,1.0,1.0,44523.372309071885,OK,OK,OPTIMAL,0.04506668,93888.0,0.0
matpower/case300,matpower/case300/2017-01-15,LAZY_ALL,0.5944048919916636,1.6823549292289888,399.190105,159.0,,0.018724758291518786,1.0,21424.436926012397,OK,OK,OPTIMAL,0.02463806,0.0,0.0
matpower/case300,matpower/case300/2017-01-15,LAZY_TOPK128,1.5261546906519001,0.6552415729055932,-201.689981,0.0,,0.018724758291518786,1.0,24110.439843633467,FAIL,C120,OPTIMAL,0.03162819,0.0,0.0
matpower/case300,matpower/case300/2017-01-15,LAZY_BANDIT,1.544188795566753,0.6475892085675812,-206.16675400000003,0.0,,0.018724758291518786,1.0,-46985.49834680827,FAIL,C120,OPTIMAL,0.02769858,0.0,0.0
matpower/case300,matpower/case300/2017-01-15,LAZY_COMMIT_HINTS,1.4315931420177934,0.6985224856487688,-176.36985600000003,0.0,,0.018724758291518786,1.0,13973.122613509006,OK,OK,OPTIMAL,0.01754453,0.0,0.0
matpower/case300,matpower/case300/2017-01-15,LAZY_GNN_T060,1.5855920043039375,0.6306792650855931,-216.05938000000003,0.0,,0.018724758291518786,1.0,-568986.9645004418,FAIL,C120,OPTIMAL,0.00022261,0.0,0.0
matpower/case300,matpower/case300/2017-01-15,LAZY_GNN_T080,4.929749364709986,0.20285006924663995,-466.347279,-1.0,,0.018724758291518786,1.0,-634692.440811288,FAIL,C120,OPTIMAL,0.00439514,0.0,0.0
matpower/case300,matpower/case300/2017-01-15,LAZY_COMMIT_GNN_T060,1.5200957183463404,0.6578533101111984,-200.16206700000004,0.0,,0.018724758291518786,1.0,-568986.9645003979,FAIL,C120,OPTIMAL,0.00109658,0.0,0.0
matpower/case300,matpower/case300/2017-01-15,WARM_LAZY,0.7612247022762659,1.313672555567012,183.50417800000002,147.0,,0.018724758291518786,1.0,40788.4782150707,OK,OK,OPTIMAL,0.04133793,93888.0,0.0
matpower/case300,matpower/case300/2017-01-15,WARM_LAZY_TOPK128,1.3937493134807881,0.717489142651179,-165.27401500000002,0.0,,0.018724758291518786,1.0,4744.422054006885,FAIL,C120,OPTIMAL,0.00941352,93888.0,0.0
matpower/case300,matpower/case300/2017-01-15,WARM_LAZY_BANDIT,1.427513100634885,0.7005189651536305,-175.20187900000002,0.0,,0.018724758291518786,1.0,-343363.5965605096,FAIL,C120,OPTIMAL,0.0,93888.0,0.0
matpower/case300,matpower/case300/2017-01-15,WARM_LAZY_COMMIT_HINTS,1.233964347517546,0.810396185280208,-110.921697,0.0,,0.018724758291518786,1.0,13973.122613465268,OK,OK,OPTIMAL,0.01754453,93888.0,0.0
matpower/case300,matpower/case300/2017-01-15,WARM_LAZY_GRU,0.7474608869770957,1.3378626459562732,197.65582299999994,234.0,,0.018724758291518786,1.0,41131.06619920037,OK,OK,OPTIMAL,0.04165338,93888.0,0.0
matpower/case300,matpower/case300/2017-01-15,WARM_LAZY_BRANCH_HINTS,1.1915631236772433,0.8392337595291915,-94.05118900000002,0.0,,0.018724758291518786,1.0,3305.998604732969,OK,OK,OPTIMAL,0.00737675,93888.0,2484.0
matpower/case300,matpower/case300/2017-01-15,WARM_LAZY_GNN_T060,1.594308845703479,0.6272310429029553,-218.07665300000002,0.0,,0.018724758291518786,1.0,-568986.9645003979,FAIL,C120,OPTIMAL,0.00109658,93888.0,0.0
matpower/case300,matpower/case300/2017-01-15,WARM_LAZY_COMMIT_GNN_T060,1.5959936044832477,0.6265689268371354,-218.464003,0.0,,0.018724758291518786,1.0,-568986.9645003979,FAIL,C120,OPTIMAL,0.00109658,93888.0,0.0
matpower/case300,matpower/case300/2017-01-15,WARM_LAZY_COMMIT_GRU,1.234599099049382,0.8099795316309408,-111.16544700000003,0.0,,0.018724758291518786,1.0,13973.122613465268,OK,OK,OPTIMAL,0.01754453,93888.0,0.0
matpower/case300,matpower/case300/2017-01-15,WARM_LAZY_ML_STACK,1.5485902609432305,0.6457486045346238,-207.243541,0.0,,0.018724758291518786,1.0,-568986.9645003979,FAIL,C120,OPTIMAL,0.00109658,93888.0,2484.0
matpower/case300,matpower/case300/2017-01-15,WARM_PRUNE_T010,4.466975361926325,0.2238651254993184,-454.053087,-1.0,,0.019573287643291314,1.0,47629.51347549687,FAIL,C120,OPTIMAL,0.04935497,93888.0,0.0
matpower/case300,matpower/case300/2017-01-15,WARM_PRUNE_T020,3.140776466846707,0.31839260468096453,-398.752784,-1.0,,0.020062823807775465,1.0,48229.15540922732,FAIL,C120,OPTIMAL,0.04987867,93888.0,0.0
matpower/case300,matpower/case300/2017-01-15,WARM_PRUNE_T030,1.7717001756124007,0.5644295878981572,-254.81665200000003,-1.0,,0.04251621588544854,1.0,24513.649027542568,FAIL,C120,OPTIMAL,0.02778128,93888.0,0.0
matpower/case300,matpower/case300/2017-01-15,WARM_PRUNE_T050,1.5351490227040188,0.6514025578041898,-203.935875,0.0,,0.07515196018439195,1.0,38410.6018437893,FAIL,C120,OPTIMAL,0.03887514,93888.0,0.0
matpower/case300,matpower/case300/2017-01-15,WARM_PRUNE_T080,1.2600593686101371,0.7936134002186055,-120.73993300000001,0.0,,0.38422877656753557,1.0,44523.37230926185,OK,OK,OPTIMAL,0.04595592,93888.0,0.0
matpower/case300,matpower/case300/2017-01-15,WARM_LPSCREEN_T010,2.522874074614443,0.3963733307429641,-353.13263400000005,-1.0,,0.020242320401419656,1.0,47251.341672453884,FAIL,C120,OPTIMAL,0.04883726,93888.0,0.0
matpower/case300,matpower/case300/2017-01-15,WARM_LPSCREEN_T020,2.47705111154831,0.403705840116855,-348.842982,-1.0,,0.021302982091135316,1.0,47698.2586931365,FAIL,C120,OPTIMAL,0.049243,93888.0,0.0
matpower/case300,matpower/case300/2017-01-15,WARM_LPSCREEN_T030,1.523831037746215,0.6562407348514344,-201.105453,0.0,,0.05375922979643454,1.0,44523.372309247265,OK,OK,OPTIMAL,0.04594926,93888.0,0.0
matpower/case300,matpower/case300/2017-01-15,WARM_LPSCREEN_T050,1.4867489809384786,0.6726084986914007,-191.530012,0.0,,0.1174642026679721,1.0,44523.37230929101,OK,OK,OPTIMAL,0.04595526,93888.0,0.0
matpower/case300,matpower/case300/2017-01-15,WARM_LPSCREEN_T080,1.1905368775663447,0.8399571813719591,-93.627974,0.0,,0.41234447028107535,1.0,44523.37230867759,OK,OK,OPTIMAL,0.0453931,93888.0,0.0
matpower/case300,matpower/case300/2017-01-15,WARM_PRUNE_LAZY_T010,1.5775893956383977,0.633878500175474,-214.187769,0.0,,0.018724758291518786,1.0,-1814.4789825374316,FAIL,C120,OPTIMAL,0.00220839,93888.0,0.0
matpower/case300,matpower/case300/2017-01-15,WARM_PRUNE_LAZY_T020,1.5945034364877324,0.6271544965765231,-218.12143400000002,0.0,,0.018724758291518786,1.0,-1793.5919651938325,FAIL,C120,OPTIMAL,0.00220886,93888.0,0.0
matpower/case300,matpower/case300/2017-01-15,WARM_PRUNE_LAZY_T030,1.3346042315332498,0.7492858005186733,-146.672389,239.0,,0.018724758291518786,1.0,42349.06901838846,FAIL,C120,OPTIMAL,0.04272645,93888.0,0.0
matpower/case300,matpower/case300/2017-01-15,WARM_PRUNE_LAZY_T050,1.2060495381389984,0.8291533377170026,-99.94842,309.0,,0.018724758291518786,1.0,40437.549183618,FAIL,C120,OPTIMAL,0.0412214,93888.0,0.0
matpower/case300,matpower/case300/2017-01-15,WARM_PRUNE_LAZY_T080,1.1980999510752226,0.8346549042945541,-96.72990300000004,142.0,,0.018724758291518786,1.0,47139.65024901469,OK,OK,OPTIMAL,0.04747792,93888.0,0.0
matpower/case300,matpower/case300/2017-01-15,WARM_LPSCREEN_LAZY_T010,1.510060844206774,0.6622249718191282,-197.60456500000004,0.0,,0.018724758291518786,1.0,44523.37230930559,OK,OK,OPTIMAL,0.04614209,93888.0,0.0
matpower/case300,matpower/case300/2017-01-15,WARM_LPSCREEN_LAZY_T020,1.5740537454488062,0.6353023223580415,-213.354807,0.0,,0.018724758291518786,1.0,-1520.3237113433902,OK,OK,OPTIMAL,0.00226804,93888.0,0.0
matpower/case300,matpower/case300/2017-01-15,WARM_LPSCREEN_LAZY_T030,1.243049154288501,0.8044734164775504,-114.38662500000004,202.0,,0.018724758291518786,1.0,43992.01578541387,OK,OK,OPTIMAL,0.04420075,93888.0,0.0
matpower/case300,matpower/case300/2017-01-15,WARM_LPSCREEN_LAZY_T050,1.0479860695366978,0.9542111570644142,-26.787310000000048,231.0,,0.018724758291518786,1.0,41007.58830095912,OK,OK,OPTIMAL,0.04144979,93888.0,0.0
matpower/case300,matpower/case300/2017-01-15,WARM_LPSCREEN_LAZY_T080,0.8878266754837495,1.1263459722643845,73.91470300000003,228.0,,0.018724758291518786,1.0,40788.47821504132,OK,OK,OPTIMAL,0.04133793,93888.0,0.0
matpower/case300,matpower/case300/2017-01-15,WARM_SR_LAZY,0.930082826359699,1.0751730616443629,43.977615000000014,0.0,,0.7708644392771182,1.0,44523.37230929101,OK,OK,OPTIMAL,0.04552566,93888.0,0.0
matpower/case300,matpower/case300/2017-01-15,ACTIVESET,2.344436159960154,0.42654179161653777,-335.483533,0.0,,0.018724758291518786,1.0125030259017187,-573001.4818522357,FAIL,C120,OPTIMAL,0.00908776,0.0,0.0
matpower/case300,matpower/case300/2017-01-15,ACTIVESET_B500,2.2928468821979915,0.4361390233966998,-329.868977,0.0,,0.018724758291518786,1.009852335996127,-572990.3206286132,FAIL,C120,OPTIMAL,0.00917583,0.0,0.0
matpower/case300,matpower/case300/2017-01-15,ACTIVESET_NOCLEAN,2.352480485296174,0.4250832286390259,-336.336819,0.0,,0.018724758291518786,1.0125030259017187,-573001.4818522357,FAIL,C120,OPTIMAL,0.00908776,0.0,0.0
matpower/case300,matpower/case300/2017-01-15,WARM_ACTIVESET,2.276407171412681,0.43928872328205915,-328.026345,0.0,,0.018724758291518786,1.0138828370854516,-569663.0129600562,FAIL,C120,OPTIMAL,0.01675837,93888.0,2484.0
matpower/case300,matpower/case300/2017-01-15,ACTIVESET_LAZY,0.7107417730322283,1.4069807600216224,238.091183,0.0,,0.018724758291518786,1.0004478334543694,24627.670079090847,OK,OK,OPTIMAL,0.02761205,0.0,0.0
matpower/case300,matpower/case300/2017-01-15,ACTIVESET_LAZY_TOPK128,1.2008210399425328,0.8327635565478239,-97.83637600000003,0.0,,0.018724758291518786,1.0007262164124908,26954.01138150147,FAIL,C120,OPTIMAL,0.03162813,0.0,0.0
matpower/case300,matpower/case300/2017-01-15,WARM_ACTIVESET_LAZY,1.0636690588430378,0.940142041066522,-35.01800000000003,0.0,,0.018724758291518786,1.0003873154199951,3305.9986050397824,OK,OK,OPTIMAL,0.00773516,93888.0,2484.0
matpower/case300,matpower/case300/2017-01-15,SHRINK_LAZY,1.4400543476762533,0.6944182360989724,-178.770917,19.0,,0.004162417220794409,1.0,27301.772044436246,FAIL,C108,OPTIMAL,0.0492448,0.0,0.0
matpower/case300,matpower/case300/2017-01-15,STREDUCE,4.785257810920429,0.20897515651463996,-462.76399100000003,-1.0,,0.031047924683954547,1.0,-549618.1472154036,FAIL,C120,OPTIMAL,0.04476348,93888.0,0.0
matpower/case300,matpower/case300/2017-01-15,STREDUCE_CONSERVATIVE,1.5847042348410412,0.6310325788334302,-215.852685,0.0,,0.0509720465784595,1.0,-566814.9953386699,FAIL,C120,OPTIMAL,0.00286797,93888.0,0.0
matpower/case300,matpower/case300/2017-01-15,STREDUCE_AGGRESSIVE,9.033818471290026,0.11069516209320071,-520.259584,-1.0,,0.019984634003725913,1.0,-627711.7316032305,FAIL,C120,OPTIMAL,0.01870715,93888.0,0.0
matpower/case300,matpower/case300/2017-01-15,STREDUCE_GRU,4.774813463048257,0.20943226531023407,-462.496574,-1.0,,0.031047924683954547,1.0,-549618.1472154036,FAIL,C120,OPTIMAL,0.04476348,93888.0,0.0
matpower/case300,matpower/case300/2017-01-15,STREDUCE_LAZY,1.3126258387417065,0.7618317196609568,-139.33279700000003,0.0,,0.031047924683954547,1.0,15346.826051730046,OK,OK,OPTIMAL,0.01889401,93888.0,0.0
matpower/case300,matpower/case300/2017-01-15,STREDUCE_LAZY_CONSERVATIVE,1.240059886111074,0.8064126670011713,-113.25212800000003,0.0,,0.0509720465784595,1.0,20497.265586166588,OK,OK,OPTIMAL,0.02371438,93888.0,0.0
matpower/case300,matpower/case300/2017-01-15,STREDUCE_LAZY_AGGRESSIVE,1.3856864295499651,0.7216639917046557,-162.83165200000002,0.0,,0.019984634003725913,1.0,23293.583597198787,OK,OK,OPTIMAL,0.02667465,93888.0,0.0
matpower/case300,matpower/case300/2017-01-15,ACTIVESET_B5000,2.2914850098084245,0.4363982289736223,-329.71733700000004,0.0,,0.018724758291518786,1.0125030259017187,-573001.4818522357,FAIL,C120,OPTIMAL,0.00908776,0.0,0.0
matpower/case300,matpower/case300/2017-01-15,STREDUCE_LAZY_GRU,1.2112034880378129,0.825625099230874,-102.01250400000004,0.0,,0.031047924683954547,1.0,15346.826051978325,OK,OK,OPTIMAL,0.01889401,93888.0,0.0
matpower/case300,matpower/case300/2017-03-15,RAW_GNN,1.3744447633108279,0.7275665248206501,-138.47083499999997,0.0,,0.030571533472035246,1.0,-598893.9977038661,FAIL,C120,OPTIMAL,0.02116084,0.0,0.0
matpower/case300,matpower/case300/2017-03-15,RAW_COMMIT_HINTS,0.709814698573407,1.4088183888130388,207.79173199999997,0.0,,1.0,1.0,172.10419661518915,OK,OK,OPTIMAL,0.0005812,0.0,0.0
matpower/case300,matpower/case300/2017-03-15,WARM,0.7403717329797188,1.3506728518326525,178.23787099999998,0.0,,1.0,1.0,172.10419661518915,OK,OK,OPTIMAL,0.00058498,93888.0,0.0
matpower/case300,matpower/case300/2017-03-15,WARM_BRANCH_HINTS,0.8916679153084386,1.1214937566236058,61.75210999999996,0.0,,1.0,1.0,1073.9083447057633,OK,OK,OPTIMAL,0.0019834,93888.0,2484.0
matpower/case300,matpower/case300/2017-03-15,WARM_COMMIT_HINTS,0.7098706086446749,1.408707428962662,207.73533400000002,0.0,,1.0,1.0,172.10419661518915,OK,OK,OPTIMAL,0.0005812,93888.0,0.0
matpower/case300,matpower/case300/2017-03-15,WARM_GRU,0.7509137440113848,1.3317108762159489,168.59999299999998,0.0,,1.0,1.0,172.10419661518915,OK,OK,OPTIMAL,0.00058498,93888.0,0.0
matpower/case300,matpower/case300/2017-03-15,LAZY_ALL,0.5725876913476118,1.7464573813077495,379.404832,274.0,,0.018724758291518786,1.0,19.830709701967557,OK,OK,OPTIMAL,0.00042702,0.0,0.0
matpower/case300,matpower/case300/2017-03-15,LAZY_TOPK128,1.3395225373244033,0.7465346585339473,-128.82982699999997,0.0,,0.018724758291518786,1.0,-341424.1954450441,FAIL,C120,OPTIMAL,0.0,0.0,0.0
matpower/case300,matpower/case300/2017-03-15,LAZY_COMMIT_HINTS,0.4221658189291014,2.36873748456632,695.6935900000001,330.0,,0.018724758291518786,1.0,81661.0947446216,OK,OK,TIME_LIMIT,0.07617224,0.0,0.0
matpower/case300,matpower/case300/2017-03-15,LAZY_GNN_T060,1.362215215955014,0.734098392300607,-135.15085699999997,0.0,,0.018724758291518786,1.0,-601722.4300118953,FAIL,C120,OPTIMAL,0.04370617,0.0,0.0
matpower/case300,matpower/case300/2017-03-15,LAZY_GNN_T080,1.3878300693921948,0.7205493107941908,-142.03750200000002,0.0,,0.018724758291518786,1.0,-767206.5586418593,FAIL,C120,OPTIMAL,0.00302061,0.0,0.0
matpower/case300,matpower/case300/2017-03-15,LAZY_COMMIT_GNN_T060,1.363380324298315,0.7334710514578283,-135.469718,0.0,,0.018724758291518786,1.0,-602368.4359134139,FAIL,C120,OPTIMAL,0.01212468,0.0,0.0
matpower/case300,matpower/case300/2017-03-15,WARM_LAZY,0.4390956438304539,2.2774081548076706,649.2732720000001,331.0,,0.018724758291518786,1.0,6527.3874810888865,OK,OK,OPTIMAL,0.00688713,93888.0,0.0
matpower/case300,matpower/case300/2017-03-15,WARM_LAZY_TOPK128,1.3905392172863191,0.7191454851244911,-142.75103000000001,0.0,,0.018724758291518786,1.0,-341424.1954450441,FAIL,C120,OPTIMAL,0.0,93888.0,0.0
matpower/case300,matpower/case300/2017-03-15,WARM_LAZY_BANDIT,1.355630749549019,0.7376639990887434,-133.338552,0.0,,0.018724758291518786,1.0,-115545.0884781004,FAIL,C120,OPTIMAL,0.03193502,93888.0,0.0
matpower/case300,matpower/case300/2017-03-15,WARM_LAZY_COMMIT_HINTS,0.4204617327122331,2.3783377230298552,700.5731410000001,404.0,,0.018724758291518786,1.0,80801.71717998212,OK,OK,TIME_LIMIT,0.07543768,93888.0,0.0
matpower/case300,matpower/case300/2017-03-15,WARM_LAZY_GRU,0.4502222922021271,2.2211250249488987,620.6660240000001,331.0,,0.018724758291518786,1.0,6527.3874810888865,OK,OK,OPTIMAL,0.00688713,93888.0,0.0
matpower/case300,matpower/case300/2017-03-15,WARM_LAZY_BRANCH_HINTS,0.9226710695600174,1.0838098570456505,42.598366,0.0,,0.018724758291518786,1.0,1073.9083447120058,OK,OK,OPTIMAL,0.00249706,93888.0,2484.0
matpower/case300,matpower/case300/2017-03-15,WARM_LAZY_GNN_T060,1.3024005823943239,0.767812924470294,-118.01463899999999,0.0,,0.018724758291518786,1.0,-606454.0032165572,FAIL,C120,OPTIMAL,0.00187419,93888.0,0.0
matpower/case300,matpower/case300/2017-03-15,WARM_LAZY_COMMIT_GNN_T060,1.2917664187838964,0.7741337640139514,-114.801921,0.0,,0.018724758291518786,1.0,-606454.0032165572,FAIL,C120,OPTIMAL,0.00187419,93888.0,0.0
matpower/case300,matpower/case300/2017-03-15,WARM_LAZY_COMMIT_GRU,0.42093295590785,2.3756752375048498,699.219869,397.0,,0.018724758291518786,1.0,80801.71717998212,OK,OK,TIME_LIMIT,0.07543768,93888.0,0.0
matpower/case300,matpower/case300/2017-03-15,WARM_LAZY_ML_STACK,1.336742295655103,0.7480873488108835,-128.040635,0.0,,0.018724758291518786,1.0,-617556.4960753671,FAIL,C120,OPTIMAL,0.0017495,93888.0,2484.0
matpower/case300,matpower/case300/2017-03-15,WARM_PRUNE_T010,3.509751989989174,0.28492041684207,-363.456315,-1.0,,0.021776200383469994,1.0,26331.336274515463,FAIL,C120,OPTIMAL,0.04471527,93888.0,0.0
matpower/case300,matpower/case300/2017-03-15,WARM_PRUNE_T020,4.3116225010202776,0.2319312508837139,-390.389327,-1.0,,0.022069922082160486,1.0,41433.20234993355,FAIL,C120,OPTIMAL,0.04680809,93888.0,0.0
matpower/case300,matpower/case300/2017-03-15,WARM_PRUNE_T030,2.063616730239376,0.48458610814034325,-261.971448,-1.0,,0.025627218210745317,1.0,42366.24908902719,FAIL,C120,OPTIMAL,0.04766131,93888.0,0.0
matpower/case300,matpower/case300/2017-03-15,WARM_PRUNE_T050,1.3296628075325339,0.7520703702735795,-126.01616899999999,0.0,,0.07738750866886958,1.0,-6234.58365322901,FAIL,C120,OPTIMAL,0.00032149,93888.0,0.0
matpower/case300,matpower/case300/2017-03-15,WARM_PRUNE_T080,1.1627515943839224,0.8600289217662562,-71.14365099999998,0.0,,0.35005915228654183,1.0,172.1041965834089,OK,OK,OPTIMAL,0.0005849,93888.0,0.0
matpower/case300,matpower/case300/2017-03-15,WARM_LPSCREEN_T010,3.7410785422267683,0.26730259434884224,-372.41099499999996,-1.0,,0.020731856565903806,1.0,50880.6887757965,FAIL,C120,OPTIMAL,0.04928467,93888.0,0.0
matpower/case300,matpower/case300/2017-03-15,WARM_LPSCREEN_T020,3.540406615827545,0.2824534321931994,-364.710219,-1.0,,0.021988332721413126,1.0,50018.302616440174,FAIL,C120,OPTIMAL,0.04850384,93888.0,0.0
matpower/case300,matpower/case300/2017-03-15,WARM_LPSCREEN_T030,1.3042584204109464,0.7667192209385311,-118.57054,0.0,,0.0671072492147024,1.0,172.1041965834089,OK,OK,OPTIMAL,0.00059577,93888.0,0.0
matpower/case300,matpower/case300/2017-03-15,WARM_LPSCREEN_T050,1.2831577226084119,0.7793274220157387,-112.16212000000002,0.0,,0.12327336515318403,1.0,172.1041965834089,OK,OK,OPTIMAL,0.00059859,93888.0,0.0
matpower/case300,matpower/case300/2017-03-15,WARM_LPSCREEN_T080,1.0683664210362185,0.9360084520721746,-32.52523600000001,0.0,,0.4319748704768898,1.0,172.1041964564771,OK,OK,OPTIMAL,0.00058492,93888.0,0.0
matpower/case300,matpower/case300/2017-03-15,WARM_PRUNE_LAZY_T010,1.300714799521332,0.7688080433681572,-117.508846,0.0,,0.018724758291518786,1.0,-18697.78132625508,FAIL,C120,OPTIMAL,0.00069289,93888.0,0.0
matpower/case300,matpower/case300/2017-03-15,WARM_PRUNE_LAZY_T020,1.3552328099260538,0.7378806007910652,-133.228459,0.0,,0.018724758291518786,1.0,3217.404421026576,FAIL,C120,OPTIMAL,0.01030793,93888.0,0.0
matpower/case300,matpower/case300/2017-03-15,WARM_PRUNE_LAZY_T030,1.2767509640234098,0.7832381005992838,-110.17442399999999,0.0,,0.018724758291518786,1.0,3217.4044202712275,FAIL,C120,OPTIMAL,0.01030805,93888.0,0.0
matpower/case300,matpower/case300/2017-03-15,WARM_PRUNE_LAZY_T050,1.0804221644155505,0.9255641294076427,-37.833812999999964,0.0,,0.018724758291518786,1.0,13666.723540528055,FAIL,C120,OPTIMAL,0.0204382,93888.0,0.0
matpower/case300,matpower/case300/2017-03-15,WARM_PRUNE_LAZY_T080,0.5887657739269974,1.698468294666858,355.01322999999996,364.0,,0.018724758291518786,1.0,187.58827443045448,OK,OK,OPTIMAL,0.00037101,93888.0,0.0
matpower/case300,matpower/case300/2017-03-15,WARM_LPSCREEN_LAZY_T010,1.3639601434864115,0.7331592530584545,-135.628197,0.0,,0.018724758291518786,1.0,-128.55070598738482,OK,OK,OPTIMAL,0.00060299,93888.0,0.0
matpower/case300,matpower/case300/2017-03-15,WARM_LPSCREEN_LAZY_T020,1.3440966672272336,0.7439941072563789,-130.121123,0.0,,0.018724758291518786,1.0,-128.5507094720516,OK,OK,OPTIMAL,0.00060395,93888.0,0.0
matpower/case300,matpower/case300/2017-03-15,WARM_LPSCREEN_LAZY_T030,0.9881528493013214,1.0119891884206529,6.0937920000000645,95.0,,0.018724758291518786,1.0,51808.80084251363,OK,OK,OPTIMAL,0.04978902,93888.0,0.0
matpower/case300,matpower/case300/2017-03-15,WARM_LPSCREEN_LAZY_T050,0.7838025481048129,1.2758315246842964,140.19797499999999,320.0,,0.018724758291518786,1.0,15.544689681734885,OK,OK,OPTIMAL,0.00019955,93888.0,0.0
matpower/case300,matpower/case300/2017-03-15,WARM_LPSCREEN_LAZY_T080,0.5276963926978099,1.8950290618580352,454.91994500000004,367.0,,0.018724758291518786,1.0,206.55663780203145,OK,OK,OPTIMAL,0.00038996,93888.0,0.0
matpower/case300,matpower/case300/2017-03-15,WARM_SR_LAZY,0.7696565581663548,1.299280814786299,152.11663800000002,0.0,,0.7673234610206829,1.0,49011.03640250963,OK,OK,OPTIMAL,0.04723452,93888.0,0.0
matpower/case300,matpower/case300/2017-03-15,LAZY_BANDIT,1.3451588278948363,0.7434066366460179,-130.419719,0.0,,0.018724758291518786,1.0,-92183.02060327902,FAIL,C120,OPTIMAL,0.03152662,0.0,0.0
matpower/case300,matpower/case300/2017-03-15,ACTIVESET,2.4028056726215845,0.4161801394904103,-296.740419,0.0,,0.018724758291518786,1.0169450496247883,-623499.4490719651,FAIL,C120,OPTIMAL,0.00233161,0.0,0.0
matpower/case300,matpower/case300/2017-03-15,ACTIVESET_B500,2.281742370894087,0.4382615727156594,-285.517002,0.0,,0.018724758291518786,1.0134229000242072,-623499.4490718191,FAIL,C120,OPTIMAL,0.00234388,0.0,0.0
matpower/case300,matpower/case300/2017-03-15,ACTIVESET_B5000,2.3969302261406713,0.41720029606790565,-296.2219,0.0,,0.018724758291518786,1.0169450496247883,-623499.4490719651,FAIL,C120,OPTIMAL,0.00233161,0.0,0.0
matpower/case300,matpower/case300/2017-03-15,ACTIVESET_NOCLEAN,2.3983665290793423,0.416950448513751,-296.348891,0.0,,0.018724758291518786,1.0169450496247883,-623499.4490719651,FAIL,C120,OPTIMAL,0.00233161,0.0,0.0
matpower/case300,matpower/case300/2017-03-15,WARM_ACTIVESET,2.2997268415145027,0.43483425159374245,-287.25901999999996,0.0,,0.018724758291518786,1.0190752844347615,-622392.207567402,FAIL,C120,OPTIMAL,0.0052539,93888.0,2484.0
matpower/case300,matpower/case300/2017-03-15,ACTIVESET_LAZY,0.405664364645579,2.465092049368646,744.6681040000001,265.0,,0.018724758291518786,1.0,79230.1204918985,OK,OK,TIME_LIMIT,0.07379081,0.0,0.0
matpower/case300,matpower/case300/2017-03-15,ACTIVESET_LAZY_TOPK128,0.9332884172672778,1.0714801357205928,36.331489999999974,54.0,,0.018724758291518786,1.0310699588477366,-12546.58987238588,FAIL,C120,OPTIMAL,0.01163368,0.0,0.0
matpower/case300,matpower/case300/2017-03-15,WARM_ACTIVESET_LAZY,0.8237183277817387,1.2140072234315646,108.774294,0.0,,0.018724758291518786,1.0013919147906076,6943.080667170655,OK,OK,OPTIMAL,0.00922294,93888.0,2484.0
matpower/case300,matpower/case300/2017-03-15,SHRINK_LAZY,0.9778577771739361,1.0226436025186159,11.509153000000026,189.0,,0.004161963946568034,1.0,2635.1434897522777,FAIL,C108,OPTIMAL,0.01289876,0.0,0.0
matpower/case300,matpower/case300/2017-03-15,STREDUCE,2.018803210758368,0.4953429807674754,-256.50401,-1.0,,0.031011889382957795,1.0,-605041.4322224468,FAIL,C120,OPTIMAL,0.00528218,93888.0,0.0
matpower/case300,matpower/case300/2017-03-15,STREDUCE_CONSERVATIVE,1.3764645387193981,0.7264989194202968,-139.01347099999998,0.0,,0.05095255578672541,1.0,-596112.1292784186,FAIL,C120,OPTIMAL,0.0251774,93888.0,0.0
matpower/case300,matpower/case300/2017-03-15,STREDUCE_AGGRESSIVE,7.4602211268326695,0.1340442840766789,-440.142721,-1.0,,0.019971942325387435,1.0,-766462.9402055988,FAIL,C120,OPTIMAL,0.00510609,93888.0,0.0
matpower/case300,matpower/case300/2017-03-15,STREDUCE_GRU,2.0118986494005373,0.49704293021815915,-255.63996999999998,-1.0,,0.031011889382957795,1.0,-605041.4322224468,FAIL,C120,OPTIMAL,0.00528218,93888.0,0.0
matpower/case300,matpower/case300/2017-03-15,STREDUCE_LAZY,1.1403595907551776,0.8769163762965088,-62.560198000000014,0.0,,0.031011889382957795,1.0,11882.752680209049,OK,OK,OPTIMAL,0.01438464,93888.0,0.0
matpower/case300,matpower/case300/2017-03-15,STREDUCE_LAZY_CONSERVATIVE,1.1037252269546327,0.9060226001712144,-47.76626299999998,0.0,,0.05095255578672541,1.0,38684.41718850506,OK,OK,OPTIMAL,0.03882972,93888.0,0.0
matpower/case300,matpower/case300/2017-03-15,STREDUCE_LAZY_AGGRESSIVE,1.293814905259981,0.7729080844056736,-115.42490199999997,0.0,,0.019971942325387435,1.0,3850.0443554973544,OK,OK,OPTIMAL,0.00437979,93888.0,0.0
matpower/case300,matpower/case300/2017-03-15,STREDUCE_LAZY_GRU,1.205624632386307,0.8294455613607431,-86.688376,0.0,,0.031011889382957795,1.0,11882.752680227966,OK,OK,OPTIMAL,0.01438464,93888.0,0.0
matpower/case300,matpower/case300/2017-05-15,RAW_COMMIT_HINTS,1.3497341731762027,0.7408866278067139,-213.95953800000007,-94.0,,1.0,1.0,2671.7412708722995,OK,OK,OPTIMAL,0.00630311,0.0,0.0
matpower/case300,matpower/case300/2017-05-15,WARM,1.5311879031176798,0.6530877091987741,-286.45836700000007,-94.0,,1.0,1.0,7486.757040964246,OK,OK,OPTIMAL,0.01105222,93888.0,0.0
matpower/case300,matpower/case300/2017-05-15,WARM_BRANCH_HINTS,1.5574214806175715,0.642086944635864,-295.542107,-94.0,,1.0,1.0,7486.757040964246,OK,OK,OPTIMAL,0.01105222,93888.0,2484.0
matpower/case300,matpower/case300/2017-05-15,WARM_COMMIT_HINTS,1.5951749706505456,0.6268904780973207,-308.09039400000006,-94.0,,1.0,1.0,2671.7412708722995,OK,OK,OPTIMAL,0.00630311,93888.0,0.0
matpower/case300,matpower/case300/2017-05-15,WARM_GRU,1.3280345386283074,0.7529924643623156,-203.963299,-94.0,,1.0,1.0,7486.757040964246,OK,OK,OPTIMAL,0.01105222,93888.0,0.0
matpower/case300,matpower/case300/2017-05-15,LAZY_ALL,1.2103464785362676,0.8262096992336854,-143.50510800000006,155.0,,0.018724758291518786,1.0,27690.66983332953,OK,OK,OPTIMAL,0.03043619,0.0,0.0
matpower/case300,matpower/case300/2017-05-15,LAZY_TOPK128,1.9750400516609155,0.5063188461211443,-407.65087000000005,-23.0,,0.018724758291518786,1.0,16.68258120327223,OK,OK,OPTIMAL,0.00331525,0.0,0.0
matpower/case300,matpower/case300/2017-05-15,LAZY_BANDIT,2.1588658134199474,0.4632061862223198,-443.25059500000003,17.0,,0.018724758291518786,1.0,-53.15163641478549,OK,OK,OPTIMAL,0.00015285,0.0,0.0
matpower/case300,matpower/case300/2017-05-15,LAZY_GNN_T060,2.1485647377246613,0.46542698129682797,-441.416802,-94.0,,0.018724758291518786,1.0,-46618.60874576882,FAIL,C120,OPTIMAL,0.00039037,0.0,0.0
matpower/case300,matpower/case300/2017-05-15,LAZY_GNN_T080,6.231178986611688,0.16048327325352074,-693.220151,-95.0,,0.018724758291518786,1.0,-117247.46319743605,FAIL,C120,OPTIMAL,0.0070893,0.0,0.0
matpower/case300,matpower/case300/2017-05-15,LAZY_COMMIT_GNN_T060,2.2087665544479886,0.45274137186938634,-451.89178100000004,-94.0,,0.018724758291518786,1.0,-46618.60874576882,FAIL,C120,OPTIMAL,0.00112956,0.0,0.0
matpower/case300,matpower/case300/2017-05-15,WARM_LAZY,1.8646213145047978,0.5363019248042747,-382.89272800000003,-94.0,,0.018724758291518786,1.0,7486.757040612986,OK,OK,OPTIMAL,0.0111039,93888.0,0.0
matpower/case300,matpower/case300/2017-05-15,WARM_LAZY_TOPK128,2.1786978211134005,0.4589897645782565,-446.732251,-94.0,,0.018724758291518786,1.0,-88.22692582091929,OK,OK,OPTIMAL,0.0035603,93888.0,0.0
matpower/case300,matpower/case300/2017-05-15,WARM_LAZY_BANDIT,2.191672877210893,0.4562724713154241,-448.97602100000006,-94.0,,0.018724758291518786,1.0,7486.757041215119,OK,OK,OPTIMAL,0.01105281,93888.0,0.0
matpower/case300,matpower/case300/2017-05-15,WARM_LAZY_COMMIT_HINTS,1.868116484864752,0.5352985256015221,-383.72127200000006,-94.0,,0.018724758291518786,1.0,2671.7412705210395,OK,OK,OPTIMAL,0.00630311,93888.0,0.0
matpower/case300,matpower/case300/2017-05-15,WARM_LAZY_GRU,1.8946479674618524,0.5278025349160989,-389.91099,-94.0,,0.018724758291518786,1.0,7486.757040612986,OK,OK,OPTIMAL,0.0111039,93888.0,0.0
matpower/case300,matpower/case300/2017-05-15,WARM_LAZY_BRANCH_HINTS,1.8824984307880415,0.5312089421404645,-387.09819300000004,-94.0,,0.018724758291518786,1.0,7486.757040612986,OK,OK,OPTIMAL,0.0111039,93888.0,2484.0
matpower/case300,matpower/case300/2017-05-15,WARM_LAZY_GNN_T060,2.1417904344026586,0.4668990877620098,-440.201229,-94.0,,0.018724758291518786,1.0,-46618.60874576882,FAIL,C120,OPTIMAL,0.00112956,93888.0,0.0
matpower/case300,matpower/case300/2017-05-15,WARM_LAZY_COMMIT_GNN_T060,2.153419166092841,0.46437777453908236,-442.28317100000004,-94.0,,0.018724758291518786,1.0,-46618.60874576882,FAIL,C120,OPTIMAL,0.00112956,93888.0,0.0
matpower/case300,matpower/case300/2017-05-15,WARM_LAZY_COMMIT_GRU,1.873582898942553,0.5337367247344104,-385.010909,-94.0,,0.018724758291518786,1.0,2671.7412705210395,OK,OK,OPTIMAL,0.00630311,93888.0,0.0
matpower/case300,matpower/case300/2017-05-15,WARM_LAZY_ML_STACK,2.187995260565567,0.45703938121946097,-448.342755,-94.0,,0.018724758291518786,1.0,-46618.60874576882,FAIL,C120,OPTIMAL,0.00112956,93888.0,2484.0
matpower/case300,matpower/case300/2017-05-15,WARM_PRUNE_T010,4.657678314155377,0.21469924124232695,-648.452012,-95.0,,0.01960592338759026,1.0,48215.10990403895,FAIL,C120,OPTIMAL,0.04947775,93888.0,0.0
matpower/case300,matpower/case300/2017-05-15,WARM_PRUNE_T020,5.362945523199311,0.18646469476039754,-671.766326,-95.0,,0.020046505935625996,1.0,47447.652797174334,FAIL,C120,OPTIMAL,0.04878131,93888.0,0.0
matpower/case300,matpower/case300/2017-05-15,WARM_PRUNE_T030,2.2126049877975515,0.4519559548654049,-452.54032900000004,-94.0,,0.03908946273405948,1.0,7486.757040964246,OK,OK,OPTIMAL,0.01105222,93888.0,0.0
matpower/case300,matpower/case300/2017-05-15,WARM_PRUNE_T050,2.1861708408944494,0.4574207931484715,-448.02780900000005,-94.0,,0.0828539958389426,1.0,7486.757041064445,OK,OK,OPTIMAL,0.01105222,93888.0,0.0
matpower/case300,matpower/case300/2017-05-15,WARM_PRUNE_T080,1.971535851184196,0.5072187753518931,-406.90776500000004,-94.0,,0.38615428548117325,1.0,7486.757041164832,OK,OK,OPTIMAL,0.01105222,93888.0,0.0
matpower/case300,matpower/case300/2017-05-15,WARM_LPSCREEN_T010,4.149072559949115,0.24101771794809587,-626.719868,-95.0,,0.01962224125973973,1.0,3567.2669227456463,FAIL,C120,OPTIMAL,0.04877775,93888.0,0.0
matpower/case300,matpower/case300/2017-05-15,WARM_LPSCREEN_T020,2.888291925128656,0.34622539061921725,-539.845984,-95.0,,0.020633949333006975,1.0,779.33174602394,FAIL,C120,OPTIMAL,0.04612787,93888.0,0.0
matpower/case300,matpower/case300/2017-05-15,WARM_LPSCREEN_T030,2.1637733786642284,0.46215560735724287,-444.11809700000003,-95.0,,0.04556765797739975,1.0,47702.147917522874,OK,OK,OPTIMAL,0.04901236,93888.0,0.0
matpower/case300,matpower/case300/2017-05-15,WARM_LPSCREEN_T050,1.9636589992106315,0.5092533889040758,-405.22770900000006,-94.0,,0.09969403989719741,1.0,7486.757040964246,OK,OK,OPTIMAL,0.01105222,93888.0,0.0
matpower/case300,matpower/case300/2017-05-15,WARM_LPSCREEN_T080,1.9008088833617645,0.5260918174116501,-391.323593,-94.0,,0.4140578468567699,1.0,7486.757041164832,OK,OK,OPTIMAL,0.01105222,93888.0,0.0
matpower/case300,matpower/case300/2017-05-15,WARM_PRUNE_LAZY_T010,2.197612023116327,0.4550393743213821,-449.99423500000006,-94.0,,0.018724758291518786,1.0,-89.19845214958589,FAIL,C120,OPTIMAL,0.00355933,93888.0,0.0
matpower/case300,matpower/case300/2017-05-15,WARM_PRUNE_LAZY_T020,2.25872688884677,0.4427272747926449,-460.160793,-94.0,,0.018724758291518786,1.0,-89.19843293009684,FAIL,C120,OPTIMAL,0.00355933,93888.0,0.0
matpower/case300,matpower/case300/2017-05-15,WARM_PRUNE_LAZY_T030,2.0952454615014804,0.47727104932296904,-431.63671500000004,-94.0,,0.018724758291518786,1.0,7486.757040813572,OK,OK,OPTIMAL,0.01134794,93888.0,0.0
matpower/case300,matpower/case300/2017-05-15,WARM_PRUNE_LAZY_T050,1.928404029721149,0.5185635295237389,-397.53998,-94.0,,0.018724758291518786,1.0,7486.7570408638585,OK,OK,OPTIMAL,0.01119358,93888.0,0.0
matpower/case300,matpower/case300/2017-05-15,WARM_PRUNE_LAZY_T080,1.956164169859153,0.5112045376395998,-403.616573,-94.0,,0.018724758291518786,1.0,7486.757040813572,OK,OK,OPTIMAL,0.01117852,93888.0,0.0
matpower/case300,matpower/case300/2017-05-15,WARM_LPSCREEN_LAZY_T010,2.189400692194936,0.45674599609150196,-448.58501400000006,-94.0,,0.018724758291518786,1.0,-41928.83105548787,FAIL,C120,OPTIMAL,0.00360689,93888.0,0.0
matpower/case300,matpower/case300/2017-05-15,WARM_LPSCREEN_LAZY_T020,2.211066097576659,0.45227051380146693,-452.280586,-94.0,,0.018724758291518786,1.0,-41928.83105548787,FAIL,C120,OPTIMAL,0.00360689,93888.0,0.0
matpower/case300,matpower/case300/2017-05-15,WARM_LPSCREEN_LAZY_T030,1.911126196687096,0.5232516836059715,-393.66879700000004,-94.0,,0.018724758291518786,1.0,7486.757040913959,OK,OK,OPTIMAL,0.01134853,93888.0,0.0
matpower/case300,matpower/case300/2017-05-15,WARM_LPSCREEN_LAZY_T050,1.9076483974114529,0.524205614282449,-392.88110100000006,-94.0,,0.018724758291518786,1.0,7486.757040612986,OK,OK,OPTIMAL,0.011393,93888.0,0.0
matpower/case300,matpower/case300/2017-05-15,WARM_LPSCREEN_LAZY_T080,1.8499183824369352,0.5405643889449218,-379.373053,-94.0,,0.018724758291518786,1.0,7486.757040612986,OK,OK,OPTIMAL,0.01118775,93888.0,0.0
matpower/case300,matpower/case300/2017-05-15,WARM_SR_LAZY,1.616245963709103,0.6187177090949154,-314.83895300000006,-94.0,,0.7556235466895117,1.0,7486.7570408638585,OK,OK,OPTIMAL,0.01105222,93888.0,0.0
matpower/case300,matpower/case300/2017-05-15,RAW_GNN,2.234214201759827,0.447584658271498,-456.149871,-94.0,,0.030571533472035246,1.0,-46552.633486572275,FAIL,C120,OPTIMAL,0.00119867,0.0,0.0
matpower/case300,matpower/case300/2017-05-15,LAZY_COMMIT_HINTS,1.871813717718492,0.5342411964043493,-384.594348,-94.0,,0.018724758291518786,1.0,2671.7412705210395,OK,OK,OPTIMAL,0.00630311,0.0,0.0
matpower/case300,matpower/case300/2017-05-15,ACTIVESET,4.266623831146481,0.2343773530490245,-632.203064,-94.0,,0.018724758291518786,1.0054587267005568,-100988.07625118479,FAIL,C120,OPTIMAL,0.01241735,0.0,0.0
matpower/case300,matpower/case300/2017-05-15,ACTIVESET_B500,4.276480564819307,0.23383714361443678,-632.649135,-94.0,,0.018724758291518786,1.0054587267005568,-100988.07625118479,FAIL,C120,OPTIMAL,0.01241735,0.0,0.0
matpower/case300,matpower/case300/2017-05-15,ACTIVESET_B5000,4.288436762239124,0.23318520370995732,-633.1874660000001,-94.0,,0.018724758291518786,1.0054587267005568,-100988.07625118479,FAIL,C120,OPTIMAL,0.01241735,0.0,0.0
matpower/case300,matpower/case300/2017-05-15,ACTIVESET_NOCLEAN,4.29150909103628,0.2330182643883268,-633.325314,-94.0,,0.018724758291518786,1.0054587267005568,-100988.07625118479,FAIL,C120,OPTIMAL,0.01241735,0.0,0.0
matpower/case300,matpower/case300/2017-05-15,WARM_ACTIVESET,4.121709642778309,0.24261776948604583,-625.3986460000001,-94.0,,0.018724758291518786,1.0049261679980634,-102464.8630907395,FAIL,C120,OPTIMAL,0.01098134,93888.0,2484.0
matpower/case300,matpower/case300/2017-05-15,ACTIVESET_LAZY,1.007089185175092,0.9929607176013319,-5.8125969999999825,166.0,,0.018724758291518786,1.0,22002.77783028318,OK,OK,OPTIMAL,0.02504015,0.0,0.0
matpower/case300,matpower/case300/2017-05-15,ACTIVESET_LAZY_TOPK128,1.9223089591970113,0.5202077403924293,-396.182294,-94.0,,0.018724758291518786,1.0,-88.22692582091929,OK,OK,OPTIMAL,0.0035603,0.0,0.0
matpower/case300,matpower/case300/2017-05-15,WARM_ACTIVESET_LAZY,1.6691459055611075,0.5991087996970735,-331.03075800000005,-94.0,,0.018724758291518786,1.0,7486.757040612986,OK,OK,OPTIMAL,0.0111039,93888.0,2484.0
matpower/case300,matpower/case300/2017-05-15,SHRINK_LAZY,2.045667176308941,0.4888380727720968,-422.08539400000006,31.0,,0.004161963946568034,1.0,27010.951464008795,FAIL,C108,OPTIMAL,0.04578216,0.0,0.0
matpower/case300,matpower/case300/2017-05-15,STREDUCE,5.44713944372808,0.18358259602687707,-674.1461820000001,-95.0,,0.03103364654582376,1.0,-4040.517765134577,FAIL,C120,OPTIMAL,0.04005877,93888.0,0.0
matpower/case300,matpower/case300/2017-05-15,STREDUCE_CONSERVATIVE,1.8951626702241455,0.527659190269787,-390.029355,-94.0,,0.050956181980536405,1.0,-35044.50270072951,FAIL,C120,OPTIMAL,0.0128245,93888.0,0.0
matpower/case300,matpower/case300/2017-05-15,STREDUCE_AGGRESSIVE,13.176871295637804,0.07589054924829154,-763.071506,-95.0,,0.0199637833893127,1.0,-91183.4029664552,FAIL,C120,OPTIMAL,0.02422936,93888.0,0.0
matpower/case300,matpower/case300/2017-05-15,STREDUCE_GRU,5.43929584201175,0.18384732675804322,-673.927584,-95.0,,0.03103364654582376,1.0,-4040.517765134577,FAIL,C120,OPTIMAL,0.04005877,93888.0,0.0
matpower/case300,matpower/case300/2017-05-15,STREDUCE_LAZY,2.039637268771778,0.4902832554153988,-420.89205300000003,-94.0,,0.03103364654582376,1.0,7486.7570408638585,OK,OK,OPTIMAL,0.00863262,93888.0,0.0
matpower/case300,matpower/case300/2017-05-15,STREDUCE_LAZY_CONSERVATIVE,2.0224498636368753,0.4944498343220967,-417.45155400000004,-94.0,,0.050956181980536405,1.0,7486.757040763471,OK,OK,OPTIMAL,0.01239019,93888.0,0.0
matpower/case300,matpower/case300/2017-05-15,STREDUCE_LAZY_AGGRESSIVE,2.0584551373780737,0.4858012117153716,-424.593043,-94.0,,0.0199637833893127,1.0,7486.757040663086,OK,OK,OPTIMAL,0.00755177,93888.0,0.0
matpower/case300,matpower/case300/2017-05-15,STREDUCE_LAZY_GRU,2.0144669299804776,0.49640924113343027,-415.83359900000005,-94.0,,0.03103364654582376,1.0,7486.757041215119,OK,OK,OPTIMAL,0.00863262,93888.0,0.0
matpower/case300,matpower/case300/2017-07-15,RAW_COMMIT_HINTS,0.7377241640235067,1.3555201913762123,205.92981200000008,0.0,,1.0,1.0,4136.128848978912,OK,OK,OPTIMAL,0.00519138,0.0,0.0
matpower/case300,matpower/case300/2017-07-15,WARM,0.944172333395225,1.059128683006438,34.24941500000011,0.0,,1.0,1.0,-341.25890230945106,OK,OK,OPTIMAL,0.00078117,93888.0,0.0
matpower/case300,matpower/case300/2017-07-15,WARM_BRANCH_HINTS,0.9935680601775827,1.0064735774832252,3.7497240000000147,0.0,,1.0,1.0,1073.1968005198853,OK,OK,OPTIMAL,0.003089,93888.0,2484.0
matpower/case300,matpower/case300/2017-07-15,WARM_COMMIT_HINTS,0.7629627745072354,1.3106799353950875,179.95675700000004,0.0,,1.0,1.0,4136.128848978912,OK,OK,OPTIMAL,0.00519138,93888.0,0.0
matpower/case300,matpower/case300/2017-07-15,WARM_GRU,0.9351335012031645,1.0693660303190686,40.17924700000003,0.0,,1.0,1.0,-341.25890230945106,OK,OK,OPTIMAL,0.00078117,93888.0,0.0
matpower/case300,matpower/case300/2017-07-15,LAZY_ALL,0.7995159335703486,1.2507568117302705,145.2471740000001,1242.0,,0.018724758291518786,1.0,-713.1399118160328,OK,OK,OPTIMAL,0.00118014,0.0,0.0
matpower/case300,matpower/case300/2017-07-15,LAZY_TOPK128,1.3615164140736342,0.7344751702317102,-153.80132999999995,560.0,,0.018724758291518786,1.0,-3908.4680021841277,FAIL,C120,OPTIMAL,0.02146417,0.0,0.0
matpower/case300,matpower/case300/2017-07-15,LAZY_BANDIT,1.4361237235236546,0.6963188363370343,-175.90282199999996,0.0,,0.018724758291518786,1.0,-418308.60261796595,FAIL,C120,OPTIMAL,0.0,0.0,0.0
matpower/case300,matpower/case300/2017-07-15,LAZY_COMMIT_HINTS,0.4754256966774901,2.1033781030106167,639.115445,774.0,,0.018724758291518786,1.0,90433.19143613175,OK,OK,TIME_LIMIT,0.08464258,0.0,0.0
matpower/case300,matpower/case300/2017-07-15,LAZY_GNN_T080,1.578075950859653,0.6336830616138929,-212.18366799999995,0.0,,0.018724758291518786,1.0,-747256.399269967,FAIL,C120,OPTIMAL,0.00476115,0.0,0.0
matpower/case300,matpower/case300/2017-07-15,LAZY_COMMIT_GNN_T060,1.4769227320358216,0.6770834914441183,-187.04461099999992,172.0,,0.018724758291518786,1.0,-548740.4202397885,FAIL,C120,OPTIMAL,0.01164272,0.0,0.0
matpower/case300,matpower/case300/2017-07-15,WARM_LAZY,0.6413823859355731,1.559132308476663,323.86911900000007,245.0,,0.018724758291518786,1.0,532.8761466337612,OK,OK,OPTIMAL,0.00209881,93888.0,0.0
matpower/case300,matpower/case300/2017-07-15,WARM_LAZY_TOPK128,1.4404583944382228,0.6942234526600117,-177.11654199999992,339.0,,0.018724758291518786,1.0,16207.226400150814,FAIL,C120,OPTIMAL,0.03359228,93888.0,0.0
matpower/case300,matpower/case300/2017-07-15,WARM_LAZY_BANDIT,1.5301889339040535,0.6535140712648118,-200.69684899999993,0.0,,0.018724758291518786,1.0,-418308.60261796595,FAIL,C120,OPTIMAL,0.0,93888.0,0.0
matpower/case300,matpower/case300/2017-07-15,WARM_LAZY_COMMIT_HINTS,0.4808797067826258,2.079522146381682,625.2972350000001,1624.0,,0.018724758291518786,1.0,90407.46624444461,OK,OK,TIME_LIMIT,0.08462098,93888.0,0.0
matpower/case300,matpower/case300/2017-07-15,WARM_LAZY_GRU,0.6449327153102339,1.5505493460956885,318.8975650000001,245.0,,0.018724758291518786,1.0,532.8761466337612,OK,OK,OPTIMAL,0.00209881,93888.0,0.0
matpower/case300,matpower/case300/2017-07-15,WARM_LAZY_BRANCH_HINTS,1.1264598624128082,0.8877369122216757,-65.02673299999992,0.0,,0.018724758291518786,1.0,1073.1968004500725,OK,OK,OPTIMAL,0.00344302,93888.0,2484.0
matpower/case300,matpower/case300/2017-07-15,WARM_LAZY_GNN_T060,1.5320692622281702,0.6527120050340587,-201.16143399999993,69.0,,0.018724758291518786,1.0,-548833.88283197,FAIL,C120,OPTIMAL,0.00944901,93888.0,0.0
matpower/case300,matpower/case300/2017-07-15,WARM_LAZY_COMMIT_GNN_T060,1.510413417163136,0.6620703898924598,-195.74072799999993,172.0,,0.018724758291518786,1.0,-548740.4202397885,FAIL,C120,OPTIMAL,0.01164272,93888.0,0.0
matpower/case300,matpower/case300/2017-07-15,WARM_LAZY_COMMIT_GRU,0.4772759956302995,2.095223747172496,634.3921550000001,1638.0,,0.018724758291518786,1.0,90407.46624444461,OK,OK,TIME_LIMIT,0.08462098,93888.0,0.0
matpower/case300,matpower/case300/2017-07-15,WARM_LAZY_ML_STACK,1.577502319185076,0.6339134895957499,-212.05019599999997,0.0,,0.018724758291518786,1.0,-543925.0213649513,FAIL,C120,OPTIMAL,0.02236305,93888.0,2484.0
matpower/case300,matpower/case300/2017-07-15,WARM_PRUNE_T010,4.247398380974313,0.23543824014233614,-442.86108999999993,-1.0,,0.022249418675804676,1.0,47087.4845733116,FAIL,C120,OPTIMAL,0.04844487,93888.0,0.0
matpower/case300,matpower/case300/2017-07-15,WARM_PRUNE_T020,3.378592214766478,0.29598126569681865,-407.79243799999995,-1.0,,0.0229837229225309,1.0,26725.20353934941,FAIL,C120,OPTIMAL,0.02957338,93888.0,0.0
matpower/case300,matpower/case300/2017-07-15,WARM_PRUNE_T030,1.5774056390027549,0.6339523425516634,-212.02769099999995,-1.0,,0.03633174234079876,1.0,2503.100787470998,FAIL,C120,OPTIMAL,0.00474134,93888.0,0.0
matpower/case300,matpower/case300/2017-07-15,WARM_PRUNE_T050,1.485353256912057,0.673240520628021,-189.27059499999996,0.0,,0.11560396524293232,1.0,-341.25890230945106,OK,OK,OPTIMAL,0.0007773,93888.0,0.0
matpower/case300,matpower/case300/2017-07-15,WARM_PRUNE_T080,1.2107119995235032,0.8259602617249745,-100.80994399999992,0.0,,0.43138742707950883,1.0,-341.25890222221767,OK,OK,OPTIMAL,0.00098711,93888.0,0.0
matpower/case300,matpower/case300/2017-07-15,WARM_LPSCREEN_T010,4.748907575790196,0.21057474462084153,-457.26290199999994,-1.0,,0.020878717415249052,1.0,50208.67759822628,FAIL,C120,OPTIMAL,0.04973087,93888.0,0.0
matpower/case300,matpower/case300/2017-07-15,WARM_LPSCREEN_T020,2.4621261786516,0.4061530268719439,-343.97707499999996,-1.0,,0.022738954840288827,1.0,41437.27441038884,FAIL,C120,OPTIMAL,0.04172732,93888.0,0.0
matpower/case300,matpower/case300/2017-07-15,WARM_LPSCREEN_T030,1.4475577397920762,0.6908187304111528,-179.08867699999996,85.0,,0.07981887161914086,1.0,4151.836106895403,OK,OK,OPTIMAL,0.00527178,93888.0,0.0
matpower/case300,matpower/case300/2017-07-15,WARM_LPSCREEN_T050,1.2975901038495774,0.7706593916162638,-132.84215499999993,191.0,,0.16157141108799414,1.0,2978.527270213009,OK,OK,OPTIMAL,0.00393753,93888.0,0.0
matpower/case300,matpower/case300/2017-07-15,WARM_LPSCREEN_T080,1.2142243971952458,0.8235709991579103,-102.19388899999996,0.0,,0.4838330681679109,1.0,-341.25890230945106,OK,OK,OPTIMAL,0.00082476,93888.0,0.0
matpower/case300,matpower/case300/2017-07-15,WARM_PRUNE_LAZY_T010,1.536973968072145,0.6506291067859259,-202.36792199999996,0.0,,0.018724758291518786,1.0,26676.01668175783,FAIL,C120,OPTIMAL,0.02951872,93888.0,0.0
matpower/case300,matpower/case300/2017-07-15,WARM_PRUNE_LAZY_T020,1.4803703564378408,0.675506636330021,-187.95798099999996,0.0,,0.018724758291518786,1.0,29736.568438602084,FAIL,C120,OPTIMAL,0.03240315,93888.0,0.0
matpower/case300,matpower/case300/2017-07-15,WARM_PRUNE_LAZY_T030,1.326228316892601,0.7540179826223548,-142.48144499999995,214.0,,0.018724758291518786,1.0,33850.34420037918,FAIL,C120,OPTIMAL,0.03412666,93888.0,0.0
matpower/case300,matpower/case300/2017-07-15,WARM_PRUNE_LAZY_T050,0.7417305109874011,1.3481985508035625,201.6888600000001,224.0,,0.018724758291518786,1.0,4167.024604754476,OK,OK,OPTIMAL,0.00574103,93888.0,0.0
matpower/case300,matpower/case300/2017-07-15,WARM_PRUNE_LAZY_T080,1.0653478315049336,0.9386605674011447,-35.52995899999996,232.0,,0.018724758291518786,1.0,406.9025718116752,OK,OK,OPTIMAL,0.00185673,93888.0,0.0
matpower/case300,matpower/case300/2017-07-15,WARM_LPSCREEN_LAZY_T010,1.5362534030904165,0.6509342781525118,-202.19115599999992,0.0,,0.018724758291518786,1.0,34881.29731941565,FAIL,C120,OPTIMAL,0.03565806,93888.0,0.0
matpower/case300,matpower/case300/2017-07-15,WARM_LPSCREEN_LAZY_T020,1.4488882699692693,0.6901843439047304,-179.45613599999996,0.0,,0.018724758291518786,1.0,-322.4869066325158,FAIL,C120,OPTIMAL,0.00081085,93888.0,0.0
matpower/case300,matpower/case300/2017-07-15,WARM_LPSCREEN_LAZY_T030,1.0357364762915753,0.9654965552439279,-19.98560999999995,234.0,,0.018724758291518786,1.0,26815.605154191388,FAIL,C120,OPTIMAL,0.02790918,93888.0,0.0
matpower/case300,matpower/case300/2017-07-15,WARM_LPSCREEN_LAZY_T050,0.7921743500507777,1.2623483705776395,151.9614130000001,140.0,,0.018724758291518786,1.0,812.9033337241199,OK,OK,OPTIMAL,0.00202401,93888.0,0.0
matpower/case300,matpower/case300/2017-07-15,WARM_LPSCREEN_LAZY_T080,0.9493132993726325,1.053393016468709,30.92711500000007,306.0,,0.018724758291518786,1.0,1423.6661328866373,FAIL,C120,OPTIMAL,0.00286804,93888.0,0.0
matpower/case300,matpower/case300/2017-07-15,WARM_SR_LAZY,0.7953769700178107,1.2572654699539605,149.01721800000007,0.0,,0.7861216497368743,1.0,30809.316851628155,OK,OK,OPTIMAL,0.03110937,93888.0,0.0
matpower/case300,matpower/case300/2017-07-15,RAW_GNN,1.544410081394316,0.6474964208322089,-204.18248399999993,0.0,,0.030571533472035246,1.0,-550449.9457167566,FAIL,C120,OPTIMAL,0.00665689,0.0,0.0
matpower/case300,matpower/case300/2017-07-15,LAZY_GNN_T060,1.5031927435455925,0.6652506834494771,-193.89858999999996,74.0,,0.018724758291518786,1.0,-548271.0362212759,FAIL,C120,OPTIMAL,0.01068322,0.0,0.0
matpower/case300,matpower/case300/2017-07-15,ACTIVESET,2.7418161502297442,0.3647217556568143,-367.97552599999995,0.0,,0.018724758291518786,1.015444202372307,-590317.2735089908,FAIL,C120,OPTIMAL,0.00338582,0.0,0.0
matpower/case300,matpower/case300/2017-07-15,ACTIVESET_B500,2.691509486785152,0.3715387238684566,-364.02689799999996,0.0,,0.018724758291518786,1.0126966836117164,-590317.2735088512,FAIL,C120,OPTIMAL,0.00338606,0.0,0.0
matpower/case300,matpower/case300/2017-07-15,ACTIVESET_B5000,2.7485011484140784,0.36383466697003686,-368.4893589999999,0.0,,0.018724758291518786,1.015444202372307,-590317.2735089908,FAIL,C120,OPTIMAL,0.00338582,0.0,0.0
matpower/case300,matpower/case300/2017-07-15,ACTIVESET_NOCLEAN,2.7399601311784028,0.36496881418851873,-367.83242099999995,0.0,,0.018724758291518786,1.015444202372307,-590317.2735089908,FAIL,C120,OPTIMAL,0.00338582,0.0,0.0
matpower/case300,matpower/case300/2017-07-15,WARM_ACTIVESET,2.7762202679166745,0.3602019665213445,-370.59354699999994,0.0,,0.018724758291518786,1.015274751876059,-588529.5433402401,FAIL,C120,OPTIMAL,0.00772683,93888.0,2484.0
matpower/case300,matpower/case300/2017-07-15,ACTIVESET_LAZY,0.7471641153584242,1.3383940414754625,196.00974300000007,0.0,,0.018724758291518786,1.0011861534737352,17992.371634632997,OK,OK,OPTIMAL,0.01225053,0.0,0.0
matpower/case300,matpower/case300/2017-07-15,ACTIVESET_LAZY_TOPK128,1.0840829467838697,0.9224386408500225,-44.92626999999993,0.0,,0.018724758291518786,1.0025054466230936,13298.68372614248,FAIL,C120,OPTIMAL,0.00966768,0.0,0.0
matpower/case300,matpower/case300/2017-07-15,WARM_ACTIVESET_LAZY,1.0883483679151698,0.9188234479696891,-47.02031699999998,0.0,,0.018724758291518786,1.0011619462599854,8308.197066060742,OK,OK,OPTIMAL,0.00558435,93888.0,2484.0
matpower/case300,matpower/case300/2017-07-15,SHRINK_LAZY,1.1461296937485017,0.8725016073263282,-73.85155799999995,76.0,,0.004162190583681221,1.0,7149.260605708718,FAIL,C108,OPTIMAL,0.0400298,0.0,0.0
matpower/case300,matpower/case300/2017-07-15,STREDUCE,4.162527565367472,0.24023864930530953,-440.08052399999997,-1.0,,0.031009396374712738,1.0,-529926.1035785559,FAIL,C120,OPTIMAL,0.04796325,93888.0,0.0
matpower/case300,matpower/case300/2017-07-15,STREDUCE_CONSERVATIVE,1.5708594174522545,0.636594203714219,-210.49743199999995,0.0,,0.050931251898085825,1.0,-533305.7406942351,FAIL,C120,OPTIMAL,0.041847,93888.0,0.0
matpower/case300,matpower/case300/2017-07-15,STREDUCE_AGGRESSIVE,7.90566721085797,0.1264915374412116,-505.96685599999995,-1.0,,0.019958570735709398,1.0,-744160.4008754834,FAIL,C120,OPTIMAL,0.00909381,93888.0,0.0
matpower/case300,matpower/case300/2017-07-15,STREDUCE_GRU,4.155446880421521,0.24064800460126728,-439.84341099999995,-1.0,,0.031009396374712738,1.0,-529926.1035785559,FAIL,C120,OPTIMAL,0.04796325,93888.0,0.0
matpower/case300,matpower/case300/2017-07-15,STREDUCE_LAZY,0.9320880220656752,1.0728600478995747,42.20310500000005,266.0,,0.031009396374712738,1.0,19822.334184576306,OK,OK,OPTIMAL,0.01824959,93888.0,0.0
matpower/case300,matpower/case300/2017-07-15,STREDUCE_LAZY_CONSERVATIVE,1.089136973519671,0.918158160372047,-47.405674999999974,0.0,,0.050931251898085825,1.0,11980.535796539623,OK,OK,OPTIMAL,0.01384347,93888.0,0.0
matpower/case300,matpower/case300/2017-07-15,STREDUCE_LAZY_AGGRESSIVE,0.9229972144818211,1.0834268883047593,48.32379100000003,436.0,,0.019958570735709398,1.0,5081.249067998945,OK,OK,OPTIMAL,0.00352245,93888.0,0.0
matpower/case300,matpower/case300/2017-07-15,STREDUCE_LAZY_GRU,0.8860320877055059,1.1286272967716426,74.50545900000009,266.0,,0.031009396374712738,1.0,19822.334184576306,OK,OK,OPTIMAL,0.01824959,93888.0,0.0
matpower/case300,matpower/case300/2017-09-15,RAW_GNN,1.655642935614744,0.6039949668427134,-202.08198499999997,-1.0,,0.030571533472035246,1.0,-71466.96359170577,FAIL,C120,OPTIMAL,0.04603756,0.0,0.0
matpower/case300,matpower/case300/2017-09-15,WARM,0.8895603926931192,1.1241507695419397,63.354331,0.0,,1.0,1.0,45566.48480217406,OK,OK,OPTIMAL,0.0443809,93888.0,0.0
matpower/case300,matpower/case300/2017-09-15,WARM_BRANCH_HINTS,0.8903755703840954,1.123121560454106,62.82912399999998,0.0,,1.0,1.0,45566.48480217406,OK,OK,OPTIMAL,0.0443809,93888.0,2484.0
matpower/case300,matpower/case300/2017-09-15,WARM_COMMIT_HINTS,0.892528737146998,1.120412103700479,61.44648399999994,0.0,,1.0,1.0,13323.22004580569,OK,OK,OPTIMAL,0.01397374,93888.0,0.0
matpower/case300,matpower/case300/2017-09-15,WARM_GRU,0.8700095340683356,1.1494126912883396,76.24552900000003,0.0,,1.0,1.0,45566.48480217406,OK,OK,OPTIMAL,0.0443809,93888.0,0.0
matpower/case300,matpower/case300/2017-09-15,LAZY_TOPK128,1.355503525947964,0.7377332340767284,-133.83513900000003,0.0,,0.018724758291518786,1.0,-512025.27026670787,FAIL,C120,OPTIMAL,0.0,0.0,0.0
matpower/case300,matpower/case300/2017-09-15,LAZY_BANDIT,1.2724694325747212,0.7858734947971165,-109.26908900000001,0.0,,0.018724758291518786,1.0,-565716.2891864094,FAIL,C120,OPTIMAL,0.0,0.0,0.0
matpower/case300,matpower/case300/2017-09-15,LAZY_COMMIT_HINTS,1.2112353089657093,0.8256034088487016,-88.99485199999998,0.0,,0.018724758291518786,1.0,3578.8331998781223,OK,OK,OPTIMAL,0.00468673,0.0,0.0
matpower/case300,matpower/case300/2017-09-15,LAZY_GNN_T060,1.2936373257020102,0.7730141826708163,-115.83121599999998,0.0,,0.018724758291518786,1.0,-101922.7776445027,FAIL,C120,OPTIMAL,0.00121673,0.0,0.0
matpower/case300,matpower/case300/2017-09-15,LAZY_GNN_T080,3.1946246144418193,0.3130258232780583,-350.563992,-1.0,,0.018724758291518786,1.0,-838111.6347062258,FAIL,C120,OPTIMAL,0.01354212,0.0,0.0
matpower/case300,matpower/case300/2017-09-15,LAZY_COMMIT_GNN_T060,1.2826578464582306,0.779631140729598,-112.45457199999998,0.0,,0.018724758291518786,1.0,-99825.9853189673,FAIL,C120,OPTIMAL,0.00354322,0.0,0.0
matpower/case300,matpower/case300/2017-09-15,WARM_LAZY,1.0960361138308663,0.9123786957208913,-44.71328799999998,0.0,,0.018724758291518786,1.0,45566.48480145872,OK,OK,OPTIMAL,0.0443809,93888.0,0.0
matpower/case300,matpower/case300/2017-09-15,WARM_LAZY_TOPK128,1.2984812355351973,0.7701304975638159,-117.30276500000002,0.0,,0.018724758291518786,1.0,-512025.27026670787,FAIL,C120,OPTIMAL,0.0,93888.0,0.0
matpower/case300,matpower/case300/2017-09-15,WARM_LAZY_BANDIT,1.3063954232809634,0.7654650209111551,-119.68356499999999,0.0,,0.018724758291518786,1.0,-565716.2891864094,FAIL,C120,OPTIMAL,0.0,93888.0,0.0
matpower/case300,matpower/case300/2017-09-15,WARM_LAZY_COMMIT_HINTS,1.1396462130877858,0.8774652945062442,-62.529651,0.0,,0.018724758291518786,1.0,13384.32722418646,OK,OK,OPTIMAL,0.01996397,93888.0,0.0
matpower/case300,matpower/case300/2017-09-15,WARM_LAZY_GRU,1.1028223848765377,0.9067643291552803,-47.57830799999999,0.0,,0.018724758291518786,1.0,45566.48480145872,OK,OK,OPTIMAL,0.0443809,93888.0,0.0
matpower/case300,matpower/case300/2017-09-15,WARM_LAZY_BRANCH_HINTS,1.1001455042010964,0.9089706735893812,-46.452406999999994,0.0,,0.018724758291518786,1.0,45566.48480145872,OK,OK,OPTIMAL,0.0443809,93888.0,2484.0
matpower/case300,matpower/case300/2017-09-15,WARM_LAZY_GNN_T060,1.3136504078790983,0.7612375362593691,-121.84085700000003,0.0,,0.018724758291518786,1.0,-84792.72030938666,FAIL,C120,OPTIMAL,0.01991109,93888.0,0.0
matpower/case300,matpower/case300/2017-09-15,WARM_LAZY_COMMIT_GNN_T060,1.3151669979294107,0.7603597121691713,-122.28881200000001,0.0,,0.018724758291518786,1.0,-100056.03167115868,FAIL,C120,OPTIMAL,0.0032885,93888.0,0.0
matpower/case300,matpower/case300/2017-09-15,WARM_LAZY_COMMIT_GRU,1.1399714333814992,0.8772149640923004,-62.65739500000001,0.0,,0.018724758291518786,1.0,13384.32722418646,OK,OK,OPTIMAL,0.01996397,93888.0,0.0
matpower/case300,matpower/case300/2017-09-15,WARM_LAZY_ML_STACK,1.3165509834760638,0.7595604063579213,-122.69669900000002,0.0,,0.018724758291518786,1.0,-493624.2336511548,FAIL,C120,OPTIMAL,0.0,93888.0,2484.0
matpower/case300,matpower/case300/2017-09-15,WARM_PRUNE_T010,5.2150340849418235,0.1917533008820508,-412.449549,-1.0,,0.022249418675804676,1.0,46810.06758059398,FAIL,C120,OPTIMAL,0.04551615,93888.0,0.0
matpower/case300,matpower/case300/2017-09-15,WARM_PRUNE_T020,3.688441839087485,0.27111719355385,-371.95003099999997,-1.0,,0.0229837229225309,1.0,51432.869101826975,FAIL,C120,OPTIMAL,0.0497127,93888.0,0.0
matpower/case300,matpower/case300/2017-09-15,WARM_PRUNE_T030,1.7470604283043716,0.5723900466170828,-218.21002500000003,-1.0,,0.03633174234079876,1.0,39156.99664981431,FAIL,C120,OPTIMAL,0.04124521,93888.0,0.0
matpower/case300,matpower/case300/2017-09-15,WARM_PRUNE_T050,1.3254053530691432,0.7544861635607355,-125.286093,0.0,,0.11560396524293232,1.0,45566.48480217406,OK,OK,OPTIMAL,0.0443809,93888.0,0.0
matpower/case300,matpower/case300/2017-09-15,WARM_PRUNE_T080,1.153870473602441,0.8666484002125041,-68.049529,0.0,,0.43138742707950883,1.0,45566.48480217406,OK,OK,OPTIMAL,0.0443809,93888.0,0.0
matpower/case300,matpower/case300/2017-09-15,WARM_LPSCREEN_T010,2.8745292268627707,0.34788305182459006,-332.776294,-1.0,,0.022918451433933014,1.0,12055.170230993312,FAIL,C120,OPTIMAL,0.01401961,93888.0,0.0
matpower/case300,matpower/case300/2017-09-15,WARM_LPSCREEN_T020,3.1634993974305248,0.3161056394738768,-348.99235699999997,-1.0,,0.02393015950720026,1.0,12352.593122832088,OK,OK,OPTIMAL,0.01468366,93888.0,0.0
matpower/case300,matpower/case300/2017-09-15,WARM_LPSCREEN_T030,1.2292274758139392,0.8135190757413269,-95.16150599999997,0.0,,0.04762370986823318,1.0,23578.51905414689,FAIL,C120,OPTIMAL,0.0238528,93888.0,0.0
matpower/case300,matpower/case300/2017-09-15,WARM_LPSCREEN_T050,1.2828851398930188,0.7794930106395893,-112.52506,0.0,,0.12639007873373312,1.0,45566.48480217406,OK,OK,OPTIMAL,0.0443809,93888.0,0.0
matpower/case300,matpower/case300/2017-09-15,WARM_LPSCREEN_T080,1.116647035467733,0.895538131779598,-53.307053999999994,0.0,,0.4304899441112879,1.0,45566.48480217406,OK,OK,OPTIMAL,0.0443809,93888.0,0.0
matpower/case300,matpower/case300/2017-09-15,WARM_PRUNE_LAZY_T010,1.3420743943782851,0.7451151770638238,-130.06812200000002,0.0,,0.018724758291518786,1.0,45566.484801533574,OK,OK,OPTIMAL,0.0443809,93888.0,0.0
matpower/case300,matpower/case300/2017-09-15,WARM_PRUNE_LAZY_T020,1.3454814930178558,0.7432283574239613,-131.03096900000003,0.0,,0.018724758291518786,1.0,45566.48480167498,OK,OK,OPTIMAL,0.0443809,93888.0,0.0
matpower/case300,matpower/case300/2017-09-15,WARM_PRUNE_LAZY_T030,1.2651056782834473,0.790447799868265,-106.93481400000002,0.0,,0.018724758291518786,1.0,45566.48480100129,OK,OK,OPTIMAL,0.04438375,93888.0,0.0
matpower/case300,matpower/case300/2017-09-15,WARM_PRUNE_LAZY_T050,1.209117298065967,0.8270496184278741,-88.25684899999999,0.0,,0.018724758291518786,1.0,45566.48480150866,OK,OK,OPTIMAL,0.04444586,93888.0,0.0
matpower/case300,matpower/case300/2017-09-15,WARM_PRUNE_LAZY_T080,1.2000626556374276,0.8332898247457238,-85.07246200000003,0.0,,0.018724758291518786,1.0,45566.48480156691,OK,OK,OPTIMAL,0.04791663,93888.0,0.0
matpower/case300,matpower/case300/2017-09-15,WARM_LPSCREEN_LAZY_T010,1.3284134780467105,0.7527776678917717,-126.157941,0.0,,0.018724758291518786,1.0,44333.915749420514,FAIL,C120,OPTIMAL,0.04449473,93888.0,0.0
matpower/case300,matpower/case300/2017-09-15,WARM_LPSCREEN_LAZY_T020,1.3332129927001861,0.7500676977162349,-127.540843,0.0,,0.018724758291518786,1.0,45565.77910416822,FAIL,C120,OPTIMAL,0.04438025,93888.0,0.0
matpower/case300,matpower/case300/2017-09-15,WARM_LPSCREEN_LAZY_T030,1.2263990508839464,0.8153952820488847,-94.20407499999999,0.0,,0.018724758291518786,1.0,45566.48480147533,OK,OK,OPTIMAL,0.04438375,93888.0,0.0
matpower/case300,matpower/case300/2017-09-15,WARM_LPSCREEN_LAZY_T050,1.151414357272821,0.8684970737802393,-67.10614800000002,0.0,,0.018724758291518786,1.0,45566.48480105123,OK,OK,OPTIMAL,0.04438537,93888.0,0.0
matpower/case300,matpower/case300/2017-09-15,WARM_LPSCREEN_LAZY_T080,1.0875905803221129,0.9194636456890136,-41.097826999999995,0.0,,0.018724758291518786,1.0,45566.48480145872,OK,OK,OPTIMAL,0.0443809,93888.0,0.0
matpower/case300,matpower/case300/2017-09-15,WARM_SR_LAZY,0.6091676958809786,1.6415840937753594,327.40136199999995,0.0,,0.7698037775874026,1.0,45566.48480187464,OK,OK,OPTIMAL,0.0443809,93888.0,0.0
matpower/case300,matpower/case300/2017-09-15,RAW_COMMIT_HINTS,0.9998762825872413,1.000123732720651,0.06314099999997325,0.0,,1.0,1.0,1964.7950920769435,OK,OK,OPTIMAL,0.00279599,0.0,0.0
matpower/case300,matpower/case300/2017-09-15,LAZY_ALL,0.9460359633649201,1.0570422676566513,29.108757999999966,0.0,,0.018724758291518786,1.0,2011.9666187507123,OK,OK,OPTIMAL,0.00884006,0.0,0.0
matpower/case300,matpower/case300/2017-09-15,ACTIVESET,2.359991206411938,0.42373039241971194,-294.071278,0.0,,0.018724758291518786,1.0279593318809006,-750829.0112967131,FAIL,C120,OPTIMAL,0.00342683,0.0,0.0
matpower/case300,matpower/case300/2017-09-15,ACTIVESET_B500,2.3152111846127297,0.4319260405470407,-289.889026,0.0,,0.018724758291518786,1.0142822561123215,-750830.0368205652,FAIL,C120,OPTIMAL,0.00334433,0.0,0.0
matpower/case300,matpower/case300/2017-09-15,ACTIVESET_B5000,2.4050258382783176,0.4157959486688378,-298.120237,0.0,,0.018724758291518786,1.0379811183732752,-750837.9518026621,FAIL,C120,OPTIMAL,0.00331249,0.0,0.0
matpower/case300,matpower/case300/2017-09-15,ACTIVESET_NOCLEAN,2.3495745517293174,0.4256089679146325,-293.112638,0.0,,0.018724758291518786,1.0279593318809006,-750829.0112967131,FAIL,C120,OPTIMAL,0.00342683,0.0,0.0
matpower/case300,matpower/case300/2017-09-15,WARM_ACTIVESET,2.272627980730329,0.4400192237704656,-285.759062,0.0,,0.018724758291518786,1.0283466473008958,-747339.2017838141,FAIL,C120,OPTIMAL,0.01810995,93888.0,2484.0
matpower/case300,matpower/case300/2017-09-15,ACTIVESET_LAZY,0.8428666223583018,1.1864273343771121,95.13415899999995,0.0,,0.018724758291518786,1.0360324376664245,13344.365852642128,OK,OK,OPTIMAL,0.011424,0.0,0.0
matpower/case300,matpower/case300/2017-09-15,ACTIVESET_LAZY_TOPK128,1.0595214605261316,0.943822317202924,-28.667558999999983,0.0,,0.018724758291518786,1.0614863229242315,-51894.66889139811,FAIL,C120,OPTIMAL,0.01019379,0.0,0.0
matpower/case300,matpower/case300/2017-09-15,WARM_ACTIVESET_LAZY,0.9456993120683956,1.0574185549663138,29.300778000000037,0.0,,0.018724758291518786,1.0361534737351732,48176.214732876615,OK,OK,OPTIMAL,0.04434928,93888.0,2484.0
matpower/case300,matpower/case300/2017-09-15,SHRINK_LAZY,0.9267624360274577,1.079025175304335,40.326670000000036,50.0,,0.004162417220794409,1.0,1184.249346266138,FAIL,C108,OPTIMAL,0.03217223,0.0,0.0
matpower/case300,matpower/case300/2017-09-15,STREDUCE,2.750516615028925,0.36356806373608613,-324.772208,-1.0,,0.03093007338509725,1.0,-101497.74628750057,FAIL,C120,OPTIMAL,0.00161868,93888.0,0.0
matpower/case300,matpower/case300/2017-09-15,STREDUCE_CONSERVATIVE,1.3754196917452106,0.7270508092923572,-139.28639700000002,0.0,,0.05081476042190765,1.0,-84093.7652146151,FAIL,C120,OPTIMAL,0.02061323,93888.0,0.0
matpower/case300,matpower/case300/2017-09-15,STREDUCE_AGGRESSIVE,6.8485884515784665,0.14601549020944884,-435.789625,-1.0,,0.019899871723393935,1.0,-836727.0535702853,FAIL,C120,OPTIMAL,0.00951609,93888.0,0.0
matpower/case300,matpower/case300/2017-09-15,STREDUCE_GRU,2.762571747336944,0.36198154888247774,-325.581809,-1.0,,0.03093007338509725,1.0,-101497.74628750057,FAIL,C120,OPTIMAL,0.00161868,93888.0,0.0
matpower/case300,matpower/case300/2017-09-15,STREDUCE_LAZY,1.170766662336778,0.8541411642214527,-74.43199099999998,0.0,,0.03093007338509725,1.0,45566.4848011676,OK,OK,OPTIMAL,0.04944017,93888.0,0.0
matpower/case300,matpower/case300/2017-09-15,STREDUCE_LAZY_CONSERVATIVE,1.075259502911893,0.9300080560012871,-35.71699799999999,0.0,,0.05081476042190765,1.0,45566.484800785016,OK,OK,OPTIMAL,0.04463409,93888.0,0.0
matpower/case300,matpower/case300/2017-09-15,STREDUCE_LAZY_AGGRESSIVE,1.1039469179290355,0.9058406557046816,-48.04966000000002,0.0,,0.019899871723393935,1.0,45566.48480086818,OK,OK,OPTIMAL,0.04379228,93888.0,0.0
matpower/case300,matpower/case300/2017-09-15,STREDUCE_LAZY_GRU,1.2388537207721815,0.8071978016716104,-98.38726200000002,0.0,,0.03093007338509725,1.0,45566.4848011676,OK,OK,OPTIMAL,0.04944017,93888.0,0.0
matpower/case300,matpower/case300/2017-11-15,RAW_GNN,1.7424128536505148,0.5739167946935816,-258.60032099999995,-1.0,,0.030571533472035246,1.0,-5871.569600634759,FAIL,C120,OPTIMAL,0.04642933,0.0,0.0
matpower/case300,matpower/case300/2017-11-15,RAW_COMMIT_HINTS,1.1227197591038338,0.8906942198988375,-66.34035199999994,0.0,,1.0,1.0,3785.6509264988313,OK,OK,OPTIMAL,0.00493439,0.0,0.0
matpower/case300,matpower/case300/2017-11-15,LAZY_ALL,0.7992511283238671,1.2511712083499076,152.44195100000002,0.0,,0.018724758291518786,1.0,30514.068053358267,OK,OK,OPTIMAL,0.03074117,0.0,0.0
matpower/case300,matpower/case300/2017-11-15,LAZY_TOPK128,1.6425212131967786,0.6088201430614931,-237.41662499999995,0.0,,0.018724758291518786,1.0,-401571.39074755815,FAIL,C120,OPTIMAL,0.00063834,0.0,0.0
matpower/case300,matpower/case300/2017-11-15,LAZY_BANDIT,1.5111239837385013,0.6617590685881465,-205.28669599999995,0.0,,0.018724758291518786,1.0,-381517.33460849326,FAIL,C120,OPTIMAL,0.00063068,0.0,0.0
matpower/case300,matpower/case300/2017-11-15,LAZY_COMMIT_HINTS,1.3355664230499376,0.7487459872765979,-152.49220699999995,0.0,,0.018724758291518786,1.0,20139.440051787977,OK,OK,OPTIMAL,0.02088398,0.0,0.0
matpower/case300,matpower/case300/2017-11-15,LAZY_GNN_T060,1.562134613193276,0.6401496974424152,-218.40195199999994,0.0,,0.018724758291518786,1.0,-49549.57225802587,FAIL,C120,OPTIMAL,0.00052368,0.0,0.0
matpower/case300,matpower/case300/2017-11-15,LAZY_GNN_T080,5.354261036602437,0.18676713614892282,-493.57091999999994,-1.0,,0.018724758291518786,1.0,-822638.1808485513,FAIL,C120,OPTIMAL,0.00692223,0.0,0.0
matpower/case300,matpower/case300/2017-11-15,LAZY_COMMIT_GNN_T060,1.6245623150092185,0.6155504105697082,-233.33186099999995,0.0,,0.018724758291518786,1.0,-49006.98079429917,FAIL,C120,OPTIMAL,0.00109589,0.0,0.0
matpower/case300,matpower/case300/2017-11-15,WARM_LAZY,1.054854285810225,0.9479982339284977,-31.5611439999999,0.0,,0.018724758291518786,1.0,3313.995145756369,OK,OK,OPTIMAL,0.00540266,93888.0,0.0
matpower/case300,matpower/case300/2017-11-15,WARM_LAZY_TOPK128,1.6391325703587254,0.6100787807426395,-236.65272699999997,0.0,,0.018724758291518786,1.0,-305664.26459999284,FAIL,C120,OPTIMAL,0.00046024,93888.0,0.0
matpower/case300,matpower/case300/2017-11-15,WARM_LAZY_BANDIT,1.6530364313046026,0.6049473448148897,-239.76712099999992,0.0,,0.018724758291518786,1.0,-381590.6985946389,FAIL,C120,OPTIMAL,0.00050779,93888.0,0.0
matpower/case300,matpower/case300/2017-11-15,WARM_LAZY_COMMIT_HINTS,1.065123658065852,0.9388581245260202,-37.108499999999935,0.0,,0.018724758291518786,1.0,20139.44005149841,OK,OK,OPTIMAL,0.02088398,93888.0,0.0
matpower/case300,matpower/case300/2017-11-15,WARM_LAZY_GRU,1.0527596052623183,0.9498844703020572,-30.41634099999999,0.0,,0.018724758291518786,1.0,3313.995145756369,OK,OK,OPTIMAL,0.00540266,93888.0,0.0
matpower/case300,matpower/case300/2017-11-15,WARM_LAZY_BRANCH_HINTS,1.0595283263596693,0.9438162011541523,-34.099321999999916,0.0,,0.018724758291518786,1.0,4666.342406030925,OK,OK,OPTIMAL,0.00674466,93888.0,2484.0
matpower/case300,matpower/case300/2017-11-15,WARM_LAZY_GNN_T060,1.6156428729527625,0.6189486654141528,-231.26937699999996,0.0,,0.018724758291518786,1.0,-49565.65115888257,FAIL,C120,OPTIMAL,0.00026946,93888.0,0.0
matpower/case300,matpower/case300/2017-11-15,WARM_LAZY_COMMIT_GNN_T060,1.6351313506882,0.6115716633890704,-235.74665999999996,0.0,,0.018724758291518786,1.0,-48994.40440491851,FAIL,C120,OPTIMAL,0.0011091,93888.0,0.0
matpower/case300,matpower/case300/2017-11-15,WARM_LAZY_COMMIT_GRU,1.0671797344192637,0.9370492783431449,-38.20633299999997,0.0,,0.018724758291518786,1.0,20139.44005149841,OK,OK,OPTIMAL,0.02088398,93888.0,0.0
matpower/case300,matpower/case300/2017-11-15,WARM_LAZY_ML_STACK,1.6160457109327457,0.6187943776805808,-231.36301799999995,0.0,,0.018724758291518786,1.0,-428918.1865982612,FAIL,C120,OPTIMAL,0.0,93888.0,2484.0
matpower/case300,matpower/case300/2017-11-15,WARM_PRUNE_T010,7.225580605394721,0.13839718281647648,-522.927828,-1.0,,0.019589605515440787,1.0,-90422.65471559521,FAIL,C120,OPTIMAL,0.02970479,93888.0,0.0
matpower/case300,matpower/case300/2017-11-15,WARM_PRUNE_T020,7.033625039502428,0.14217419813876545,-520.635465,-1.0,,0.020193366784971238,1.0,-73557.1231213586,FAIL,C120,OPTIMAL,0.0465025,93888.0,0.0
matpower/case300,matpower/case300/2017-11-15,WARM_PRUNE_T030,3.131232555135692,0.31936305668509024,-413.09521199999995,-1.0,,0.030555215599885777,1.0,15340.451051427153,FAIL,C120,OPTIMAL,0.04372147,93888.0,0.0
matpower/case300,matpower/case300/2017-11-15,WARM_PRUNE_T050,1.574105728977546,0.6352813420287504,-221.35667599999994,0.0,,0.08944641618732917,1.0,-7669.386612618338,FAIL,C120,OPTIMAL,0.00070037,93888.0,0.0
matpower/case300,matpower/case300/2017-11-15,WARM_PRUNE_T080,1.2747571054967102,0.7844631700329682,-130.81457499999993,0.0,,0.3989474972463591,1.0,-1400.9921553983668,FAIL,C120,OPTIMAL,0.00069017,93888.0,0.0
matpower/case300,matpower/case300/2017-11-15,WARM_LPSCREEN_T010,4.570283992882541,0.21880478358835773,-474.12648799999994,-1.0,,0.02267368335169094,1.0,13309.04986771436,FAIL,C120,OPTIMAL,0.02101162,93888.0,0.0
matpower/case300,matpower/case300/2017-11-15,WARM_LPSCREEN_T020,5.5171503555314185,0.1812529903226969,-496.91758999999996,-1.0,,0.023424305470566637,1.0,24027.924450787494,FAIL,C120,OPTIMAL,0.04012931,93888.0,0.0
matpower/case300,matpower/case300/2017-11-15,WARM_LPSCREEN_T030,1.5993407260969827,0.6252576350258968,-227.44030899999996,0.0,,0.0413250112185371,1.0,1536.8903926760088,FAIL,C120,OPTIMAL,0.00330117,93888.0,0.0
matpower/case300,matpower/case300/2017-11-15,WARM_LPSCREEN_T050,1.5413959182271149,0.64876258472916,-213.17457999999993,0.0,,0.08714559621425366,1.0,-226.58263177877006,OK,OK,OPTIMAL,0.00071933,93888.0,0.0
matpower/case300,matpower/case300/2017-11-15,WARM_LPSCREEN_T080,1.3031232625924807,0.7673871142554571,-141.17845099999994,0.0,,0.40653530779586344,1.0,-218.33435679182946,OK,OK,OPTIMAL,0.00072757,93888.0,0.0
matpower/case300,matpower/case300/2017-11-15,WARM_PRUNE_LAZY_T010,1.6337865345565126,0.612075065407151,-235.44113299999992,0.0,,0.018724758291518786,1.0,-117055.41317817238,FAIL,C120,OPTIMAL,0.0004337,93888.0,0.0
matpower/case300,matpower/case300/2017-11-15,WARM_PRUNE_LAZY_T020,1.6156675431072418,0.6189392144851819,-231.27511299999992,0.0,,0.018724758291518786,1.0,-116245.34573777491,FAIL,C120,OPTIMAL,0.00044286,93888.0,0.0
matpower/case300,matpower/case300/2017-11-15,WARM_PRUNE_LAZY_T030,1.5525571613015443,0.644098668265249,-216.00522499999994,0.0,,0.018724758291518786,1.0,-4076.242457173188,FAIL,C120,OPTIMAL,0.0045703,93888.0,0.0
matpower/case300,matpower/case300/2017-11-15,WARM_PRUNE_LAZY_T050,1.4000738417485743,0.7142480419111925,-173.42985399999992,0.0,,0.018724758291518786,1.0,-3568.3395219045055,FAIL,C120,OPTIMAL,0.00504056,93888.0,0.0
matpower/case300,matpower/case300/2017-11-15,WARM_PRUNE_LAZY_T080,1.044933196707928,0.9569989767293349,-26.098372999999924,0.0,,0.018724758291518786,1.0,2291.2417533593916,FAIL,C120,OPTIMAL,0.00537863,93888.0,0.0
matpower/case300,matpower/case300/2017-11-15,WARM_LPSCREEN_LAZY_T010,1.475165432806592,0.6778900710121977,-195.49639599999995,0.0,,0.018724758291518786,1.0,-3349.3427230002476,FAIL,C120,OPTIMAL,0.00459764,93888.0,0.0
matpower/case300,matpower/case300/2017-11-15,WARM_LPSCREEN_LAZY_T020,1.5052533356807956,0.6643399993182678,-203.72026599999992,0.0,,0.018724758291518786,1.0,-3324.7315160718854,FAIL,C120,OPTIMAL,0.00462384,93888.0,0.0
matpower/case300,matpower/case300/2017-11-15,WARM_LPSCREEN_LAZY_T030,1.5187772888741553,0.6584243834336525,-207.31059799999997,0.0,,0.018724758291518786,1.0,2892.7443457862723,FAIL,C120,OPTIMAL,0.00527386,93888.0,0.0
matpower/case300,matpower/case300/2017-11-15,WARM_LPSCREEN_LAZY_T050,1.2568656630930888,0.7956299780988891,-124.03716599999996,0.0,,0.018724758291518786,1.0,3918.48113501277,OK,OK,OPTIMAL,0.00578354,93888.0,0.0
matpower/case300,matpower/case300/2017-11-15,WARM_LPSCREEN_LAZY_T080,1.0466890955734558,0.9553935397140295,-27.072751999999923,0.0,,0.018724758291518786,1.0,3313.9951457460434,OK,OK,OPTIMAL,0.00540266,93888.0,0.0
matpower/case300,matpower/case300/2017-11-15,WARM_SR_LAZY,0.6080035133713275,1.6447273379311336,391.3007940000001,0.0,,0.7680414473952597,1.0,-211.50646203065563,OK,OK,OPTIMAL,0.00073435,93888.0,0.0
matpower/case300,matpower/case300/2017-11-15,WARM,1.027440608539394,0.9732922678826141,-16.20957599999997,0.0,,1.0,1.0,-229.26887170087744,OK,OK,OPTIMAL,0.00072201,93888.0,0.0
matpower/case300,matpower/case300/2017-11-15,WARM_BRANCH_HINTS,1.1577758587337046,0.8637250400899972,-82.70860699999992,0.0,,1.0,1.0,4666.342406030925,OK,OK,OPTIMAL,0.00580667,93888.0,2484.0
matpower/case300,matpower/case300/2017-11-15,WARM_COMMIT_HINTS,1.190977400384962,0.8396464951196959,-97.32246499999997,0.0,,1.0,1.0,3794.4581696794608,OK,OK,OPTIMAL,0.00494312,93888.0,0.0
matpower/case300,matpower/case300/2017-11-15,WARM_GRU,1.0347365452470603,0.9664295753285043,-20.37471199999993,0.0,,1.0,1.0,-229.26887170087744,OK,OK,OPTIMAL,0.00072201,93888.0,0.0
matpower/case300,matpower/case300/2017-11-15,ACTIVESET,2.7602017508360484,0.3622923576862112,-387.04036899999994,0.0,,0.018724758291518786,1.025357056402808,-797800.9999703671,FAIL,C120,OPTIMAL,0.00317946,0.0,0.0
matpower/case300,matpower/case300/2017-11-15,ACTIVESET_B5000,2.8217804963641453,0.35438617613542106,-391.83882399999993,0.0,,0.018724758291518786,1.031614621157105,-797800.9999703671,FAIL,C120,OPTIMAL,0.0031735,0.0,0.0
matpower/case300,matpower/case300/2017-11-15,ACTIVESET_NOCLEAN,2.773072284482702,0.3606108667255832,-388.06090699999993,0.0,,0.018724758291518786,1.025357056402808,-797800.9999703671,FAIL,C120,OPTIMAL,0.00317946,0.0,0.0
matpower/case300,matpower/case300/2017-11-15,WARM_ACTIVESET,2.8043521291666993,0.3565886001260282,-390.50211899999994,0.0,,0.018724758291518786,1.0252965383684338,-797628.190189358,FAIL,C120,OPTIMAL,0.00402472,93888.0,2484.0
matpower/case300,matpower/case300/2017-11-15,ACTIVESET_LAZY,0.7694987484592768,1.2995472728217463,181.80256800000006,0.0,,0.018724758291518786,1.0408617768094892,3522.09101291373,OK,OK,OPTIMAL,0.00460817,0.0,0.0
matpower/case300,matpower/case300/2017-11-15,ACTIVESET_LAZY_TOPK128,1.3667921986961278,0.7316401139499956,-162.87417999999997,0.0,,0.018724758291518786,1.0501331396756233,-5569.700317575613,FAIL,C120,OPTIMAL,0.00011554,0.0,0.0
matpower/case300,matpower/case300/2017-11-15,WARM_ACTIVESET_LAZY,0.9480438845680302,1.054803491987761,33.261580000000095,0.0,,0.018724758291518786,1.0408133623819897,9499.992859192038,OK,OK,OPTIMAL,0.01331269,93888.0,2484.0
matpower/case300,matpower/case300/2017-11-15,SHRINK_LAZY,1.433613861762086,0.6975378982251736,-183.57164899999992,5.0,,0.004164910229039466,1.0,4358.738908787284,FAIL,C108,OPTIMAL,0.02454644,0.0,0.0
matpower/case300,matpower/case300/2017-11-15,STREDUCE,3.2266877630765634,0.3099153291009868,-418.82926899999995,-1.0,,0.030851430306821324,1.0,-41810.55154497182,FAIL,C120,OPTIMAL,0.00836779,93888.0,0.0
matpower/case300,matpower/case300/2017-11-15,STREDUCE_CONSERVATIVE,1.6287661626184329,0.6139616741499483,-234.29610399999996,0.0,,0.05077215264462848,1.0,-49655.8690393858,FAIL,C120,OPTIMAL,9.902e-05,93888.0,0.0
matpower/case300,matpower/case300/2017-11-15,STREDUCE_AGGRESSIVE,10.298190487940293,0.09710443802443265,-547.9894049999999,-1.0,,0.019852957840964205,1.0,-817017.2626398852,FAIL,C120,OPTIMAL,0.03104028,93888.0,0.0
matpower/case300,matpower/case300/2017-11-15,STREDUCE_GRU,3.231669884868001,0.30943754641599025,-419.119247,-1.0,,0.030851430306821324,1.0,-41810.55154497182,FAIL,C120,OPTIMAL,0.00836779,93888.0,0.0
matpower/case300,matpower/case300/2017-11-15,STREDUCE_LAZY,1.258841384368709,0.7943812559844351,-124.79504599999996,0.0,,0.030851430306821324,1.0,3495.1900665977114,OK,OK,OPTIMAL,0.00559122,93888.0,0.0
matpower/case300,matpower/case300/2017-11-15,STREDUCE_LAZY_CONSERVATIVE,1.167604070272634,0.8564547053750005,-87.12115099999994,0.0,,0.05077215264462848,1.0,9306.213454085351,OK,OK,OPTIMAL,0.01035109,93888.0,0.0
matpower/case300,matpower/case300/2017-11-15,STREDUCE_LAZY_AGGRESSIVE,1.2882727979476358,0.7762331096279553,-135.80959999999993,0.0,,0.019852957840964205,1.0,3804.738704033349,OK,OK,OPTIMAL,0.00492457,93888.0,0.0
matpower/case300,matpower/case300/2017-11-15,STREDUCE_LAZY_GRU,1.3493971900537636,0.7410716484152138,-157.14995099999993,0.0,,0.030851430306821324,1.0,3319.8644765476956,OK,OK,OPTIMAL,0.00541897,93888.0,0.0
matpower/case300,matpower/case300/2017-11-15,ACTIVESET_B500,2.717734199767658,0.3679535695895099,-383.60444099999995,0.0,,0.018724758291518786,1.0099854756717501,-797800.9999703671,FAIL,C120,OPTIMAL,0.0031735,0.0,0.0
matpower/case57,matpower/case57/2017-01-15,RAW_GNN,36.21518895785645,0.027612723522268467,-69.13593800000001,-1.0,,0.02979530546115546,1.0,0.0,OK,OK,OPTIMAL,0.0,0.0,0.0
matpower/case57,matpower/case57/2017-01-15,WARM,1.000267514854531,0.9997325566905271,-0.019015000000010218,0.0,,1.0,1.0,0.0,OK,OK,OPTIMAL,0.0,16452.0,0.0
matpower/case57,matpower/case57/2017-01-15,WARM_BRANCH_HINTS,0.9880282117408622,1.012116848605005,0.8614979999999974,0.0,,1.0,1.0,0.0,OK,OK,OPTIMAL,0.0,16452.0,252.0
matpower/case57,matpower/case57/2017-01-15,WARM_COMMIT_HINTS,0.9793593301733042,1.0210756861049592,1.4984639999999985,0.0,,1.0,1.0,0.0,OK,OK,OPTIMAL,0.0,16452.0,0.0
matpower/case57,matpower/case57/2017-01-15,WARM_GRU,0.9896114926981977,1.0104975612939557,0.7463679999999897,0.0,,1.0,1.0,0.0,OK,OK,OPTIMAL,0.0,16452.0,0.0
matpower/case57,matpower/case57/2017-01-15,LAZY_ALL,11.802633129759082,0.08472685620284227,-65.07517,-1.0,,0.02979530546115546,1.0,0.0,OK,OK,OPTIMAL,0.0,0.0,0.0
matpower/case57,matpower/case57/2017-01-15,LAZY_TOPK128,11.68300663260645,0.08559440488624481,-65.01348800000001,-1.0,,0.02979530546115546,1.0,0.0,OK,OK,OPTIMAL,0.0,0.0,0.0
matpower/case57,matpower/case57/2017-01-15,LAZY_BANDIT,11.738860666867435,0.08518714280530379,-65.042444,-1.0,,0.02979530546115546,1.0,0.0,OK,OK,OPTIMAL,0.0,0.0,0.0
matpower/case57,matpower/case57/2017-01-15,LAZY_COMMIT_HINTS,23.26349731943179,0.042985798148445595,-68.042925,-1.0,,0.02979530546115546,1.0,0.0,OK,OK,OPTIMAL,0.0,0.0,0.0
matpower/case57,matpower/case57/2017-01-15,LAZY_GNN_T060,11.643749559874292,0.08588298768002668,-64.99297,-1.0,,0.02979530546115546,1.0,0.0,OK,OK,OPTIMAL,0.0,0.0,0.0
matpower/case57,matpower/case57/2017-01-15,LAZY_GNN_T080,11.796897230916061,0.08476805217725436,-65.072241,-1.0,,0.02979530546115546,1.0,0.0,OK,OK,OPTIMAL,0.0,0.0,0.0
matpower/case57,matpower/case57/2017-01-15,LAZY_COMMIT_GNN_T060,23.23144273170936,0.04304510966230552,-68.038708,-1.0,,0.02979530546115546,1.0,0.0,OK,OK,OPTIMAL,0.0,0.0,0.0
matpower/case57,matpower/case57/2017-01-15,WARM_LAZY,11.356822046609192,0.08805280173414094,-64.83869800000001,-1.0,,0.02979530546115546,1.0,0.0,OK,OK,OPTIMAL,0.0,16452.0,0.0
matpower/case57,matpower/case57/2017-01-15,WARM_LAZY_TOPK128,11.439076561447937,0.08741964393963474,-64.88371500000001,-1.0,,0.02979530546115546,1.0,0.0,OK,OK,OPTIMAL,0.0,16452.0,0.0
matpower/case57,matpower/case57/2017-01-15,WARM_LAZY_BANDIT,11.276350049221598,0.08868117747630844,-64.794021,-1.0,,0.02979530546115546,1.0,0.0,OK,OK,OPTIMAL,0.0,16452.0,0.0
matpower/case57,matpower/case57/2017-01-15,WARM_LAZY_COMMIT_HINTS,11.241478276185596,0.08895627206952315,-64.774462,-1.0,,0.02979530546115546,1.0,0.0,OK,OK,OPTIMAL,0.0,16452.0,0.0
matpower/case57,matpower/case57/2017-01-15,WARM_LAZY_GRU,11.425229447285698,0.087525594528657,-64.876182,-1.0,,0.02979530546115546,1.0,0.0,OK,OK,OPTIMAL,0.0,16452.0,0.0
matpower/case57,matpower/case57/2017-01-15,WARM_LAZY_BRANCH_HINTS,11.385279416554548,0.08783271480768132,-64.854346,-1.0,,0.02979530546115546,1.0,0.0,OK,OK,OPTIMAL,0.0,16452.0,252.0
matpower/case57,matpower/case57/2017-01-15,WARM_LAZY_GNN_T060,11.370581934223864,0.08794624635614644,-64.84627400000001,-1.0,,0.02979530546115546,1.0,0.0,OK,OK,OPTIMAL,0.0,16452.0,0.0
matpower/case57,matpower/case57/2017-01-15,WARM_LAZY_COMMIT_GNN_T060,11.488606031442302,0.08704276195590441,-64.910511,-1.0,,0.02979530546115546,1.0,0.0,OK,OK,OPTIMAL,0.0,16452.0,0.0
matpower/case57,matpower/case57/2017-01-15,WARM_LAZY_COMMIT_GRU,11.342536261836617,0.08816370315381977,-64.830813,-1.0,,0.02979530546115546,1.0,0.0,OK,OK,OPTIMAL,0.0,16452.0,0.0
matpower/case57,matpower/case57/2017-01-15,WARM_LAZY_ML_STACK,11.313987623532348,0.08838616704158894,-64.81499600000001,-1.0,,0.02979530546115546,1.0,0.0,OK,OK,OPTIMAL,0.0,16452.0,252.0
matpower/case57,matpower/case57/2017-01-15,WARM_PRUNE_T010,30.011392641763255,0.03332067964778215,-68.730107,-1.0,,0.02979530546115546,1.0,0.0,OK,OK,OPTIMAL,0.0,16452.0,0.0
matpower/case57,matpower/case57/2017-01-15,WARM_PRUNE_T020,30.322557257410352,0.032978748840703925,-68.754418,-1.0,,0.02979530546115546,1.0,0.0,OK,OK,OPTIMAL,0.0,16452.0,0.0
matpower/case57,matpower/case57/2017-01-15,WARM_PRUNE_T030,29.5734961849334,0.03381406086539957,-68.69502800000001,-1.0,,0.02979530546115546,1.0,0.0,OK,OK,OPTIMAL,0.0,16452.0,0.0
matpower/case57,matpower/case57/2017-01-15,WARM_PRUNE_T050,30.265737087746963,0.03304066235363052,-68.750016,-1.0,,0.02979530546115546,1.0,0.0,OK,OK,OPTIMAL,0.0,16452.0,0.0
matpower/case57,matpower/case57/2017-01-15,WARM_PRUNE_T080,18.629805254713776,0.05367742637819452,-67.282759,-1.0,,0.05476961985299929,1.0,0.0,OK,OK,OPTIMAL,0.00203934,16452.0,0.0
matpower/case57,matpower/case57/2017-01-15,WARM_LPSCREEN_T010,26.54926850507224,0.03766582118106003,-68.421171,-1.0,,0.02979530546115546,1.0,0.0,OK,OK,OPTIMAL,0.0,16452.0,0.0
matpower/case57,matpower/case57/2017-01-15,WARM_LPSCREEN_T020,27.353402729447108,0.03655852289716984,-68.499899,-1.0,,0.02979530546115546,1.0,0.0,OK,OK,OPTIMAL,0.0,16452.0,0.0
matpower/case57,matpower/case57/2017-01-15,WARM_LPSCREEN_T030,27.15355992623007,0.03682758366552188,-68.48076900000001,-1.0,,0.02979530546115546,1.0,0.0,OK,OK,OPTIMAL,0.0,16452.0,0.0
matpower/case57,matpower/case57/2017-01-15,WARM_LPSCREEN_T050,27.283349098507077,0.036652391771606924,-68.49322500000001,-1.0,,0.02979530546115546,1.0,0.0,OK,OK,OPTIMAL,0.0,16452.0,0.0
matpower/case57,matpower/case57/2017-01-15,WARM_LPSCREEN_T080,17.967809703790543,0.0556550863174512,-67.142149,-1.0,,0.04370505018572671,1.0,0.0,OK,OK,OPTIMAL,0.0,16452.0,0.0
matpower/case57,matpower/case57/2017-01-15,WARM_PRUNE_LAZY_T010,11.230870179752861,0.08904029554208641,-64.768488,-1.0,,0.02979530546115546,1.0,0.0,OK,OK,OPTIMAL,0.0,16452.0,0.0
matpower/case57,matpower/case57/2017-01-15,WARM_PRUNE_LAZY_T020,11.226224130439176,0.0890771454748142,-64.765868,-1.0,,0.02979530546115546,1.0,0.0,OK,OK,OPTIMAL,0.0,16452.0,0.0
matpower/case57,matpower/case57/2017-01-15,WARM_PRUNE_LAZY_T030,11.38372630324355,0.08784469806824775,-64.853494,-1.0,,0.02979530546115546,1.0,0.0,OK,OK,OPTIMAL,0.0,16452.0,0.0
matpower/case57,matpower/case57/2017-01-15,WARM_PRUNE_LAZY_T050,11.200280656120324,0.08928347696837009,-64.751198,-1.0,,0.02979530546115546,1.0,0.0,OK,OK,OPTIMAL,0.0,16452.0,0.0
matpower/case57,matpower/case57/2017-01-15,WARM_PRUNE_LAZY_T080,11.851176838766296,0.08437980578678966,-65.099845,-1.0,,0.02979530546115546,1.0,0.0,OK,OK,OPTIMAL,0.0,16452.0,0.0
matpower/case57,matpower/case57/2017-01-15,WARM_LPSCREEN_LAZY_T010,10.818705468378507,0.09243250062799599,-64.527305,-1.0,,0.02979530546115546,1.0,0.0,OK,OK,OPTIMAL,0.0,16452.0,0.0
matpower/case57,matpower/case57/2017-01-15,WARM_LPSCREEN_LAZY_T020,10.649129599604585,0.09390438820813404,-64.422655,-1.0,,0.02979530546115546,1.0,0.0,OK,OK,OPTIMAL,0.0,16452.0,0.0
matpower/case57,matpower/case57/2017-01-15,WARM_LPSCREEN_LAZY_T030,10.771871848698755,0.09283437586762604,-64.498732,-1.0,,0.02979530546115546,1.0,0.0,OK,OK,OPTIMAL,0.0,16452.0,0.0
matpower/case57,matpower/case57/2017-01-15,WARM_LPSCREEN_LAZY_T050,10.594673514888296,0.0943870520025688,-64.388338,-1.0,,0.02979530546115546,1.0,0.0,OK,OK,OPTIMAL,0.0,16452.0,0.0
matpower/case57,matpower/case57/2017-01-15,WARM_LPSCREEN_LAZY_T080,9.943849469361542,0.10056467599204379,-63.949114,-1.0,,0.02979530546115546,1.0,0.0,OK,OK,OPTIMAL,0.0,16452.0,0.0
matpower/case57,matpower/case57/2017-01-15,WARM_SR_LAZY,1.2005868793016672,0.8329259774866602,-11.878826000000004,0.0,,0.6309175689559788,1.0,0.0,OK,OK,OPTIMAL,0.0,16452.0,0.0
matpower/case57,matpower/case57/2017-01-15,SHRINK_LAZY,147.25418519446683,0.006790978461354969,-70.616347,-1.0,,0.006621178991367879,1.0,19697.547244773657,OK,OK,OPTIMAL,0.0256442,0.0,0.0
matpower/case57,matpower/case57/2017-01-15,STREDUCE,1.159536195176688,0.8624137859255198,-9.782267000000004,0.0,,1.0005378610254925,1.0,5288.082486024814,OK,OK,OPTIMAL,0.0,16452.0,0.0
matpower/case57,matpower/case57/2017-01-15,STREDUCE_CONSERVATIVE,1.1373352832379833,0.8792481994869702,-8.585354000000002,0.0,,1.0003951632024026,1.0,0.0,OK,OK,OPTIMAL,0.0,16452.0,0.0
matpower/case57,matpower/case57/2017-01-15,STREDUCE_AGGRESSIVE,1.1737143717452163,0.851996042711041,-10.522960000000005,0.0,,1.0005510331322391,1.0,6256.787003234096,OK,OK,OPTIMAL,0.0,16452.0,0.0
matpower/case57,matpower/case57/2017-01-15,STREDUCE_GRU,1.1820695373476102,0.8459739198117333,-10.951128000000004,0.0,,1.0005378610254925,1.0,5288.082486024814,OK,OK,OPTIMAL,0.0,16452.0,0.0
matpower/case57,matpower/case57/2017-01-15,STREDUCE_LAZY,0.9464137420647252,1.0566203295171617,4.02565899999999,0.0,,1.0005378610254925,1.0,5288.082486024814,OK,OK,OPTIMAL,0.0,16452.0,0.0
matpower/case57,matpower/case57/2017-01-15,STREDUCE_LAZY_CONSERVATIVE,1.1841240936391486,0.8445060829112234,-11.055490000000006,0.0,,1.0003951632024026,1.0,0.0,OK,OK,OPTIMAL,0.0,16452.0,0.0
matpower/case57,matpower/case57/2017-01-15,STREDUCE_LAZY_AGGRESSIVE,1.1097920926479485,0.9010696747838722,-7.033865000000006,0.0,,1.0005510331322391,1.0,6256.787003234096,OK,OK,OPTIMAL,0.0,16452.0,0.0
matpower/case57,matpower/case57/2017-01-15,STREDUCE_LAZY_GRU,1.1879548146233612,0.8417828588177809,-11.249109000000004,0.0,,1.0005378610254925,1.0,5288.082486024814,OK,OK,OPTIMAL,0.0,16452.0,0.0
matpower/case57,matpower/case57/2017-01-15,RAW_COMMIT_HINTS,1.1381139815569623,0.8786466173027593,-8.628126000000002,-1.0,,1.0,1.0,6420.581702442036,OK,OK,OPTIMAL,0.01770443,0.0,0.0
matpower/case57,matpower/case57/2017-01-15,ACTIVESET,27.136988026763255,0.03685007337637368,-68.47917000000001,-1.0,,0.02979530546115546,1.0,0.0,OK,OK,OPTIMAL,0.0,0.0,0.0
matpower/case57,matpower/case57/2017-01-15,ACTIVESET_B500,27.391308032873035,0.036507931596398153,-68.503496,-1.0,,0.02979530546115546,1.0,0.0,OK,OK,OPTIMAL,0.0,0.0,0.0
matpower/case57,matpower/case57/2017-01-15,ACTIVESET_B5000,26.673351963627788,0.03749060115742544,-68.43362900000001,-1.0,,0.02979530546115546,1.0,0.0,OK,OK,OPTIMAL,0.0,0.0,0.0
matpower/case57,matpower/case57/2017-01-15,ACTIVESET_NOCLEAN,27.250921406056445,0.036696006901908,-68.49012400000001,-1.0,,0.02979530546115546,1.0,0.0,OK,OK,OPTIMAL,0.0,0.0,0.0
matpower/case57,matpower/case57/2017-01-15,WARM_ACTIVESET,25.425853993120995,0.03933004571923333,-68.302846,-1.0,,0.02979530546115546,1.0,0.0,OK,OK,OPTIMAL,0.0,16452.0,252.0
matpower/case57,matpower/case57/2017-01-15,ACTIVESET_LAZY,10.49783027573733,0.09525777934429061,-64.32643,-1.0,,0.02979530546115546,1.0,0.0,OK,OK,OPTIMAL,0.0,0.0,0.0
matpower/case57,matpower/case57/2017-01-15,ACTIVESET_LAZY_TOPK128,10.608932914064265,0.09426018696699455,-64.397358,-1.0,,0.02979530546115546,1.0,0.0,OK,OK,OPTIMAL,0.0,0.0,0.0
matpower/case57,matpower/case57/2017-01-15,WARM_ACTIVESET_LAZY,10.16749096748868,0.09835268142333005,-64.106385,-1.0,,0.02979530546115546,1.0,0.0,OK,OK,OPTIMAL,0.0,16452.0,252.0
matpower/case57,matpower/case57/2017-03-15,RAW_GNN,31.179435033172467,0.03207242206076148,-69.256522,-1.0,,0.02979530546115546,1.0,7.117934636199582,OK,OK,OPTIMAL,0.00338857,0.0,0.0
matpower/case57,matpower/case57/2017-03-15,WARM,1.0333527045407351,0.9677237942145239,-2.30940600000001,0.0,,1.0,1.0,34071.16799815551,OK,OK,OPTIMAL,0.03621863,16452.0,0.0
matpower/case57,matpower/case57/2017-03-15,WARM_BRANCH_HINTS,1.022793572751817,0.9777143957890827,-1.594565000000003,0.0,,1.0,1.0,34071.16799815551,OK,OK,OPTIMAL,0.03621863,16452.0,252.0
matpower/case57,matpower/case57/2017-03-15,WARM_COMMIT_HINTS,1.0103619813832272,0.9897442881124235,-0.7338100000000054,0.0,,1.0,1.0,7807.049430684535,OK,OK,OPTIMAL,0.01110185,16452.0,0.0
matpower/case57,matpower/case57/2017-03-15,WARM_GRU,1.0237776064375643,0.976774637100822,-1.6618060000000128,0.0,,1.0,1.0,34071.16799815551,OK,OK,OPTIMAL,0.03621863,16452.0,0.0
matpower/case57,matpower/case57/2017-03-15,LAZY_ALL,20.642691687080575,0.04844329485509196,-68.085164,-1.0,,0.02979530546115546,1.0,7.117934636199582,OK,OK,OPTIMAL,0.00338857,0.0,0.0
matpower/case57,matpower/case57/2017-03-15,LAZY_TOPK128,20.550527496691302,0.04866055142190404,-68.069619,-1.0,,0.02979530546115546,1.0,7.117934636199582,OK,OK,OPTIMAL,0.00338857,0.0,0.0
matpower/case57,matpower/case57/2017-03-15,LAZY_BANDIT,20.434741147682566,0.048936269501676885,-68.049891,-1.0,,0.02979530546115546,1.0,7.117934636199582,OK,OK,OPTIMAL,0.00338857,0.0,0.0
matpower/case57,matpower/case57/2017-03-15,LAZY_COMMIT_HINTS,20.497519431454492,0.048786391121329965,-68.06061500000001,-1.0,,0.02979530546115546,1.0,7.117934636199582,OK,OK,OPTIMAL,0.00338857,0.0,0.0
matpower/case57,matpower/case57/2017-03-15,LAZY_GNN_T060,20.69107975328485,0.048330005583263155,-68.09327,-1.0,,0.02979530546115546,1.0,7.117934636199582,OK,OK,OPTIMAL,0.00338857,0.0,0.0
matpower/case57,matpower/case57/2017-03-15,LAZY_GNN_T080,20.4307325543246,0.04894587099806799,-68.049204,-1.0,,0.02979530546115546,1.0,7.117934636199582,OK,OK,OPTIMAL,0.00338857,0.0,0.0
matpower/case57,matpower/case57/2017-03-15,LAZY_COMMIT_GNN_T060,20.346196456103375,0.04914923544346412,-68.034653,-1.0,,0.02979530546115546,1.0,7.117934636199582,OK,OK,OPTIMAL,0.00338857,0.0,0.0
matpower/case57,matpower/case57/2017-03-15,WARM_LAZY,19.183489640306288,0.05212815909671134,-67.82150700000001,-1.0,,0.02979530546115546,1.0,7.117934636199582,OK,OK,OPTIMAL,0.00338857,16452.0,0.0
matpower/case57,matpower/case57/2017-03-15,WARM_LAZY_TOPK128,19.16825716003305,0.052169583893368204,-67.818543,-1.0,,0.02979530546115546,1.0,7.117934636199582,OK,OK,OPTIMAL,0.00338857,16452.0,0.0
matpower/case57,matpower/case57/2017-03-15,WARM_LAZY_BANDIT,19.07529788762715,0.052423820896062234,-67.800352,-1.0,,0.02979530546115546,1.0,7.117934636199582,OK,OK,OPTIMAL,0.00338857,16452.0,0.0
matpower/case57,matpower/case57/2017-03-15,WARM_LAZY_COMMIT_HINTS,19.240594874111604,0.05197344502822567,-67.832577,-1.0,,0.02979530546115546,1.0,7.117934636199582,OK,OK,OPTIMAL,0.00338857,16452.0,0.0
matpower/case57,matpower/case57/2017-03-15,WARM_LAZY_GRU,19.474629567129732,0.05134885860359833,-67.877267,-1.0,,0.02979530546115546,1.0,7.117934636199582,OK,OK,OPTIMAL,0.00338857,16452.0,0.0
matpower/case57,matpower/case57/2017-03-15,WARM_LAZY_BRANCH_HINTS,18.940803360837354,0.05279607105090558,-67.773717,-1.0,,0.02979530546115546,1.0,7.117934636199582,OK,OK,OPTIMAL,0.00338857,16452.0,252.0
matpower/case57,matpower/case57/2017-03-15,WARM_LAZY_GNN_T060,18.741051218289456,0.053358799800093205,-67.73345300000001,-1.0,,0.02979530546115546,1.0,7.117934636199582,OK,OK,OPTIMAL,0.00338857,16452.0,0.0
matpower/case57,matpower/case57/2017-03-15,WARM_LAZY_COMMIT_GNN_T060,18.91550177479847,0.05286669166409962,-67.768664,-1.0,,0.02979530546115546,1.0,7.117934636199582,OK,OK,OPTIMAL,0.00338857,16452.0,0.0
matpower/case57,matpower/case57/2017-03-15,WARM_LAZY_COMMIT_GRU,19.20370846018144,0.05207327543393417,-67.825434,-1.0,,0.02979530546115546,1.0,7.117934636199582,OK,OK,OPTIMAL,0.00338857,16452.0,0.0
matpower/case57,matpower/case57/2017-03-15,WARM_LAZY_ML_STACK,19.305882800522586,0.05179768313795685,-67.84515300000001,-1.0,,0.02979530546115546,1.0,7.117934636199582,OK,OK,OPTIMAL,0.00338857,16452.0,252.0
matpower/case57,matpower/case57/2017-03-15,WARM_PRUNE_T010,26.184308813132095,0.03819081141826721,-68.81874300000001,-1.0,,0.02979530546115546,1.0,7.117934636199582,OK,OK,OPTIMAL,0.00338857,16452.0,0.0
matpower/case57,matpower/case57/2017-03-15,WARM_PRUNE_T020,26.59169856619369,0.03760572110543215,-68.860607,-1.0,,0.02979530546115546,1.0,7.117934636199582,OK,OK,OPTIMAL,0.00338857,16452.0,0.0
matpower/case57,matpower/case57/2017-03-15,WARM_PRUNE_T030,27.062875464324772,0.03695098849781262,-68.907454,-1.0,,0.02979530546115546,1.0,7.117934636199582,OK,OK,OPTIMAL,0.00338857,16452.0,0.0
matpower/case57,matpower/case57/2017-03-15,WARM_PRUNE_T050,26.482216351378163,0.03776118987669093,-68.849483,-1.0,,0.02979530546115546,1.0,7.117934636199582,OK,OK,OPTIMAL,0.00338857,16452.0,0.0
matpower/case57,matpower/case57/2017-03-15,WARM_PRUNE_T080,9.629613026043879,0.10384633289992429,-64.121002,-1.0,,0.06630838536315499,1.0,7.117934636199582,OK,OK,OPTIMAL,0.00338857,16452.0,0.0
matpower/case57,matpower/case57/2017-03-15,WARM_LPSCREEN_T010,23.830018730608295,0.04196387805249843,-68.548775,-1.0,,0.02979530546115546,1.0,7.117934636199582,OK,OK,OPTIMAL,0.00338857,16452.0,0.0
matpower/case57,matpower/case57/2017-03-15,WARM_LPSCREEN_T020,23.551610465342097,0.04245994139006216,-68.513281,-1.0,,0.02979530546115546,1.0,7.117934636199582,OK,OK,OPTIMAL,0.00338857,16452.0,0.0
matpower/case57,matpower/case57/2017-03-15,WARM_LPSCREEN_T030,24.081721829207098,0.04152526995753133,-68.58015800000001,-1.0,,0.02979530546115546,1.0,7.117934636199582,OK,OK,OPTIMAL,0.00338857,16452.0,0.0
matpower/case57,matpower/case57/2017-03-15,WARM_LPSCREEN_T050,23.556619433598254,0.04245091290873951,-68.51392700000001,-1.0,,0.02979530546115546,1.0,7.117934636199582,OK,OK,OPTIMAL,0.00338857,16452.0,0.0
matpower/case57,matpower/case57/2017-03-15,WARM_LPSCREEN_T080,13.666639034662568,0.07317087964814974,-66.31587200000001,-1.0,,0.05461155457203825,1.0,7.117934636199582,OK,OK,OPTIMAL,0.00521109,16452.0,0.0
matpower/case57,matpower/case57/2017-03-15,WARM_PRUNE_LAZY_T010,18.8766275343473,0.05297556452710806,-67.760874,-1.0,,0.02979530546115546,1.0,7.117934636199582,OK,OK,OPTIMAL,0.00338857,16452.0,0.0
matpower/case57,matpower/case57/2017-03-15,WARM_PRUNE_LAZY_T020,19.088931402795282,0.05238637925293006,-67.803031,-1.0,,0.02979530546115546,1.0,7.117934636199582,OK,OK,OPTIMAL,0.00338857,16452.0,0.0
matpower/case57,matpower/case57/2017-03-15,WARM_PRUNE_LAZY_T030,18.670002502333382,0.05356185677398917,-67.718924,-1.0,,0.02979530546115546,1.0,7.117934636199582,OK,OK,OPTIMAL,0.00338857,16452.0,0.0
matpower/case57,matpower/case57/2017-03-15,WARM_PRUNE_LAZY_T050,18.994912485674444,0.052645675559399314,-67.78447800000001,-1.0,,0.02979530546115546,1.0,7.117934636199582,OK,OK,OPTIMAL,0.00338857,16452.0,0.0
matpower/case57,matpower/case57/2017-03-15,WARM_PRUNE_LAZY_T080,21.223030722242772,0.047118623776572645,-68.179946,-1.0,,0.02979530546115546,1.0,7.117934636199582,OK,OK,OPTIMAL,0.00338857,16452.0,0.0
matpower/case57,matpower/case57/2017-03-15,WARM_LPSCREEN_LAZY_T010,17.18969862737255,0.058174376507544985,-67.38889200000001,-1.0,,0.02979530546115546,1.0,7.117934636199582,OK,OK,OPTIMAL,0.00338857,16452.0,0.0
matpower/case57,matpower/case57/2017-03-15,WARM_LPSCREEN_LAZY_T020,17.516988956058526,0.05708743680255243,-67.46666400000001,-1.0,,0.02979530546115546,1.0,7.117934636199582,OK,OK,OPTIMAL,0.00338857,16452.0,0.0
matpower/case57,matpower/case57/2017-03-15,WARM_LPSCREEN_LAZY_T030,16.386189919579788,0.06102699925411607,-67.18478300000001,-1.0,,0.02979530546115546,1.0,7.117934636199582,OK,OK,OPTIMAL,0.00338857,16452.0,0.0
matpower/case57,matpower/case57/2017-03-15,WARM_LPSCREEN_LAZY_T050,16.80166379129979,0.059517915155391836,-67.29276,-1.0,,0.02979530546115546,1.0,7.117934636199582,OK,OK,OPTIMAL,0.00338857,16452.0,0.0
matpower/case57,matpower/case57/2017-03-15,WARM_LPSCREEN_LAZY_T080,16.886094521645184,0.05922032467117635,-67.314053,-1.0,,0.02979530546115546,1.0,7.117934636199582,OK,OK,OPTIMAL,0.00338857,16452.0,0.0
matpower/case57,matpower/case57/2017-03-15,WARM_SR_LAZY,1.1409482062638616,0.876463974885057,-8.839169000000005,0.0,,0.6432466608709397,1.0,34071.16799815551,OK,OK,OPTIMAL,0.03621863,16452.0,0.0
matpower/case57,matpower/case57/2017-03-15,SHRINK_LAZY,134.05630633584454,0.007459552089215036,-71.017606,-1.0,,0.006621178991367879,1.0,9867.874259226715,OK,OK,OPTIMAL,0.01566869,0.0,0.0
matpower/case57,matpower/case57/2017-03-15,STREDUCE,0.9651289100642234,1.0361310179108159,2.585222999999999,0.0,,1.0004807818962564,1.0,2775.823603510404,OK,OK,OPTIMAL,0.0,16452.0,0.0
matpower/case57,matpower/case57/2017-03-15,STREDUCE_CONSERVATIVE,1.1645518174462433,0.8586994455883549,-10.110245000000006,0.0,,1.0003183259130466,1.0,14857.40483361056,OK,OK,OPTIMAL,0.01635822,16452.0,0.0
matpower/case57,matpower/case57/2017-03-15,STREDUCE_AGGRESSIVE,18.833534431159006,0.05309677817805442,-67.75220100000001,-1.0,,1.0005532284833636,1.0,,,,INFEASIBLE,,16452.0,0.0
matpower/case57,matpower/case57/2017-03-15,STREDUCE_GRU,0.984197930238393,1.0160557843865607,1.1488129999999899,0.0,,1.0004807818962564,1.0,2775.823603510404,OK,OK,OPTIMAL,0.0,16452.0,0.0
matpower/case57,matpower/case57/2017-03-15,STREDUCE_LAZY,1.0230432471487694,0.9774757839289872,-1.6116380000000134,0.0,,1.0004807818962564,1.0,2775.823603510404,OK,OK,OPTIMAL,0.0,16452.0,0.0
matpower/case57,matpower/case57/2017-03-15,STREDUCE_LAZY_CONSERVATIVE,1.1781702160619762,0.8487737903802146,-10.820439000000007,0.0,,1.0003183259130466,1.0,14857.40483361056,OK,OK,OPTIMAL,0.01635822,16452.0,0.0
matpower/case57,matpower/case57/2017-03-15,STREDUCE_LAZY_AGGRESSIVE,20.05215620377652,0.049869948639820846,-67.983085,-1.0,,1.0005532284833636,1.0,,,,INFEASIBLE,,16452.0,0.0
matpower/case57,matpower/case57/2017-03-15,STREDUCE_LAZY_GRU,1.0359819662318517,0.9652677677752174,-2.4851380000000063,0.0,,1.0004807818962564,1.0,2775.823603510404,OK,OK,OPTIMAL,0.0,16452.0,0.0
matpower/case57,matpower/case57/2017-03-15,RAW_COMMIT_HINTS,1.0279936288295077,0.9727686747812028,-1.94843800000001,0.0,,1.0,1.0,7807.049430684535,OK,OK,OPTIMAL,0.01110185,0.0,0.0
matpower/case57,matpower/case57/2017-03-15,ACTIVESET,24.60007054981756,0.04065028992396188,-68.642764,-1.0,,0.02979530546115546,1.0,7.117934636199582,OK,OK,OPTIMAL,0.00338857,0.0,0.0
matpower/case57,matpower/case57/2017-03-15,ACTIVESET_B500,24.279714349702747,0.04118664600402281,-68.604387,-1.0,,0.02979530546115546,1.0,7.117934636199582,OK,OK,OPTIMAL,0.00338857,0.0,0.0
matpower/case57,matpower/case57/2017-03-15,ACTIVESET_B5000,23.891725938513108,0.04185549434869479,-68.55653000000001,-1.0,,0.02979530546115546,1.0,7.117934636199582,OK,OK,OPTIMAL,0.00338857,0.0,0.0
matpower/case57,matpower/case57/2017-03-15,ACTIVESET_NOCLEAN,24.176084744113382,0.04136319054901929,-68.591755,-1.0,,0.02979530546115546,1.0,7.117934636199582,OK,OK,OPTIMAL,0.00338857,0.0,0.0
matpower/case57,matpower/case57/2017-03-15,WARM_ACTIVESET,22.2153061975346,0.045014009309985455,-68.330534,-1.0,,0.02979530546115546,1.0,7.117934636199582,OK,OK,OPTIMAL,0.00338857,16452.0,252.0
matpower/case57,matpower/case57/2017-03-15,ACTIVESET_LAZY,16.865659711844255,0.05929207733853005,-67.308919,-1.0,,0.02979530546115546,1.0,7.117934636199582,OK,OK,OPTIMAL,0.00338857,0.0,0.0
matpower/case57,matpower/case57/2017-03-15,ACTIVESET_LAZY_TOPK128,16.89680532412918,0.059182785196203215,-67.31673900000001,-1.0,,0.02979530546115546,1.0,7.117934636199582,OK,OK,OPTIMAL,0.00338857,0.0,0.0
matpower/case57,matpower/case57/2017-03-15,WARM_ACTIVESET_LAZY,16.183192323950877,0.061792505457654065,-67.13001000000001,-1.0,,0.02979530546115546,1.0,7.117934636199582,OK,OK,OPTIMAL,0.00338857,16452.0,252.0
matpower/case57,matpower/case57/2017-05-15,RAW_GNN,53.948396222742275,0.018536232214785356,-61.201198,-1.0,,0.02979530546115546,1.0,0.0,OK,OK,OPTIMAL,0.00191826,0.0,0.0
matpower/case57,matpower/case57/2017-05-15,WARM,1.018347830830022,0.9819827466858084,-1.1235029999999995,0.0,,1.0,1.0,21931.03455349683,OK,OK,OPTIMAL,0.02333748,16452.0,0.0
matpower/case57,matpower/case57/2017-05-15,WARM_BRANCH_HINTS,1.0156029432178413,0.9846367684122648,-0.9580059999999975,0.0,,1.0,1.0,21931.03455349683,OK,OK,OPTIMAL,0.02333748,16452.0,252.0
matpower/case57,matpower/case57/2017-05-15,WARM_COMMIT_HINTS,1.002379541852394,0.9976261069255299,-0.14802899999999397,0.0,,1.0,1.0,21931.03455349683,OK,OK,OPTIMAL,0.02333748,16452.0,0.0
matpower/case57,matpower/case57/2017-05-15,WARM_GRU,1.0154711284101086,0.9847645807179854,-0.9500359999999972,0.0,,1.0,1.0,21931.03455349683,OK,OK,OPTIMAL,0.02333748,16452.0,0.0
matpower/case57,matpower/case57/2017-05-15,LAZY_ALL,18.97414969836497,0.052703283988856243,-59.070640999999995,-1.0,,0.02979530546115546,1.0,0.0,OK,OK,OPTIMAL,0.00191826,0.0,0.0
matpower/case57,matpower/case57/2017-05-15,LAZY_TOPK128,18.704079487083348,0.053464272363180416,-59.023188,-1.0,,0.02979530546115546,1.0,0.0,OK,OK,OPTIMAL,0.00191826,0.0,0.0
matpower/case57,matpower/case57/2017-05-15,LAZY_BANDIT,18.397387837325915,0.05435554269129064,-58.967611,-1.0,,0.02979530546115546,1.0,0.0,OK,OK,OPTIMAL,0.00191826,0.0,0.0
matpower/case57,matpower/case57/2017-05-15,LAZY_COMMIT_HINTS,21.450045629932134,0.04661994744685137,-59.44998,-1.0,,0.02979530546115546,1.0,21528.121924119845,OK,OK,OPTIMAL,0.02295226,0.0,0.0
matpower/case57,matpower/case57/2017-05-15,LAZY_GNN_T060,18.12409222679318,0.05517517718882944,-58.916501,-1.0,,0.02979530546115546,1.0,0.0,OK,OK,OPTIMAL,0.00191826,0.0,0.0
matpower/case57,matpower/case57/2017-05-15,LAZY_GNN_T080,18.556435080218105,0.053889661224102235,-58.99666199999999,-1.0,,0.02979530546115546,1.0,0.0,OK,OK,OPTIMAL,0.00191826,0.0,0.0
matpower/case57,matpower/case57/2017-05-15,LAZY_COMMIT_GNN_T060,20.489377124484744,0.04880577842481131,-59.313677999999996,-1.0,,0.02979530546115546,1.0,21528.121924119845,OK,OK,OPTIMAL,0.02295226,0.0,0.0
matpower/case57,matpower/case57/2017-05-15,WARM_LAZY,17.203851515712497,0.058126518883674816,-58.73246399999999,-1.0,,0.02979530546115546,1.0,0.0,OK,OK,OPTIMAL,0.00191826,16452.0,0.0
matpower/case57,matpower/case57/2017-05-15,WARM_LAZY_TOPK128,17.498574595957795,0.05714751190254102,-58.793512,-1.0,,0.02979530546115546,1.0,0.0,OK,OK,OPTIMAL,0.00191826,16452.0,0.0
matpower/case57,matpower/case57/2017-05-15,WARM_LAZY_BANDIT,17.508160096585804,0.057116224348154436,-58.795463,-1.0,,0.02979530546115546,1.0,0.0,OK,OK,OPTIMAL,0.00191826,16452.0,0.0
matpower/case57,matpower/case57/2017-05-15,WARM_LAZY_COMMIT_HINTS,17.438881476300487,0.05734312727332909,-58.781313999999995,-1.0,,0.02979530546115546,1.0,0.0,OK,OK,OPTIMAL,0.00191826,16452.0,0.0
matpower/case57,matpower/case57/2017-05-15,WARM_LAZY_GRU,17.06172690538887,0.05861071423456875,-58.702270999999996,-1.0,,0.02979530546115546,1.0,0.0,OK,OK,OPTIMAL,0.00191826,16452.0,0.0
matpower/case57,matpower/case57/2017-05-15,WARM_LAZY_BRANCH_HINTS,17.234053672952673,0.05802465391931625,-58.738816,-1.0,,0.02979530546115546,1.0,0.0,OK,OK,OPTIMAL,0.00191826,16452.0,252.0
matpower/case57,matpower/case57/2017-05-15,WARM_LAZY_GNN_T060,17.52216661285568,0.05707056793229662,-58.798309999999994,-1.0,,0.02979530546115546,1.0,0.0,OK,OK,OPTIMAL,0.00191826,16452.0,0.0
matpower/case57,matpower/case57/2017-05-15,WARM_LAZY_COMMIT_GNN_T060,17.294441472226776,0.05782204655790155,-58.75145,-1.0,,0.02979530546115546,1.0,0.0,OK,OK,OPTIMAL,0.00191826,16452.0,0.0
matpower/case57,matpower/case57/2017-05-15,WARM_LAZY_COMMIT_GRU,17.462024189234977,0.057267129466953885,-58.786052999999995,-1.0,,0.02979530546115546,1.0,0.0,OK,OK,OPTIMAL,0.00191826,16452.0,0.0
matpower/case57,matpower/case57/2017-05-15,WARM_LAZY_ML_STACK,17.159190078901318,0.05827780888269225,-58.723029999999994,-1.0,,0.02979530546115546,1.0,0.0,OK,OK,OPTIMAL,0.00191826,16452.0,252.0
matpower/case57,matpower/case57/2017-05-15,WARM_PRUNE_T010,41.23926181154436,0.024248736666767006,-60.844983,-1.0,,0.02979530546115546,1.0,0.0,OK,OK,OPTIMAL,0.00191826,16452.0,0.0
matpower/case57,matpower/case57/2017-05-15,WARM_PRUNE_T020,41.391075807117524,0.024159797263062246,-60.850528999999995,-1.0,,0.02979530546115546,1.0,0.0,OK,OK,OPTIMAL,0.00191826,16452.0,0.0
matpower/case57,matpower/case57/2017-05-15,WARM_PRUNE_T030,41.11350790034977,0.0243229062921068,-60.840357999999995,-1.0,,0.02979530546115546,1.0,0.0,OK,OK,OPTIMAL,0.00191826,16452.0,0.0
matpower/case57,matpower/case57/2017-05-15,WARM_PRUNE_T050,39.86063653454379,0.025087406698420033,-60.792685999999996,-1.0,,0.02979530546115546,1.0,0.0,OK,OK,OPTIMAL,0.00191826,16452.0,0.0
matpower/case57,matpower/case57/2017-05-15,WARM_PRUNE_T080,8.85629068408126,0.11291408961964743,-55.316072,-1.0,,0.058088990753181066,1.0,0.0,OK,OK,OPTIMAL,0.00191826,16452.0,0.0
matpower/case57,matpower/case57/2017-05-15,WARM_LPSCREEN_T010,33.590424769741766,0.02977038864065808,-60.500668999999995,-1.0,,0.02979530546115546,1.0,0.0,OK,OK,OPTIMAL,0.00191826,16452.0,0.0
matpower/case57,matpower/case57/2017-05-15,WARM_LPSCREEN_T020,33.82877957851999,0.02956062892185926,-60.513749,-1.0,,0.02979530546115546,1.0,0.0,OK,OK,OPTIMAL,0.00191826,16452.0,0.0
matpower/case57,matpower/case57/2017-05-15,WARM_LPSCREEN_T030,33.3322801133864,0.030000947927903532,-60.486292,-1.0,,0.02979530546115546,1.0,0.0,OK,OK,OPTIMAL,0.00191826,16452.0,0.0
matpower/case57,matpower/case57/2017-05-15,WARM_LPSCREEN_T050,34.88637783905746,0.028664483444321296,-60.56963,-1.0,,0.02979530546115546,1.0,0.0,OK,OK,OPTIMAL,0.00191826,16452.0,0.0
matpower/case57,matpower/case57/2017-05-15,WARM_LPSCREEN_T080,8.264184193433428,0.12100407936146705,-54.811603999999996,-1.0,,0.08511815379751837,1.0,0.0,OK,OK,OPTIMAL,0.00191826,16452.0,0.0
matpower/case57,matpower/case57/2017-05-15,WARM_PRUNE_LAZY_T010,16.83213366790439,0.05941017459401512,-58.652418999999995,-1.0,,0.02979530546115546,1.0,0.0,OK,OK,OPTIMAL,0.00191826,16452.0,0.0
matpower/case57,matpower/case57/2017-05-15,WARM_PRUNE_LAZY_T020,17.068283741009715,0.05858819874181695,-58.703675,-1.0,,0.02979530546115546,1.0,0.0,OK,OK,OPTIMAL,0.00191826,16452.0,0.0
matpower/case57,matpower/case57/2017-05-15,WARM_PRUNE_LAZY_T030,16.916188491458495,0.05911497146682486,-58.670826999999996,-1.0,,0.02979530546115546,1.0,0.0,OK,OK,OPTIMAL,0.00191826,16452.0,0.0
matpower/case57,matpower/case57/2017-05-15,WARM_PRUNE_LAZY_T050,17.100923235561503,0.05847637500181817,-58.710648,-1.0,,0.02979530546115546,1.0,0.0,OK,OK,OPTIMAL,0.00191826,16452.0,0.0
matpower/case57,matpower/case57/2017-05-15,WARM_PRUNE_LAZY_T080,18.96467434940439,0.05272961621043634,-59.068999,-1.0,,0.02979530546115546,1.0,0.0,OK,OK,OPTIMAL,0.00191826,16452.0,0.0
matpower/case57,matpower/case57/2017-05-15,WARM_LPSCREEN_LAZY_T010,15.27064002815259,0.06548513999127893,-58.273602,-1.0,,0.02979530546115546,1.0,0.0,OK,OK,OPTIMAL,0.00191826,16452.0,0.0
matpower/case57,matpower/case57/2017-05-15,WARM_LPSCREEN_LAZY_T020,15.805396646441768,0.06326952890645282,-58.411761,-1.0,,0.02979530546115546,1.0,0.0,OK,OK,OPTIMAL,0.00191826,16452.0,0.0
matpower/case57,matpower/case57/2017-05-15,WARM_LPSCREEN_LAZY_T030,15.589137139618597,0.06414723220687928,-58.357029999999995,-1.0,,0.02979530546115546,1.0,0.0,OK,OK,OPTIMAL,0.00191826,16452.0,0.0
matpower/case57,matpower/case57/2017-05-15,WARM_LPSCREEN_LAZY_T050,15.24826125932704,0.06558124778904356,-58.26760899999999,-1.0,,0.02979530546115546,1.0,0.0,OK,OK,OPTIMAL,0.00191826,16452.0,0.0
matpower/case57,matpower/case57/2017-05-15,WARM_LPSCREEN_LAZY_T080,14.481540159717824,0.06905342863886967,-58.051094,-1.0,,0.02979530546115546,1.0,0.0,OK,OK,OPTIMAL,0.00191826,16452.0,0.0
matpower/case57,matpower/case57/2017-05-15,WARM_SR_LAZY,1.070237562223146,0.934371989264472,-4.092369999999995,0.0,,0.6432466608709397,1.0,21931.03455349683,OK,OK,OPTIMAL,0.02333748,16452.0,0.0
matpower/case57,matpower/case57/2017-05-15,SHRINK_LAZY,94.69561579347001,0.01056015098081191,-61.698563,-1.0,,0.006621178991367879,1.0,23831.884233517674,OK,OK,OPTIMAL,0.04869571,0.0,0.0
matpower/case57,matpower/case57/2017-05-15,STREDUCE,1.0036720094545333,0.9963414248679416,-0.22813799999999418,0.0,,1.000474195842883,1.0,21931.03455349683,OK,OK,OPTIMAL,0.00038397,16452.0,0.0
matpower/case57,matpower/case57/2017-05-15,STREDUCE_CONSERVATIVE,0.9107527606339044,1.0979928288155585,6.110545000000002,0.0,,1.0003951632024026,1.0,21931.03455349683,OK,OK,OPTIMAL,0.01254067,16452.0,0.0
matpower/case57,matpower/case57/2017-05-15,STREDUCE_AGGRESSIVE,1.0221412014593245,0.9783384121218154,-1.3507529999999974,0.0,,1.0005444470788658,1.0,21931.03455349683,OK,OK,OPTIMAL,0.0,16452.0,0.0
matpower/case57,matpower/case57/2017-05-15,STREDUCE_GRU,1.0186275669937623,0.9817130739464108,-1.140318999999998,0.0,,1.000474195842883,1.0,21931.03455349683,OK,OK,OPTIMAL,0.00038397,16452.0,0.0
matpower/case57,matpower/case57/2017-05-15,STREDUCE_LAZY,1.0347332127702844,0.9664326878255957,-2.093159,0.0,,1.000474195842883,1.0,21931.03455349683,OK,OK,OPTIMAL,0.00038397,16452.0,0.0
matpower/case57,matpower/case57/2017-05-15,STREDUCE_LAZY_CONSERVATIVE,0.8778456680822946,1.1391524004265565,8.677135000000007,0.0,,1.0003951632024026,1.0,21931.03455349683,OK,OK,OPTIMAL,0.01254067,16452.0,0.0
matpower/case57,matpower/case57/2017-05-15,STREDUCE_LAZY_AGGRESSIVE,1.0409058544280687,0.9607016770497995,-2.4505279999999985,0.0,,1.0005444470788658,1.0,21931.03455349683,OK,OK,OPTIMAL,0.0,16452.0,0.0
matpower/case57,matpower/case57/2017-05-15,STREDUCE_LAZY_GRU,1.0305985502814885,0.9703099230314937,-1.851385999999998,0.0,,1.000474195842883,1.0,21931.03455349683,OK,OK,OPTIMAL,0.00038397,16452.0,0.0
matpower/case57,matpower/case57/2017-05-15,RAW_COMMIT_HINTS,0.9930073764208528,1.0070418646882071,0.43911000000000655,0.0,,1.0,1.0,21931.03455349683,OK,OK,OPTIMAL,0.02333748,0.0,0.0
matpower/case57,matpower/case57/2017-05-15,ACTIVESET,36.853598743750815,0.027134392137743886,-60.665042,-1.0,,0.02979530546115546,1.0,0.0,OK,OK,OPTIMAL,0.00191826,0.0,0.0
matpower/case57,matpower/case57/2017-05-15,ACTIVESET_B500,35.89918451587646,0.027855785959643418,-60.620058,-1.0,,0.02979530546115546,1.0,0.0,OK,OK,OPTIMAL,0.00191826,0.0,0.0
matpower/case57,matpower/case57/2017-05-15,ACTIVESET_B5000,36.62622457820002,0.027302841379812905,-60.654537999999995,-1.0,,0.02979530546115546,1.0,0.0,OK,OK,OPTIMAL,0.00191826,0.0,0.0
matpower/case57,matpower/case57/2017-05-15,ACTIVESET_NOCLEAN,35.015376382487446,0.028558881934513176,-60.576215,-1.0,,0.02979530546115546,1.0,0.0,OK,OK,OPTIMAL,0.00191826,0.0,0.0
matpower/case57,matpower/case57/2017-05-15,WARM_ACTIVESET,31.66004918810184,0.03158554789535229,-60.387480999999994,-1.0,,0.02979530546115546,1.0,0.0,OK,OK,OPTIMAL,0.00191826,16452.0,252.0
matpower/case57,matpower/case57/2017-05-15,ACTIVESET_LAZY,15.419268316807198,0.06485392039711685,-58.312962999999996,-1.0,,0.02979530546115546,1.0,0.0,OK,OK,OPTIMAL,0.00191826,0.0,0.0
matpower/case57,matpower/case57/2017-05-15,ACTIVESET_LAZY_TOPK128,15.504090154712546,0.06449910894616702,-58.335088,-1.0,,0.02979530546115546,1.0,0.0,OK,OK,OPTIMAL,0.00191826,0.0,0.0
matpower/case57,matpower/case57/2017-05-15,WARM_ACTIVESET_LAZY,14.227965978135451,0.07028411520921055,-57.974351999999996,-1.0,,0.02979530546115546,1.0,0.0,OK,OK,OPTIMAL,0.00191826,16452.0,252.0
matpower/case57,matpower/case57/2017-07-15,RAW_GNN,30.19369146623985,0.03311950117520805,-60.336237000000004,-1.0,,0.02979530546115546,1.0,-1690.382415608003,OK,OK,OPTIMAL,0.0018258,0.0,0.0
matpower/case57,matpower/case57/2017-07-15,WARM,1.0151829432978219,0.985044130815969,-0.9332910000000041,0.0,,1.0,1.0,10527.445282990197,OK,OK,OPTIMAL,0.01389427,16452.0,0.0
matpower/case57,matpower/case57/2017-07-15,WARM_BRANCH_HINTS,1.0118928352456245,0.9882469419375446,-0.7334260000000015,0.0,,1.0,1.0,10527.445282990197,OK,OK,OPTIMAL,0.01389427,16452.0,252.0
matpower/case57,matpower/case57/2017-07-15,WARM_COMMIT_HINTS,1.0055010839474665,0.9945290124145167,-0.3414059999999992,0.0,,1.0,1.0,3931.125846539159,OK,OK,OPTIMAL,0.00741508,16452.0,0.0
matpower/case57,matpower/case57/2017-07-15,WARM_GRU,1.0151063351781193,0.9851184701990175,-0.9286519999999996,0.0,,1.0,1.0,10527.445282990197,OK,OK,OPTIMAL,0.01389427,16452.0,0.0
matpower/case57,matpower/case57/2017-07-15,LAZY_ALL,13.20787435172872,0.07571241014032773,-57.678312000000005,-1.0,,0.02979530546115546,1.0,1436.6141612094605,OK,OK,OPTIMAL,0.00494261,0.0,0.0
matpower/case57,matpower/case57/2017-07-15,LAZY_TOPK128,13.284680453828903,0.07527467472593821,-57.705628000000004,-1.0,,0.02979530546115546,1.0,1436.6141612094605,OK,OK,OPTIMAL,0.00494261,0.0,0.0
matpower/case57,matpower/case57/2017-07-15,LAZY_BANDIT,13.151160492099567,0.07603891691541141,-57.657937000000004,-1.0,,0.02979530546115546,1.0,1436.6141612094605,OK,OK,OPTIMAL,0.00494261,0.0,0.0
matpower/case57,matpower/case57/2017-07-15,LAZY_COMMIT_HINTS,21.60000339214552,0.046296289025752335,-59.513966,-1.0,,0.02979530546115546,1.0,1857.90318460931,OK,OK,OPTIMAL,0.00536104,0.0,0.0
matpower/case57,matpower/case57/2017-07-15,LAZY_GNN_T060,13.342505794838452,0.07494844037368527,-57.725986000000006,-1.0,,0.02979530546115546,1.0,1436.6141612094605,OK,OK,OPTIMAL,0.00494261,0.0,0.0
matpower/case57,matpower/case57/2017-07-15,LAZY_GNN_T080,13.184163578889281,0.07584857348108286,-57.669815,-1.0,,0.02979530546115546,1.0,1436.6141612094605,OK,OK,OPTIMAL,0.00494261,0.0,0.0
matpower/case57,matpower/case57/2017-07-15,LAZY_COMMIT_GNN_T060,21.68124162237397,0.04612281978205757,-59.524791,-1.0,,0.02979530546115546,1.0,1857.90318460931,OK,OK,OPTIMAL,0.00536104,0.0,0.0
matpower/case57,matpower/case57/2017-07-15,WARM_LAZY,12.605947095539205,0.0793276373779059,-57.452711,-1.0,,0.02979530546115546,1.0,1436.6141612094605,OK,OK,OPTIMAL,0.00494261,16452.0,0.0
matpower/case57,matpower/case57/2017-07-15,WARM_LAZY_TOPK128,12.745490681940915,0.07845912134374708,-57.506909,-1.0,,0.02979530546115546,1.0,1436.6141612094605,OK,OK,OPTIMAL,0.00494261,16452.0,0.0
matpower/case57,matpower/case57/2017-07-15,WARM_LAZY_BANDIT,12.48666462167321,0.08008543756867559,-57.405422,-1.0,,0.02979530546115546,1.0,1436.6141612094605,OK,OK,OPTIMAL,0.00494261,16452.0,0.0
matpower/case57,matpower/case57/2017-07-15,WARM_LAZY_COMMIT_HINTS,12.582392673204762,0.07947613987040654,-57.443444,-1.0,,0.02979530546115546,1.0,1436.6141612094605,OK,OK,OPTIMAL,0.00494261,16452.0,0.0
matpower/case57,matpower/case57/2017-07-15,WARM_LAZY_GRU,12.663248227128815,0.0789686802362188,-57.475111,-1.0,,0.02979530546115546,1.0,1436.6141612094605,OK,OK,OPTIMAL,0.00494261,16452.0,0.0
matpower/case57,matpower/case57/2017-07-15,WARM_LAZY_BRANCH_HINTS,12.64450425080144,0.07908574192907702,-57.467806,-1.0,,0.02979530546115546,1.0,1436.6141612094605,OK,OK,OPTIMAL,0.00494261,16452.0,252.0
matpower/case57,matpower/case57/2017-07-15,WARM_LAZY_GNN_T060,12.612958991658463,0.07928353692907006,-57.455463,-1.0,,0.02979530546115546,1.0,1436.6141612094605,OK,OK,OPTIMAL,0.00494261,16452.0,0.0
matpower/case57,matpower/case57/2017-07-15,WARM_LAZY_COMMIT_GNN_T060,12.45759191924354,0.08027233565543883,-57.393759,-1.0,,0.02979530546115546,1.0,1436.6141612094605,OK,OK,OPTIMAL,0.00494261,16452.0,0.0
matpower/case57,matpower/case57/2017-07-15,WARM_LAZY_COMMIT_GRU,12.403870736398783,0.08061999526208623,-57.372064,-1.0,,0.02979530546115546,1.0,1436.6141612094605,OK,OK,OPTIMAL,0.00494261,16452.0,0.0
matpower/case57,matpower/case57/2017-07-15,WARM_LAZY_ML_STACK,12.467761792458484,0.08020685802682573,-57.397845000000004,-1.0,,0.02979530546115546,1.0,1436.6141612094605,OK,OK,OPTIMAL,0.00494261,16452.0,252.0
matpower/case57,matpower/case57/2017-07-15,WARM_PRUNE_T010,25.82779193731432,0.03871798264547984,-59.986875000000005,-1.0,,0.02979530546115546,1.0,-1690.382415608003,OK,OK,OPTIMAL,0.0018258,16452.0,0.0
matpower/case57,matpower/case57/2017-07-15,WARM_PRUNE_T020,25.150530392796973,0.03976059289335689,-59.921813,-1.0,,0.02979530546115546,1.0,-1690.382415608003,OK,OK,OPTIMAL,0.0018258,16452.0,0.0
matpower/case57,matpower/case57/2017-07-15,WARM_PRUNE_T030,25.291729757859514,0.03953861636091718,-59.935665,-1.0,,0.02979530546115546,1.0,-1690.382415608003,OK,OK,OPTIMAL,0.0018258,16452.0,0.0
matpower/case57,matpower/case57/2017-07-15,WARM_PRUNE_T050,25.768567654318034,0.038806968761898965,-59.981322000000006,-1.0,,0.02979530546115546,1.0,-1690.382415608003,OK,OK,OPTIMAL,0.0018258,16452.0,0.0
matpower/case57,matpower/case57/2017-07-15,WARM_PRUNE_T080,9.361469350159167,0.10682083790436141,-55.737053,-1.0,,0.05555994625780447,1.0,-1690.382415608003,OK,OK,OPTIMAL,0.0018258,16452.0,0.0
matpower/case57,matpower/case57/2017-07-15,WARM_LPSCREEN_T010,22.04234930502817,0.04536721499880622,-59.571943000000005,-1.0,,0.02979530546115546,1.0,-1690.382415608003,OK,OK,OPTIMAL,0.0018258,16452.0,0.0
matpower/case57,matpower/case57/2017-07-15,WARM_LPSCREEN_T020,22.256450851268415,0.04493079362395326,-59.599177000000005,-1.0,,0.02979530546115546,1.0,-1690.382415608003,OK,OK,OPTIMAL,0.0018258,16452.0,0.0
matpower/case57,matpower/case57/2017-07-15,WARM_LPSCREEN_T030,21.877686110929975,0.04570867297983608,-59.550635,-1.0,,0.02979530546115546,1.0,-1690.382415608003,OK,OK,OPTIMAL,0.0018258,16452.0,0.0
matpower/case57,matpower/case57/2017-07-15,WARM_LPSCREEN_T050,21.98256028181418,0.04549060651626117,-59.564243000000005,-1.0,,0.02979530546115546,1.0,-1690.382415608003,OK,OK,OPTIMAL,0.0018258,16452.0,0.0
matpower/case57,matpower/case57/2017-07-15,WARM_LPSCREEN_T080,9.226297204699094,0.10838584296749998,-55.639392,-1.0,,0.04449537659053189,1.0,-1690.382415608003,OK,OK,OPTIMAL,0.0018258,16452.0,0.0
matpower/case57,matpower/case57/2017-07-15,WARM_PRUNE_LAZY_T010,12.473274293334955,0.08017141100908413,-57.400057000000004,-1.0,,0.02979530546115546,1.0,1436.6141612094605,OK,OK,OPTIMAL,0.00494261,16452.0,0.0
matpower/case57,matpower/case57/2017-07-15,WARM_PRUNE_LAZY_T020,12.476740791747192,0.08014913643645266,-57.401447000000005,-1.0,,0.02979530546115546,1.0,1436.6141612094605,OK,OK,OPTIMAL,0.00494261,16452.0,0.0
matpower/case57,matpower/case57/2017-07-15,WARM_PRUNE_LAZY_T030,12.347578140690343,0.08098754173537798,-57.349128,-1.0,,0.02979530546115546,1.0,1436.6141612094605,OK,OK,OPTIMAL,0.00494261,16452.0,0.0
matpower/case57,matpower/case57/2017-07-15,WARM_PRUNE_LAZY_T050,12.483981759056705,0.08010264828162969,-57.404348,-1.0,,0.02979530546115546,1.0,1436.6141612094605,OK,OK,OPTIMAL,0.00494261,16452.0,0.0
matpower/case57,matpower/case57/2017-07-15,WARM_PRUNE_LAZY_T080,13.350789723380199,0.07490193619398992,-57.728888000000005,-1.0,,0.02979530546115546,1.0,1436.6141612094605,OK,OK,OPTIMAL,0.00494261,16452.0,0.0
matpower/case57,matpower/case57/2017-07-15,WARM_LPSCREEN_LAZY_T010,11.058335236847016,0.09042952475051957,-56.75992,-1.0,,0.02979530546115546,1.0,1436.6141612094605,OK,OK,OPTIMAL,0.00494261,16452.0,0.0
matpower/case57,matpower/case57/2017-07-15,WARM_LPSCREEN_LAZY_T020,11.651490208269735,0.08582593145812732,-57.047198,-1.0,,0.02979530546115546,1.0,1436.6141612094605,OK,OK,OPTIMAL,0.00494261,16452.0,0.0
matpower/case57,matpower/case57/2017-07-15,WARM_LPSCREEN_LAZY_T030,11.593830557233339,0.08625276995928705,-57.020562,-1.0,,0.02979530546115546,1.0,1436.6141612094605,OK,OK,OPTIMAL,0.00494261,16452.0,0.0
matpower/case57,matpower/case57/2017-07-15,WARM_LPSCREEN_LAZY_T050,11.490160548879267,0.0870309858374902,-56.971999000000004,-1.0,,0.02979530546115546,1.0,1436.6141612094605,OK,OK,OPTIMAL,0.00494261,16452.0,0.0
matpower/case57,matpower/case57/2017-07-15,WARM_LPSCREEN_LAZY_T080,10.359296458220173,0.09653165193534867,-56.379129000000006,-1.0,,0.02979530546115546,1.0,1436.6141612094605,OK,OK,OPTIMAL,0.00494261,16452.0,0.0
matpower/case57,matpower/case57/2017-07-15,WARM_SR_LAZY,0.8997894838716218,1.1113710683716724,6.949887999999994,0.0,,0.6309175689559788,1.0,10527.445282990197,OK,OK,OPTIMAL,0.01389427,16452.0,0.0
matpower/case57,matpower/case57/2017-07-15,SHRINK_LAZY,107.29353518680904,0.009320226034671125,-61.821383000000004,-1.0,,0.006621178991367879,1.0,17699.71456918495,OK,OK,OPTIMAL,0.03004431,0.0,0.0
matpower/case57,matpower/case57/2017-07-15,STREDUCE,1.019753758274194,0.9806288938737281,-1.2088150000000013,0.0,,1.0004346795226429,1.0,7110.967186539034,OK,OK,OPTIMAL,0.01054905,16452.0,0.0
matpower/case57,matpower/case57/2017-07-15,STREDUCE_CONSERVATIVE,1.020530502569831,0.9798825194169772,-1.255391000000003,0.0,,1.0003929678512782,1.0,10527.445282990197,OK,OK,OPTIMAL,0.01389427,16452.0,0.0
matpower/case57,matpower/case57/2017-07-15,STREDUCE_AGGRESSIVE,1.034098714173181,0.967025668143834,-2.0576970000000046,0.0,,1.0005049307586256,1.0,5072.0238514620205,OK,OK,OPTIMAL,0.0037658,16452.0,0.0
matpower/case57,matpower/case57/2017-07-15,STREDUCE_GRU,1.0324658879456636,0.9685550018410174,-1.9622620000000026,0.0,,1.0004346795226429,1.0,7110.967186539034,OK,OK,OPTIMAL,0.01054905,16452.0,0.0
matpower/case57,matpower/case57/2017-07-15,STREDUCE_LAZY,1.0040806842468795,0.9959359000617165,-0.25361200000000395,0.0,,1.0004346795226429,1.0,7110.967186539034,OK,OK,OPTIMAL,0.01054905,16452.0,0.0
matpower/case57,matpower/case57/2017-07-15,STREDUCE_LAZY_CONSERVATIVE,0.8738520861468727,1.1443584284490969,9.008397999999993,0.0,,1.0003929678512782,1.0,10527.445282990197,OK,OK,OPTIMAL,0.01389427,16452.0,0.0
matpower/case57,matpower/case57/2017-07-15,STREDUCE_LAZY_AGGRESSIVE,0.910600375706785,1.0981765730371298,6.126511999999998,0.0,,1.0005049307586256,1.0,5072.0238514620205,OK,OK,OPTIMAL,0.0037658,16452.0,0.0
matpower/case57,matpower/case57/2017-07-15,STREDUCE_LAZY_GRU,1.0153815275812559,0.9848514798000154,-0.9453129999999987,0.0,,1.0004346795226429,1.0,7110.967186539034,OK,OK,OPTIMAL,0.01054905,16452.0,0.0
matpower/case57,matpower/case57/2017-07-15,RAW_COMMIT_HINTS,0.9488429407714875,1.0539152024326783,3.3644700000000043,0.0,,1.0,1.0,469.9835386698243,OK,OK,OPTIMAL,0.00398121,0.0,0.0
matpower/case57,matpower/case57/2017-07-15,ACTIVESET,23.17607400538001,0.04314794644545334,-59.710432000000004,-1.0,,0.02979530546115546,1.0,-1690.382415608003,OK,OK,OPTIMAL,0.0018258,0.0,0.0
matpower/case57,matpower/case57/2017-07-15,ACTIVESET_B500,23.654360039998213,0.04227550431755733,-59.764875,-1.0,,0.02979530546115546,1.0,-1690.382415608003,OK,OK,OPTIMAL,0.0018258,0.0,0.0
matpower/case57,matpower/case57/2017-07-15,ACTIVESET_B5000,23.06618124047965,0.04335351350855879,-59.697604000000005,-1.0,,0.02979530546115546,1.0,-1690.382415608003,OK,OK,OPTIMAL,0.0018258,0.0,0.0
matpower/case57,matpower/case57/2017-07-15,ACTIVESET_NOCLEAN,23.92697752352323,0.04179382870305596,-59.794933,-1.0,,0.02979530546115546,1.0,-1690.382415608003,OK,OK,OPTIMAL,0.0018258,0.0,0.0
matpower/case57,matpower/case57/2017-07-15,WARM_ACTIVESET,21.371554045006196,0.04679116913510863,-59.483084000000005,-1.0,,0.02979530546115546,1.0,-1690.382415608003,OK,OK,OPTIMAL,0.0018258,16452.0,252.0
matpower/case57,matpower/case57/2017-07-15,ACTIVESET_LAZY,11.465041293297517,0.08722166579413906,-56.960100000000004,-1.0,,0.02979530546115546,1.0,1436.6141612094605,OK,OK,OPTIMAL,0.00494261,0.0,0.0
matpower/case57,matpower/case57/2017-07-15,ACTIVESET_LAZY_TOPK128,11.596243554776894,0.0862348221022027,-57.021682,-1.0,,0.02979530546115546,1.0,1436.6141612094605,OK,OK,OPTIMAL,0.00494261,0.0,0.0
matpower/case57,matpower/case57/2017-07-15,WARM_ACTIVESET_LAZY,11.185695508065235,0.08939989464928388,-56.824172000000004,-1.0,,0.02979530546115546,1.0,1436.6141612094605,OK,OK,OPTIMAL,0.00494261,16452.0,252.0
matpower/case57,matpower/case57/2017-09-15,RAW_GNN,17.77585504993629,0.05625608428909776,-3.1730020000000003,0.0,,0.02979530546115546,1.0,,,,INFEASIBLE,,0.0,0.0
matpower/case57,matpower/case57/2017-09-15,RAW_COMMIT_HINTS,0.6490715023590101,1.5406623097232925,1.817784,0.0,,1.0,1.0,,,,INFEASIBLE,,0.0,0.0
matpower/case57,matpower/case57/2017-09-15,WARM,0.9463654301388525,1.0566742699522298,0.19054700000000002,0.0,,1.0,1.0,,,,INFEASIBLE,,16452.0,0.0
matpower/case57,matpower/case57/2017-09-15,WARM_BRANCH_HINTS,0.943919209342662,1.059412701958245,0.199754,0.0,,1.0,1.0,,,,INFEASIBLE,,16452.0,252.0
matpower/case57,matpower/case57/2017-09-15,WARM_COMMIT_HINTS,0.9364056642056195,1.0679132327209164,0.22833399999999981,0.0,,1.0,1.0,,,,INFEASIBLE,,16452.0,0.0
matpower/case57,matpower/case57/2017-09-15,WARM_GRU,0.9242285754812752,1.0819834254521596,0.2756400000000001,0.0,,1.0,1.0,,,,INFEASIBLE,,16452.0,0.0
matpower/case57,matpower/case57/2017-09-15,LAZY_ALL,19.7713803506007,0.05057815803789428,-3.192092,0.0,,0.02979530546115546,1.0,,,,INFEASIBLE,,0.0,0.0
matpower/case57,matpower/case57/2017-09-15,LAZY_TOPK128,26.54044047994948,0.03767834979059486,-3.235463,0.0,,0.02979530546115546,1.0,,,,INFEASIBLE,,0.0,0.0
matpower/case57,matpower/case57/2017-09-15,LAZY_BANDIT,26.739275318519464,0.0373981713448833,-3.236405,0.0,,0.02979530546115546,1.0,,,,INFEASIBLE,,0.0,0.0
matpower/case57,matpower/case57/2017-09-15,LAZY_COMMIT_HINTS,25.28421345526193,0.03955037010620905,-3.229169,0.0,,0.02979530546115546,1.0,,,,INFEASIBLE,,0.0,0.0
matpower/case57,matpower/case57/2017-09-15,LAZY_GNN_T060,25.03997884874619,0.03993613597042125,-3.227872,0.0,,0.02979530546115546,1.0,,,,INFEASIBLE,,0.0,0.0
matpower/case57,matpower/case57/2017-09-15,LAZY_GNN_T080,24.750211641380126,0.040403694905302955,-3.2263,0.0,,0.02979530546115546,1.0,,,,INFEASIBLE,,0.0,0.0
matpower/case57,matpower/case57/2017-09-15,LAZY_COMMIT_GNN_T060,23.579259269649132,0.042410153286163016,-3.219554,0.0,,0.02979530546115546,1.0,,,,INFEASIBLE,,0.0,0.0
matpower/case57,matpower/case57/2017-09-15,WARM_LAZY,8.509083224506737,0.11752147365534421,-2.967019,0.0,,0.02979530546115546,1.0,,,,INFEASIBLE,,16452.0,0.0
matpower/case57,matpower/case57/2017-09-15,WARM_LAZY_TOPK128,8.530261859274425,0.117229695465065,-2.968,0.0,,0.02979530546115546,1.0,,,,INFEASIBLE,,16452.0,0.0
matpower/case57,matpower/case57/2017-09-15,WARM_LAZY_BANDIT,9.058424623210351,0.11039447162122491,-2.990981,0.0,,0.02979530546115546,1.0,,,,INFEASIBLE,,16452.0,0.0
matpower/case57,matpower/case57/2017-09-15,WARM_LAZY_COMMIT_HINTS,9.451576085887053,0.10580245991916465,-3.0064200000000003,0.0,,0.02979530546115546,1.0,,,,INFEASIBLE,,16452.0,0.0
matpower/case57,matpower/case57/2017-09-15,WARM_LAZY_GRU,9.418163228146842,0.10617781575620072,-3.005158,0.0,,0.02979530546115546,1.0,,,,INFEASIBLE,,16452.0,0.0
matpower/case57,matpower/case57/2017-09-15,WARM_LAZY_BRANCH_HINTS,8.343035028338313,0.11986045804714433,-2.959155,0.0,,0.02979530546115546,1.0,,,,INFEASIBLE,,16452.0,252.0
matpower/case57,matpower/case57/2017-09-15,WARM_LAZY_GNN_T060,8.356326752778076,0.1196698058351474,-2.959796,0.0,,0.02979530546115546,1.0,,,,INFEASIBLE,,16452.0,0.0
matpower/case57,matpower/case57/2017-09-15,WARM_LAZY_COMMIT_GNN_T060,9.151477457075353,0.10927197326229134,-2.994755,0.0,,0.02979530546115546,1.0,,,,INFEASIBLE,,16452.0,0.0
matpower/case57,matpower/case57/2017-09-15,WARM_LAZY_COMMIT_GRU,9.274160892400035,0.10782646663155018,-2.999615,0.0,,0.02979530546115546,1.0,,,,INFEASIBLE,,16452.0,0.0
matpower/case57,matpower/case57/2017-09-15,WARM_LAZY_ML_STACK,8.189023959548624,0.12211467507479605,-2.951576,0.0,,0.02979530546115546,1.0,,,,INFEASIBLE,,16452.0,252.0
matpower/case57,matpower/case57/2017-09-15,WARM_PRUNE_T010,5.550866192171993,0.1801520637284018,-2.756446,0.0,,0.02979530546115546,1.0,,,,INFEASIBLE,,16452.0,0.0
matpower/case57,matpower/case57/2017-09-15,WARM_PRUNE_T020,6.067426416183928,0.1648145245458031,-2.808013,0.0,,0.02979530546115546,1.0,,,,INFEASIBLE,,16452.0,0.0
matpower/case57,matpower/case57/2017-09-15,WARM_PRUNE_T030,6.070439013821307,0.16473273147513356,-2.808288,0.0,,0.02979530546115546,1.0,,,,INFEASIBLE,,16452.0,0.0
matpower/case57,matpower/case57/2017-09-15,WARM_PRUNE_T050,5.940014063206695,0.16834976977481325,-2.7961270000000003,0.0,,0.02979530546115546,1.0,,,,INFEASIBLE,,16452.0,0.0
matpower/case57,matpower/case57/2017-09-15,WARM_PRUNE_T080,4.896978480136911,0.20420755452697878,-2.675568,0.0,,0.05555994625780447,1.0,,,,INFEASIBLE,,16452.0,0.0
matpower/case57,matpower/case57/2017-09-15,WARM_LPSCREEN_T010,0.8990696816220003,1.1122608407792292,0.377437,0.0,,1.0,1.0,,,,INFEASIBLE,,16452.0,0.0
matpower/case57,matpower/case57/2017-09-15,WARM_LPSCREEN_T020,0.8759018187606438,1.1416804698669867,0.47635000000000005,0.0,,1.0,1.0,,,,INFEASIBLE,,16452.0,0.0
matpower/case57,matpower/case57/2017-09-15,WARM_LPSCREEN_T030,0.8761802978312985,1.1413176060625618,0.47513000000000005,0.0,,1.0,1.0,,,,INFEASIBLE,,16452.0,0.0
matpower/case57,matpower/case57/2017-09-15,WARM_LPSCREEN_T050,0.8983494799573983,1.1131525339642008,0.38043499999999986,0.0,,1.0,1.0,,,,INFEASIBLE,,16452.0,0.0
matpower/case57,matpower/case57/2017-09-15,WARM_LPSCREEN_T080,0.8768383939778734,1.1404610095406411,0.47224999999999984,0.0,,1.0,1.0,,,,INFEASIBLE,,16452.0,0.0
matpower/case57,matpower/case57/2017-09-15,WARM_PRUNE_LAZY_T010,8.114904770984536,0.12323003512938027,-2.947826,0.0,,0.02979530546115546,1.0,,,,INFEASIBLE,,16452.0,0.0
matpower/case57,matpower/case57/2017-09-15,WARM_PRUNE_LAZY_T020,7.218182950183346,0.13853902109458163,-2.8963550000000002,0.0,,0.02979530546115546,1.0,,,,INFEASIBLE,,16452.0,0.0
matpower/case57,matpower/case57/2017-09-15,WARM_PRUNE_LAZY_T030,7.111432378696223,0.14061864709502242,-2.8893630000000003,0.0,,0.02979530546115546,1.0,,,,INFEASIBLE,,16452.0,0.0
matpower/case57,matpower/case57/2017-09-15,WARM_PRUNE_LAZY_T050,8.00708508773601,0.12488939346125372,-2.942247,0.0,,0.02979530546115546,1.0,,,,INFEASIBLE,,16452.0,0.0
matpower/case57,matpower/case57/2017-09-15,WARM_PRUNE_LAZY_T080,8.097802944180042,0.12349028580878327,-2.9469510000000003,0.0,,0.02979530546115546,1.0,,,,INFEASIBLE,,16452.0,0.0
matpower/case57,matpower/case57/2017-09-15,WARM_LPSCREEN_LAZY_T010,6.133193357023503,0.16304719936064588,-2.813955,0.0,,0.02979530546115546,1.0,,,,INFEASIBLE,,16452.0,0.0
matpower/case57,matpower/case57/2017-09-15,WARM_LPSCREEN_LAZY_T020,7.112891726590548,0.14058979644827718,-2.88946,0.0,,0.02979530546115546,1.0,,,,INFEASIBLE,,16452.0,0.0
matpower/case57,matpower/case57/2017-09-15,WARM_LPSCREEN_LAZY_T030,7.122490181041678,0.14040033395367182,-2.890097,0.0,,0.02979530546115546,1.0,,,,INFEASIBLE,,16452.0,0.0
matpower/case57,matpower/case57/2017-09-15,WARM_LPSCREEN_LAZY_T050,6.86291692182078,0.1457106375308843,-2.872243,0.0,,0.02979530546115546,1.0,,,,INFEASIBLE,,16452.0,0.0
matpower/case57,matpower/case57/2017-09-15,WARM_LPSCREEN_LAZY_T080,5.931954797674604,0.16857849294333999,-2.7953580000000002,0.0,,0.02979530546115546,1.0,,,,INFEASIBLE,,16452.0,0.0
matpower/case57,matpower/case57/2017-09-15,WARM_SR_LAZY,1.392778242431699,0.7179893895054433,-0.9481600000000001,0.0,,0.6432466608709397,1.0,,,,INFEASIBLE,,16452.0,0.0
matpower/case57,matpower/case57/2017-09-15,SHRINK_LAZY,29.760325384601767,0.03360178314842647,-3.249169,0.0,,0.006621178991367879,1.0,,,,INFEASIBLE,,0.0,0.0
matpower/case57,matpower/case57/2017-09-15,STREDUCE,0.9060453181250672,1.1036975524241532,0.348646,0.0,,1.000425898118145,1.0,,,,INFEASIBLE,,16452.0,0.0
matpower/case57,matpower/case57/2017-09-15,STREDUCE_CONSERVATIVE,0.8802502192023053,1.136040614572313,0.4573879999999999,0.0,,1.0003622329355357,1.0,,,,INFEASIBLE,,16452.0,0.0
matpower/case57,matpower/case57/2017-09-15,STREDUCE_AGGRESSIVE,0.9202428111483141,1.0866697222575006,0.29139599999999977,0.0,,1.0004412655760162,1.0,,,,INFEASIBLE,,16452.0,0.0
matpower/case57,matpower/case57/2017-09-15,STREDUCE_GRU,0.9215496395912901,1.085128740806087,0.2862149999999999,0.0,,1.000425898118145,1.0,,,,INFEASIBLE,,16452.0,0.0
matpower/case57,matpower/case57/2017-09-15,STREDUCE_LAZY,0.9435197514736607,1.0598612254148618,0.20126199999999983,0.0,,1.000425898118145,1.0,,,,INFEASIBLE,,16452.0,0.0
matpower/case57,matpower/case57/2017-09-15,STREDUCE_LAZY_CONSERVATIVE,0.9113820322792257,1.0972347101238704,0.3269169999999999,0.0,,1.0003622329355357,1.0,,,,INFEASIBLE,,16452.0,0.0
matpower/case57,matpower/case57/2017-09-15,STREDUCE_LAZY_AGGRESSIVE,0.9276033866843535,1.0780469480328467,0.2624049999999998,0.0,,1.0004412655760162,1.0,,,,INFEASIBLE,,16452.0,0.0
matpower/case57,matpower/case57/2017-09-15,STREDUCE_LAZY_GRU,0.9369335652623665,1.0673115331501366,0.22631099999999993,0.0,,1.000425898118145,1.0,,,,INFEASIBLE,,16452.0,0.0
matpower/case57,matpower/case57/2017-09-15,ACTIVESET,4.536478509313418,0.22043529974780965,-2.6210080000000002,0.0,,0.02979530546115546,1.0,,,,INFEASIBLE,,0.0,0.0
matpower/case57,matpower/case57/2017-09-15,ACTIVESET_B500,4.679346199828255,0.21370506846377443,-2.643636,0.0,,0.02979530546115546,1.0,,,,INFEASIBLE,,0.0,0.0
matpower/case57,matpower/case57/2017-09-15,ACTIVESET_B5000,4.591749133450057,0.21778193253529074,-2.629929,0.0,,0.02979530546115546,1.0,,,,INFEASIBLE,,0.0,0.0
matpower/case57,matpower/case57/2017-09-15,ACTIVESET_NOCLEAN,4.843100028377458,0.20647931988615592,-2.66793,0.0,,0.02979530546115546,1.0,,,,INFEASIBLE,,0.0,0.0
matpower/case57,matpower/case57/2017-09-15,WARM_ACTIVESET,3.4339292918460416,0.2912115873715068,-2.383048,0.0,,0.02979530546115546,1.0,,,,INFEASIBLE,,16452.0,252.0
matpower/case57,matpower/case57/2017-09-15,ACTIVESET_LAZY,4.993543720611082,0.20025858507505478,-2.688845,0.0,,0.02979530546115546,1.0,,,,INFEASIBLE,,0.0,0.0
matpower/case57,matpower/case57/2017-09-15,ACTIVESET_LAZY_TOPK128,4.430716659682194,0.22569712234131623,-2.603317,0.0,,0.02979530546115546,1.0,,,,INFEASIBLE,,0.0,0.0
matpower/case57,matpower/case57/2017-09-15,WARM_ACTIVESET_LAZY,3.5727000791656263,0.2799003492712832,-2.421078,0.0,,0.02979530546115546,1.0,,,,INFEASIBLE,,16452.0,252.0
matpower/case57,matpower/case57/2017-11-15,RAW_GNN,17.684350215449946,0.05654717237653149,-3.205998,0.0,,0.02979530546115546,1.0,,,,INFEASIBLE,,0.0,0.0
matpower/case57,matpower/case57/2017-11-15,RAW_COMMIT_HINTS,0.8112385102630867,1.2326830979408232,0.7906930000000001,0.0,,1.0,1.0,,,,INFEASIBLE,,0.0,0.0
matpower/case57,matpower/case57/2017-11-15,WARM,0.953303166405301,1.0489842426211409,0.16645600000000016,0.0,,1.0,1.0,,,,INFEASIBLE,,16452.0,0.0
matpower/case57,matpower/case57/2017-11-15,WARM_BRANCH_HINTS,0.9505184958097125,1.0520573817431464,0.17689900000000014,0.0,,1.0,1.0,,,,INFEASIBLE,,16452.0,252.0
matpower/case57,matpower/case57/2017-11-15,WARM_COMMIT_HINTS,0.9236676806255213,1.0826404571423192,0.2808250000000001,0.0,,1.0,1.0,,,,INFEASIBLE,,16452.0,0.0
matpower/case57,matpower/case57/2017-11-15,WARM_GRU,0.9551402373519923,1.0469666766132435,0.1596000000000002,0.0,,1.0,1.0,,,,INFEASIBLE,,16452.0,0.0
matpower/case57,matpower/case57/2017-11-15,LAZY_ALL,27.522994184633824,0.03633325623264867,-3.274688,0.0,,0.02979530546115546,1.0,,,,INFEASIBLE,,0.0,0.0
matpower/case57,matpower/case57/2017-11-15,LAZY_TOPK128,26.998403050887855,0.037039227768959265,-3.272289,0.0,,0.02979530546115546,1.0,,,,INFEASIBLE,,0.0,0.0
matpower/case57,matpower/case57/2017-11-15,LAZY_BANDIT,26.989182577755187,0.03705188169812198,-3.272246,0.0,,0.02979530546115546,1.0,,,,INFEASIBLE,,0.0,0.0
matpower/case57,matpower/case57/2017-11-15,LAZY_COMMIT_HINTS,25.52565595258663,0.039176270410346326,-3.265027,0.0,,0.02979530546115546,1.0,,,,INFEASIBLE,,0.0,0.0
matpower/case57,matpower/case57/2017-11-15,LAZY_GNN_T060,18.643517858122568,0.05363794577879637,-3.215884,0.0,,0.02979530546115546,1.0,,,,INFEASIBLE,,0.0,0.0
matpower/case57,matpower/case57/2017-11-15,LAZY_GNN_T080,18.37455795996496,0.054423077941729535,-3.213216,0.0,,0.02979530546115546,1.0,,,,INFEASIBLE,,0.0,0.0
matpower/case57,matpower/case57/2017-11-15,LAZY_COMMIT_GNN_T060,18.206704778641576,0.05492482094690235,-3.211511,0.0,,0.02979530546115546,1.0,,,,INFEASIBLE,,0.0,0.0
matpower/case57,matpower/case57/2017-11-15,WARM_LAZY,9.741604052415367,0.10265249897444319,-3.049325,0.0,,0.02979530546115546,1.0,,,,INFEASIBLE,,16452.0,0.0
matpower/case57,matpower/case57/2017-11-15,WARM_LAZY_TOPK128,9.471995049587743,0.10557437950134103,-3.039396,0.0,,0.02979530546115546,1.0,,,,INFEASIBLE,,16452.0,0.0
matpower/case57,matpower/case57/2017-11-15,WARM_LAZY_BANDIT,9.526243639880576,0.10497317072740082,-3.041439,0.0,,0.02979530546115546,1.0,,,,INFEASIBLE,,16452.0,0.0
matpower/case57,matpower/case57/2017-11-15,WARM_LAZY_COMMIT_HINTS,8.452782973811988,0.11830423223903332,-2.9961379999999997,0.0,,0.02979530546115546,1.0,,,,INFEASIBLE,,16452.0,0.0
matpower/case57,matpower/case57/2017-11-15,WARM_LAZY_GRU,8.489124270850247,0.1177977807951023,-2.997859,0.0,,0.02979530546115546,1.0,,,,INFEASIBLE,,16452.0,0.0
matpower/case57,matpower/case57/2017-11-15,WARM_LAZY_BRANCH_HINTS,9.680247265268914,0.10330314635534471,-3.0471139999999997,0.0,,0.02979530546115546,1.0,,,,INFEASIBLE,,16452.0,252.0
matpower/case57,matpower/case57/2017-11-15,WARM_LAZY_GNN_T060,9.553534478880842,0.1046733020339867,-3.042458,0.0,,0.02979530546115546,1.0,,,,INFEASIBLE,,16452.0,0.0
matpower/case57,matpower/case57/2017-11-15,WARM_LAZY_COMMIT_GNN_T060,9.51389503272878,0.10510942117396681,-3.0409759999999997,0.0,,0.02979530546115546,1.0,,,,INFEASIBLE,,16452.0,0.0
matpower/case57,matpower/case57/2017-11-15,WARM_LAZY_COMMIT_GRU,8.31403510918099,0.1202785394658394,-2.989429,0.0,,0.02979530546115546,1.0,,,,INFEASIBLE,,16452.0,0.0
matpower/case57,matpower/case57/2017-11-15,WARM_LAZY_ML_STACK,9.32782326799395,0.10720614780848661,-3.033851,0.0,,0.02979530546115546,1.0,,,,INFEASIBLE,,16452.0,252.0
matpower/case57,matpower/case57/2017-11-15,WARM_PRUNE_T010,5.995701922313481,0.16678614330015648,-2.8313889999999997,0.0,,0.02979530546115546,1.0,,,,INFEASIBLE,,16452.0,0.0
matpower/case57,matpower/case57/2017-11-15,WARM_PRUNE_T020,6.092185396269915,0.16414470915679513,-2.840365,0.0,,0.02979530546115546,1.0,,,,INFEASIBLE,,16452.0,0.0
matpower/case57,matpower/case57/2017-11-15,WARM_PRUNE_T030,5.647400784418001,0.17707261059975507,-2.7964339999999996,0.0,,0.02979530546115546,1.0,,,,INFEASIBLE,,16452.0,0.0
matpower/case57,matpower/case57/2017-11-15,WARM_PRUNE_T050,5.5085875279429,0.18153473915543555,-2.781271,0.0,,0.02979530546115546,1.0,,,,INFEASIBLE,,16452.0,0.0
matpower/case57,matpower/case57/2017-11-15,WARM_PRUNE_T080,5.307293684013245,0.18841994800706502,-2.757874,0.0,,0.056034142100687585,1.0,,,,INFEASIBLE,,16452.0,0.0
matpower/case57,matpower/case57/2017-11-15,WARM_LPSCREEN_T010,0.9164513633956032,1.0911653797914986,0.3097940000000001,0.0,,1.0,1.0,,,,INFEASIBLE,,16452.0,0.0
matpower/case57,matpower/case57/2017-11-15,WARM_LPSCREEN_T020,0.9103813328311013,1.0984408005052155,0.33451699999999995,0.0,,1.0,1.0,,,,INFEASIBLE,,16452.0,0.0
matpower/case57,matpower/case57/2017-11-15,WARM_LPSCREEN_T030,0.9195577663389999,1.0874792607986572,0.2972680000000003,0.0,,1.0,1.0,,,,INFEASIBLE,,16452.0,0.0
matpower/case57,matpower/case57/2017-11-15,WARM_LPSCREEN_T050,0.9132134492669496,1.0950342450636434,0.32294100000000014,0.0,,1.0,1.0,,,,INFEASIBLE,,16452.0,0.0
matpower/case57,matpower/case57/2017-11-15,WARM_LPSCREEN_T080,0.9224759021557486,1.0840391577309327,0.2855780000000001,0.0,,1.0,1.0,,,,INFEASIBLE,,16452.0,0.0
matpower/case57,matpower/case57/2017-11-15,WARM_PRUNE_LAZY_T010,7.313472924374198,0.13673394437097317,-2.9335109999999998,0.0,,0.02979530546115546,1.0,,,,INFEASIBLE,,16452.0,0.0
matpower/case57,matpower/case57/2017-11-15,WARM_PRUNE_LAZY_T020,8.095816001257916,0.1235205938282962,-2.978412,0.0,,0.02979530546115546,1.0,,,,INFEASIBLE,,16452.0,0.0
matpower/case57,matpower/case57/2017-11-15,WARM_PRUNE_LAZY_T030,7.8395480121717425,0.12755837434089215,-2.9646909999999997,0.0,,0.02979530546115546,1.0,,,,INFEASIBLE,,16452.0,0.0
matpower/case57,matpower/case57/2017-11-15,WARM_PRUNE_LAZY_T050,8.089051709978504,0.12362388520355463,-2.978061,0.0,,0.02979530546115546,1.0,,,,INFEASIBLE,,16452.0,0.0
matpower/case57,matpower/case57/2017-11-15,WARM_PRUNE_LAZY_T080,7.233439197588679,0.1382468245994737,-2.92837,0.0,,0.02979530546115546,1.0,,,,INFEASIBLE,,16452.0,0.0
matpower/case57,matpower/case57/2017-11-15,WARM_LPSCREEN_LAZY_T010,6.235064870726431,0.1603832551438222,-2.853147,0.0,,0.02979530546115546,1.0,,,,INFEASIBLE,,16452.0,0.0
matpower/case57,matpower/case57/2017-11-15,WARM_LPSCREEN_LAZY_T020,6.554739625829673,0.1525613612567294,-2.879727,0.0,,0.02979530546115546,1.0,,,,INFEASIBLE,,16452.0,0.0
matpower/case57,matpower/case57/2017-11-15,WARM_LPSCREEN_LAZY_T030,6.587293187171062,0.15180742250056944,-2.882289,0.0,,0.02979530546115546,1.0,,,,INFEASIBLE,,16452.0,0.0
matpower/case57,matpower/case57/2017-11-15,WARM_LPSCREEN_LAZY_T050,6.225960234809565,0.16061779424946604,-2.85235,0.0,,0.02979530546115546,1.0,,,,INFEASIBLE,,16452.0,0.0
matpower/case57,matpower/case57/2017-11-15,WARM_LPSCREEN_LAZY_T080,5.359560024982808,0.18658247978166972,-2.764118,0.0,,0.02979530546115546,1.0,,,,INFEASIBLE,,16452.0,0.0
matpower/case57,matpower/case57/2017-11-15,WARM_SR_LAZY,1.391432635683102,0.7186837324029458,-0.955956,0.0,,0.6432466608709397,1.0,,,,INFEASIBLE,,16452.0,0.0
matpower/case57,matpower/case57/2017-11-15,SHRINK_LAZY,17.616782361205434,0.056764054836832,-3.2052609999999997,0.0,,0.006621178991367879,1.0,,,,INFEASIBLE,,0.0,0.0
matpower/case57,matpower/case57/2017-11-15,STREDUCE,0.9008433292897073,1.110070938515441,0.3740380000000001,0.0,,1.0004763911940076,1.0,,,,INFEASIBLE,,16452.0,0.0
matpower/case57,matpower/case57/2017-11-15,STREDUCE_CONSERVATIVE,0.8862609437703608,1.1283358552908431,0.43610499999999996,0.0,,1.0004149213625226,1.0,,,,INFEASIBLE,,16452.0,0.0
matpower/case57,matpower/case57/2017-11-15,STREDUCE_AGGRESSIVE,0.9295837989476319,1.0757502455745092,0.2574110000000003,0.0,,1.0005027354075011,1.0,,,,INFEASIBLE,,16452.0,0.0
matpower/case57,matpower/case57/2017-11-15,STREDUCE_GRU,0.9517590920663355,1.0506860489548149,0.17223900000000025,0.0,,1.0004763911940076,1.0,,,,INFEASIBLE,,16452.0,0.0
matpower/case57,matpower/case57/2017-11-15,STREDUCE_LAZY,0.9303427191113796,1.0748727103009457,0.254429,0.0,,1.0004763911940076,1.0,,,,INFEASIBLE,,16452.0,0.0
matpower/case57,matpower/case57/2017-11-15,STREDUCE_LAZY_CONSERVATIVE,0.9049043968425114,1.105089116031822,0.3571089999999999,0.0,,1.0004149213625226,1.0,,,,INFEASIBLE,,16452.0,0.0
matpower/case57,matpower/case57/2017-11-15,STREDUCE_LAZY_AGGRESSIVE,0.9337676062723916,1.0709302756732038,0.24103200000000014,0.0,,1.0005027354075011,1.0,,,,INFEASIBLE,,16452.0,0.0
matpower/case57,matpower/case57/2017-11-15,STREDUCE_LAZY_GRU,0.9647170310546451,1.0365733866093179,0.124282,0.0,,1.0004763911940076,1.0,,,,INFEASIBLE,,16452.0,0.0
matpower/case57,matpower/case57/2017-11-15,ACTIVESET,5.28797623475185,0.18910826289803231,-2.755535,0.0,,0.02979530546115546,1.0,,,,INFEASIBLE,,0.0,0.0
matpower/case57,matpower/case57/2017-11-15,ACTIVESET_B500,5.343311885578429,0.18714984665203518,-2.76219,0.0,,0.02979530546115546,1.0,,,,INFEASIBLE,,0.0,0.0
matpower/case57,matpower/case57/2017-11-15,ACTIVESET_B5000,5.595327010472238,0.17872056416513202,-2.790834,0.0,,0.02979530546115546,1.0,,,,INFEASIBLE,,0.0,0.0
matpower/case57,matpower/case57/2017-11-15,ACTIVESET_NOCLEAN,4.508186804002261,0.22181866978365314,-2.64438,0.0,,0.02979530546115546,1.0,,,,INFEASIBLE,,0.0,0.0
matpower/case57,matpower/case57/2017-11-15,WARM_ACTIVESET,3.8715871648688185,0.2582920020693589,-2.520438,0.0,,0.02979530546115546,1.0,,,,INFEASIBLE,,16452.0,252.0
matpower/case57,matpower/case57/2017-11-15,ACTIVESET_LAZY,4.563056760349666,0.21915133922712154,-2.653444,0.0,,0.02979530546115546,1.0,,,,INFEASIBLE,,0.0,0.0
matpower/case57,matpower/case57/2017-11-15,ACTIVESET_LAZY_TOPK128,5.022285938088869,0.19911251814956002,-2.721539,0.0,,0.02979530546115546,1.0,,,,INFEASIBLE,,0.0,0.0
matpower/case57,matpower/case57/2017-11-15,WARM_ACTIVESET_LAZY,3.5761271182962493,0.2796321179087234,-2.447921,0.0,,0.02979530546115546,1.0,,,,INFEASIBLE,,16452.0,252.0
matpower/case89pegase,matpower/case89pegase/2017-01-15,RAW_GNN,6.822985919656681,0.14656339786940642,-268.040229,-29.0,,0.012343537709941317,1.0,-94958.64482082067,FAIL,C120,OPTIMAL,0.00849215,0.0,0.0
matpower/case89pegase,matpower/case89pegase/2017-01-15,RAW_COMMIT_HINTS,1.9957094725491298,0.5010749378879757,-156.69821000000002,-28.0,,1.0,1.0,11756.096262778117,OK,OK,OPTIMAL,0.03859231,0.0,0.0
matpower/case89pegase,matpower/case89pegase/2017-01-15,WARM,1.1600119770142205,0.862060064736505,-43.32302100000004,-28.0,,1.0,1.0,235.00593248735004,OK,OK,OPTIMAL,0.00569809,41292.0,0.0
matpower/case89pegase,matpower/case89pegase/2017-01-15,WARM_BRANCH_HINTS,0.9832410877440568,1.0170445605506526,5.3532129999999825,-28.0,,1.0,1.0,60434.29137563686,OK,OK,TIME_LIMIT,0.06179909,41292.0,432.0
matpower/case89pegase,matpower/case89pegase/2017-01-15,WARM_COMMIT_HINTS,1.9922585487123807,0.50194288318969,-156.42561300000003,-28.0,,1.0,1.0,11756.096262778117,OK,OK,OPTIMAL,0.03859231,41292.0,0.0
matpower/case89pegase,matpower/case89pegase/2017-01-15,WARM_GRU,1.1761756322057166,0.8502131591730656,-47.04379800000004,-28.0,,1.0,1.0,235.00593248735004,OK,OK,OPTIMAL,0.00569809,41292.0,0.0
matpower/case89pegase,matpower/case89pegase/2017-01-15,LAZY_ALL,3.304430701171462,0.30262398895080095,-219.026024,-14.0,,0.012343537709941317,1.0,-995.6967391585918,OK,OK,OPTIMAL,0.0029004,0.0,0.0
matpower/case89pegase,matpower/case89pegase/2017-01-15,LAZY_TOPK128,3.2073301270955774,0.3117858032610936,-216.148558,51.0,,0.012343537709941317,1.0,11331.13706163652,OK,OK,OPTIMAL,0.01508295,0.0,0.0
matpower/case89pegase,matpower/case89pegase/2017-01-15,LAZY_BANDIT,3.45337493649686,0.28957180103195246,-223.12534600000004,-28.0,,0.012343537709941317,1.0,-995.6981537414672,OK,OK,OPTIMAL,0.02632041,0.0,0.0
matpower/case89pegase,matpower/case89pegase/2017-01-15,LAZY_COMMIT_HINTS,3.3852932232661206,0.29539538646971414,-221.29632300000003,-28.0,,0.012343537709941317,1.0,11756.096262778117,OK,OK,OPTIMAL,0.03859231,0.0,0.0
matpower/case89pegase,matpower/case89pegase/2017-01-15,LAZY_GNN_T060,3.297494713951461,0.30326053162998945,-218.82610400000002,-14.0,,0.012343537709941317,1.0,-995.6967391585918,OK,OK,OPTIMAL,0.0029004,0.0,0.0
matpower/case89pegase,matpower/case89pegase/2017-01-15,LAZY_GNN_T080,3.288815803775613,0.3040608108401766,-218.57475900000003,-14.0,,0.012343537709941317,1.0,-995.6967391585918,OK,OK,OPTIMAL,0.0029004,0.0,0.0
matpower/case89pegase,matpower/case89pegase/2017-01-15,LAZY_COMMIT_GNN_T060,3.3938937656159145,0.29464681839224355,-221.531427,-28.0,,0.012343537709941317,1.0,11756.096262778117,OK,OK,OPTIMAL,0.03859231,0.0,0.0
matpower/case89pegase,matpower/case89pegase/2017-01-15,WARM_LAZY,3.2607250869239253,0.30668025464954835,-217.752066,-14.0,,0.012343537709941317,1.0,-995.6967391585918,OK,OK,OPTIMAL,0.0029004,41292.0,0.0
matpower/case89pegase,matpower/case89pegase/2017-01-15,WARM_LAZY_TOPK128,3.3118673627594175,0.30194445926325053,-219.23944500000002,44.0,,0.012343537709941317,1.0,2049.298611730583,OK,OK,OPTIMAL,0.00606429,41292.0,0.0
matpower/case89pegase,matpower/case89pegase/2017-01-15,WARM_LAZY_BANDIT,3.416305736702042,0.29271384854604904,-222.13851800000003,-28.0,,0.012343537709941317,1.0,-995.6981537414672,OK,OK,OPTIMAL,0.02632041,41292.0,0.0
matpower/case89pegase,matpower/case89pegase/2017-01-15,WARM_LAZY_COMMIT_HINTS,3.347340374090597,0.298744641489194,-220.244417,-28.0,,0.012343537709941317,1.0,11756.096262778117,OK,OK,OPTIMAL,0.03859231,41292.0,0.0
matpower/case89pegase,matpower/case89pegase/2017-01-15,WARM_LAZY_GRU,3.2512202882046286,0.30757682081032245,-217.47048,-14.0,,0.012343537709941317,1.0,-995.6967391585918,OK,OK,OPTIMAL,0.0029004,41292.0,0.0
matpower/case89pegase,matpower/case89pegase/2017-01-15,WARM_LAZY_BRANCH_HINTS,3.2592383573092496,0.3068201494859604,-217.708129,53.0,,0.012343537709941317,1.0,-362.4351386594232,OK,OK,OPTIMAL,0.00389177,41292.0,432.0
matpower/case89pegase,matpower/case89pegase/2017-01-15,WARM_LAZY_GNN_T060,3.250835341404869,0.3076132424375095,-217.459041,-14.0,,0.012343537709941317,1.0,-995.6967391585918,OK,OK,OPTIMAL,0.0029004,41292.0,0.0
matpower/case89pegase,matpower/case89pegase/2017-01-15,WARM_LAZY_COMMIT_GNN_T060,3.335041763038717,0.29984632009191153,-219.898411,-28.0,,0.012343537709941317,1.0,11756.096262778117,OK,OK,OPTIMAL,0.03859231,41292.0,0.0
matpower/case89pegase,matpower/case89pegase/2017-01-15,WARM_LAZY_COMMIT_GRU,3.331992759682247,0.3001207001708384,-219.812236,-28.0,,0.012343537709941317,1.0,11756.096262778117,OK,OK,OPTIMAL,0.03859231,41292.0,0.0
matpower/case89pegase,matpower/case89pegase/2017-01-15,WARM_LAZY_ML_STACK,3.382033467968944,0.295680101770413,-221.206902,-28.0,,0.012343537709941317,1.0,-995.6981537414672,OK,OK,OPTIMAL,0.02632041,41292.0,432.0
matpower/case89pegase,matpower/case89pegase/2017-01-15,WARM_PRUNE_T010,9.370630727852873,0.1067164024538542,-280.55504,-29.0,,0.012430260457317955,1.0,7608.0269121042065,FAIL,C120,OPTIMAL,0.04154016,41292.0,0.0
matpower/case89pegase,matpower/case89pegase/2017-01-15,WARM_PRUNE_T020,7.179005854469713,0.1392950528627012,-270.32301,-29.0,,0.012516983204694592,1.0,-25663.627093349496,FAIL,C120,OPTIMAL,0.00881066,41292.0,0.0
matpower/case89pegase,matpower/case89pegase/2017-01-15,WARM_PRUNE_T030,5.3583091934574485,0.18662603517188042,-255.457691,-29.0,,0.013008412106495533,1.0,-25908.67803178701,FAIL,C120,OPTIMAL,0.00856131,41292.0,0.0
matpower/case89pegase,matpower/case89pegase/2017-01-15,WARM_PRUNE_T050,3.296970600837248,0.3033087403770162,-218.81096300000002,-28.0,,0.03578758708409216,1.0,-25867.195269194424,FAIL,C120,OPTIMAL,0.00860353,41292.0,0.0
matpower/case89pegase,matpower/case89pegase/2017-01-15,WARM_PRUNE_T080,2.37056506264499,0.42184035180381696,-181.583546,-28.0,,0.2671060619200416,1.0,-26779.667263822765,FAIL,C120,OPTIMAL,0.00085239,41292.0,0.0
matpower/case89pegase,matpower/case89pegase/2017-01-15,WARM_LPSCREEN_T010,3.7075243831584856,0.2697217594960462,-229.35968100000002,-29.0,,0.017980516289422717,1.0,14370.767615232495,FAIL,C120,OPTIMAL,0.04793015,41292.0,0.0
matpower/case89pegase,matpower/case89pegase/2017-01-15,WARM_LPSCREEN_T020,3.274824199776938,0.3053599030042939,-218.16675100000003,-28.0,,0.024195646518081693,1.0,-25867.195269194424,FAIL,C120,OPTIMAL,0.00860353,41292.0,0.0
matpower/case89pegase,matpower/case89pegase/2017-01-15,WARM_LPSCREEN_T030,3.1958864585509974,0.31290223009155216,-215.79792000000003,-28.0,,0.03017951608706964,1.0,-25867.195269194424,FAIL,C120,OPTIMAL,0.00860353,41292.0,0.0
matpower/case89pegase,matpower/case89pegase/2017-01-15,WARM_LPSCREEN_T050,3.0815225513009707,0.3245149056520179,-212.150708,-28.0,,0.08582661232041164,1.0,-25867.195269194424,FAIL,C120,OPTIMAL,0.00832303,41292.0,0.0
matpower/case89pegase,matpower/case89pegase/2017-01-15,WARM_LPSCREEN_T080,2.2808327869963447,0.4384363490832275,-176.371214,-28.0,,0.3431908189518111,1.0,-26779.667263822765,FAIL,C120,OPTIMAL,0.0008451,41292.0,0.0
matpower/case89pegase,matpower/case89pegase/2017-01-15,WARM_PRUNE_LAZY_T010,3.3367942552743646,0.2996888400953496,-219.94787100000002,-28.0,,0.012343537709941317,1.0,-26779.667263822765,FAIL,C120,OPTIMAL,0.00767401,41292.0,0.0
matpower/case89pegase,matpower/case89pegase/2017-01-15,WARM_PRUNE_LAZY_T020,3.3289511257465816,0.30039491786642875,-219.726112,-28.0,,0.012343537709941317,1.0,-26779.667263822765,FAIL,C120,OPTIMAL,0.00767401,41292.0,0.0
matpower/case89pegase,matpower/case89pegase/2017-01-15,WARM_PRUNE_LAZY_T030,3.3520926770727044,0.29832110753968594,-220.37743700000001,-28.0,,0.012343537709941317,1.0,-26779.667263822765,FAIL,C120,OPTIMAL,0.00767401,41292.0,0.0
matpower/case89pegase,matpower/case89pegase/2017-01-15,WARM_PRUNE_LAZY_T050,3.3963316024788175,0.2944353252403707,-221.59785100000002,-28.0,,0.012343537709941317,1.0,-26779.667263822765,FAIL,C120,OPTIMAL,0.00767401,41292.0,0.0
matpower/case89pegase,matpower/case89pegase/2017-01-15,WARM_PRUNE_LAZY_T080,3.294128250893397,0.30357045137170696,-218.728767,-28.0,,0.012343537709941317,1.0,-26779.66820420568,FAIL,C120,OPTIMAL,0.00767401,41292.0,0.0
matpower/case89pegase,matpower/case89pegase/2017-01-15,WARM_LPSCREEN_LAZY_T010,3.2812110134908816,0.3047655258648238,-218.353428,-28.0,,0.012343537709941317,1.0,-26779.667263822765,FAIL,C120,OPTIMAL,0.00767401,41292.0,0.0
matpower/case89pegase,matpower/case89pegase/2017-01-15,WARM_LPSCREEN_LAZY_T020,3.327898105539733,0.3004899694300633,-219.696259,-28.0,,0.012343537709941317,1.0,-26779.667263822765,FAIL,C120,OPTIMAL,0.00767401,41292.0,0.0
matpower/case89pegase,matpower/case89pegase/2017-01-15,WARM_LPSCREEN_LAZY_T030,3.320561935918024,0.3011538466375673,-219.487754,-28.0,,0.012343537709941317,1.0,-26779.673458709953,FAIL,C120,OPTIMAL,0.00767401,41292.0,0.0
matpower/case89pegase,matpower/case89pegase/2017-01-15,WARM_LPSCREEN_LAZY_T050,3.2898172844761646,0.3039682491543689,-218.60383000000002,-28.0,,0.012343537709941317,1.0,-26779.667263822765,FAIL,C120,OPTIMAL,0.00767401,41292.0,0.0
matpower/case89pegase,matpower/case89pegase/2017-01-15,WARM_LPSCREEN_LAZY_T080,3.304399028930275,0.30262688956294953,-219.02511300000003,-28.0,,0.012343537709941317,1.0,-26779.667263822765,FAIL,C120,OPTIMAL,0.00767401,41292.0,0.0
matpower/case89pegase,matpower/case89pegase/2017-01-15,WARM_SR_LAZY,2.48394706062298,0.4025850694858197,-187.63108400000002,-28.0,,0.14147370855375366,1.0,11964.398662135687,OK,OK,OPTIMAL,0.01628149,41292.0,0.0
matpower/case89pegase,matpower/case89pegase/2017-01-15,SHRINK_LAZY,1.0463918041671159,0.9556649775138083,-13.924373000000003,-26.0,,0.0027430083799869593,1.0,,,,TIME_LIMIT,,0.0,0.0
matpower/case89pegase,matpower/case89pegase/2017-01-15,STREDUCE,1.5168620895698852,0.6592557140666332,-107.01811500000002,-28.0,,1.0001509618195075,1.0,11331.13706163652,OK,OK,OPTIMAL,0.0155609,41292.0,0.0
matpower/case89pegase,matpower/case89pegase/2017-01-15,STREDUCE_CONSERVATIVE,1.10427552287158,0.9055711000453766,-29.65743900000001,-28.0,,1.0001228572254501,1.0,10257.966851816824,OK,OK,OPTIMAL,0.01442307,41292.0,0.0
matpower/case89pegase,matpower/case89pegase/2017-01-15,STREDUCE_AGGRESSIVE,2.217161090474724,0.4510272186789488,-172.41677900000002,-28.0,,1.000160999174528,1.0,2049.298611730583,OK,OK,OPTIMAL,0.0,41292.0,0.0
matpower/case89pegase,matpower/case89pegase/2017-01-15,STREDUCE_GRU,1.3359482184793419,0.7485320060819882,-78.97896400000002,-28.0,,1.0001509618195075,1.0,11331.13706163652,OK,OK,OPTIMAL,0.0155609,41292.0,0.0
matpower/case89pegase,matpower/case89pegase/2017-01-15,STREDUCE_LAZY,1.5208512649344703,0.6575264939159501,-107.561214,-28.0,,1.0001509618195075,1.0,20826.333605203992,OK,OK,OPTIMAL,0.02409166,41292.0,0.0
matpower/case89pegase,matpower/case89pegase/2017-01-15,STREDUCE_LAZY_CONSERVATIVE,1.4473168621448995,0.690933703707436,-97.06895700000001,-28.0,,1.0001228572254501,1.0,-655.894520523756,OK,OK,OPTIMAL,0.00343288,41292.0,0.0
matpower/case89pegase,matpower/case89pegase/2017-01-15,STREDUCE_LAZY_AGGRESSIVE,1.7618553717524932,0.5675834782087215,-135.809764,-28.0,,1.000160999174528,1.0,2049.298611730583,OK,OK,OPTIMAL,0.0,41292.0,0.0
matpower/case89pegase,matpower/case89pegase/2017-01-15,STREDUCE_LAZY_GRU,1.4828507482774267,0.674376703900688,-102.26904100000002,-28.0,,1.0001509618195075,1.0,20826.333605203992,OK,OK,OPTIMAL,0.02409166,41292.0,0.0
matpower/case89pegase,matpower/case89pegase/2017-01-15,ACTIVESET,6.299434467890201,0.158744408739745,-264.214519,-28.0,,0.012343537709941317,1.009953161592506,-30434.271646380395,FAIL,C120,OPTIMAL,0.01626297,0.0,0.0
matpower/case89pegase,matpower/case89pegase/2017-01-15,ACTIVESET_B500,6.336657557747831,0.1578119049178064,-264.50739200000004,-28.0,,0.012343537709941317,1.009953161592506,-30434.271646380395,FAIL,C120,OPTIMAL,0.01626297,0.0,0.0
matpower/case89pegase,matpower/case89pegase/2017-01-15,ACTIVESET_B5000,6.358139842313609,0.15727870490437634,-264.67485500000004,-28.0,,0.012343537709941317,1.009953161592506,-30434.271646380395,FAIL,C120,OPTIMAL,0.01626297,0.0,0.0
matpower/case89pegase,matpower/case89pegase/2017-01-15,ACTIVESET_NOCLEAN,6.378535182210042,0.15677580689513715,-264.832801,-28.0,,0.012343537709941317,1.009953161592506,-30434.271646380395,FAIL,C120,OPTIMAL,0.01626297,0.0,0.0
matpower/case89pegase,matpower/case89pegase/2017-01-15,WARM_ACTIVESET,6.204779474845704,0.16116608238117394,-263.45394,-28.0,,0.012343537709941317,1.009953161592506,-27299.55643631738,FAIL,C120,OPTIMAL,0.01943326,41292.0,432.0
matpower/case89pegase,matpower/case89pegase/2017-01-15,ACTIVESET_LAZY,3.2445998721629965,0.3082044133020799,-217.273371,53.0,,0.012343537709941317,1.0,2959.749777901963,OK,OK,OPTIMAL,0.0067748,0.0,0.0
matpower/case89pegase,matpower/case89pegase/2017-01-15,ACTIVESET_LAZY_TOPK128,3.244727451234863,0.3081922950475932,-217.277177,44.0,,0.012343537709941317,1.0,2049.298611730583,OK,OK,OPTIMAL,0.00606429,0.0,0.0
matpower/case89pegase,matpower/case89pegase/2017-01-15,WARM_ACTIVESET_LAZY,3.01547742112667,0.3316224465797429,-209.918431,68.0,,0.012343537709941317,1.0001301066874837,11339.220608555961,OK,OK,OPTIMAL,0.01563548,41292.0,432.0
matpower/case89pegase,matpower/case89pegase/2017-03-15,RAW_GNN,7.199550616609985,0.13889755809104443,-215.17953899999998,-1.0,,0.012343537709941317,1.0,-132429.29729346684,FAIL,C120,OPTIMAL,0.00462488,0.0,0.0
matpower/case89pegase,matpower/case89pegase/2017-03-15,RAW_COMMIT_HINTS,1.1342604345204736,0.8816317395596768,-29.578858999999994,0.0,,1.0,1.0,792.4226153060144,OK,OK,OPTIMAL,0.00835182,0.0,0.0
matpower/case89pegase,matpower/case89pegase/2017-03-15,WARM,0.8356688287290654,1.1966462857312257,49.13963199999998,0.0,,1.0,1.0,410.3857832599281,OK,OK,OPTIMAL,0.00797313,41292.0,0.0
matpower/case89pegase,matpower/case89pegase/2017-03-15,WARM_BRANCH_HINTS,1.207658714288763,0.8280485108650408,-42.968687999999986,0.0,,1.0,1.0,792.422615567981,OK,OK,OPTIMAL,0.00855533,41292.0,432.0
matpower/case89pegase,matpower/case89pegase/2017-03-15,WARM_COMMIT_HINTS,1.2808658336262273,0.7807218943212225,-54.795062,0.0,,1.0,1.0,792.4226153060144,OK,OK,OPTIMAL,0.00851855,41292.0,0.0
matpower/case89pegase,matpower/case89pegase/2017-03-15,WARM_GRU,0.8356139656210092,1.196724852793506,49.15926500000003,0.0,,1.0,1.0,410.3857832599281,OK,OK,OPTIMAL,0.00797313,41292.0,0.0
matpower/case89pegase,matpower/case89pegase/2017-03-15,LAZY_ALL,2.645942916777272,0.377937102746717,-155.446322,0.0,,0.012343537709941317,1.0,-439.3342585707022,OK,OK,OPTIMAL,0.02808365,0.0,0.0
matpower/case89pegase,matpower/case89pegase/2017-03-15,LAZY_TOPK128,2.7080266243742694,0.3692725880163993,-157.611484,0.0,,0.012343537709941317,1.0,-439.33888044095664,OK,OK,OPTIMAL,0.02808364,0.0,0.0
matpower/case89pegase,matpower/case89pegase/2017-03-15,LAZY_BANDIT,2.720275402588372,0.367609837977614,-158.026986,0.0,,0.012343537709941317,1.0,-439.33930308829866,OK,OK,OPTIMAL,0.02808364,0.0,0.0
matpower/case89pegase,matpower/case89pegase/2017-03-15,LAZY_COMMIT_HINTS,2.642274283156872,0.37846184492445817,-155.315195,0.0,,0.012343537709941317,1.0,-439.3342585707022,OK,OK,OPTIMAL,0.02808365,0.0,0.0
matpower/case89pegase,matpower/case89pegase/2017-03-15,LAZY_GNN_T060,2.652189351524013,0.3770469855123185,-155.66875199999998,0.0,,0.012343537709941317,1.0,-439.3342585707022,OK,OK,OPTIMAL,0.02808365,0.0,0.0
matpower/case89pegase,matpower/case89pegase/2017-03-15,LAZY_GNN_T080,2.7444249160377416,0.36437506238784195,-158.835319,0.0,,0.012343537709941317,1.0,-439.3342585707022,OK,OK,OPTIMAL,0.02808365,0.0,0.0
matpower/case89pegase,matpower/case89pegase/2017-03-15,LAZY_COMMIT_GNN_T060,2.633113855223518,0.3797784885056224,-154.986181,0.0,,0.012343537709941317,1.0,-439.3342585707022,OK,OK,OPTIMAL,0.02808365,0.0,0.0
matpower/case89pegase,matpower/case89pegase/2017-03-15,WARM_LAZY,2.631272230159518,0.38004429512767524,-154.919759,0.0,,0.012343537709941317,1.0,-439.3342585707022,OK,OK,OPTIMAL,0.02808365,41292.0,0.0
matpower/case89pegase,matpower/case89pegase/2017-03-15,WARM_LAZY_TOPK128,2.6911226190377726,0.3715921351653445,-157.031856,0.0,,0.012343537709941317,1.0,-439.33888044095664,OK,OK,OPTIMAL,0.02808364,41292.0,0.0
matpower/case89pegase,matpower/case89pegase/2017-03-15,WARM_LAZY_BANDIT,2.7193397820762337,0.3677363184222949,-157.99538,0.0,,0.012343537709941317,1.0,-439.33451745205355,OK,OK,OPTIMAL,0.02808365,41292.0,0.0
matpower/case89pegase,matpower/case89pegase/2017-03-15,WARM_LAZY_COMMIT_HINTS,2.64611001808566,0.3779132360956989,-155.45228600000002,0.0,,0.012343537709941317,1.0,-439.3342585707022,OK,OK,OPTIMAL,0.02808365,41292.0,0.0
matpower/case89pegase,matpower/case89pegase/2017-03-15,WARM_LAZY_GRU,2.623547230083575,0.38116333052183865,-154.640125,0.0,,0.012343537709941317,1.0,-439.3342585707022,OK,OK,OPTIMAL,0.02808365,41292.0,0.0
matpower/case89pegase,matpower/case89pegase/2017-03-15,WARM_LAZY_BRANCH_HINTS,2.6352099497985613,0.3794764056945221,-155.061668,0.0,,0.012343537709941317,1.0,-439.3342585707022,OK,OK,OPTIMAL,0.02808365,41292.0,432.0
matpower/case89pegase,matpower/case89pegase/2017-03-15,WARM_LAZY_GNN_T060,2.617338079352189,0.38206757005862524,-154.414166,0.0,,0.012343537709941317,1.0,-439.3342585707022,OK,OK,OPTIMAL,0.02808365,41292.0,0.0
matpower/case89pegase,matpower/case89pegase/2017-03-15,WARM_LAZY_COMMIT_GNN_T060,2.630203184549882,0.38019876406283587,-154.881159,0.0,,0.012343537709941317,1.0,-439.3342585707022,OK,OK,OPTIMAL,0.02808365,41292.0,0.0
matpower/case89pegase,matpower/case89pegase/2017-03-15,WARM_LAZY_COMMIT_GRU,2.707540319026941,0.36933891361565707,-157.59491,0.0,,0.012343537709941317,1.0,-439.3342585707022,OK,OK,OPTIMAL,0.02808365,41292.0,0.0
matpower/case89pegase,matpower/case89pegase/2017-03-15,WARM_LAZY_ML_STACK,2.7147976914394967,0.36835157299318283,-157.841635,0.0,,0.012343537709941317,1.0,-439.33451745205355,OK,OK,OPTIMAL,0.02808365,41292.0,432.0
matpower/case89pegase,matpower/case89pegase/2017-03-15,WARM_PRUNE_T010,4.508936687754996,0.22178177899807705,-194.467731,-1.0,,0.012430260457317955,1.0,410.3857832599281,OK,OK,OPTIMAL,0.02890916,41292.0,0.0
matpower/case89pegase,matpower/case89pegase/2017-03-15,WARM_PRUNE_T020,5.908561592335302,0.1692459297195478,-207.595832,-1.0,,0.01254589078715347,1.0,86.55570313422551,OK,OK,OPTIMAL,0.02859472,41292.0,0.0
matpower/case89pegase,matpower/case89pegase/2017-03-15,WARM_PRUNE_T030,5.357302802682969,0.18666109361957178,-203.243984,-1.0,,0.012661521116988986,1.0,656.3620980453203,OK,OK,OPTIMAL,0.02914787,41292.0,0.0
matpower/case89pegase,matpower/case89pegase/2017-03-15,WARM_PRUNE_T050,2.5502660865071727,0.39211594636761743,-151.903193,0.0,,0.030873298066082733,1.0,222.61622039491962,OK,OK,OPTIMAL,0.02277923,41292.0,0.0
matpower/case89pegase,matpower/case89pegase/2017-03-15,WARM_PRUNE_T080,1.89906139238377,0.52657592008901,-118.303201,0.0,,0.264157488509236,1.0,410.38578352189467,OK,OK,OPTIMAL,0.00688874,41292.0,0.0
matpower/case89pegase,matpower/case89pegase/2017-03-15,WARM_LPSCREEN_T010,2.6017417608972346,0.38435790016882415,-153.841839,0.0,,0.01789379354204608,1.0,2350.8447632436564,OK,OK,OPTIMAL,0.03046839,41292.0,0.0
matpower/case89pegase,matpower/case89pegase/2017-03-15,WARM_LPSCREEN_T020,2.5639655077628545,0.3900208473836036,-152.426734,0.0,,0.024369092012834968,1.0,86.55570287225888,OK,OK,OPTIMAL,0.02859472,41292.0,0.0
matpower/case89pegase,matpower/case89pegase/2017-03-15,WARM_LPSCREEN_T030,2.579458024897144,0.38767833798725027,-153.01209999999998,0.0,,0.026508253114792008,1.0,86.55570287225888,OK,OK,OPTIMAL,0.02859472,41292.0,0.0
matpower/case89pegase,matpower/case89pegase/2017-03-15,WARM_LPSCREEN_T050,2.328709712645166,0.429422351171502,-142.580754,0.0,,0.11276847917208684,1.0,410.38578352189467,OK,OK,OPTIMAL,0.00714262,41292.0,0.0
matpower/case89pegase,matpower/case89pegase/2017-03-15,WARM_LPSCREEN_T080,1.4565782237163958,0.6865405398197865,-78.329893,0.0,,0.3689763825051311,1.0,274.3252659992339,OK,OK,OPTIMAL,0.01054941,41292.0,0.0
matpower/case89pegase,matpower/case89pegase/2017-03-15,WARM_PRUNE_LAZY_T010,2.5833413168374753,0.3870955779177485,-153.157725,0.0,,0.012343537709941317,1.0,-439.33452295457283,OK,OK,OPTIMAL,0.02808365,41292.0,0.0
matpower/case89pegase,matpower/case89pegase/2017-03-15,WARM_PRUNE_LAZY_T020,2.614298131767876,0.38251184432579094,-154.303147,0.0,,0.012343537709941317,1.0,-439.3391815084521,OK,OK,OPTIMAL,0.02808364,41292.0,0.0
matpower/case89pegase,matpower/case89pegase/2017-03-15,WARM_PRUNE_LAZY_T030,2.6973005248257205,0.3707410393451106,-157.24453499999998,0.0,,0.012343537709941317,1.0,-439.33751319112787,OK,OK,OPTIMAL,0.02808364,41292.0,0.0
matpower/case89pegase,matpower/case89pegase/2017-03-15,WARM_PRUNE_LAZY_T050,2.664139820786031,0.37535567472767206,-156.091391,0.0,,0.012343537709941317,1.0,-439.3342585707022,OK,OK,OPTIMAL,0.02808365,41292.0,0.0
matpower/case89pegase,matpower/case89pegase/2017-03-15,WARM_PRUNE_LAZY_T080,2.675385092886412,0.3737779666407287,-156.48564199999998,0.0,,0.012343537709941317,1.0,-439.33440242283683,OK,OK,OPTIMAL,0.02808365,41292.0,0.0
matpower/case89pegase,matpower/case89pegase/2017-03-15,WARM_LPSCREEN_LAZY_T010,2.659664864372046,0.3759872205688978,-155.933575,0.0,,0.012343537709941317,1.0,-439.3342585707022,OK,OK,OPTIMAL,0.02808365,41292.0,0.0
matpower/case89pegase,matpower/case89pegase/2017-03-15,WARM_LPSCREEN_LAZY_T020,2.6612979019055776,0.37575650560727036,-155.99122799999998,0.0,,0.012343537709941317,1.0,-439.33635792013075,OK,OK,OPTIMAL,0.02808364,41292.0,0.0
matpower/case89pegase,matpower/case89pegase/2017-03-15,WARM_LPSCREEN_LAZY_T030,2.652976940889776,0.3769350515593295,-155.696723,0.0,,0.012343537709941317,1.0,-439.34045076067736,OK,OK,OPTIMAL,0.02808364,41292.0,0.0
matpower/case89pegase,matpower/case89pegase/2017-03-15,WARM_LPSCREEN_LAZY_T050,2.621911238498691,0.3814011646605554,-154.580693,0.0,,0.012343537709941317,1.0,-439.33669645727304,OK,OK,OPTIMAL,0.02808364,41292.0,0.0
matpower/case89pegase,matpower/case89pegase/2017-03-15,WARM_LPSCREEN_LAZY_T080,2.6476781108447556,0.37768941621115143,-155.508216,0.0,,0.012343537709941317,1.0,-439.33440242283683,OK,OK,OPTIMAL,0.02808365,41292.0,0.0
matpower/case89pegase,matpower/case89pegase/2017-03-15,WARM_SR_LAZY,1.9955061899251163,0.5011259824944598,-124.66284599999999,0.0,,0.14696614922094065,1.0,639.7878710962666,OK,OK,OPTIMAL,0.00671645,41292.0,0.0
matpower/case89pegase,matpower/case89pegase/2017-03-15,SHRINK_LAZY,0.8326443385056046,1.200992973536286,50.22581900000003,2.0,,0.0027434098741877773,1.0,,,,TIME_LIMIT,,0.0,0.0
matpower/case89pegase,matpower/case89pegase/2017-03-15,STREDUCE,1.0556033570146246,0.9473255208548429,-13.162743000000006,0.0,,1.0001264706732576,1.0,6768.001370271231,OK,OK,OPTIMAL,0.00372597,41292.0,0.0
matpower/case89pegase,matpower/case89pegase/2017-03-15,STREDUCE_CONSERVATIVE,1.154400968921251,0.8662501391821131,-33.42254299999999,0.0,,1.0001039869980117,1.0,15.225562114551634,OK,OK,OPTIMAL,0.00171347,41292.0,0.0
matpower/case89pegase,matpower/case89pegase/2017-03-15,STREDUCE_AGGRESSIVE,1.0097042484604195,0.9903890188882374,-2.401672999999988,0.0,,1.0001340990630732,1.0,14176.045095656724,OK,OK,OPTIMAL,0.0008651,41292.0,0.0
matpower/case89pegase,matpower/case89pegase/2017-03-15,STREDUCE_GRU,1.0086795138181868,0.9913951719061569,-2.1502470000000073,0.0,,1.0001264706732576,1.0,6768.001370271231,OK,OK,OPTIMAL,0.00372597,41292.0,0.0
matpower/case89pegase,matpower/case89pegase/2017-03-15,STREDUCE_LAZY,1.0649044567087287,0.939051380337606,-15.230355000000003,0.0,,1.0001264706732576,1.0,5455.118166279046,OK,OK,OPTIMAL,0.00084673,41292.0,0.0
matpower/case89pegase,matpower/case89pegase/2017-03-15,STREDUCE_LAZY_CONSERVATIVE,0.7844487818297883,1.2747804868374217,68.66446499999998,0.0,,1.0001039869980117,1.0,11705168.090602053,OK,OK,TIME_LIMIT,0.92144912,41292.0,0.0
matpower/case89pegase,matpower/case89pegase/2017-03-15,STREDUCE_LAZY_AGGRESSIVE,1.1170191189779042,0.8952398244669445,-26.178356000000008,0.0,,1.0001340990630732,1.0,14134.675408604639,OK,OK,OPTIMAL,9.985e-05,41292.0,0.0
matpower/case89pegase,matpower/case89pegase/2017-03-15,STREDUCE_LAZY_GRU,1.1104650493630563,0.9005236144744788,-24.85799799999998,0.0,,1.0001264706732576,1.0,5455.118166279046,OK,OK,OPTIMAL,0.00084673,41292.0,0.0
matpower/case89pegase,matpower/case89pegase/2017-03-15,ACTIVESET,6.6923623140051784,0.14942406777757522,-212.549086,0.0,,0.012343537709941317,1.0112217017954723,-23634.89154799692,FAIL,C120,OPTIMAL,0.03241714,0.0,0.0
matpower/case89pegase,matpower/case89pegase/2017-03-15,ACTIVESET_B500,6.667899942822579,0.14997225641881654,-212.4121,0.0,,0.012343537709941317,1.0112217017954723,-23634.89154799692,FAIL,C120,OPTIMAL,0.03241714,0.0,0.0
matpower/case89pegase,matpower/case89pegase/2017-03-15,ACTIVESET_B5000,6.615637820294491,0.1511570051389974,-212.11604499999999,0.0,,0.012343537709941317,1.0112217017954723,-23634.89154799692,FAIL,C120,OPTIMAL,0.03241714,0.0,0.0
matpower/case89pegase,matpower/case89pegase/2017-03-15,ACTIVESET_NOCLEAN,6.686512855837488,0.14955478611350845,-212.51642099999998,0.0,,0.012343537709941317,1.0112217017954723,-23634.89154799692,FAIL,C120,OPTIMAL,0.03241714,0.0,0.0
matpower/case89pegase,matpower/case89pegase/2017-03-15,WARM_ACTIVESET,6.428232560914181,0.15556375574840536,-211.014849,0.0,,0.012343537709941317,1.0112542284673431,-33361.11248755591,FAIL,C120,OPTIMAL,0.00197496,41292.0,432.0
matpower/case89pegase,matpower/case89pegase/2017-03-15,ACTIVESET_LAZY,2.6611388239822453,0.3757789676314428,-155.985615,0.0,,0.012343537709941317,1.0,-439.3342585707022,OK,OK,OPTIMAL,0.02808365,0.0,0.0
matpower/case89pegase,matpower/case89pegase/2017-03-15,ACTIVESET_LAZY_TOPK128,2.6456569546551516,0.377977952977031,-155.43611399999998,0.0,,0.012343537709941317,1.0,-439.33888044095664,OK,OK,OPTIMAL,0.02808364,0.0,0.0
matpower/case89pegase,matpower/case89pegase/2017-03-15,WARM_ACTIVESET_LAZY,2.5632263246728857,0.39013332157768715,-152.39862799999997,0.0,,0.012343537709941317,1.0,-439.3342585707022,OK,OK,OPTIMAL,0.02808365,41292.0,432.0
matpower/case89pegase,matpower/case89pegase/2017-05-15,RAW_GNN,4.053710327640415,0.2466875822826937,-117.029451,-1.0,,0.012343537709941317,1.0,-52105.09312985111,FAIL,C120,OPTIMAL,0.03603158,0.0,0.0
matpower/case89pegase,matpower/case89pegase/2017-05-15,RAW_COMMIT_HINTS,0.9024267591662397,1.1081231688252564,16.797274000000016,0.0,,1.0,1.0,-868.5632338298462,OK,OK,OPTIMAL,0.02936804,0.0,0.0
matpower/case89pegase,matpower/case89pegase/2017-05-15,WARM,0.993586333266471,1.0064550673844757,1.0028149999999982,0.0,,1.0,1.0,-868.5632338298462,OK,OK,OPTIMAL,0.02936804,41292.0,0.0
matpower/case89pegase,matpower/case89pegase/2017-05-15,WARM_BRANCH_HINTS,0.99871169760956,1.0012899642544726,0.2004000000000019,0.0,,1.0,1.0,-868.5632338298462,OK,OK,OPTIMAL,0.02936804,41292.0,432.0
matpower/case89pegase,matpower/case89pegase/2017-05-15,WARM_COMMIT_HINTS,1.0046993107986195,0.9953226694314301,-0.7266379999999799,0.0,,1.0,1.0,-868.5632338298462,OK,OK,OPTIMAL,0.02936804,41292.0,0.0
matpower/case89pegase,matpower/case89pegase/2017-05-15,WARM_GRU,1.0150647989625599,0.9851587810177668,-2.3056299999999794,0.0,,1.0,1.0,-868.5632338298462,OK,OK,OPTIMAL,0.02936804,41292.0,0.0
matpower/case89pegase,matpower/case89pegase/2017-05-15,LAZY_ALL,1.6715520548871716,0.598246400449371,-62.41368399999999,0.0,,0.012343537709941317,1.0,-1373.193702212043,OK,OK,OPTIMAL,0.02887756,0.0,0.0
matpower/case89pegase,matpower/case89pegase/2017-05-15,LAZY_TOPK128,1.6453243274821197,0.6077829053499285,-60.93215799999999,0.0,,0.012343537709941317,1.0,-1373.193702212043,OK,OK,OPTIMAL,0.02887756,0.0,0.0
matpower/case89pegase,matpower/case89pegase/2017-05-15,LAZY_BANDIT,1.7102612864200812,0.5847059791040468,-64.517231,0.0,,0.012343537709941317,1.0,-1373.193702212043,OK,OK,OPTIMAL,0.02887756,0.0,0.0
matpower/case89pegase,matpower/case89pegase/2017-05-15,LAZY_COMMIT_HINTS,1.661273317627462,0.6019479091063379,-61.83864299999999,0.0,,0.012343537709941317,1.0,-1373.193702212043,OK,OK,OPTIMAL,0.02887756,0.0,0.0
matpower/case89pegase,matpower/case89pegase/2017-05-15,LAZY_GNN_T060,1.6853964689428667,0.5933322030911998,-63.17711999999999,0.0,,0.012343537709941317,1.0,-1373.193702212043,OK,OK,OPTIMAL,0.02887756,0.0,0.0
matpower/case89pegase,matpower/case89pegase/2017-05-15,LAZY_GNN_T080,1.6972731244853043,0.5891803655956955,-63.822120999999996,0.0,,0.012343537709941317,1.0,-1373.193702212043,OK,OK,OPTIMAL,0.02887756,0.0,0.0
matpower/case89pegase,matpower/case89pegase/2017-05-15,LAZY_COMMIT_GNN_T060,1.6704748493511623,0.5986321795796059,-62.353751999999986,0.0,,0.012343537709941317,1.0,-1373.193702212043,OK,OK,OPTIMAL,0.02887756,0.0,0.0
matpower/case89pegase,matpower/case89pegase/2017-05-15,WARM_LAZY,1.6640539031589916,0.600942071709113,-61.994902999999994,0.0,,0.012343537709941317,1.0,-1373.193702212043,OK,OK,OPTIMAL,0.02887756,41292.0,0.0
matpower/case89pegase,matpower/case89pegase/2017-05-15,WARM_LAZY_TOPK128,1.6347490724604523,0.6117146764884871,-60.321344999999994,0.0,,0.012343537709941317,1.0,-1373.193702212043,OK,OK,OPTIMAL,0.02887756,41292.0,0.0
matpower/case89pegase,matpower/case89pegase/2017-05-15,WARM_LAZY_BANDIT,1.6804278720914245,0.5950865351664403,-62.904579,0.0,,0.012343537709941317,1.0,-1373.193702212043,OK,OK,OPTIMAL,0.02887756,41292.0,0.0
matpower/case89pegase,matpower/case89pegase/2017-05-15,WARM_LAZY_COMMIT_HINTS,1.666993266266727,0.5998824471796007,-62.15951899999999,0.0,,0.012343537709941317,1.0,-1373.193702212043,OK,OK,OPTIMAL,0.02887756,41292.0,0.0
matpower/case89pegase,matpower/case89pegase/2017-05-15,WARM_LAZY_GRU,1.6537399757414504,0.604689984319725,-61.41265299999999,0.0,,0.012343537709941317,1.0,-1373.193702212043,OK,OK,OPTIMAL,0.02887756,41292.0,0.0
matpower/case89pegase,matpower/case89pegase/2017-05-15,WARM_LAZY_BRANCH_HINTS,1.6642142846751768,0.6008841584935566,-62.00389999999999,0.0,,0.012343537709941317,1.0,-1373.193702212043,OK,OK,OPTIMAL,0.02887756,41292.0,432.0
matpower/case89pegase,matpower/case89pegase/2017-05-15,WARM_LAZY_GNN_T060,1.6632197121905479,0.6012434753331221,-61.94807899999999,0.0,,0.012343537709941317,1.0,-1373.193702212043,OK,OK,OPTIMAL,0.02887756,41292.0,0.0
matpower/case89pegase,matpower/case89pegase/2017-05-15,WARM_LAZY_COMMIT_GNN_T060,1.6650592533675905,0.6005792274223846,-62.051272,0.0,,0.012343537709941317,1.0,-1373.193702212043,OK,OK,OPTIMAL,0.02887756,41292.0,0.0
matpower/case89pegase,matpower/case89pegase/2017-05-15,WARM_LAZY_COMMIT_GRU,1.6711594721721323,0.5983869383214664,-62.39185099999999,0.0,,0.012343537709941317,1.0,-1373.193702212043,OK,OK,OPTIMAL,0.02887756,41292.0,0.0
matpower/case89pegase,matpower/case89pegase/2017-05-15,WARM_LAZY_ML_STACK,1.6885432888745127,0.5922264513967797,-63.348901999999995,0.0,,0.012343537709941317,1.0,-1373.193702212043,OK,OK,OPTIMAL,0.02887756,41292.0,432.0
matpower/case89pegase,matpower/case89pegase/2017-05-15,WARM_PRUNE_T010,3.2875351736400327,0.3041792550291645,-108.097939,-1.0,,0.012430260457317955,1.0,16621.372184600477,FAIL,C120,OPTIMAL,0.04606677,41292.0,0.0
matpower/case89pegase,matpower/case89pegase/2017-05-15,WARM_PRUNE_T020,3.7926002068445,0.2636713456365112,-114.39096999999998,-1.0,,0.01254589078715347,1.0,0.0,OK,OK,OPTIMAL,0.03021109,41292.0,0.0
matpower/case89pegase,matpower/case89pegase/2017-05-15,WARM_PRUNE_T030,3.306476504091275,0.3024367476262566,-108.36864299999999,-1.0,,0.012603705952071229,1.0,0.0,OK,OK,OPTIMAL,0.03021109,41292.0,0.0
matpower/case89pegase,matpower/case89pegase/2017-05-15,WARM_PRUNE_T050,1.6358588981616453,0.6112996671802107,-60.385817999999986,0.0,,0.030092793339693003,1.0,-868.5632338298462,OK,OK,OPTIMAL,0.02936804,41292.0,0.0
matpower/case89pegase,matpower/case89pegase/2017-05-15,WARM_PRUNE_T080,1.2498380774395594,0.8001036438645058,-31.054526999999993,0.0,,0.28049027259850257,1.0,-868.5632338298462,OK,OK,OPTIMAL,0.02936804,41292.0,0.0
matpower/case89pegase,matpower/case89pegase/2017-05-15,WARM_LPSCREEN_T010,2.7658443311032017,0.3615532475036778,-99.184709,-1.0,,0.01283496661174226,1.0,5550.511023251238,FAIL,C120,OPTIMAL,0.03556421,41292.0,0.0
matpower/case89pegase,matpower/case89pegase/2017-05-15,WARM_LPSCREEN_T020,1.6278863840646693,0.6142934849685886,-59.92071899999999,0.0,,0.023877663111034023,1.0,-979.8803634801695,FAIL,C120,OPTIMAL,0.02925989,41292.0,0.0
matpower/case89pegase,matpower/case89pegase/2017-05-15,WARM_LPSCREEN_T030,1.6178719212889725,0.6180958992126467,-59.33000199999999,0.0,,0.02425346168299945,1.0,-979.8803634801695,FAIL,C120,OPTIMAL,0.02925989,41292.0,0.0
matpower/case89pegase,matpower/case89pegase/2017-05-15,WARM_LPSCREEN_T050,1.587736698546194,0.6298273516733894,-57.50748399999999,0.0,,0.04983667215910734,1.0,-979.8803634801695,FAIL,C120,OPTIMAL,0.02925989,41292.0,0.0
matpower/case89pegase,matpower/case89pegase/2017-05-15,WARM_LPSCREEN_T080,1.3938616793381398,0.7174313024193615,-43.89793499999999,0.0,,0.2635793368600584,1.0,-979.8803634801695,FAIL,C120,OPTIMAL,0.02925989,41292.0,0.0
matpower/case89pegase,matpower/case89pegase/2017-05-15,WARM_PRUNE_LAZY_T010,1.6448976550237302,0.6079405590651009,-60.90766599999999,0.0,,0.012343537709941317,1.0,-1373.1942757136117,OK,OK,OPTIMAL,0.02887755,41292.0,0.0
matpower/case89pegase,matpower/case89pegase/2017-05-15,WARM_PRUNE_LAZY_T020,1.678538547276797,0.5957563510366595,-62.80052099999999,0.0,,0.012343537709941317,1.0,-1373.193702212043,OK,OK,OPTIMAL,0.02887756,41292.0,0.0
matpower/case89pegase,matpower/case89pegase/2017-05-15,WARM_PRUNE_LAZY_T030,1.670011463023539,0.598798285006685,-62.327946999999995,0.0,,0.012343537709941317,1.0,-1373.2067722213035,OK,OK,OPTIMAL,0.02887754,41292.0,0.0
matpower/case89pegase,matpower/case89pegase/2017-05-15,WARM_PRUNE_LAZY_T050,1.615960297048583,0.6188270849391639,-59.216409999999996,0.0,,0.012343537709941317,1.0,-1373.2064653825114,OK,OK,OPTIMAL,0.02887754,41292.0,0.0
matpower/case89pegase,matpower/case89pegase/2017-05-15,WARM_PRUNE_LAZY_T080,1.5738702461557237,0.6353763929666771,-56.645422999999994,0.0,,0.012343537709941317,1.0,-1373.1937008876519,OK,OK,OPTIMAL,0.02887756,41292.0,0.0
matpower/case89pegase,matpower/case89pegase/2017-05-15,WARM_LPSCREEN_LAZY_T010,1.5624559653548311,0.6400180370989859,-55.924328999999986,0.0,,0.012343537709941317,1.0,-1484.510831420971,FAIL,C120,OPTIMAL,0.02876929,41292.0,0.0
matpower/case89pegase,matpower/case89pegase/2017-05-15,WARM_LPSCREEN_LAZY_T020,1.6426253492345413,0.6087815462399854,-60.77701599999999,0.0,,0.012343537709941317,1.0,-1484.5113400228374,FAIL,C120,OPTIMAL,0.02876929,41292.0,0.0
matpower/case89pegase,matpower/case89pegase/2017-05-15,WARM_LPSCREEN_LAZY_T030,1.6581758820351318,0.6030723343851006,-61.66395999999999,0.0,,0.012343537709941317,1.0,-1484.5110839558092,FAIL,C120,OPTIMAL,0.02876929,41292.0,0.0
matpower/case89pegase,matpower/case89pegase/2017-05-15,WARM_LPSCREEN_LAZY_T050,1.6560916524307139,0.6038313148503942,-61.546049999999994,0.0,,0.012343537709941317,1.0,-1484.5112742401395,FAIL,C120,OPTIMAL,0.02876929,41292.0,0.0
matpower/case89pegase,matpower/case89pegase/2017-05-15,WARM_LPSCREEN_LAZY_T080,1.6576261306334061,0.6032723432140176,-61.632887999999994,0.0,,0.012343537709941317,1.0,-1484.510831420971,FAIL,C120,OPTIMAL,0.02876929,41292.0,0.0
matpower/case89pegase,matpower/case89pegase/2017-05-15,WARM_SR_LAZY,1.5869274512711782,0.6301485295997425,-57.45758799999999,0.0,,0.08111467637961438,1.0,-868.5632338298462,OK,OK,OPTIMAL,0.03439967,41292.0,0.0
matpower/case89pegase,matpower/case89pegase/2017-05-15,SHRINK_LAZY,0.5175486728108339,1.9321854204918498,144.81793400000004,2.0,,0.002743811368388595,1.0,,,,TIME_LIMIT,,0.0,0.0
matpower/case89pegase,matpower/case89pegase/2017-05-15,STREDUCE,1.0109254460783434,0.9891926292678394,-1.6789589999999919,0.0,,1.0001493558427041,1.0,-868.5632338298462,OK,OK,OPTIMAL,0.02085141,41292.0,0.0
matpower/case89pegase,matpower/case89pegase/2017-05-15,STREDUCE_CONSERVATIVE,1.0586486293397683,0.9446004767640942,-8.60648999999998,0.0,,1.000136508028278,1.0,-868.5632338298462,OK,OK,OPTIMAL,0.02085141,41292.0,0.0
matpower/case89pegase,matpower/case89pegase/2017-05-15,STREDUCE_AGGRESSIVE,0.8682131221989027,1.1517909306269454,23.581198,0.0,,1.0001549767615157,1.0,-868.5632338298462,OK,OK,OPTIMAL,0.01159845,41292.0,0.0
matpower/case89pegase,matpower/case89pegase/2017-05-15,STREDUCE_GRU,1.0527082351994417,0.9499308227702277,-7.778403999999995,0.0,,1.0001493558427041,1.0,-868.5632338298462,OK,OK,OPTIMAL,0.02085141,41292.0,0.0
matpower/case89pegase,matpower/case89pegase/2017-05-15,STREDUCE_LAZY,0.941325561964842,1.0623317164708521,9.68342800000002,0.0,,1.0001493558427041,1.0,-868.5632338298462,OK,OK,OPTIMAL,0.02085141,41292.0,0.0
matpower/case89pegase,matpower/case89pegase/2017-05-15,STREDUCE_LAZY_CONSERVATIVE,0.9693928282929835,1.0315735487345343,4.905050000000017,0.0,,1.000136508028278,1.0,-868.5632338298462,OK,OK,OPTIMAL,0.02085141,41292.0,0.0
matpower/case89pegase,matpower/case89pegase/2017-05-15,STREDUCE_LAZY_AGGRESSIVE,0.9720371619153718,1.0287672520971607,4.469083000000012,0.0,,1.0001549767615157,1.0,1804.1750702709046,OK,OK,OPTIMAL,0.01423543,41292.0,0.0
matpower/case89pegase,matpower/case89pegase/2017-05-15,STREDUCE_LAZY_GRU,0.986531190954786,1.0136526945814845,2.1209890000000087,0.0,,1.0001493558427041,1.0,-868.5632338298462,OK,OK,OPTIMAL,0.02085141,41292.0,0.0
matpower/case89pegase,matpower/case89pegase/2017-05-15,ACTIVESET,3.973479180643473,0.25166861446548666,-116.25563199999999,0.0,,0.012343537709941317,1.0046513140775435,-6580.312551931411,FAIL,C120,OPTIMAL,0.03637923,0.0,0.0
matpower/case89pegase,matpower/case89pegase/2017-05-15,ACTIVESET_B500,3.955073262208798,0.25283981704084235,-116.07368199999999,0.0,,0.012343537709941317,1.0046513140775435,-6580.312551931411,FAIL,C120,OPTIMAL,0.03637923,0.0,0.0
matpower/case89pegase,matpower/case89pegase/2017-05-15,ACTIVESET_B5000,3.9644863215483754,0.2522394880175645,-116.166945,0.0,,0.012343537709941317,1.0046513140775435,-6580.312551931411,FAIL,C120,OPTIMAL,0.03637923,0.0,0.0
matpower/case89pegase,matpower/case89pegase/2017-05-15,ACTIVESET_NOCLEAN,3.9678863373098996,0.25202334819851924,-116.20052299999999,0.0,,0.012343537709941317,1.0046513140775435,-6580.312551931411,FAIL,C120,OPTIMAL,0.03637923,0.0,0.0
matpower/case89pegase,matpower/case89pegase/2017-05-15,WARM_ACTIVESET,3.829508786874854,0.2611300967443581,-114.785761,0.0,,0.012343537709941317,1.0046513140775435,-7562.566947669649,FAIL,C120,OPTIMAL,0.0354255,41292.0,432.0
matpower/case89pegase,matpower/case89pegase/2017-05-15,ACTIVESET_LAZY,1.6426810859603704,0.6087608900758505,-60.78022499999999,0.0,,0.012343537709941317,1.0,-1373.193702212043,OK,OK,OPTIMAL,0.02887756,0.0,0.0
matpower/case89pegase,matpower/case89pegase/2017-05-15,ACTIVESET_LAZY_TOPK128,1.5843508302467841,0.6311733366808893,-57.29838099999999,0.0,,0.012343537709941317,1.0,-1373.193702212043,OK,OK,OPTIMAL,0.02887756,0.0,0.0
matpower/case89pegase,matpower/case89pegase/2017-05-15,WARM_ACTIVESET_LAZY,1.6211965317552322,0.6168283612828378,-59.526917999999995,0.0,,0.012343537709941317,1.0,-1373.193702212043,OK,OK,OPTIMAL,0.02887756,41292.0,432.0
matpower/case89pegase,matpower/case89pegase/2017-07-15,RAW_GNN,4.194125853874154,0.23842870596653423,-147.618232,-1.0,,0.012343537709941317,1.0,-129396.63562111653,FAIL,C120,OPTIMAL,0.0161882,0.0,0.0
matpower/case89pegase,matpower/case89pegase/2017-07-15,RAW_COMMIT_HINTS,1.0047919969869785,0.9952308567331866,-0.9244209999999953,0.0,,1.0,1.0,-3299.157358711524,OK,OK,OPTIMAL,0.01069777,0.0,0.0
matpower/case89pegase,matpower/case89pegase/2017-07-15,WARM,0.730532796693556,1.368863936740516,71.49828599999998,0.0,,1.0,1.0,432.96912192671334,OK,OK,OPTIMAL,0.00754245,41292.0,0.0
matpower/case89pegase,matpower/case89pegase/2017-07-15,WARM_BRANCH_HINTS,0.7070547319693421,1.4143176684706213,80.308754,0.0,,1.0,1.0,-3668.1638100699,OK,OK,OPTIMAL,0.00341824,41292.0,432.0
matpower/case89pegase,matpower/case89pegase/2017-07-15,WARM_COMMIT_HINTS,0.99359014811587,1.0064512031407367,1.2504610000000014,0.0,,1.0,1.0,-3299.157358711524,OK,OK,OPTIMAL,0.01069777,41292.0,0.0
matpower/case89pegase,matpower/case89pegase/2017-07-15,WARM_GRU,0.728859133921449,1.3720072280904865,72.107562,0.0,,1.0,1.0,432.96912192671334,OK,OK,OPTIMAL,0.00754245,41292.0,0.0
matpower/case89pegase,matpower/case89pegase/2017-07-15,LAZY_ALL,2.076091011328223,0.48167445191154157,-100.468993,0.0,,0.012343537709941317,1.0,-2702.4709817836365,OK,OK,OPTIMAL,0.03148511,0.0,0.0
matpower/case89pegase,matpower/case89pegase/2017-07-15,LAZY_TOPK128,2.067836588033293,0.4835972077228279,-100.09629799999999,0.0,,0.012343537709941317,1.0,-5839.197301594151,OK,OK,OPTIMAL,0.0284293,0.0,0.0
matpower/case89pegase,matpower/case89pegase/2017-07-15,LAZY_BANDIT,2.09934351490643,0.47633938557433797,-101.503109,0.0,,0.012343537709941317,1.0,-5839.194572516938,OK,OK,OPTIMAL,0.0284293,0.0,0.0
matpower/case89pegase,matpower/case89pegase/2017-07-15,LAZY_COMMIT_HINTS,2.074818982973531,0.48196975649743096,-100.41175299999999,0.0,,0.012343537709941317,1.0,-2702.4709817836365,OK,OK,OPTIMAL,0.03148511,0.0,0.0
matpower/case89pegase,matpower/case89pegase/2017-07-15,LAZY_GNN_T060,2.131034610669696,0.46925563526429137,-102.876179,0.0,,0.012343537709941317,1.0,-721.4978075210436,OK,OK,OPTIMAL,0.0334051,0.0,0.0
matpower/case89pegase,matpower/case89pegase/2017-07-15,LAZY_GNN_T080,2.0780984907345763,0.48120914598543163,-100.559185,0.0,,0.012343537709941317,1.0,-2702.4709817836365,OK,OK,OPTIMAL,0.03148511,0.0,0.0
matpower/case89pegase,matpower/case89pegase/2017-07-15,LAZY_COMMIT_GNN_T060,2.0806295648271185,0.48062375778222255,-100.672653,0.0,,0.012343537709941317,1.0,-2702.4709817836365,OK,OK,OPTIMAL,0.03148511,0.0,0.0
matpower/case89pegase,matpower/case89pegase/2017-07-15,WARM_LAZY,2.0570174461150006,0.4861407480469631,-99.603274,0.0,,0.012343537709941317,1.0,-2702.4709817836365,OK,OK,OPTIMAL,0.03148511,41292.0,0.0
matpower/case89pegase,matpower/case89pegase/2017-07-15,WARM_LAZY_TOPK128,2.0386825316131376,0.490512860385739,-98.755811,0.0,,0.012343537709941317,1.0,-5839.197301594151,OK,OK,OPTIMAL,0.0284293,41292.0,0.0
matpower/case89pegase,matpower/case89pegase/2017-07-15,WARM_LAZY_BANDIT,2.0882923585250897,0.4788601538082895,-101.014499,0.0,,0.012343537709941317,1.0,-5839.194572516938,OK,OK,OPTIMAL,0.0284293,41292.0,0.0
matpower/case89pegase,matpower/case89pegase/2017-07-15,WARM_LAZY_COMMIT_HINTS,2.061924639209026,0.48498377728470693,-99.827534,0.0,,0.012343537709941317,1.0,-2702.4709817836365,OK,OK,OPTIMAL,0.03148511,41292.0,0.0
matpower/case89pegase,matpower/case89pegase/2017-07-15,WARM_LAZY_GRU,2.062698253370256,0.4848018843115291,-99.862791,0.0,,0.012343537709941317,1.0,-2702.4709817836365,OK,OK,OPTIMAL,0.03148511,41292.0,0.0
matpower/case89pegase,matpower/case89pegase/2017-07-15,WARM_LAZY_BRANCH_HINTS,2.060319362322979,0.48536164746445676,-99.75429,0.0,,0.012343537709941317,1.0,-2702.4709817836365,OK,OK,OPTIMAL,0.03148511,41292.0,432.0
matpower/case89pegase,matpower/case89pegase/2017-07-15,WARM_LAZY_GNN_T060,2.0528199164164906,0.4871347905400548,-99.410595,0.0,,0.012343537709941317,1.0,-2702.4709817836365,OK,OK,OPTIMAL,0.03148511,41292.0,0.0
matpower/case89pegase,matpower/case89pegase/2017-07-15,WARM_LAZY_COMMIT_GNN_T060,2.05614733571423,0.4863464707175942,-99.56339799999999,0.0,,0.012343537709941317,1.0,-2702.4709817836365,OK,OK,OPTIMAL,0.03148511,41292.0,0.0
matpower/case89pegase,matpower/case89pegase/2017-07-15,WARM_LAZY_COMMIT_GRU,2.051425550071776,0.4874658990013123,-99.346415,0.0,,0.012343537709941317,1.0,-2702.4709817836365,OK,OK,OPTIMAL,0.03148511,41292.0,0.0
matpower/case89pegase,matpower/case89pegase/2017-07-15,WARM_LAZY_ML_STACK,2.081777366640494,0.4803587626729597,-100.724018,0.0,,0.012343537709941317,1.0,-5839.194572516938,OK,OK,OPTIMAL,0.0284293,41292.0,432.0
matpower/case89pegase,matpower/case89pegase/2017-07-15,WARM_PRUNE_T010,3.660326937909821,0.2731996395302973,-140.87845099999998,-1.0,,0.012430260457317955,1.0,-2326.2215308422383,FAIL,C120,OPTIMAL,0.03214789,41292.0,0.0
matpower/case89pegase,matpower/case89pegase/2017-07-15,WARM_PRUNE_T020,2.622320791200083,0.3813415976244304,-119.916888,-1.0,,0.012863874194201139,1.0,-5142.970664080552,OK,OK,OPTIMAL,0.02910923,41292.0,0.0
matpower/case89pegase,matpower/case89pegase/2017-07-15,WARM_PRUNE_T030,2.707789331405559,0.36930494865378616,-122.249997,-1.0,,0.014193622987309572,1.0,-1688.5378658884558,OK,OK,OPTIMAL,0.03246878,41292.0,0.0
matpower/case89pegase,matpower/case89pegase/2017-07-15,WARM_PRUNE_T050,1.989984932955966,0.5025163675558983,-96.429126,0.0,,0.05160003468909895,1.0,-2874.840006239995,OK,OK,OPTIMAL,0.00445259,41292.0,0.0
matpower/case89pegase,matpower/case89pegase/2017-07-15,WARM_PRUNE_T080,0.9581373112759378,1.0436917425419059,8.468935000000016,0.0,,0.3093400398924638,1.0,19197.885819813764,OK,OK,OPTIMAL,0.02551186,41292.0,0.0
matpower/case89pegase,matpower/case89pegase/2017-07-15,WARM_LPSCREEN_T010,2.91969139869721,0.3425019508726875,-127.445323,-1.0,,0.018153961784175988,1.0,11549.070984341917,FAIL,C120,OPTIMAL,0.04524878,41292.0,0.0
matpower/case89pegase,matpower/case89pegase/2017-07-15,WARM_LPSCREEN_T020,2.011603059677747,0.49711596688473775,-97.475906,0.0,,0.024687075419882635,1.0,-1213.0835756164392,OK,OK,OPTIMAL,0.00604086,41292.0,0.0
matpower/case89pegase,matpower/case89pegase/2017-07-15,WARM_LPSCREEN_T030,1.9653053839479961,0.5088267747942327,-95.205956,0.0,,0.03575867950163328,1.0,-1213.0835810822878,OK,OK,OPTIMAL,0.00604086,41292.0,0.0
matpower/case89pegase,matpower/case89pegase/2017-07-15,WARM_LPSCREEN_T050,1.5283763743134937,0.6542890984226143,-67.010446,0.0,,0.12762697655595062,1.0,-1693.8459034777736,OK,OK,OPTIMAL,0.00519627,41292.0,0.0
matpower/case89pegase,matpower/case89pegase/2017-07-15,WARM_LPSCREEN_T080,1.0932954327101467,0.9146658534199867,-16.540639,0.0,,0.3700459630561096,1.0,2443.6539280346356,OK,OK,OPTIMAL,0.00929943,41292.0,0.0
matpower/case89pegase,matpower/case89pegase/2017-07-15,WARM_PRUNE_LAZY_T010,2.0682047887352195,0.48351111333202906,-100.11298599999999,0.0,,0.012343537709941317,1.0,-6295.3302353445715,FAIL,C120,OPTIMAL,0.02828204,41292.0,0.0
matpower/case89pegase,matpower/case89pegase/2017-07-15,WARM_PRUNE_LAZY_T020,2.0736916843583555,0.48223176451103983,-100.360967,0.0,,0.012343537709941317,1.0,-5839.195463716705,OK,OK,OPTIMAL,0.0284293,41292.0,0.0
matpower/case89pegase,matpower/case89pegase/2017-07-15,WARM_PRUNE_LAZY_T030,2.098999966094819,0.47641734928681106,-101.487997,0.0,,0.012343537709941317,1.0,-5839.195298649357,OK,OK,OPTIMAL,0.0284293,41292.0,0.0
matpower/case89pegase,matpower/case89pegase/2017-07-15,WARM_PRUNE_LAZY_T050,2.0621472924797013,0.4849314128272161,-99.837684,0.0,,0.012343537709941317,1.0,-5839.194841161285,OK,OK,OPTIMAL,0.0284293,41292.0,0.0
matpower/case89pegase,matpower/case89pegase/2017-07-15,WARM_PRUNE_LAZY_T080,2.089267650411683,0.47863661690399184,-101.057828,0.0,,0.012343537709941317,1.0,-5839.194529063762,OK,OK,OPTIMAL,0.0284293,41292.0,0.0
matpower/case89pegase,matpower/case89pegase/2017-07-15,WARM_LPSCREEN_LAZY_T010,2.043132026496303,0.48944463061198534,-98.96287,0.0,,0.012343537709941317,1.0,-6139.979953392053,FAIL,C120,OPTIMAL,0.0282558,41292.0,0.0
matpower/case89pegase,matpower/case89pegase/2017-07-15,WARM_LPSCREEN_LAZY_T020,2.0422584294809947,0.48965399557887146,-98.922288,0.0,,0.012343537709941317,1.0,-5839.1943885924775,OK,OK,OPTIMAL,0.0284293,41292.0,0.0
matpower/case89pegase,matpower/case89pegase/2017-07-15,WARM_LPSCREEN_LAZY_T030,2.025257668621915,0.49376433206173176,-98.12556599999999,0.0,,0.012343537709941317,1.0,-5839.1943885924775,OK,OK,OPTIMAL,0.0284293,41292.0,0.0
matpower/case89pegase,matpower/case89pegase/2017-07-15,WARM_LPSCREEN_LAZY_T050,2.0460232390072983,0.488753001889258,-99.096931,0.0,,0.012343537709941317,1.0,-5839.1943885924775,OK,OK,OPTIMAL,0.0284293,41292.0,0.0
matpower/case89pegase,matpower/case89pegase/2017-07-15,WARM_LPSCREEN_LAZY_T080,1.9988880157508861,0.5002781507118838,-96.862968,0.0,,0.012343537709941317,1.0,-5839.194529063762,OK,OK,OPTIMAL,0.0284293,41292.0,0.0
matpower/case89pegase,matpower/case89pegase/2017-07-15,WARM_SR_LAZY,1.4138268971347676,0.7073001666799376,-56.73511099999999,0.0,,0.15234295955829213,1.0,15299.843924456307,OK,OK,OPTIMAL,0.02191951,41292.0,0.0
matpower/case89pegase,matpower/case89pegase/2017-07-15,SHRINK_LAZY,0.6458676424761984,1.5483048448844563,106.27999300000002,2.0,,0.0027430083799869593,1.0,,,,TIME_LIMIT,,0.0,0.0
matpower/case89pegase,matpower/case89pegase/2017-07-15,STREDUCE,0.9279926100610503,1.0775947881031214,15.040490000000005,0.0,,1.0001312886036675,1.0,4207.820051904191,OK,OK,OPTIMAL,0.00599143,41292.0,0.0
matpower/case89pegase,matpower/case89pegase/2017-07-15,STREDUCE_CONSERVATIVE,1.0598075629597963,0.9435675257942417,-10.938518999999985,0.0,,1.000114827341434,1.0,-5315.008867578152,OK,OK,OPTIMAL,0.00206824,41292.0,0.0
matpower/case89pegase,matpower/case89pegase/2017-07-15,STREDUCE_AGGRESSIVE,0.852915902115072,1.1724485351019802,33.426349000000016,0.0,,1.0001481513601018,1.0,39819.10600258357,OK,OK,OPTIMAL,8.713e-05,41292.0,0.0
matpower/case89pegase,matpower/case89pegase/2017-07-15,STREDUCE_GRU,0.9190594828699802,1.0880688558669391,17.070718,0.0,,1.0001312886036675,1.0,4207.820051904191,OK,OK,OPTIMAL,0.00599143,41292.0,0.0
matpower/case89pegase,matpower/case89pegase/2017-07-15,STREDUCE_LAZY,0.8516839778042364,1.1741444315744245,33.755071000000015,0.0,,1.0001312886036675,1.0,38915.65292310518,OK,OK,OPTIMAL,0.03894796,41292.0,0.0
matpower/case89pegase,matpower/case89pegase/2017-07-15,STREDUCE_LAZY_CONSERVATIVE,0.8793368501768865,1.1372206223347072,26.59799000000001,0.0,,1.000114827341434,1.0,-5315.008867578152,OK,OK,OPTIMAL,0.00100657,41292.0,0.0
matpower/case89pegase,matpower/case89pegase/2017-07-15,STREDUCE_LAZY_AGGRESSIVE,0.9388008884623874,1.0651885956753273,12.635750999999999,0.0,,1.0001481513601018,1.0,39819.106002856795,OK,OK,OPTIMAL,3.61e-06,41292.0,0.0
matpower/case89pegase,matpower/case89pegase/2017-07-15,STREDUCE_LAZY_GRU,0.8949112056694393,1.1174292976384723,22.761763000000002,0.0,,1.0001312886036675,1.0,38915.65292310518,OK,OK,OPTIMAL,0.03894796,41292.0,0.0
matpower/case89pegase,matpower/case89pegase/2017-07-15,ACTIVESET,4.054786775974549,0.24662209266470114,-146.030077,0.0,,0.012343537709941317,1.008456934686443,-29784.228834409954,FAIL,C120,OPTIMAL,0.02015917,0.0,0.0
matpower/case89pegase,matpower/case89pegase/2017-07-15,ACTIVESET_B500,4.041710399925969,0.24742000317942542,-145.875415,0.0,,0.012343537709941317,1.008456934686443,-29784.228834409954,FAIL,C120,OPTIMAL,0.02015917,0.0,0.0
matpower/case89pegase,matpower/case89pegase/2017-07-15,ACTIVESET_B5000,4.016110416586854,0.24899713809409244,-145.569713,0.0,,0.012343537709941317,1.008456934686443,-29784.228834409954,FAIL,C120,OPTIMAL,0.02015917,0.0,0.0
matpower/case89pegase,matpower/case89pegase/2017-07-15,ACTIVESET_NOCLEAN,4.0589980435603294,0.24636621877325543,-146.079674,0.0,,0.012343537709941317,1.008456934686443,-29784.228834409954,FAIL,C120,OPTIMAL,0.02015917,0.0,0.0
matpower/case89pegase,matpower/case89pegase/2017-07-15,WARM_ACTIVESET,3.9709519944524523,0.25182878095656464,-145.020845,0.0,,0.012343537709941317,1.0085219880301848,-27461.190649260257,FAIL,C120,OPTIMAL,0.03013415,41292.0,432.0
matpower/case89pegase,matpower/case89pegase/2017-07-15,ACTIVESET_LAZY,1.7527367702842243,0.5705363275044659,-83.24456099999999,0.0,,0.012343537709941317,1.000390320062451,937.5673904992341,OK,OK,OPTIMAL,0.00794225,0.0,0.0
matpower/case89pegase,matpower/case89pegase/2017-07-15,ACTIVESET_LAZY_TOPK128,1.6347818514014107,0.6117024110236811,-75.26518399999999,0.0,,0.012343537709941317,1.0004553734061932,348.03897640628634,OK,OK,OPTIMAL,0.00735454,0.0,0.0
matpower/case89pegase,matpower/case89pegase/2017-07-15,WARM_ACTIVESET_LAZY,1.99009875546141,0.5024876264334667,-96.434697,0.0,,0.012343537709941317,1.0002602133749674,-2378.698784751494,OK,OK,OPTIMAL,0.0063479,41292.0,432.0
matpower/case89pegase,matpower/case89pegase/2017-09-15,RAW_GNN,5.504922293532953,0.18165560686928775,-155.098465,-1.0,,0.012343537709941317,1.0,-88610.28145220951,FAIL,C120,OPTIMAL,0.02625622,0.0,0.0
matpower/case89pegase,matpower/case89pegase/2017-09-15,RAW_COMMIT_HINTS,1.2097209870632701,0.8266368945351682,-32.857012,0.0,,1.0,1.0,4365.4454924822485,OK,OK,OPTIMAL,0.03531963,0.0,0.0
matpower/case89pegase,matpower/case89pegase/2017-09-15,WARM,1.1996378650330701,0.8335848918643738,-31.540177999999997,0.0,,1.0,1.0,125.35099525340391,OK,OK,OPTIMAL,0.03122981,41292.0,0.0
matpower/case89pegase,matpower/case89pegase/2017-09-15,WARM_BRANCH_HINTS,1.1974848141804366,0.8350836588139985,-31.256121000000007,0.0,,1.0,1.0,125.35099525340391,OK,OK,OPTIMAL,0.03122981,41292.0,432.0
matpower/case89pegase,matpower/case89pegase/2017-09-15,WARM_COMMIT_HINTS,1.1960732798801084,0.8360691747082902,-31.069338999999985,0.0,,1.0,1.0,125.35099525340391,OK,OK,OPTIMAL,0.03122981,41292.0,0.0
matpower/case89pegase,matpower/case89pegase/2017-09-15,WARM_GRU,1.1994401536405281,0.8337222969939855,-31.514136000000008,0.0,,1.0,1.0,125.35099525340391,OK,OK,OPTIMAL,0.03122981,41292.0,0.0
matpower/case89pegase,matpower/case89pegase/2017-09-15,LAZY_ALL,2.0394638516696677,0.49032494455899295,-96.597251,0.0,,0.012343537709941317,1.0,-939.8568680267712,OK,OK,OPTIMAL,0.03019689,0.0,0.0
matpower/case89pegase,matpower/case89pegase/2017-09-15,LAZY_TOPK128,2.0781180831257404,0.4812046091701773,-98.325802,0.0,,0.012343537709941317,1.0,-939.8564368574882,OK,OK,OPTIMAL,0.03019689,0.0,0.0
matpower/case89pegase,matpower/case89pegase/2017-09-15,LAZY_BANDIT,2.074975337603806,0.4819334388594739,-98.187669,0.0,,0.012343537709941317,1.0,-939.8603386702964,OK,OK,OPTIMAL,0.03019689,0.0,0.0
matpower/case89pegase,matpower/case89pegase/2017-09-15,LAZY_COMMIT_HINTS,2.0424391616723425,0.48961066687597354,-96.732626,0.0,,0.012343537709941317,1.0,-939.8568680267712,OK,OK,OPTIMAL,0.03019689,0.0,0.0
matpower/case89pegase,matpower/case89pegase/2017-09-15,LAZY_GNN_T060,2.083422257262188,0.47997951280125695,-98.557991,0.0,,0.012343537709941317,1.0,-939.8564368574882,OK,OK,OPTIMAL,0.03019689,0.0,0.0
matpower/case89pegase,matpower/case89pegase/2017-09-15,LAZY_GNN_T080,2.0800127144663523,0.4807662919774795,-98.408875,0.0,,0.012343537709941317,1.0,-939.8564368574882,OK,OK,OPTIMAL,0.03019689,0.0,0.0
matpower/case89pegase,matpower/case89pegase/2017-09-15,LAZY_COMMIT_GNN_T060,2.073891975828206,0.48218519173384206,-98.139955,0.0,,0.012343537709941317,1.0,-939.8564368574882,OK,OK,OPTIMAL,0.03019689,0.0,0.0
matpower/case89pegase,matpower/case89pegase/2017-09-15,WARM_LAZY,2.04944428108909,0.4879371492200766,-97.049803,0.0,,0.012343537709941317,1.0,-939.8564368574882,OK,OK,OPTIMAL,0.03019689,41292.0,0.0
matpower/case89pegase,matpower/case89pegase/2017-09-15,WARM_LAZY_TOPK128,2.0527954421684123,0.48714059835581003,-97.200771,0.0,,0.012343537709941317,1.0,-939.8564368574882,OK,OK,OPTIMAL,0.03019689,41292.0,0.0
matpower/case89pegase,matpower/case89pegase/2017-09-15,WARM_LAZY_BANDIT,2.053064754932903,0.48707669721439517,-97.212882,0.0,,0.012343537709941317,1.0,-939.8603386702964,OK,OK,OPTIMAL,0.03019689,41292.0,0.0
matpower/case89pegase,matpower/case89pegase/2017-09-15,WARM_LAZY_COMMIT_HINTS,2.0134639813218085,0.49665651299285485,-95.397247,0.0,,0.012343537709941317,1.0,-939.8568680267712,OK,OK,OPTIMAL,0.03019689,41292.0,0.0
matpower/case89pegase,matpower/case89pegase/2017-09-15,WARM_LAZY_GRU,2.0614815814932386,0.4850880109613436,-97.589792,0.0,,0.012343537709941317,1.0,-939.8564368574882,OK,OK,OPTIMAL,0.03019689,41292.0,0.0
matpower/case89pegase,matpower/case89pegase/2017-09-15,WARM_LAZY_BRANCH_HINTS,2.023186508168052,0.4942698045695632,-95.849593,0.0,,0.012343537709941317,1.0,-939.8568680267712,OK,OK,OPTIMAL,0.03019689,41292.0,432.0
matpower/case89pegase,matpower/case89pegase/2017-09-15,WARM_LAZY_GNN_T060,2.057084006448008,0.486125018164286,-97.39325099999999,0.0,,0.012343537709941317,1.0,-939.8564368574882,OK,OK,OPTIMAL,0.03019689,41292.0,0.0
matpower/case89pegase,matpower/case89pegase/2017-09-15,WARM_LAZY_COMMIT_GNN_T060,2.0141209839886063,0.49649450452558164,-95.42795199999999,0.0,,0.012343537709941317,1.0,-939.8568680267712,OK,OK,OPTIMAL,0.03019689,41292.0,0.0
matpower/case89pegase,matpower/case89pegase/2017-09-15,WARM_LAZY_COMMIT_GRU,2.0219205299058873,0.49457928005041135,-95.790939,0.0,,0.012343537709941317,1.0,-939.8568680267712,OK,OK,OPTIMAL,0.03019689,41292.0,0.0
matpower/case89pegase,matpower/case89pegase/2017-09-15,WARM_LAZY_ML_STACK,2.03699619626339,0.4909189333953459,-96.484674,0.0,,0.012343537709941317,1.0,-939.8603386702964,OK,OK,OPTIMAL,0.03019689,41292.0,432.0
matpower/case89pegase,matpower/case89pegase/2017-09-15,WARM_PRUNE_T010,4.269671588055994,0.23421005090822591,-145.137972,-1.0,,0.012430260457317955,1.0,4358.596814407859,FAIL,C120,OPTIMAL,0.03531305,41292.0,0.0
matpower/case89pegase,matpower/case89pegase/2017-09-15,WARM_PRUNE_T020,3.724584328583547,0.2684863361330574,-138.641686,-1.0,,0.012863874194201139,1.0,4365.4454924822485,OK,OK,OPTIMAL,0.03531963,41292.0,0.0
matpower/case89pegase,matpower/case89pegase/2017-09-15,WARM_PRUNE_T030,3.653109006082182,0.2737394362815528,-137.64608099999998,-1.0,,0.014193622987309572,1.0,4365.4454924822485,OK,OK,OPTIMAL,0.03531963,41292.0,0.0
matpower/case89pegase,matpower/case89pegase/2017-09-15,WARM_PRUNE_T050,1.9398465591203877,0.5155046904603858,-91.825006,0.0,,0.05160003468909895,1.0,125.35099525340391,OK,OK,OPTIMAL,0.03122981,41292.0,0.0
matpower/case89pegase,matpower/case89pegase/2017-09-15,WARM_PRUNE_T080,1.5060181245862718,0.6640026329528514,-63.680617,0.0,,0.3093400398924638,1.0,125.35099525340391,OK,OK,OPTIMAL,0.03122981,41292.0,0.0
matpower/case89pegase,matpower/case89pegase/2017-09-15,WARM_LPSCREEN_T010,4.127848343958099,0.24225696214438028,-143.612864,-1.0,,0.01306622727141329,1.0,1979.4182431160318,OK,OK,OPTIMAL,0.03302242,41292.0,0.0
matpower/case89pegase,matpower/case89pegase/2017-09-15,WARM_LPSCREEN_T020,1.9728978976728258,0.5068686023638485,-93.46177899999999,0.0,,0.0184141300263059,1.0,125.35099525340391,OK,OK,OPTIMAL,0.03122981,41292.0,0.0
matpower/case89pegase,matpower/case89pegase/2017-09-15,WARM_LPSCREEN_T030,1.9597899670615255,0.5102587607892403,-92.81925199999999,0.0,,0.018934466510565722,1.0,125.35099525340391,OK,OK,OPTIMAL,0.03122981,41292.0,0.0
matpower/case89pegase,matpower/case89pegase/2017-09-15,WARM_LPSCREEN_T050,1.7614141396586591,0.5677256571778105,-81.927716,0.0,,0.08498829242910415,1.0,125.35099525340391,OK,OK,OPTIMAL,0.03122981,41292.0,0.0
matpower/case89pegase,matpower/case89pegase/2017-09-15,WARM_LPSCREEN_T080,1.5250016185232897,0.655737008966806,-65.247177,0.0,,0.3004943196600468,1.0,125.35099525340391,OK,OK,OPTIMAL,0.03122981,41292.0,0.0
matpower/case89pegase,matpower/case89pegase/2017-09-15,WARM_PRUNE_LAZY_T010,2.030440799697031,0.49250389380927206,-96.184281,0.0,,0.012343537709941317,1.0,-946.7111806870404,FAIL,C120,OPTIMAL,0.03019024,41292.0,0.0
matpower/case89pegase,matpower/case89pegase/2017-09-15,WARM_PRUNE_LAZY_T020,2.0390170796973286,0.49043238036458225,-96.576889,0.0,,0.012343537709941317,1.0,-939.8587546176838,FAIL,C107,OPTIMAL,0.03019689,41292.0,0.0
matpower/case89pegase,matpower/case89pegase/2017-09-15,WARM_PRUNE_LAZY_T030,1.9947452459790298,0.5013171491526456,-94.51393,0.0,,0.012343537709941317,1.0,-939.857061723234,OK,OK,OPTIMAL,0.03019689,41292.0,0.0
matpower/case89pegase,matpower/case89pegase/2017-09-15,WARM_PRUNE_LAZY_T050,2.0199961112914164,0.4950504579737452,-95.701638,0.0,,0.012343537709941317,1.0,-939.857148376911,OK,OK,OPTIMAL,0.03019689,41292.0,0.0
matpower/case89pegase,matpower/case89pegase/2017-09-15,WARM_PRUNE_LAZY_T080,1.9686217222751947,0.5079696056814156,-93.253109,0.0,,0.012343537709941317,1.0,-939.8614897544352,OK,OK,OPTIMAL,0.03019689,41292.0,0.0
matpower/case89pegase,matpower/case89pegase/2017-09-15,WARM_LPSCREEN_LAZY_T010,1.997271190748472,0.5006831343845964,-94.634093,0.0,,0.012343537709941317,1.0,-939.8626513331101,FAIL,C107,OPTIMAL,0.03019689,41292.0,0.0
matpower/case89pegase,matpower/case89pegase/2017-09-15,WARM_LPSCREEN_LAZY_T020,1.9728910999362799,0.5068703488156533,-93.46144799999999,0.0,,0.012343537709941317,1.0,-939.8626513331101,FAIL,C107,OPTIMAL,0.03019689,41292.0,0.0
matpower/case89pegase,matpower/case89pegase/2017-09-15,WARM_LPSCREEN_LAZY_T030,2.0088380993057697,0.497800196215707,-95.180488,0.0,,0.012343537709941317,1.0,-939.8586085957319,OK,OK,OPTIMAL,0.03019689,41292.0,0.0
matpower/case89pegase,matpower/case89pegase/2017-09-15,WARM_LPSCREEN_LAZY_T050,2.0211201131272807,0.4947751464670248,-95.753817,0.0,,0.012343537709941317,1.0,-939.8648923343408,OK,OK,OPTIMAL,0.03019689,41292.0,0.0
matpower/case89pegase,matpower/case89pegase/2017-09-15,WARM_LPSCREEN_LAZY_T080,1.9957146084277166,0.5010736483949625,-94.56008,0.0,,0.012343537709941317,1.0,-939.8575846434362,OK,OK,OPTIMAL,0.03019689,41292.0,0.0
matpower/case89pegase,matpower/case89pegase/2017-09-15,WARM_SR_LAZY,1.7539772032817798,0.5701328376041317,-81.47149,0.0,,0.1195617610499234,1.0,125.35099525340391,OK,OK,OPTIMAL,0.03282155,41292.0,0.0
matpower/case89pegase,matpower/case89pegase/2017-09-15,SHRINK_LAZY,0.6313656797619558,1.5838681639727876,110.65885800000001,2.0,,0.0027430083799869593,1.0,,,,TIME_LIMIT,,0.0,0.0
matpower/case89pegase,matpower/case89pegase/2017-09-15,STREDUCE,1.0409177717543905,0.9606906781066611,-7.45018300000001,0.0,,1.0001369095224788,1.0,4020.518339997607,OK,OK,OPTIMAL,0.00319389,41292.0,0.0
matpower/case89pegase,matpower/case89pegase/2017-09-15,STREDUCE_CONSERVATIVE,1.2810069804075286,0.7806358710722001,-41.57545400000001,0.0,,1.0001172363066388,1.0,125.35099525340391,OK,OK,OPTIMAL,0.00213576,41292.0,0.0
matpower/case89pegase,matpower/case89pegase/2017-09-15,STREDUCE_AGGRESSIVE,1.0301686966591346,0.9707147996663338,-5.550340000000006,0.0,,1.000147749865901,1.0,6050.808936703317,OK,OK,OPTIMAL,0.00391912,41292.0,0.0
matpower/case89pegase,matpower/case89pegase/2017-09-15,STREDUCE_GRU,1.0200611767176093,0.9803333592381557,-3.7273619999999994,0.0,,1.0001369095224788,1.0,4020.518339997607,OK,OK,OPTIMAL,0.00319389,41292.0,0.0
matpower/case89pegase,matpower/case89pegase/2017-09-15,STREDUCE_LAZY,1.213762207082815,0.8238846078454065,-33.378645000000006,0.0,,1.0001369095224788,1.0,4020.518339997607,OK,OK,OPTIMAL,0.00319389,41292.0,0.0
matpower/case89pegase,matpower/case89pegase/2017-09-15,STREDUCE_LAZY_CONSERVATIVE,1.1450605272400538,0.8733162799789336,-24.010001999999986,0.0,,1.0001172363066388,1.0,125.35099525340391,OK,OK,OPTIMAL,0.00213576,41292.0,0.0
matpower/case89pegase,matpower/case89pegase/2017-09-15,STREDUCE_LAZY_AGGRESSIVE,1.00555865406624,0.9944720737634128,-1.0476919999999836,0.0,,1.000147749865901,1.0,6050.808936703317,OK,OK,OPTIMAL,0.00391912,41292.0,0.0
matpower/case89pegase,matpower/case89pegase/2017-09-15,STREDUCE_LAZY_GRU,0.9799359358412224,1.0204748733309323,3.8805440000000146,0.0,,1.0001369095224788,1.0,4020.518339997607,OK,OK,OPTIMAL,0.00319389,41292.0,0.0
matpower/case89pegase,matpower/case89pegase/2017-09-15,ACTIVESET,5.113059625873655,0.19557761363464105,-152.459867,0.0,,0.012343537709941317,1.0056271142336717,17785.070326651025,FAIL,C120,OPTIMAL,0.04571398,0.0,0.0
matpower/case89pegase,matpower/case89pegase/2017-09-15,ACTIVESET_B500,5.12523929345426,0.19511284112668809,-152.547954,0.0,,0.012343537709941317,1.0056271142336717,17785.070326651025,FAIL,C120,OPTIMAL,0.04571398,0.0,0.0
matpower/case89pegase,matpower/case89pegase/2017-09-15,ACTIVESET_B5000,5.105601481581613,0.1958633088789805,-152.40572,0.0,,0.012343537709941317,1.0056271142336717,17785.070326651025,FAIL,C120,OPTIMAL,0.04571398,0.0,0.0
matpower/case89pegase,matpower/case89pegase/2017-09-15,ACTIVESET_NOCLEAN,5.100821978698895,0.19604683405459242,-152.370937,0.0,,0.012343537709941317,1.0056271142336717,17785.070326651025,FAIL,C120,OPTIMAL,0.04571398,0.0,0.0
matpower/case89pegase,matpower/case89pegase/2017-09-15,WARM_ACTIVESET,5.015269534529739,0.19939107820927232,-151.737112,0.0,,0.012343537709941317,1.004944054124382,-26326.82409020759,FAIL,C120,OPTIMAL,0.02729776,41292.0,432.0
matpower/case89pegase,matpower/case89pegase/2017-09-15,ACTIVESET_LAZY,2.0216141482407357,0.4946542350182044,-95.776733,0.0,,0.012343537709941317,1.0,-939.8564368574882,OK,OK,OPTIMAL,0.03019689,0.0,0.0
matpower/case89pegase,matpower/case89pegase/2017-09-15,ACTIVESET_LAZY_TOPK128,2.0121392127119946,0.4969835057546457,-95.335273,0.0,,0.012343537709941317,1.0,-939.8564368574882,OK,OK,OPTIMAL,0.03019689,0.0,0.0
matpower/case89pegase,matpower/case89pegase/2017-09-15,WARM_ACTIVESET_LAZY,1.9881321723730079,0.5029846676674486,-94.19789,0.0,,0.012343537709941317,1.0,-939.8564368574882,OK,OK,OPTIMAL,0.03019689,41292.0,432.0
matpower/case89pegase,matpower/case89pegase/2017-11-15,RAW_GNN,4.797237616457731,0.208453297491317,-127.65387100000001,-1.0,,0.012343537709941317,1.0,-79240.52431961053,FAIL,C120,OPTIMAL,0.02173869,0.0,0.0
matpower/case89pegase,matpower/case89pegase/2017-11-15,RAW_COMMIT_HINTS,0.8266257684554097,1.2097372694642081,33.824629999999985,0.0,,1.0,1.0,-10492.105997251694,OK,OK,OPTIMAL,0.0066554,0.0,0.0
matpower/case89pegase,matpower/case89pegase/2017-11-15,WARM,0.8447446202353537,1.1837897230069259,29.64003199999999,0.0,,1.0,1.0,-10492.105997251694,OK,OK,OPTIMAL,0.0066554,41292.0,0.0
matpower/case89pegase,matpower/case89pegase/2017-11-15,WARM_BRANCH_HINTS,0.8335036107797753,1.1997548505692264,32.21475100000001,0.0,,1.0,1.0,-10492.105997251694,OK,OK,OPTIMAL,0.0066554,41292.0,432.0
matpower/case89pegase,matpower/case89pegase/2017-11-15,WARM_COMMIT_HINTS,0.8345225514688387,1.1982899662087085,31.978507000000008,0.0,,1.0,1.0,-10492.105997251694,OK,OK,OPTIMAL,0.0066554,41292.0,0.0
matpower/case89pegase,matpower/case89pegase/2017-11-15,WARM_GRU,0.8353967420158444,1.1970360305535328,31.776283000000006,0.0,,1.0,1.0,-10492.105997251694,OK,OK,OPTIMAL,0.0066554,41292.0,0.0
matpower/case89pegase,matpower/case89pegase/2017-11-15,LAZY_ALL,1.7434812467322853,0.5735651025064061,-68.771767,0.0,,0.012343537709941317,1.0,-10492.105997251694,OK,OK,OPTIMAL,0.03968456,0.0,0.0
matpower/case89pegase,matpower/case89pegase/2017-11-15,LAZY_TOPK128,1.769602666009409,0.5650986061492986,-70.137171,0.0,,0.012343537709941317,1.0,-10492.105997251694,OK,OK,OPTIMAL,0.03968456,0.0,0.0
matpower/case89pegase,matpower/case89pegase/2017-11-15,LAZY_BANDIT,1.726192868201256,0.5793095420687432,-67.845353,0.0,,0.012343537709941317,1.0,-10492.106320036295,OK,OK,OPTIMAL,0.03968456,0.0,0.0
matpower/case89pegase,matpower/case89pegase/2017-11-15,LAZY_COMMIT_HINTS,1.7387326285960163,0.5751315547620885,-68.519143,0.0,,0.012343537709941317,1.0,-10492.105997251694,OK,OK,OPTIMAL,0.03968456,0.0,0.0
matpower/case89pegase,matpower/case89pegase/2017-11-15,LAZY_GNN_T060,1.7429973700719517,0.5737243309545095,-68.746088,0.0,,0.012343537709941317,1.0,-10492.105997251694,OK,OK,OPTIMAL,0.03968456,0.0,0.0
matpower/case89pegase,matpower/case89pegase/2017-11-15,LAZY_GNN_T080,1.7421000483261844,0.5740198451637742,-68.69843,0.0,,0.012343537709941317,1.0,-10492.105997251694,OK,OK,OPTIMAL,0.03968456,0.0,0.0
matpower/case89pegase,matpower/case89pegase/2017-11-15,LAZY_COMMIT_GNN_T060,1.7440297413528574,0.5733847171805064,-68.800858,0.0,,0.012343537709941317,1.0,-10492.105997251694,OK,OK,OPTIMAL,0.03968456,0.0,0.0
matpower/case89pegase,matpower/case89pegase/2017-11-15,WARM_LAZY,1.7160905979671843,0.5827198174645103,-67.295373,0.0,,0.012343537709941317,1.0,-10492.105997251694,OK,OK,OPTIMAL,0.03968456,41292.0,0.0
matpower/case89pegase,matpower/case89pegase/2017-11-15,WARM_LAZY_TOPK128,1.7013486214435476,0.5877690130030655,-66.481082,0.0,,0.012343537709941317,1.0,-10492.1061228162,OK,OK,OPTIMAL,0.03968456,41292.0,0.0
matpower/case89pegase,matpower/case89pegase/2017-11-15,WARM_LAZY_BANDIT,1.7115129738948889,0.5842783637942871,-67.04402400000001,0.0,,0.012343537709941317,1.0,-10492.106320036295,OK,OK,OPTIMAL,0.03968456,41292.0,0.0
matpower/case89pegase,matpower/case89pegase/2017-11-15,WARM_LAZY_COMMIT_HINTS,1.73684323324641,0.5757572018349958,-68.418244,0.0,,0.012343537709941317,1.0,-10492.105997251694,OK,OK,OPTIMAL,0.03968456,41292.0,0.0
matpower/case89pegase,matpower/case89pegase/2017-11-15,WARM_LAZY_GRU,1.7199125767044385,0.5814249012098752,-67.504206,0.0,,0.012343537709941317,1.0,-10492.105997251694,OK,OK,OPTIMAL,0.03968456,41292.0,0.0
matpower/case89pegase,matpower/case89pegase/2017-11-15,WARM_LAZY_BRANCH_HINTS,1.7341997200723063,0.5766348526214188,-68.276704,0.0,,0.012343537709941317,1.0,-10492.105997251694,OK,OK,OPTIMAL,0.03968456,41292.0,432.0
matpower/case89pegase,matpower/case89pegase/2017-11-15,WARM_LAZY_GNN_T060,1.713606748671058,0.5835644617853678,-67.159156,0.0,,0.012343537709941317,1.0,-10492.105997251694,OK,OK,OPTIMAL,0.03968456,41292.0,0.0
matpower/case89pegase,matpower/case89pegase/2017-11-15,WARM_LAZY_COMMIT_GNN_T060,1.712933731795687,0.5837937460380848,-67.122179,0.0,,0.012343537709941317,1.0,-10492.105997251694,OK,OK,OPTIMAL,0.03968456,41292.0,0.0
matpower/case89pegase,matpower/case89pegase/2017-11-15,WARM_LAZY_COMMIT_GRU,1.7345811070635642,0.5765080663727965,-68.297151,0.0,,0.012343537709941317,1.0,-10492.105997251694,OK,OK,OPTIMAL,0.03968456,41292.0,0.0
matpower/case89pegase,matpower/case89pegase/2017-11-15,WARM_LAZY_ML_STACK,1.7082736368837397,0.5853863095517976,-66.86534400000001,0.0,,0.012343537709941317,1.0,-10492.106320036295,OK,OK,OPTIMAL,0.03968456,41292.0,432.0
matpower/case89pegase,matpower/case89pegase/2017-11-15,WARM_PRUNE_T010,3.4856923402726534,0.28688705209186055,-115.00474700000001,-1.0,,0.012516983204694592,1.0,-4605.693497407085,OK,OK,OPTIMAL,0.04536352,41292.0,0.0
matpower/case89pegase,matpower/case89pegase/2017-11-15,WARM_PRUNE_T020,2.6771679987590877,0.37352904280325955,-101.031869,-1.0,,0.012806059029283381,1.0,-3779.858456568367,OK,OK,OPTIMAL,0.04615489,41292.0,0.0
matpower/case89pegase,matpower/case89pegase/2017-11-15,WARM_PRUNE_T030,1.6874180481583807,0.592621372689111,-65.698535,0.0,,0.018211776949093747,1.0,-5730.736557004529,OK,OK,OPTIMAL,0.03261301,41292.0,0.0
matpower/case89pegase,matpower/case89pegase/2017-11-15,WARM_PRUNE_T050,1.6510133996457361,0.6056886032630465,-63.591164000000006,0.0,,0.06215130228658977,1.0,-5730.736557004529,OK,OK,OPTIMAL,0.04380919,41292.0,0.0
matpower/case89pegase,matpower/case89pegase/2017-11-15,WARM_PRUNE_T080,1.2170497701843763,0.8216590845323487,-28.76129499999999,0.0,,0.31367617726129565,1.0,-10455.383904712733,OK,OK,OPTIMAL,0.00051297,41292.0,0.0
matpower/case89pegase,matpower/case89pegase/2017-11-15,WARM_LPSCREEN_T010,4.014695667015084,0.24908488287569194,-121.101157,-1.0,,0.01283496661174226,1.0,-3956.8589511912537,OK,OK,OPTIMAL,0.04598539,41292.0,0.0
matpower/case89pegase,matpower/case89pegase/2017-11-15,WARM_LPSCREEN_T020,1.682695498770585,0.5942845872771528,-65.430306,0.0,,0.018327407278929262,1.0,-5730.736557004529,OK,OK,OPTIMAL,0.04428333,41292.0,0.0
matpower/case89pegase,matpower/case89pegase/2017-11-15,WARM_LPSCREEN_T030,1.661472483001532,0.6018757519194363,-64.206068,0.0,,0.01873211343335357,1.0,-8805.792104404016,OK,OK,OPTIMAL,0.00297682,41292.0,0.0
matpower/case89pegase,matpower/case89pegase/2017-11-15,WARM_LPSCREEN_T050,1.5945056967997684,0.6271536075456091,-60.12947200000001,0.0,,0.06489752262018328,1.0,-8805.792104069096,OK,OK,OPTIMAL,0.00297307,41292.0,0.0
matpower/case89pegase,matpower/case89pegase/2017-11-15,WARM_LPSCREEN_T080,1.340986506288312,0.7457196588561348,-41.008155,0.0,,0.3072586939554245,1.0,-10492.105997251694,OK,OK,OPTIMAL,0.00270157,41292.0,0.0
matpower/case89pegase,matpower/case89pegase/2017-11-15,WARM_PRUNE_LAZY_T010,1.7377105615185018,0.5754698291792323,-68.464589,0.0,,0.012343537709941317,1.0,-10492.106648848041,OK,OK,OPTIMAL,0.03968456,41292.0,0.0
matpower/case89pegase,matpower/case89pegase/2017-11-15,WARM_PRUNE_LAZY_T020,1.7298227414569,0.5780939145000342,-68.041399,0.0,,0.012343537709941317,1.0,-10492.107207694024,OK,OK,OPTIMAL,0.03968456,41292.0,0.0
matpower/case89pegase,matpower/case89pegase/2017-11-15,WARM_PRUNE_LAZY_T030,1.7046573781158607,0.5866281475901562,-66.665071,0.0,,0.012343537709941317,1.0,-10492.105997251694,OK,OK,OPTIMAL,0.03968456,41292.0,0.0
matpower/case89pegase,matpower/case89pegase/2017-11-15,WARM_PRUNE_LAZY_T050,1.7356933408516266,0.5761386395072213,-68.356729,0.0,,0.012343537709941317,1.0,-9726.602916973588,OK,OK,OPTIMAL,0.0404269,41292.0,0.0
matpower/case89pegase,matpower/case89pegase/2017-11-15,WARM_PRUNE_LAZY_T080,1.7384192710304798,0.5752352247034352,-68.502424,0.0,,0.012343537709941317,1.0,-10492.105997251694,OK,OK,OPTIMAL,0.03968456,41292.0,0.0
matpower/case89pegase,matpower/case89pegase/2017-11-15,WARM_LPSCREEN_LAZY_T010,1.672150189459766,0.5980324054043719,-64.82589,0.0,,0.012343537709941317,1.0,-10492.106204182111,OK,OK,OPTIMAL,0.03968456,41292.0,0.0
matpower/case89pegase,matpower/case89pegase/2017-11-15,WARM_LPSCREEN_LAZY_T020,1.7107107713622538,0.5845523490821837,-66.999838,0.0,,0.012343537709941317,1.0,-10492.106602305477,FAIL,C107,OPTIMAL,0.03968456,41292.0,0.0
matpower/case89pegase,matpower/case89pegase/2017-11-15,WARM_LPSCREEN_LAZY_T030,1.642010172390191,0.6090096254058833,-63.055578,0.0,,0.012343537709941317,1.0,-10492.106366578857,OK,OK,OPTIMAL,0.03968456,41292.0,0.0
matpower/case89pegase,matpower/case89pegase/2017-11-15,WARM_LPSCREEN_LAZY_T050,1.661069063696329,0.6020219278388876,-64.182494,0.0,,0.012343537709941317,1.0,-10492.112173019115,OK,OK,OPTIMAL,0.03968455,41292.0,0.0
matpower/case89pegase,matpower/case89pegase/2017-11-15,WARM_LPSCREEN_LAZY_T080,1.679540334296895,0.5954010032266533,-65.25026,0.0,,0.012343537709941317,1.0,-10492.105991894232,OK,OK,OPTIMAL,0.03968456,41292.0,0.0
matpower/case89pegase,matpower/case89pegase/2017-11-15,WARM_SR_LAZY,1.3518800740213777,0.7397105847010115,-41.977247000000006,0.0,,0.13595236030410776,1.0,-10455.383904712733,OK,OK,OPTIMAL,0.00292053,41292.0,0.0
matpower/case89pegase,matpower/case89pegase/2017-11-15,SHRINK_LAZY,0.5371985523302188,1.8615091117842302,138.93680899999998,2.0,,0.0027430083799869593,1.0,,,,TIME_LIMIT,,0.0,0.0
matpower/case89pegase,matpower/case89pegase/2017-11-15,STREDUCE,0.847112229943223,1.180481127119395,29.106449999999995,0.0,,1.0001264706732576,1.0,7703.125701061653,OK,OK,OPTIMAL,0.01361685,41292.0,0.0
matpower/case89pegase,matpower/case89pegase/2017-11-15,STREDUCE_CONSERVATIVE,1.0468808039391502,0.9552185848066471,-7.221962999999988,0.0,,1.0001092064226225,1.0,12028.459450304292,OK,OK,OPTIMAL,0.01952934,41292.0,0.0
matpower/case89pegase,matpower/case89pegase/2017-11-15,STREDUCE_AGGRESSIVE,1.1108970948525343,0.9001733865662369,-16.099181000000016,0.0,,1.000140924464487,1.0,5008.482515052517,OK,OK,OPTIMAL,0.0061074,41292.0,0.0
matpower/case89pegase,matpower/case89pegase/2017-11-15,STREDUCE_GRU,0.8315284971827795,1.2026046051193704,32.674334999999985,0.0,,1.0001264706732576,1.0,7703.125701061653,OK,OK,OPTIMAL,0.01361685,41292.0,0.0
matpower/case89pegase,matpower/case89pegase/2017-11-15,STREDUCE_LAZY,0.9920843665428742,1.0079787906392572,1.2867510000000095,0.0,,1.0001264706732576,1.0,7703.125701061653,OK,OK,OPTIMAL,0.01361685,41292.0,0.0
matpower/case89pegase,matpower/case89pegase/2017-11-15,STREDUCE_LAZY_CONSERVATIVE,0.8429863816490933,1.1862587839719883,30.038220999999993,0.0,,1.0001092064226225,1.0,12028.459450304292,OK,OK,OPTIMAL,0.01952934,41292.0,0.0
matpower/case89pegase,matpower/case89pegase/2017-11-15,STREDUCE_LAZY_AGGRESSIVE,1.01975958712668,0.9806232886887041,-3.12491,0.0,,1.000140924464487,1.0,5008.482515052517,OK,OK,OPTIMAL,0.0061074,41292.0,0.0
matpower/case89pegase,matpower/case89pegase/2017-11-15,STREDUCE_LAZY_GRU,1.0049639744149301,0.9950605449137417,-0.7965930000000014,0.0,,1.0001264706732576,1.0,7703.125701061653,OK,OK,OPTIMAL,0.01361685,41292.0,0.0
matpower/case89pegase,matpower/case89pegase/2017-11-15,ACTIVESET,4.312338250314317,0.2318927556128307,-123.873756,0.0,,0.012343537709941317,1.0033502472027063,-35083.24630313929,FAIL,C120,OPTIMAL,0.00540604,0.0,0.0
matpower/case89pegase,matpower/case89pegase/2017-11-15,ACTIVESET_B500,4.303838217258075,0.23235074125000177,-123.799896,0.0,,0.012343537709941317,1.0033502472027063,-35083.24630313929,FAIL,C120,OPTIMAL,0.00540604,0.0,0.0
matpower/case89pegase,matpower/case89pegase/2017-11-15,ACTIVESET_B5000,4.309775733578001,0.23203063496062568,-123.85152,0.0,,0.012343537709941317,1.0033502472027063,-35083.24630313929,FAIL,C120,OPTIMAL,0.00540604,0.0,0.0
matpower/case89pegase,matpower/case89pegase/2017-11-15,ACTIVESET_NOCLEAN,4.3414075204290254,0.23034004416640858,-124.12416400000001,0.0,,0.012343537709941317,1.0033502472027063,-35083.24630313929,FAIL,C120,OPTIMAL,0.00540604,0.0,0.0
matpower/case89pegase,matpower/case89pegase/2017-11-15,WARM_ACTIVESET,4.325725351202218,0.23117510216456003,-123.98949300000001,0.0,,0.012343537709941317,1.002959927140255,-28358.666734860322,FAIL,C120,OPTIMAL,0.04622475,41292.0,432.0
matpower/case89pegase,matpower/case89pegase/2017-11-15,ACTIVESET_LAZY,1.6796797169722644,0.5953515958402875,-65.258228,0.0,,0.012343537709941317,1.0,-10492.105997251694,OK,OK,OPTIMAL,0.03968456,0.0,0.0
matpower/case89pegase,matpower/case89pegase/2017-11-15,ACTIVESET_LAZY_TOPK128,1.7161545866646428,0.5826980901199036,-67.298877,0.0,,0.012343537709941317,1.0,-10492.105997251694,OK,OK,OPTIMAL,0.03968456,0.0,0.0
matpower/case89pegase,matpower/case89pegase/2017-11-15,WARM_ACTIVESET_LAZY,1.6849938955429669,0.5934739601402315,-65.561037,0.0,,0.012343537709941317,1.0,-10492.105997251694,OK,OK,OPTIMAL,0.03968456,41292.0,432.0
