case_folder,instance_name,reference_mode,mode,runtime_speedup_vs_reference,runtime_delta_vs_reference,status,feasible_ok,violations,mip_gap
matpower/case118,matpower/case118/2017-01-15,RAW,RAW,1.0,0.0,OPTIMAL,OK,OK,2.47e-05
matpower/case118,matpower/case118/2017-01-15,RAW,RAW_GNN,9.034612650309978,-198.119166,OPTIMAL,OK,OK,0.04143062
matpower/case118,matpower/case118/2017-01-15,RAW,RAW_COMMIT_HINTS,1.0142397099154672,-3.1277469999999994,OPTIMAL,OK,OK,2.136e-05
matpower/case118,matpower/case118/2017-01-15,RAW,WARM,0.9415946331736691,13.818466999999998,OPTIMAL,OK,OK,1.205e-05
matpower/case118,matpower/case118/2017-01-15,RAW,WARM_BRANCH_HINTS,0.9103832161443943,21.929877000000005,OPTIMAL,OK,OK,0.03533701
matpower/case118,matpower/case118/2017-01-15,RAW,WARM_COMMIT_HINTS,0.9281104808266751,17.255875000000003,OPTIMAL,OK,OK,2.136e-05
matpower/case118,matpower/case118/2017-01-15,RAW,WARM_GRU,0.9199686139913282,19.380206999999984,OPTIMAL,OK,OK,1.205e-05
matpower/case118,matpower/case118/2017-01-15,RAW,LAZY_ALL,2.480461802002682,-132.964513,OPTIMAL,OK,OK,2.47e-05
matpower/case118,matpower/case118/2017-01-15,RAW,LAZY_TOPK128,3.0628912414288596,-150.043035,OPTIMAL,OK,OK,2.47e-05
matpower/case118,matpower/case118/2017-01-15,RAW,LAZY_BANDIT,3.3844071062812815,-156.952737,OPTIMAL,OK,OK,2.47e-05
matpower/case118,matpower/case118/2017-01-15,RAW,LAZY_COMMIT_HINTS,2.507358527792469,-133.92794600000002,OPTIMAL,OK,OK,2.47e-05
matpower/case118,matpower/case118/2017-01-15,RAW,LAZY_GNN_T060,2.5253805949704886,-134.562009,OPTIMAL,OK,OK,2.47e-05
matpower/case118,matpower/case118/2017-01-15,RAW,LAZY_GNN_T080,2.4810108611266046,-132.98438900000002,OPTIMAL,OK,OK,2.47e-05
matpower/case118,matpower/case118/2017-01-15,RAW,LAZY_COMMIT_GNN_T060,2.4946988816063085,-133.477069,OPTIMAL,OK,OK,2.47e-05
matpower/case118,matpower/case118/2017-01-15,RAW,WARM_LAZY_TOPK128,3.015221498698593,-148.893127,OPTIMAL,OK,OK,2.47e-05
matpower/case118,matpower/case118/2017-01-15,RAW,WARM_LAZY_BANDIT,3.3156055834872262,-155.58682199999998,OPTIMAL,OK,OK,2.47e-05
matpower/case118,matpower/case118/2017-01-15,RAW,WARM_LAZY_COMMIT_HINTS,2.538030039177697,-135.001671,OPTIMAL,OK,OK,2.47e-05
matpower/case118,matpower/case118/2017-01-15,RAW,WARM_LAZY_GRU,2.519896889102124,-134.37003800000002,OPTIMAL,OK,OK,2.47e-05
matpower/case118,matpower/case118/2017-01-15,RAW,WARM_LAZY_BRANCH_HINTS,2.522701278019506,-134.468317,OPTIMAL,OK,OK,2.47e-05
matpower/case118,matpower/case118/2017-01-15,RAW,WARM_LAZY_GNN_T060,2.509891769190798,-134.01762200000002,OPTIMAL,OK,OK,2.47e-05
matpower/case118,matpower/case118/2017-01-15,RAW,WARM_LAZY_COMMIT_GNN_T060,2.5084547168315026,-133.966773,OPTIMAL,OK,OK,2.47e-05
matpower/case118,matpower/case118/2017-01-15,RAW,WARM_LAZY_COMMIT_GRU,2.522243036614404,-134.452273,OPTIMAL,OK,OK,2.47e-05
matpower/case118,matpower/case118/2017-01-15,RAW,WARM_LAZY_ML_STACK,3.325451590837875,-155.78576,OPTIMAL,OK,OK,2.47e-05
matpower/case118,matpower/case118/2017-01-15,RAW,WARM_PRUNE_T010,8.487792853352735,-196.530579,OPTIMAL,OK,OK,0.04143062
matpower/case118,matpower/case118/2017-01-15,RAW,WARM_PRUNE_T020,8.554742123980326,-196.735986,OPTIMAL,OK,OK,0.04143062
matpower/case118,matpower/case118/2017-01-15,RAW,WARM_PRUNE_T030,8.572194034616942,-196.789003,OPTIMAL,OK,OK,0.04143062
matpower/case118,matpower/case118/2017-01-15,RAW,WARM_PRUNE_T050,3.097533895717967,-150.856492,OPTIMAL,OK,OK,0.04812402
matpower/case118,matpower/case118/2017-01-15,RAW,WARM_PRUNE_T080,1.166436989282497,-31.787740000000014,OPTIMAL,OK,OK,2.459e-05
matpower/case118,matpower/case118/2017-01-15,RAW,WARM_LPSCREEN_T010,7.892623626077254,-194.551353,OPTIMAL,OK,OK,0.04143062
matpower/case118,matpower/case118/2017-01-15,RAW,WARM_LPSCREEN_T020,7.959919379409106,-194.789985,OPTIMAL,OK,OK,0.04143062
matpower/case118,matpower/case118/2017-01-15,RAW,WARM_LPSCREEN_T030,7.90856711178766,-194.608256,OPTIMAL,OK,OK,0.04143062
matpower/case118,matpower/case118/2017-01-15,RAW,WARM_LPSCREEN_T050,6.764944735447249,-189.846231,OPTIMAL,OK,OK,0.04751475
matpower/case118,matpower/case118/2017-01-15,RAW,WARM_LPSCREEN_T080,1.1529912588072921,-29.560494000000006,OPTIMAL,OK,OK,2.459e-05
matpower/case118,matpower/case118/2017-01-15,RAW,WARM_PRUNE_LAZY_T010,2.4127679404237927,-130.444677,OPTIMAL,OK,OK,2.47e-05
matpower/case118,matpower/case118/2017-01-15,RAW,WARM_PRUNE_LAZY_T020,2.5041436489395195,-133.813879,OPTIMAL,OK,OK,2.47e-05
matpower/case118,matpower/case118/2017-01-15,RAW,WARM_PRUNE_LAZY_T030,2.4960232228128856,-133.52445,OPTIMAL,OK,OK,2.47e-05
matpower/case118,matpower/case118/2017-01-15,RAW,WARM_PRUNE_LAZY_T050,4.871412290400031,-177.045797,OPTIMAL,OK,OK,2.47e-05
matpower/case118,matpower/case118/2017-01-15,RAW,WARM_PRUNE_LAZY_T080,4.137776082050105,-168.93749400000002,OPTIMAL,OK,OK,2.47e-05
matpower/case118,matpower/case118/2017-01-15,RAW,WARM_LPSCREEN_LAZY_T010,2.44906769651114,-131.81322,OPTIMAL,OK,OK,2.47e-05
matpower/case118,matpower/case118/2017-01-15,RAW,WARM_LPSCREEN_LAZY_T020,2.4638298756638237,-132.358237,OPTIMAL,OK,OK,2.47e-05
matpower/case118,matpower/case118/2017-01-15,RAW,WARM_LPSCREEN_LAZY_T030,2.453870356375941,-131.991253,OPTIMAL,OK,OK,2.47e-05
matpower/case118,matpower/case118/2017-01-15,RAW,WARM_LPSCREEN_LAZY_T050,4.7641592768007435,-176.016266,OPTIMAL,OK,OK,2.47e-05
matpower/case118,matpower/case118/2017-01-15,RAW,WARM_LPSCREEN_LAZY_T080,3.370075617926708,-156.67281300000002,OPTIMAL,OK,OK,2.47e-05
matpower/case118,matpower/case118/2017-01-15,RAW,WARM_SR_LAZY,0.9498024555603138,11.773898000000003,OPTIMAL,OK,OK,1.339e-05
matpower/case118,matpower/case118/2017-01-15,RAW,SHRINK_LAZY,14.043530919865892,-206.914031,OPTIMAL,OK,OK,0.00028971
matpower/case118,matpower/case118/2017-01-15,RAW,STREDUCE,1.0187449681497602,-4.099117000000007,OPTIMAL,OK,OK,0.03502469
matpower/case118,matpower/case118/2017-01-15,RAW,STREDUCE_CONSERVATIVE,0.9697547651625944,6.948101000000008,OPTIMAL,OK,OK,0.049025
matpower/case118,matpower/case118/2017-01-15,RAW,STREDUCE_AGGRESSIVE,1.0231539602557185,-5.041449,OPTIMAL,OK,OK,0.02626445
matpower/case118,matpower/case118/2017-01-15,RAW,STREDUCE_GRU,1.0167211153752775,-3.663823000000008,OPTIMAL,OK,OK,0.03502469
matpower/case118,matpower/case118/2017-01-15,RAW,STREDUCE_LAZY,0.9401519990226829,14.181515999999988,OPTIMAL,OK,OK,0.03502469
matpower/case118,matpower/case118/2017-01-15,RAW,STREDUCE_LAZY_CONSERVATIVE,0.9578932587594745,9.792770999999988,OPTIMAL,OK,OK,0.049025
matpower/case118,matpower/case118/2017-01-15,RAW,STREDUCE_LAZY_AGGRESSIVE,1.00968965405716,-2.1379200000000083,OPTIMAL,OK,OK,0.02626445
matpower/case118,matpower/case118/2017-01-15,RAW,STREDUCE_LAZY_GRU,0.9546995758003579,10.57077000000001,OPTIMAL,OK,OK,0.03502469
matpower/case118,matpower/case118/2017-01-15,RAW,WARM_LAZY,2.5300598741326383,-134.725161,OPTIMAL,OK,OK,2.47e-05
matpower/case118,matpower/case118/2017-01-15,RAW,ACTIVESET,7.786404640357574,-194.166305,OPTIMAL,OK,OK,0.04143062
matpower/case118,matpower/case118/2017-01-15,RAW,ACTIVESET_B500,7.881115799145286,-194.510138,OPTIMAL,OK,OK,0.04143062
matpower/case118,matpower/case118/2017-01-15,RAW,ACTIVESET_B5000,7.8533565968584655,-194.410222,OPTIMAL,OK,OK,0.04143062
matpower/case118,matpower/case118/2017-01-15,RAW,ACTIVESET_NOCLEAN,7.866011414572179,-194.455859,OPTIMAL,OK,OK,0.04143062
matpower/case118,matpower/case118/2017-01-15,RAW,WARM_ACTIVESET,7.67779540801908,-193.761576,OPTIMAL,OK,OK,0.04143062
matpower/case118,matpower/case118/2017-01-15,RAW,ACTIVESET_LAZY,2.4413801962720525,-131.526789,OPTIMAL,OK,OK,2.47e-05
matpower/case118,matpower/case118/2017-01-15,RAW,ACTIVESET_LAZY_TOPK128,2.956535248113468,-147.42654900000002,OPTIMAL,OK,OK,2.47e-05
matpower/case118,matpower/case118/2017-01-15,RAW,WARM_ACTIVESET_LAZY,2.4310181048708475,-131.137838,OPTIMAL,OK,OK,2.47e-05
matpower/case118,matpower/case118/2017-03-15,RAW,RAW,1.0,0.0,OPTIMAL,OK,OK,0.0
matpower/case118,matpower/case118/2017-03-15,RAW,RAW_GNN,9.32619611550966,-209.322527,OPTIMAL,OK,OK,0.04795132
matpower/case118,matpower/case118/2017-03-15,RAW,RAW_COMMIT_HINTS,1.0588962290758568,-13.040911999999992,OPTIMAL,OK,OK,0.00012972
matpower/case118,matpower/case118/2017-03-15,RAW,WARM,0.9870583507409109,3.074118999999996,OPTIMAL,OK,OK,0.0
matpower/case118,matpower/case118/2017-03-15,RAW,WARM_BRANCH_HINTS,1.0631845357309526,-13.934007000000008,OPTIMAL,OK,OK,0.03977461
matpower/case118,matpower/case118/2017-03-15,RAW,WARM_COMMIT_HINTS,1.0676909840146056,-14.864801999999997,OPTIMAL,OK,OK,0.00116771
matpower/case118,matpower/case118/2017-03-15,RAW,WARM_GRU,0.9955338988462006,1.0518319999999903,OPTIMAL,OK,OK,0.0
matpower/case118,matpower/case118/2017-03-15,RAW,LAZY_ALL,3.855609091164578,-173.651939,OPTIMAL,OK,OK,6.56e-06
matpower/case118,matpower/case118/2017-03-15,RAW,LAZY_TOPK128,4.191618345899906,-178.526667,OPTIMAL,OK,OK,6.56e-06
matpower/case118,matpower/case118/2017-03-15,RAW,LAZY_BANDIT,4.5095906241626125,-182.470734,OPTIMAL,OK,OK,6.56e-06
matpower/case118,matpower/case118/2017-03-15,RAW,LAZY_COMMIT_HINTS,3.9373973951952763,-174.915112,OPTIMAL,OK,OK,6.56e-06
matpower/case118,matpower/case118/2017-03-15,RAW,LAZY_GNN_T060,3.982656200293822,-175.59181,OPTIMAL,OK,OK,6.56e-06
matpower/case118,matpower/case118/2017-03-15,RAW,LAZY_GNN_T080,3.8194732554578965,-173.076611,OPTIMAL,OK,OK,6.56e-06
matpower/case118,matpower/case118/2017-03-15,RAW,LAZY_COMMIT_GNN_T060,3.9012439174190634,-174.363274,OPTIMAL,OK,OK,6.56e-06
matpower/case118,matpower/case118/2017-03-15,RAW,WARM_LAZY_TOPK128,3.3932160849109687,-165.36525799999998,OPTIMAL,OK,OK,6.56e-06
matpower/case118,matpower/case118/2017-03-15,RAW,WARM_LAZY_BANDIT,4.420804370266041,-181.42654,OPTIMAL,OK,OK,6.56e-06
matpower/case118,matpower/case118/2017-03-15,RAW,WARM_LAZY_COMMIT_HINTS,3.929526352178318,-174.795835,OPTIMAL,OK,OK,6.56e-06
matpower/case118,matpower/case118/2017-03-15,RAW,WARM_LAZY_GRU,3.9546849316556485,-175.175419,OPTIMAL,OK,OK,6.56e-06
matpower/case118,matpower/case118/2017-03-15,RAW,WARM_LAZY_BRANCH_HINTS,3.9180236976647493,-174.620663,OPTIMAL,OK,OK,6.56e-06
matpower/case118,matpower/case118/2017-03-15,RAW,WARM_LAZY_GNN_T060,3.939838405010348,-174.95200599999998,OPTIMAL,OK,OK,6.56e-06
matpower/case118,matpower/case118/2017-03-15,RAW,WARM_LAZY_COMMIT_GNN_T060,3.9155063849423484,-174.58219,OPTIMAL,OK,OK,6.56e-06
matpower/case118,matpower/case118/2017-03-15,RAW,WARM_LAZY_COMMIT_GRU,3.938611765737505,-174.933472,OPTIMAL,OK,OK,6.56e-06
matpower/case118,matpower/case118/2017-03-15,RAW,WARM_LAZY_ML_STACK,4.469504199694622,-182.004424,OPTIMAL,OK,OK,6.56e-06
matpower/case118,matpower/case118/2017-03-15,RAW,WARM_PRUNE_T010,9.072592109561384,-208.619788,OPTIMAL,OK,OK,0.04795132
matpower/case118,matpower/case118/2017-03-15,RAW,WARM_PRUNE_T020,7.6431391084154745,-203.786523,OPTIMAL,OK,OK,0.048958
matpower/case118,matpower/case118/2017-03-15,RAW,WARM_PRUNE_T030,4.543033086226066,-182.85346099999998,OPTIMAL,OK,OK,0.04274812
matpower/case118,matpower/case118/2017-03-15,RAW,WARM_PRUNE_T050,2.060718569180305,-120.685575,OPTIMAL,OK,OK,0.04944654
matpower/case118,matpower/case118/2017-03-15,RAW,WARM_PRUNE_T080,1.2076977042264692,-40.32248899999999,OPTIMAL,OK,OK,0.0
matpower/case118,matpower/case118/2017-03-15,RAW,WARM_LPSCREEN_T010,8.461272343697553,-206.752655,OPTIMAL,OK,OK,0.04886421
matpower/case118,matpower/case118/2017-03-15,RAW,WARM_LPSCREEN_T020,8.491695848755574,-206.851933,OPTIMAL,OK,OK,0.04886421
matpower/case118,matpower/case118/2017-03-15,RAW,WARM_LPSCREEN_T030,7.82550935135015,-204.50142,OPTIMAL,OK,OK,0.04813137
matpower/case118,matpower/case118/2017-03-15,RAW,WARM_LPSCREEN_T050,2.94531786465488,-154.85751299999998,OPTIMAL,OK,OK,0.04919083
matpower/case118,matpower/case118/2017-03-15,RAW,WARM_LPSCREEN_T080,1.1918446396201334,-37.740173999999996,OPTIMAL,OK,OK,0.0
matpower/case118,matpower/case118/2017-03-15,RAW,WARM_PRUNE_LAZY_T010,3.8147027448322577,-172.999844,OPTIMAL,OK,OK,6.56e-06
matpower/case118,matpower/case118/2017-03-15,RAW,WARM_PRUNE_LAZY_T020,5.954791005450782,-195.08896,OPTIMAL,OK,OK,1.45e-06
matpower/case118,matpower/case118/2017-03-15,RAW,WARM_PRUNE_LAZY_T030,5.276060717953906,-190.02378099999999,OPTIMAL,OK,OK,1.45e-06
matpower/case118,matpower/case118/2017-03-15,RAW,WARM_PRUNE_LAZY_T050,5.724606550248823,-193.505753,OPTIMAL,OK,OK,1.45e-06
matpower/case118,matpower/case118/2017-03-15,RAW,WARM_PRUNE_LAZY_T080,3.817469067361742,-173.04438299999998,OPTIMAL,OK,OK,1.45e-06
matpower/case118,matpower/case118/2017-03-15,RAW,WARM_LPSCREEN_LAZY_T010,4.892478523668281,-186.539657,OPTIMAL,OK,OK,1.45e-06
matpower/case118,matpower/case118/2017-03-15,RAW,WARM_LPSCREEN_LAZY_T020,5.040106531024923,-187.943356,OPTIMAL,OK,OK,1.45e-06
matpower/case118,matpower/case118/2017-03-15,RAW,WARM_LPSCREEN_LAZY_T030,5.902081527815075,-194.737326,OPTIMAL,OK,OK,1.45e-06
matpower/case118,matpower/case118/2017-03-15,RAW,WARM_LPSCREEN_LAZY_T050,5.20006893126269,-189.374367,OPTIMAL,OK,OK,6.56e-06
matpower/case118,matpower/case118/2017-03-15,RAW,WARM_SR_LAZY,1.0388646674852744,-8.771419000000009,OPTIMAL,OK,OK,0.0
matpower/case118,matpower/case118/2017-03-15,RAW,SHRINK_LAZY,13.784467347082755,-217.453562,OPTIMAL,OK,OK,0.04902671
matpower/case118,matpower/case118/2017-03-15,RAW,STREDUCE,1.0547590520043846,-12.172408999999988,OPTIMAL,OK,OK,0.04209005
matpower/case118,matpower/case118/2017-03-15,RAW,STREDUCE_CONSERVATIVE,1.0167096028374318,-3.853390999999988,OPTIMAL,OK,OK,0.0
matpower/case118,matpower/case118/2017-03-15,RAW,STREDUCE_AGGRESSIVE,1.0799496625759,-17.357493000000005,OPTIMAL,OK,OK,0.0129825
matpower/case118,matpower/case118/2017-03-15,RAW,STREDUCE_GRU,1.058052446228737,-12.864330999999993,OPTIMAL,OK,OK,0.04209005
matpower/case118,matpower/case118/2017-03-15,RAW,STREDUCE_LAZY,0.9824944769907562,4.177523000000008,OPTIMAL,OK,OK,0.04209005
matpower/case118,matpower/case118/2017-03-15,RAW,STREDUCE_LAZY_CONSERVATIVE,0.9744234803452401,6.154143000000005,OPTIMAL,OK,OK,0.0
matpower/case118,matpower/case118/2017-03-15,RAW,STREDUCE_LAZY_AGGRESSIVE,1.0537775552213653,-11.965365999999989,OPTIMAL,OK,OK,0.0129825
matpower/case118,matpower/case118/2017-03-15,RAW,STREDUCE_LAZY_GRU,1.005626147378639,-1.3117420000000095,OPTIMAL,OK,OK,0.04209005
matpower/case118,matpower/case118/2017-03-15,RAW,WARM_LAZY,3.945066961027182,-175.030878,OPTIMAL,OK,OK,6.56e-06
matpower/case118,matpower/case118/2017-03-15,RAW,WARM_LPSCREEN_LAZY_T080,2.663162675261806,-146.423543,OPTIMAL,OK,OK,1.45e-06
matpower/case118,matpower/case118/2017-03-15,RAW,ACTIVESET,8.184452829556395,-205.815427,OPTIMAL,OK,OK,0.04795132
matpower/case118,matpower/case118/2017-03-15,RAW,ACTIVESET_B500,8.25090485804571,-206.04615,OPTIMAL,OK,OK,0.04795132
matpower/case118,matpower/case118/2017-03-15,RAW,ACTIVESET_B5000,8.289501141322097,-206.178459,OPTIMAL,OK,OK,0.04795132
matpower/case118,matpower/case118/2017-03-15,RAW,ACTIVESET_NOCLEAN,8.19365288389525,-205.847593,OPTIMAL,OK,OK,0.04795132
matpower/case118,matpower/case118/2017-03-15,RAW,WARM_ACTIVESET,8.021729852697648,-205.234308,OPTIMAL,OK,OK,0.04795132
matpower/case118,matpower/case118/2017-03-15,RAW,ACTIVESET_LAZY,3.7412670344243413,-171.79341499999998,OPTIMAL,OK,OK,6.56e-06
matpower/case118,matpower/case118/2017-03-15,RAW,ACTIVESET_LAZY_TOPK128,3.964402935165664,-175.320751,OPTIMAL,OK,OK,6.56e-06
matpower/case118,matpower/case118/2017-03-15,RAW,WARM_ACTIVESET_LAZY,3.6840966886275277,-170.820903,OPTIMAL,OK,OK,6.56e-06
matpower/case118,matpower/case118/2017-05-15,RAW,RAW,1.0,0.0,OPTIMAL,OK,OK,3.807e-05
matpower/case118,matpower/case118/2017-05-15,RAW,RAW_GNN,6.237312869529102,-212.88372199999998,OPTIMAL,OK,OK,0.03168701
matpower/case118,matpower/case118/2017-05-15,RAW,RAW_COMMIT_HINTS,1.1213726945194895,-27.441160999999994,OPTIMAL,OK,OK,0.00082442
matpower/case118,matpower/case118/2017-05-15,RAW,WARM,1.1522963141059144,-33.50863099999998,OPTIMAL,OK,OK,0.02048612
matpower/case118,matpower/case118/2017-05-15,RAW,WARM_BRANCH_HINTS,1.1233056849416976,-27.830218000000002,OPTIMAL,OK,OK,0.02048612
matpower/case118,matpower/case118/2017-05-15,RAW,WARM_COMMIT_HINTS,1.1558602585090594,-34.18704199999999,OPTIMAL,OK,OK,0.00086424
matpower/case118,matpower/case118/2017-05-15,RAW,WARM_GRU,1.1386815093280593,-30.877899999999983,OPTIMAL,OK,OK,0.02048612
matpower/case118,matpower/case118/2017-05-15,RAW,LAZY_ALL,2.637725291603105,-157.413856,OPTIMAL,OK,OK,0.00010932
matpower/case118,matpower/case118/2017-05-15,RAW,LAZY_TOPK128,2.581939083153636,-155.337113,OPTIMAL,OK,OK,0.00010932
matpower/case118,matpower/case118/2017-05-15,RAW,LAZY_BANDIT,2.4567011885141516,-150.331366,OPTIMAL,OK,OK,0.00010932
matpower/case118,matpower/case118/2017-05-15,RAW,LAZY_COMMIT_HINTS,2.7340343087342216,-160.79968399999998,OPTIMAL,OK,OK,0.00010932
matpower/case118,matpower/case118/2017-05-15,RAW,LAZY_GNN_T060,2.773258256679234,-162.111245,OPTIMAL,OK,OK,0.00010932
matpower/case118,matpower/case118/2017-05-15,RAW,LAZY_GNN_T080,2.7518138216013392,-161.398824,OPTIMAL,OK,OK,0.00010932
matpower/case118,matpower/case118/2017-05-15,RAW,LAZY_COMMIT_GNN_T060,2.717619463519033,-160.239571,OPTIMAL,OK,OK,0.00010932
matpower/case118,matpower/case118/2017-05-15,RAW,WARM_LAZY_TOPK128,2.6017534704988727,-156.084938,OPTIMAL,OK,OK,0.00010932
matpower/case118,matpower/case118/2017-05-15,RAW,WARM_LAZY_BANDIT,2.463083351324904,-150.59877,OPTIMAL,OK,OK,0.00010932
matpower/case118,matpower/case118/2017-05-15,RAW,WARM_LAZY_COMMIT_HINTS,2.7452977759243677,-161.18014499999998,OPTIMAL,OK,OK,0.00010932
matpower/case118,matpower/case118/2017-05-15,RAW,WARM_LAZY_GRU,2.7547218863541545,-161.496085,OPTIMAL,OK,OK,0.00010932
matpower/case118,matpower/case118/2017-05-15,RAW,WARM_LAZY_BRANCH_HINTS,2.746818219339125,-161.231264,OPTIMAL,OK,OK,0.00010932
matpower/case118,matpower/case118/2017-05-15,RAW,WARM_LAZY_GNN_T060,2.761734854305877,-161.72979299999997,OPTIMAL,OK,OK,0.00010932
matpower/case118,matpower/case118/2017-05-15,RAW,WARM_LAZY_COMMIT_GNN_T060,2.768783650842755,-161.963502,OPTIMAL,OK,OK,0.00010932
matpower/case118,matpower/case118/2017-05-15,RAW,WARM_LAZY_COMMIT_GRU,2.7672513044700153,-161.912797,OPTIMAL,OK,OK,0.00010932
matpower/case118,matpower/case118/2017-05-15,RAW,WARM_LAZY_ML_STACK,2.4966162314166187,-151.98129,OPTIMAL,OK,OK,0.00010932
matpower/case118,matpower/case118/2017-05-15,RAW,WARM_PRUNE_T010,6.374630030997,-213.759318,OPTIMAL,OK,OK,0.03168701
matpower/case118,matpower/case118/2017-05-15,RAW,WARM_PRUNE_T020,6.459535954163582,-214.28209099999998,OPTIMAL,OK,OK,0.03168701
matpower/case118,matpower/case118/2017-05-15,RAW,WARM_PRUNE_T030,7.250751611556303,-218.56503099999998,OPTIMAL,OK,OK,0.04950107
matpower/case118,matpower/case118/2017-05-15,RAW,WARM_PRUNE_T050,2.1953239783008525,-138.044299,OPTIMAL,OK,OK,0.04910276
matpower/case118,matpower/case118/2017-05-15,RAW,WARM_PRUNE_T080,1.31311196136535,-60.454601999999994,OPTIMAL,OK,OK,0.02048612
matpower/case118,matpower/case118/2017-05-15,RAW,WARM_LPSCREEN_T010,6.067918594120372,-211.748991,OPTIMAL,OK,OK,0.03168701
matpower/case118,matpower/case118/2017-05-15,RAW,WARM_LPSCREEN_T020,6.085030623734572,-211.866489,OPTIMAL,OK,OK,0.03168701
matpower/case118,matpower/case118/2017-05-15,RAW,WARM_LPSCREEN_T030,6.061683722087651,-211.70601499999998,OPTIMAL,OK,OK,0.03168701
matpower/case118,matpower/case118/2017-05-15,RAW,WARM_LPSCREEN_T050,1.9391879115438448,-122.790301,OPTIMAL,OK,OK,0.04985938
matpower/case118,matpower/case118/2017-05-15,RAW,WARM_LPSCREEN_T080,1.303379144525574,-59.01282699999999,OPTIMAL,OK,OK,0.02048612
matpower/case118,matpower/case118/2017-05-15,RAW,WARM_PRUNE_LAZY_T010,2.7306321327226604,-160.684147,OPTIMAL,OK,OK,0.00010932
matpower/case118,matpower/case118/2017-05-15,RAW,WARM_PRUNE_LAZY_T020,2.754980815525129,-161.50473499999998,OPTIMAL,OK,OK,0.00010932
matpower/case118,matpower/case118/2017-05-15,RAW,WARM_PRUNE_LAZY_T030,4.201421304113647,-193.187073,OPTIMAL,OK,OK,0.00010932
matpower/case118,matpower/case118/2017-05-15,RAW,WARM_PRUNE_LAZY_T050,3.972326790440089,-189.706867,OPTIMAL,OK,OK,0.00010932
matpower/case118,matpower/case118/2017-05-15,RAW,WARM_PRUNE_LAZY_T080,3.389416081296821,-178.730373,OPTIMAL,OK,OK,0.00010932
matpower/case118,matpower/case118/2017-05-15,RAW,WARM_LPSCREEN_LAZY_T010,2.6494809893320683,-157.840327,OPTIMAL,OK,OK,0.00010932
matpower/case118,matpower/case118/2017-05-15,RAW,WARM_LPSCREEN_LAZY_T020,2.6912744926895784,-159.326336,OPTIMAL,OK,OK,0.00010932
matpower/case118,matpower/case118/2017-05-15,RAW,WARM_LPSCREEN_LAZY_T030,2.673770832028031,-158.70963,OPTIMAL,OK,OK,0.00010932
matpower/case118,matpower/case118/2017-05-15,RAW,WARM_LPSCREEN_LAZY_T050,3.697745870720997,-184.967506,OPTIMAL,OK,OK,0.00010932
matpower/case118,matpower/case118/2017-05-15,RAW,WARM_SR_LAZY,0.9097206612806427,25.16006600000003,OPTIMAL,OK,OK,0.02048612
matpower/case118,matpower/case118/2017-05-15,RAW,SHRINK_LAZY,11.02199432135072,-230.52893,OPTIMAL,OK,OK,0.00030587
matpower/case118,matpower/case118/2017-05-15,RAW,STREDUCE,1.1491015133094433,-32.89691099999999,OPTIMAL,OK,OK,0.01952431
matpower/case118,matpower/case118/2017-05-15,RAW,STREDUCE_CONSERVATIVE,1.1454020611652391,-32.18429999999998,OPTIMAL,OK,OK,0.02009882
matpower/case118,matpower/case118/2017-05-15,RAW,STREDUCE_AGGRESSIVE,1.1390836589333477,-30.956506999999988,OPTIMAL,OK,OK,0.01905317
matpower/case118,matpower/case118/2017-05-15,RAW,STREDUCE_GRU,1.156602929576645,-34.32788599999998,OPTIMAL,OK,OK,0.01952431
matpower/case118,matpower/case118/2017-05-15,RAW,STREDUCE_LAZY,0.9452640699224615,14.680836999999997,OPTIMAL,OK,OK,0.01952431
matpower/case118,matpower/case118/2017-05-15,RAW,STREDUCE_LAZY_CONSERVATIVE,0.8410969018115648,47.89804600000002,OPTIMAL,OK,OK,0.02009882
matpower/case118,matpower/case118/2017-05-15,RAW,STREDUCE_LAZY_AGGRESSIVE,0.9824753300995288,4.522303000000022,OPTIMAL,OK,OK,0.01905317
matpower/case118,matpower/case118/2017-05-15,RAW,STREDUCE_LAZY_GRU,0.9397782194961493,16.24649499999998,OPTIMAL,OK,OK,0.01952431
matpower/case118,matpower/case118/2017-05-15,RAW,WARM_LAZY,2.777886072162343,-162.263546,OPTIMAL,OK,OK,0.00010932
matpower/case118,matpower/case118/2017-05-15,RAW,WARM_LPSCREEN_LAZY_T080,3.3351558580893537,-177.51342499999998,OPTIMAL,OK,OK,0.00010932
matpower/case118,matpower/case118/2017-05-15,RAW,ACTIVESET,6.093591100943826,-211.925021,OPTIMAL,OK,OK,0.03168701
matpower/case118,matpower/case118/2017-05-15,RAW,ACTIVESET_B500,6.070892997851695,-211.76946199999998,OPTIMAL,OK,OK,0.03168701
matpower/case118,matpower/case118/2017-05-15,RAW,ACTIVESET_B5000,6.115430512108918,-212.073605,OPTIMAL,OK,OK,0.03168701
matpower/case118,matpower/case118/2017-05-15,RAW,ACTIVESET_NOCLEAN,6.062281612882839,-211.71014,OPTIMAL,OK,OK,0.03168701
matpower/case118,matpower/case118/2017-05-15,RAW,WARM_ACTIVESET,6.008618805527552,-211.336637,OPTIMAL,OK,OK,0.03168701
matpower/case118,matpower/case118/2017-05-15,RAW,ACTIVESET_LAZY,2.6846528071851643,-159.09398,OPTIMAL,OK,OK,0.00010932
matpower/case118,matpower/case118/2017-05-15,RAW,WARM_ACTIVESET_LAZY,2.67135957770955,-158.62404099999998,OPTIMAL,OK,OK,0.00010932
matpower/case118,matpower/case118/2017-05-15,RAW,ACTIVESET_LAZY_TOPK128,2.5249862021771623,-153.122274,OPTIMAL,OK,OK,0.00010932
matpower/case118,matpower/case118/2017-07-15,RAW,RAW,1.0,0.0,OPTIMAL,OK,OK,2.52e-06
matpower/case118,matpower/case118/2017-07-15,RAW,RAW_GNN,9.532059499049389,-237.10154799999998,OPTIMAL,FAIL,C120,0.04612863
matpower/case118,matpower/case118/2017-07-15,RAW,RAW_COMMIT_HINTS,1.2045961267890477,-44.990747,OPTIMAL,OK,OK,0.00038407
matpower/case118,matpower/case118/2017-07-15,RAW,WARM,1.1102970361803268,-26.314305999999988,OPTIMAL,OK,OK,2.52e-06
matpower/case118,matpower/case118/2017-07-15,RAW,WARM_BRANCH_HINTS,1.1945549144500396,-43.14230499999999,OPTIMAL,OK,OK,0.04977638
matpower/case118,matpower/case118/2017-07-15,RAW,WARM_COMMIT_HINTS,1.1893330447108814,-42.16869799999998,OPTIMAL,OK,OK,0.00038407
matpower/case118,matpower/case118/2017-07-15,RAW,WARM_GRU,1.099283719169111,-23.924093999999997,OPTIMAL,OK,OK,2.52e-06
matpower/case118,matpower/case118/2017-07-15,RAW,LAZY_ALL,2.600200421476423,-163.01772,OPTIMAL,OK,OK,5.41e-06
matpower/case118,matpower/case118/2017-07-15,RAW,LAZY_TOPK128,3.1362331799743512,-180.42951,OPTIMAL,OK,OK,5.41e-06
matpower/case118,matpower/case118/2017-07-15,RAW,LAZY_BANDIT,3.3287863596923284,-185.315175,OPTIMAL,OK,OK,5.41e-06
matpower/case118,matpower/case118/2017-07-15,RAW,LAZY_COMMIT_HINTS,2.6576571147899117,-165.22015,OPTIMAL,OK,OK,5.41e-06
matpower/case118,matpower/case118/2017-07-15,RAW,LAZY_GNN_T060,2.6288507367223954,-164.12797799999998,OPTIMAL,OK,OK,5.41e-06
matpower/case118,matpower/case118/2017-07-15,RAW,LAZY_GNN_T080,2.6330651856484124,-164.289258,OPTIMAL,OK,OK,5.41e-06
matpower/case118,matpower/case118/2017-07-15,RAW,LAZY_COMMIT_GNN_T060,2.5986495472683373,-162.956922,OPTIMAL,OK,OK,5.41e-06
matpower/case118,matpower/case118/2017-07-15,RAW,WARM_LAZY_TOPK128,3.1679655246711182,-181.27553,OPTIMAL,OK,OK,5.41e-06
matpower/case118,matpower/case118/2017-07-15,RAW,WARM_LAZY_BANDIT,3.3245626753110393,-185.21407799999997,OPTIMAL,OK,OK,5.41e-06
matpower/case118,matpower/case118/2017-07-15,RAW,WARM_LAZY_COMMIT_HINTS,2.6579551487347324,-165.231326,OPTIMAL,OK,OK,5.41e-06
matpower/case118,matpower/case118/2017-07-15,RAW,WARM_LAZY_GRU,2.646116596558519,-164.78545499999998,OPTIMAL,OK,OK,5.41e-06
matpower/case118,matpower/case118/2017-07-15,RAW,WARM_LAZY_BRANCH_HINTS,2.644665149947955,-164.730515,OPTIMAL,OK,OK,5.41e-06
matpower/case118,matpower/case118/2017-07-15,RAW,WARM_LAZY_GNN_T060,2.658963829058393,-165.26913199999998,OPTIMAL,OK,OK,5.41e-06
matpower/case118,matpower/case118/2017-07-15,RAW,WARM_LAZY_COMMIT_GNN_T060,2.6337702958184086,-164.316191,OPTIMAL,OK,OK,5.41e-06
matpower/case118,matpower/case118/2017-07-15,RAW,WARM_LAZY_COMMIT_GRU,2.671971538515186,-165.754112,OPTIMAL,OK,OK,5.41e-06
matpower/case118,matpower/case118/2017-07-15,RAW,WARM_LAZY_ML_STACK,3.3586028763597224,-186.02162199999998,OPTIMAL,OK,OK,5.41e-06
matpower/case118,matpower/case118/2017-07-15,RAW,WARM_PRUNE_T010,8.880731295479038,-235.06341899999998,OPTIMAL,FAIL,C120,0.03540565
matpower/case118,matpower/case118/2017-07-15,RAW,WARM_PRUNE_T020,10.054266180163898,-238.54490099999998,OPTIMAL,OK,OK,0.04958016
matpower/case118,matpower/case118/2017-07-15,RAW,WARM_PRUNE_T030,8.890738423474062,-235.096992,OPTIMAL,OK,OK,0.04178021
matpower/case118,matpower/case118/2017-07-15,RAW,WARM_PRUNE_T050,1.919723212490216,-126.907062,OPTIMAL,OK,OK,0.04835951
matpower/case118,matpower/case118/2017-07-15,RAW,WARM_PRUNE_T080,1.3290682462666494,-65.585216,OPTIMAL,OK,OK,2.52e-06
matpower/case118,matpower/case118/2017-07-15,RAW,WARM_LPSCREEN_T010,8.810093975521012,-234.824268,OPTIMAL,FAIL,C120,0.04612863
matpower/case118,matpower/case118/2017-07-15,RAW,WARM_LPSCREEN_T020,9.019698987917382,-235.522977,OPTIMAL,OK,OK,0.04416493
matpower/case118,matpower/case118/2017-07-15,RAW,WARM_LPSCREEN_T030,9.473664645525957,-236.93025599999999,OPTIMAL,OK,OK,0.04354195
matpower/case118,matpower/case118/2017-07-15,RAW,WARM_LPSCREEN_T050,3.2832104851716877,-184.21054299999997,OPTIMAL,OK,OK,0.04873369
matpower/case118,matpower/case118/2017-07-15,RAW,WARM_LPSCREEN_T080,1.3305794346166069,-65.81157499999998,OPTIMAL,OK,OK,2.52e-06
matpower/case118,matpower/case118/2017-07-15,RAW,WARM_PRUNE_LAZY_T010,5.243708336693657,-214.37506,OPTIMAL,OK,OK,0.04815607
matpower/case118,matpower/case118/2017-07-15,RAW,WARM_PRUNE_LAZY_T020,5.936122426752852,-220.267454,OPTIMAL,OK,OK,0.04923015
matpower/case118,matpower/case118/2017-07-15,RAW,WARM_PRUNE_LAZY_T030,5.5685573683515575,-217.32197499999998,OPTIMAL,OK,OK,0.04740457
matpower/case118,matpower/case118/2017-07-15,RAW,WARM_PRUNE_LAZY_T050,4.087043897694975,-200.078656,OPTIMAL,OK,OK,5.41e-06
matpower/case118,matpower/case118/2017-07-15,RAW,WARM_PRUNE_LAZY_T080,3.2332981710935966,-182.965081,OPTIMAL,OK,OK,5.41e-06
matpower/case118,matpower/case118/2017-07-15,RAW,WARM_LPSCREEN_LAZY_T010,2.5446332296178475,-160.793111,OPTIMAL,OK,OK,5.41e-06
matpower/case118,matpower/case118/2017-07-15,RAW,WARM_LPSCREEN_LAZY_T020,5.338640243621142,-215.273337,OPTIMAL,OK,OK,5.41e-06
matpower/case118,matpower/case118/2017-07-15,RAW,WARM_LPSCREEN_LAZY_T030,4.590306542174171,-207.18442299999998,OPTIMAL,OK,OK,5.41e-06
matpower/case118,matpower/case118/2017-07-15,RAW,WARM_LPSCREEN_LAZY_T050,4.678732482287422,-208.275052,OPTIMAL,OK,OK,5.41e-06
matpower/case118,matpower/case118/2017-07-15,RAW,WARM_SR_LAZY,0.9992899595147867,0.18821700000000874,OPTIMAL,OK,OK,2.18e-06
matpower/case118,matpower/case118/2017-07-15,RAW,SHRINK_LAZY,12.121224492858989,-243.037546,OPTIMAL,OK,OK,0.01954953
matpower/case118,matpower/case118/2017-07-15,RAW,STREDUCE,1.1301115916952322,-30.497336999999987,OPTIMAL,OK,OK,1.87e-06
matpower/case118,matpower/case118/2017-07-15,RAW,STREDUCE_CONSERVATIVE,1.0240036196447977,-6.20929799999999,OPTIMAL,OK,OK,2.39e-06
matpower/case118,matpower/case118/2017-07-15,RAW,STREDUCE_AGGRESSIVE,1.1252756615120132,-29.490017999999992,OPTIMAL,OK,OK,1.368e-05
matpower/case118,matpower/case118/2017-07-15,RAW,STREDUCE_GRU,1.1370851869740608,-31.934843,OPTIMAL,OK,OK,1.87e-06
matpower/case118,matpower/case118/2017-07-15,RAW,STREDUCE_LAZY,1.0388673306925627,-9.910415999999998,OPTIMAL,OK,OK,1.94e-06
matpower/case118,matpower/case118/2017-07-15,RAW,STREDUCE_LAZY_CONSERVATIVE,0.9926191974029295,1.9696460000000116,OPTIMAL,OK,OK,2.2e-06
matpower/case118,matpower/case118/2017-07-15,RAW,STREDUCE_LAZY_AGGRESSIVE,1.0547929026607907,-13.760188,OPTIMAL,OK,OK,1.154e-05
matpower/case118,matpower/case118/2017-07-15,RAW,STREDUCE_LAZY_GRU,1.0397363104926176,-10.123520999999982,OPTIMAL,OK,OK,1.94e-06
matpower/case118,matpower/case118/2017-07-15,RAW,WARM_LAZY,2.6438627829293426,-164.70011799999997,OPTIMAL,OK,OK,5.41e-06
matpower/case118,matpower/case118/2017-07-15,RAW,WARM_LPSCREEN_LAZY_T080,3.2614330734420416,-183.67181899999997,OPTIMAL,OK,OK,5.41e-06
matpower/case118,matpower/case118/2017-07-15,RAW,ACTIVESET,8.29413319413497,-232.95387699999998,OPTIMAL,FAIL,C120,0.04615912
matpower/case118,matpower/case118/2017-07-15,RAW,ACTIVESET_B500,8.165634953553104,-232.451299,OPTIMAL,FAIL,C120,0.04615912
matpower/case118,matpower/case118/2017-07-15,RAW,ACTIVESET_B5000,8.29051453225534,-232.939937,OPTIMAL,FAIL,C120,0.04615912
matpower/case118,matpower/case118/2017-07-15,RAW,ACTIVESET_NOCLEAN,8.207564718249616,-232.617023,OPTIMAL,FAIL,C120,0.04615912
matpower/case118,matpower/case118/2017-07-15,RAW,WARM_ACTIVESET,8.083754128492219,-232.122715,OPTIMAL,FAIL,C120,0.04615912
matpower/case118,matpower/case118/2017-07-15,RAW,ACTIVESET_LAZY,2.5733852153383805,-161.956179,OPTIMAL,OK,OK,5.41e-06
matpower/case118,matpower/case118/2017-07-15,RAW,ACTIVESET_LAZY_TOPK128,3.0782400526077294,-178.83828,OPTIMAL,OK,OK,5.41e-06
matpower/case118,matpower/case118/2017-07-15,RAW,WARM_ACTIVESET_LAZY,2.552860003511867,-161.128574,OPTIMAL,OK,OK,5.41e-06
matpower/case118,matpower/case118/2017-09-15,RAW,RAW,1.0,0.0,OPTIMAL,OK,OK,0.00130135
matpower/case118,matpower/case118/2017-09-15,RAW,RAW_GNN,9.006953166252876,-219.29637100000002,OPTIMAL,OK,OK,0.0486393
matpower/case118,matpower/case118/2017-09-15,RAW,RAW_COMMIT_HINTS,1.1020361448051275,-22.84021900000002,OPTIMAL,OK,OK,0.02308386
matpower/case118,matpower/case118/2017-09-15,RAW,WARM,1.103593910195647,-23.156184000000025,OPTIMAL,OK,OK,0.02431941
matpower/case118,matpower/case118/2017-09-15,RAW,WARM_BRANCH_HINTS,1.0973468878851358,-21.88367200000002,OPTIMAL,OK,OK,0.02431941
matpower/case118,matpower/case118/2017-09-15,RAW,WARM_COMMIT_HINTS,1.0688009273490047,-15.879599000000013,OPTIMAL,OK,OK,0.02316613
matpower/case118,matpower/case118/2017-09-15,RAW,WARM_GRU,1.101908490542869,-22.814287000000007,OPTIMAL,OK,OK,0.02431941
matpower/case118,matpower/case118/2017-09-15,RAW,LAZY_ALL,2.363555198842244,-142.314462,OPTIMAL,OK,OK,0.00977415
matpower/case118,matpower/case118/2017-09-15,RAW,LAZY_TOPK128,2.3255102449546645,-140.606984,OPTIMAL,OK,OK,0.00977415
matpower/case118,matpower/case118/2017-09-15,RAW,LAZY_BANDIT,2.3874261085693758,-143.35801700000002,OPTIMAL,OK,OK,0.00977415
matpower/case118,matpower/case118/2017-09-15,RAW,LAZY_COMMIT_HINTS,2.3804507411320674,-143.05524200000002,OPTIMAL,OK,OK,0.00977415
matpower/case118,matpower/case118/2017-09-15,RAW,LAZY_GNN_T060,2.3391762748770133,-141.226715,OPTIMAL,OK,OK,0.00977415
matpower/case118,matpower/case118/2017-09-15,RAW,LAZY_GNN_T080,2.3569249034020907,-142.020857,OPTIMAL,OK,OK,0.00977415
matpower/case118,matpower/case118/2017-09-15,RAW,WARM_LAZY_TOPK128,2.327800287227142,-140.711341,OPTIMAL,OK,OK,0.00977415
matpower/case118,matpower/case118/2017-09-15,RAW,WARM_LAZY_BANDIT,2.3292380753205117,-140.776756,OPTIMAL,OK,OK,0.00977415
matpower/case118,matpower/case118/2017-09-15,RAW,WARM_LAZY_COMMIT_HINTS,2.3893895285906304,-143.442923,OPTIMAL,OK,OK,0.00977415
matpower/case118,matpower/case118/2017-09-15,RAW,WARM_LAZY_GRU,2.365485003001966,-142.399609,OPTIMAL,OK,OK,0.00977415
matpower/case118,matpower/case118/2017-09-15,RAW,WARM_LAZY_BRANCH_HINTS,2.38879673538509,-143.417303,OPTIMAL,OK,OK,0.00977415
matpower/case118,matpower/case118/2017-09-15,RAW,WARM_LAZY_GNN_T060,2.402149915131239,-143.99135,OPTIMAL,OK,OK,0.00977415
matpower/case118,matpower/case118/2017-09-15,RAW,WARM_LAZY_COMMIT_GNN_T060,2.371662537229589,-142.671243,OPTIMAL,OK,OK,0.00977415
matpower/case118,matpower/case118/2017-09-15,RAW,WARM_LAZY_COMMIT_GRU,2.3795129827603034,-143.01440200000002,OPTIMAL,OK,OK,0.00977415
matpower/case118,matpower/case118/2017-09-15,RAW,WARM_LAZY_ML_STACK,2.3895388838987217,-143.44937600000003,OPTIMAL,OK,OK,0.00977415
matpower/case118,matpower/case118/2017-09-15,RAW,WARM_PRUNE_T010,9.907489641770301,-221.78581200000002,OPTIMAL,OK,OK,0.04897587
matpower/case118,matpower/case118/2017-09-15,RAW,WARM_PRUNE_T020,7.6711446929393174,-214.52714200000003,OPTIMAL,OK,OK,0.04156226
matpower/case118,matpower/case118/2017-09-15,RAW,WARM_PRUNE_T030,8.3122732388692,-217.007459,OPTIMAL,OK,OK,0.048358
matpower/case118,matpower/case118/2017-09-15,RAW,WARM_PRUNE_T050,1.6145702686057861,-93.89806800000002,OPTIMAL,OK,OK,0.04803598
matpower/case118,matpower/case118/2017-09-15,RAW,WARM_PRUNE_T080,1.2491599255296255,-49.204204000000004,OPTIMAL,OK,OK,0.02431941
matpower/case118,matpower/case118/2017-09-15,RAW,WARM_LPSCREEN_T010,7.4336401666529,-213.49971200000002,OPTIMAL,OK,OK,0.0486393
matpower/case118,matpower/case118/2017-09-15,RAW,WARM_LPSCREEN_T020,6.885041494382201,-210.855546,OPTIMAL,OK,OK,0.04901118
matpower/case118,matpower/case118/2017-09-15,RAW,WARM_LPSCREEN_T030,6.4789378575161445,-208.609759,OPTIMAL,OK,OK,0.04768045
matpower/case118,matpower/case118/2017-09-15,RAW,WARM_LPSCREEN_T050,1.3951756567281435,-69.87202900000003,OPTIMAL,OK,OK,0.04938412
matpower/case118,matpower/case118/2017-09-15,RAW,WARM_LPSCREEN_T080,1.2261531478097445,-45.49880400000001,OPTIMAL,OK,OK,0.02431941
matpower/case118,matpower/case118/2017-09-15,RAW,WARM_PRUNE_LAZY_T010,3.5739467083628975,-177.661588,OPTIMAL,OK,OK,0.00977415
matpower/case118,matpower/case118/2017-09-15,RAW,WARM_PRUNE_LAZY_T020,3.264742548868714,-171.124409,OPTIMAL,OK,OK,0.00977415
matpower/case118,matpower/case118/2017-09-15,RAW,WARM_PRUNE_LAZY_T030,3.090979219517783,-166.876696,OPTIMAL,OK,OK,0.00977415
matpower/case118,matpower/case118/2017-09-15,RAW,WARM_PRUNE_LAZY_T050,3.2395489925083356,-170.536787,OPTIMAL,OK,OK,0.00977415
matpower/case118,matpower/case118/2017-09-15,RAW,WARM_PRUNE_LAZY_T080,2.872380198496996,-160.80301100000003,OPTIMAL,OK,OK,0.00977415
matpower/case118,matpower/case118/2017-09-15,RAW,WARM_LPSCREEN_LAZY_T010,2.261607675944341,-137.609721,OPTIMAL,OK,OK,0.00977415
matpower/case118,matpower/case118/2017-09-15,RAW,WARM_LPSCREEN_LAZY_T020,3.28342827318821,-171.554416,OPTIMAL,OK,OK,0.00977415
matpower/case118,matpower/case118/2017-09-15,RAW,WARM_LPSCREEN_LAZY_T030,2.6351911250712905,-153.072954,OPTIMAL,OK,OK,0.00977415
matpower/case118,matpower/case118/2017-09-15,RAW,WARM_LPSCREEN_LAZY_T050,3.118784134373743,-167.588208,OPTIMAL,OK,OK,0.00977415
matpower/case118,matpower/case118/2017-09-15,RAW,WARM_SR_LAZY,1.0188392610437718,-4.561422000000022,OPTIMAL,OK,OK,0.02424223
matpower/case118,matpower/case118/2017-09-15,RAW,SHRINK_LAZY,10.852095887305019,-223.95309500000002,OPTIMAL,OK,OK,0.01423859
matpower/case118,matpower/case118/2017-09-15,RAW,STREDUCE,1.0955533702336238,-21.515653000000015,OPTIMAL,OK,OK,0.0243191
matpower/case118,matpower/case118/2017-09-15,RAW,STREDUCE_CONSERVATIVE,1.0095565872855232,-2.3351470000000063,OPTIMAL,OK,OK,0.02431941
matpower/case118,matpower/case118/2017-09-15,RAW,STREDUCE_AGGRESSIVE,1.1136482018883822,-25.17425400000002,OPTIMAL,OK,OK,0.02200119
matpower/case118,matpower/case118/2017-09-15,RAW,STREDUCE_GRU,1.09956779030709,-22.33772400000001,OPTIMAL,OK,OK,0.0243191
matpower/case118,matpower/case118/2017-09-15,RAW,STREDUCE_LAZY,0.9681723187653323,8.109505999999982,OPTIMAL,OK,OK,0.0243191
matpower/case118,matpower/case118/2017-09-15,RAW,STREDUCE_LAZY_CONSERVATIVE,0.9222679492192494,20.791463999999962,OPTIMAL,OK,OK,0.02424223
matpower/case118,matpower/case118/2017-09-15,RAW,STREDUCE_LAZY_AGGRESSIVE,0.9864239524240965,3.3950940000000003,OPTIMAL,OK,OK,0.02200119
matpower/case118,matpower/case118/2017-09-15,RAW,STREDUCE_LAZY_GRU,0.9659398959799139,8.69837099999998,OPTIMAL,OK,OK,0.0243191
matpower/case118,matpower/case118/2017-09-15,RAW,LAZY_COMMIT_GNN_T060,2.4447931908450964,-145.782576,OPTIMAL,OK,OK,0.00977415
matpower/case118,matpower/case118/2017-09-15,RAW,WARM_LAZY,2.379542546226703,-143.01569,OPTIMAL,OK,OK,0.00977415
matpower/case118,matpower/case118/2017-09-15,RAW,WARM_LPSCREEN_LAZY_T080,2.8389025653299904,-159.790256,OPTIMAL,OK,OK,0.00977415
matpower/case118,matpower/case118/2017-09-15,RAW,ACTIVESET,8.028884860562412,-215.95997100000002,OPTIMAL,OK,OK,0.0486393
matpower/case118,matpower/case118/2017-09-15,RAW,ACTIVESET_B500,8.054627724504101,-216.05816800000002,OPTIMAL,OK,OK,0.0486393
matpower/case118,matpower/case118/2017-09-15,RAW,ACTIVESET_B5000,8.009950914803518,-215.887344,OPTIMAL,OK,OK,0.0486393
matpower/case118,matpower/case118/2017-09-15,RAW,ACTIVESET_NOCLEAN,8.000087594586182,-215.849374,OPTIMAL,OK,OK,0.0486393
matpower/case118,matpower/case118/2017-09-15,RAW,WARM_ACTIVESET,7.833349184126593,-215.193024,OPTIMAL,OK,OK,0.0486393
matpower/case118,matpower/case118/2017-09-15,RAW,ACTIVESET_LAZY,2.3305049705865692,-140.83432900000003,OPTIMAL,OK,OK,0.00977415
matpower/case118,matpower/case118/2017-09-15,RAW,ACTIVESET_LAZY_TOPK128,2.3267796930864444,-140.664858,OPTIMAL,OK,OK,0.00977415
matpower/case118,matpower/case118/2017-09-15,RAW,WARM_ACTIVESET_LAZY,2.3161925582335066,-140.18025,OPTIMAL,OK,OK,0.00977415
matpower/case118,matpower/case118/2017-11-15,RAW,RAW,1.0,0.0,OPTIMAL,OK,OK,6.572e-05
matpower/case118,matpower/case118/2017-11-15,RAW,RAW_GNN,9.854459705775234,-214.74801699999998,OPTIMAL,FAIL,C120,0.04803867
matpower/case118,matpower/case118/2017-11-15,RAW,RAW_COMMIT_HINTS,1.092323154638046,-20.200373999999982,OPTIMAL,OK,OK,0.00331427
matpower/case118,matpower/case118/2017-11-15,RAW,WARM,0.9908659580241773,2.20317,OPTIMAL,OK,OK,9.084e-05
matpower/case118,matpower/case118/2017-11-15,RAW,WARM_BRANCH_HINTS,0.9644730804725045,8.803743000000026,OPTIMAL,OK,OK,9.084e-05
matpower/case118,matpower/case118/2017-11-15,RAW,WARM_COMMIT_HINTS,1.0579884780542421,-13.099679999999978,OPTIMAL,OK,OK,0.00331427
matpower/case118,matpower/case118/2017-11-15,RAW,WARM_GRU,0.9664016262514998,8.309225000000026,OPTIMAL,OK,OK,9.084e-05
matpower/case118,matpower/case118/2017-11-15,RAW,LAZY_ALL,2.6157513071636687,-147.63114199999998,OPTIMAL,OK,OK,0.00040062
matpower/case118,matpower/case118/2017-11-15,RAW,LAZY_TOPK128,1.869507627164649,-111.15936799999999,OPTIMAL,OK,OK,0.00015094
matpower/case118,matpower/case118/2017-11-15,RAW,LAZY_BANDIT,2.3077888332795897,-135.438293,OPTIMAL,OK,OK,0.00040062
matpower/case118,matpower/case118/2017-11-15,RAW,LAZY_COMMIT_HINTS,2.6611954078892164,-149.19142799999997,OPTIMAL,OK,OK,0.00040062
matpower/case118,matpower/case118/2017-11-15,RAW,LAZY_GNN_T060,2.6088325162940755,-147.388823,OPTIMAL,OK,OK,0.00040062
matpower/case118,matpower/case118/2017-11-15,RAW,LAZY_GNN_T080,2.6134699475586176,-147.551383,OPTIMAL,OK,OK,0.00040062
matpower/case118,matpower/case118/2017-11-15,RAW,WARM_LAZY,2.609766066240535,-147.42159399999997,OPTIMAL,OK,OK,0.00040062
matpower/case118,matpower/case118/2017-11-15,RAW,WARM_LAZY_TOPK128,1.8644722206004596,-110.81410399999999,OPTIMAL,OK,OK,0.00015094
matpower/case118,matpower/case118/2017-11-15,RAW,WARM_LAZY_BANDIT,2.362808654661051,-137.849833,OPTIMAL,OK,OK,0.00040062
matpower/case118,matpower/case118/2017-11-15,RAW,WARM_LAZY_COMMIT_HINTS,2.6574746046955355,-149.06568299999998,OPTIMAL,OK,OK,0.00040062
matpower/case118,matpower/case118/2017-11-15,RAW,WARM_LAZY_GRU,2.6365913810425896,-148.353346,OPTIMAL,OK,OK,0.00040062
matpower/case118,matpower/case118/2017-11-15,RAW,WARM_LAZY_BRANCH_HINTS,2.6348751673041506,-148.29430299999999,OPTIMAL,OK,OK,0.00040062
matpower/case118,matpower/case118/2017-11-15,RAW,WARM_LAZY_GNN_T060,2.5955066319665323,-146.91846599999997,OPTIMAL,OK,OK,0.00040062
matpower/case118,matpower/case118/2017-11-15,RAW,WARM_LAZY_COMMIT_GNN_T060,2.6548554804460798,-148.97695799999997,OPTIMAL,OK,OK,0.00040062
matpower/case118,matpower/case118/2017-11-15,RAW,WARM_LAZY_COMMIT_GRU,2.6498777841008665,-148.80785099999997,OPTIMAL,OK,OK,0.00040062
matpower/case118,matpower/case118/2017-11-15,RAW,WARM_LAZY_ML_STACK,2.354803123360913,-137.50595299999998,OPTIMAL,OK,OK,0.00040062
matpower/case118,matpower/case118/2017-11-15,RAW,WARM_PRUNE_T010,9.479025195846065,-213.78742799999998,OPTIMAL,FAIL,C120,0.04803867
matpower/case118,matpower/case118/2017-11-15,RAW,WARM_PRUNE_T020,9.478730086083523,-213.786643,OPTIMAL,FAIL,C120,0.04803867
matpower/case118,matpower/case118/2017-11-15,RAW,WARM_PRUNE_T030,9.357745215150597,-213.460649,OPTIMAL,FAIL,C120,0.04803867
matpower/case118,matpower/case118/2017-11-15,RAW,WARM_PRUNE_T050,9.599271165662207,-214.10326899999998,OPTIMAL,OK,OK,0.04914543
matpower/case118,matpower/case118/2017-11-15,RAW,WARM_PRUNE_T080,1.2259621131656067,-44.051276,OPTIMAL,OK,OK,0.00031453
matpower/case118,matpower/case118/2017-11-15,RAW,WARM_LPSCREEN_T010,8.509550519792267,-210.914888,OPTIMAL,FAIL,C120,0.04803867
matpower/case118,matpower/case118/2017-11-15,RAW,WARM_LPSCREEN_T020,10.236234405768789,-215.65257,OPTIMAL,OK,OK,0.04665381
matpower/case118,matpower/case118/2017-11-15,RAW,WARM_LPSCREEN_T030,7.979200624017336,-209.048094,OPTIMAL,OK,OK,0.04674437
matpower/case118,matpower/case118/2017-11-15,RAW,WARM_LPSCREEN_T050,1.6704030030547685,-95.9212,OPTIMAL,OK,OK,0.04856029
matpower/case118,matpower/case118/2017-11-15,RAW,WARM_LPSCREEN_T080,1.6664297976681914,-95.58005999999997,OPTIMAL,OK,OK,0.04933378
matpower/case118,matpower/case118/2017-11-15,RAW,WARM_PRUNE_LAZY_T010,2.643014750641174,-148.573649,OPTIMAL,OK,OK,0.00040062
matpower/case118,matpower/case118/2017-11-15,RAW,WARM_PRUNE_LAZY_T020,2.647704771873042,-148.733828,OPTIMAL,OK,OK,0.00040062
matpower/case118,matpower/case118/2017-11-15,RAW,WARM_PRUNE_LAZY_T030,2.636836454353147,-148.36177099999998,OPTIMAL,OK,OK,0.00040062
matpower/case118,matpower/case118/2017-11-15,RAW,WARM_PRUNE_LAZY_T050,3.910413528567541,-177.881969,OPTIMAL,OK,OK,0.00040062
matpower/case118,matpower/case118/2017-11-15,RAW,WARM_PRUNE_LAZY_T080,3.708273206056677,-174.55032599999998,OPTIMAL,OK,OK,0.0465875
matpower/case118,matpower/case118/2017-11-15,RAW,WARM_LPSCREEN_LAZY_T010,2.55233992473665,-145.361109,OPTIMAL,OK,OK,0.00040062
matpower/case118,matpower/case118/2017-11-15,RAW,WARM_LPSCREEN_LAZY_T020,3.4237028842471617,-169.193325,OPTIMAL,OK,OK,0.04945353
matpower/case118,matpower/case118/2017-11-15,RAW,WARM_LPSCREEN_LAZY_T030,3.513530727866854,-170.978049,OPTIMAL,OK,OK,0.00040062
matpower/case118,matpower/case118/2017-11-15,RAW,WARM_LPSCREEN_LAZY_T050,3.28478003812966,-166.240952,OPTIMAL,OK,OK,0.04933099
matpower/case118,matpower/case118/2017-11-15,RAW,WARM_SR_LAZY,0.8036992321900025,58.375197000000014,OPTIMAL,OK,OK,8.429e-05
matpower/case118,matpower/case118/2017-11-15,RAW,SHRINK_LAZY,9.069522462636398,-212.648992,OPTIMAL,OK,OK,0.0043843
matpower/case118,matpower/case118/2017-11-15,RAW,STREDUCE,0.971784106841434,6.939432000000011,OPTIMAL,OK,OK,9.088e-05
matpower/case118,matpower/case118/2017-11-15,RAW,STREDUCE_CONSERVATIVE,0.9900396958925319,2.4044730000000243,OPTIMAL,OK,OK,6.572e-05
matpower/case118,matpower/case118/2017-11-15,RAW,STREDUCE_AGGRESSIVE,0.8767073820037027,33.611068999999986,OPTIMAL,OK,OK,0.00015956
matpower/case118,matpower/case118/2017-11-15,RAW,STREDUCE_GRU,0.9710545501138127,7.12420800000001,OPTIMAL,OK,OK,9.088e-05
matpower/case118,matpower/case118/2017-11-15,RAW,STREDUCE_LAZY,0.8398026404073756,45.59088600000001,OPTIMAL,OK,OK,8.41e-05
matpower/case118,matpower/case118/2017-11-15,RAW,STREDUCE_LAZY_CONSERVATIVE,0.7765825156006093,68.758986,OPTIMAL,OK,OK,8.387e-05
matpower/case118,matpower/case118/2017-11-15,RAW,STREDUCE_LAZY_AGGRESSIVE,0.8667366077557349,36.74714800000004,OPTIMAL,OK,OK,8.385e-05
matpower/case118,matpower/case118/2017-11-15,RAW,STREDUCE_LAZY_GRU,0.836691363382361,46.64915500000001,OPTIMAL,OK,OK,8.41e-05
matpower/case118,matpower/case118/2017-11-15,RAW,LAZY_COMMIT_GNN_T060,2.694664332293912,-150.30690399999997,OPTIMAL,OK,OK,0.00040062
matpower/case118,matpower/case118/2017-11-15,RAW,WARM_LPSCREEN_LAZY_T080,3.2567913869359284,-165.615656,OPTIMAL,OK,OK,0.00040062
matpower/case118,matpower/case118/2017-11-15,RAW,ACTIVESET,8.03650979561939,-209.26169199999998,OPTIMAL,OK,OK,0.04811898
matpower/case118,matpower/case118/2017-11-15,RAW,ACTIVESET_B500,7.9896605580033295,-209.08730799999998,OPTIMAL,OK,OK,0.04811898
matpower/case118,matpower/case118/2017-11-15,RAW,ACTIVESET_B5000,8.052343765292854,-209.320171,OPTIMAL,OK,OK,0.04811898
matpower/case118,matpower/case118/2017-11-15,RAW,ACTIVESET_NOCLEAN,8.000142596022856,-209.126502,OPTIMAL,OK,OK,0.04811898
matpower/case118,matpower/case118/2017-11-15,RAW,WARM_ACTIVESET,7.770750147676082,-208.24460399999998,OPTIMAL,OK,OK,0.04811898
matpower/case118,matpower/case118/2017-11-15,RAW,ACTIVESET_LAZY,2.5790747449301508,-146.331786,OPTIMAL,OK,OK,0.00040062
matpower/case118,matpower/case118/2017-11-15,RAW,ACTIVESET_LAZY_TOPK128,1.876866210858863,-111.66059399999999,OPTIMAL,OK,OK,0.00015094
matpower/case118,matpower/case118/2017-11-15,RAW,WARM_ACTIVESET_LAZY,2.5165881401795427,-144.03081699999998,OPTIMAL,OK,OK,0.00040062
matpower/case1354pegase,matpower/case1354pegase/2017-01-15,LAZY_ALL,LAZY_ALL,1.0,0.0,TIME_LIMIT,OK,OK,0.15590275
matpower/case1354pegase,matpower/case1354pegase/2017-01-15,LAZY_ALL,LAZY_COMMIT_HINTS,0.9923719566830027,13.882845999999972,TIME_LIMIT,OK,OK,0.14536158
matpower/case1354pegase,matpower/case1354pegase/2017-01-15,LAZY_ALL,WARM_LAZY_GRU,0.9844028882590266,28.61614600000007,TIME_LIMIT,OK,OK,0.19483073
matpower/case1354pegase,matpower/case1354pegase/2017-01-15,LAZY_ALL,STREDUCE_LAZY_GRU,0.9780933183153281,40.45164100000011,TIME_LIMIT,OK,OK,0.07828868
matpower/case1354pegase,matpower/case1354pegase/2017-01-15,LAZY_ALL,WARM_SR_LAZY,,,SKIPPED_TOO_LARGE,,,
matpower/case1354pegase,matpower/case1354pegase/2017-01-15,LAZY_ALL,LAZY_BANDIT,2.5516424702335705,-1098.276459,OPTIMAL,FAIL,C120,0.0266058
matpower/case1354pegase,matpower/case1354pegase/2017-01-15,LAZY_ALL,WARM_PRUNE_LAZY_T030,0.9809061812507185,35.15646200000015,TIME_LIMIT,FAIL,C120,0.19344199
matpower/case1354pegase,matpower/case1354pegase/2017-01-15,LAZY_ALL,WARM_LPSCREEN_T020,,,SKIPPED_TOO_LARGE,,,
matpower/case1354pegase,matpower/case1354pegase/2017-01-15,LAZY_ALL,LAZY_GNN_T080,0.9989880925808406,1.8294490000000678,TIME_LIMIT,FAIL,C120,0.09966936
matpower/case1354pegase,matpower/case1354pegase/2017-01-15,LAZY_ALL,ACTIVESET_LAZY,,,SKIPPED_TOO_LARGE,,,
matpower/case1354pegase,matpower/case1354pegase/2017-03-15,LAZY_ALL,LAZY_ALL,1.0,0.0,TIME_LIMIT,OK,OK,0.90420288
matpower/case1354pegase,matpower/case1354pegase/2017-03-15,LAZY_ALL,LAZY_COMMIT_HINTS,1.0001319061365515,-0.23812600000019302,TIME_LIMIT,OK,OK,0.9042039
matpower/case1354pegase,matpower/case1354pegase/2017-03-15,LAZY_ALL,WARM_LAZY_GRU,0.7668162679396157,549.042584,OPTIMAL,OK,OK,0.03607756
matpower/case1354pegase,matpower/case1354pegase/2017-03-15,LAZY_ALL,STREDUCE_LAZY_GRU,0.9777105831268216,41.16114900000002,TIME_LIMIT,OK,OK,0.23017676
matpower/case1354pegase,matpower/case1354pegase/2017-03-15,LAZY_ALL,WARM_SR_LAZY,,,SKIPPED_TOO_LARGE,,,
matpower/case1354pegase,matpower/case1354pegase/2017-03-15,LAZY_ALL,LAZY_BANDIT,2.597586865832193,-1110.4359170000002,OPTIMAL,FAIL,C120,0.04410617
matpower/case1354pegase,matpower/case1354pegase/2017-03-15,LAZY_ALL,WARM_PRUNE_LAZY_T030,0.9810499201865729,34.87538699999982,TIME_LIMIT,FAIL,C120,0.49440235
matpower/case1354pegase,matpower/case1354pegase/2017-03-15,LAZY_ALL,WARM_LPSCREEN_T020,,,SKIPPED_TOO_LARGE,,,
matpower/case1354pegase,matpower/case1354pegase/2017-03-15,LAZY_ALL,LAZY_GNN_T080,0.9988050347394337,2.1600989999999456,TIME_LIMIT,FAIL,C120,0.25118063
matpower/case1354pegase,matpower/case1354pegase/2017-03-15,LAZY_ALL,ACTIVESET_LAZY,,,SKIPPED_TOO_LARGE,,,
matpower/case1354pegase,matpower/case1354pegase/2017-05-15,LAZY_ALL,LAZY_ALL,1.0,0.0,TIME_LIMIT,OK,OK,0.41702755
matpower/case1354pegase,matpower/case1354pegase/2017-05-15,LAZY_ALL,LAZY_COMMIT_HINTS,1.0002593931915915,-0.46822599999995873,TIME_LIMIT,OK,OK,0.58389968
matpower/case1354pegase,matpower/case1354pegase/2017-05-15,LAZY_ALL,WARM_LAZY_GRU,0.9831122845026586,31.015399000000116,TIME_LIMIT,OK,OK,0.3477627
matpower/case1354pegase,matpower/case1354pegase/2017-05-15,LAZY_ALL,STREDUCE_LAZY_GRU,0.9779917232561438,40.63127499999996,TIME_LIMIT,OK,OK,0.20164085
matpower/case1354pegase,matpower/case1354pegase/2017-05-15,LAZY_ALL,WARM_SR_LAZY,,,SKIPPED_TOO_LARGE,,,
matpower/case1354pegase,matpower/case1354pegase/2017-05-15,LAZY_ALL,LAZY_BANDIT,1.920339284495219,-865.325666,OPTIMAL,FAIL,C120,0.04888966
matpower/case1354pegase,matpower/case1354pegase/2017-05-15,LAZY_ALL,WARM_PRUNE_LAZY_T030,0.9800428275957903,36.76745299999993,TIME_LIMIT,OK,OK,0.34742997
matpower/case1354pegase,matpower/case1354pegase/2017-05-15,LAZY_ALL,WARM_LPSCREEN_T020,,,SKIPPED_TOO_LARGE,,,
matpower/case1354pegase,matpower/case1354pegase/2017-05-15,LAZY_ALL,LAZY_GNN_T080,0.9983353709405288,3.010582999999997,TIME_LIMIT,FAIL,C120,0.1163228
matpower/case1354pegase,matpower/case1354pegase/2017-05-15,LAZY_ALL,ACTIVESET_LAZY,,,SKIPPED_TOO_LARGE,,,
matpower/case1354pegase,matpower/case1354pegase/2017-07-15,LAZY_ALL,LAZY_ALL,1.0,0.0,TIME_LIMIT,OK,OK,0.91420355
matpower/case1354pegase,matpower/case1354pegase/2017-07-15,LAZY_ALL,LAZY_COMMIT_HINTS,1.0000033862495286,-0.006112999999913882,TIME_LIMIT,OK,OK,0.91421381
matpower/case1354pegase,matpower/case1354pegase/2017-07-15,LAZY_ALL,WARM_LAZY_GRU,0.9804243635742449,36.04447499999992,TIME_LIMIT,OK,OK,0.91421381
matpower/case1354pegase,matpower/case1354pegase/2017-07-15,LAZY_ALL,STREDUCE_LAZY_GRU,0.9777131090774919,41.15048499999989,TIME_LIMIT,OK,OK,0.10830076
matpower/case1354pegase,matpower/case1354pegase/2017-07-15,LAZY_ALL,WARM_SR_LAZY,,,SKIPPED_TOO_LARGE,,,
matpower/case1354pegase,matpower/case1354pegase/2017-07-15,LAZY_ALL,LAZY_BANDIT,2.0534289777264,-926.109807,OPTIMAL,FAIL,C120,0.04273062
matpower/case1354pegase,matpower/case1354pegase/2017-07-15,LAZY_ALL,WARM_PRUNE_LAZY_T030,0.9805459575112481,35.81614300000001,TIME_LIMIT,FAIL,C120,0.91360882
matpower/case1354pegase,matpower/case1354pegase/2017-07-15,LAZY_ALL,WARM_LPSCREEN_T020,,,SKIPPED_TOO_LARGE,,,
matpower/case1354pegase,matpower/case1354pegase/2017-07-15,LAZY_ALL,LAZY_GNN_T080,0.9985140591103283,2.686484000000064,TIME_LIMIT,FAIL,C120,0.19341485
matpower/case1354pegase,matpower/case1354pegase/2017-07-15,LAZY_ALL,ACTIVESET_LAZY,,,SKIPPED_TOO_LARGE,,,
matpower/case1354pegase,matpower/case1354pegase/2017-09-15,LAZY_ALL,LAZY_ALL,1.0,0.0,TIME_LIMIT,OK,OK,0.9313652
matpower/case1354pegase,matpower/case1354pegase/2017-09-15,LAZY_ALL,LAZY_COMMIT_HINTS,0.9999550388407744,0.08116900000004534,TIME_LIMIT,OK,OK,0.93139176
matpower/case1354pegase,matpower/case1354pegase/2017-09-15,LAZY_ALL,WARM_LAZY_GRU,0.9852156656837532,27.089664999999968,TIME_LIMIT,OK,OK,0.93139176
matpower/case1354pegase,matpower/case1354pegase/2017-09-15,LAZY_ALL,STREDUCE_LAZY_GRU,0.9777248396651483,41.127977999999985,TIME_LIMIT,OK,OK,0.75476623
matpower/case1354pegase,matpower/case1354pegase/2017-09-15,LAZY_ALL,WARM_SR_LAZY,,,SKIPPED_TOO_LARGE,,,
matpower/case1354pegase,matpower/case1354pegase/2017-09-15,LAZY_ALL,LAZY_BANDIT,1.9493698867435254,-879.173052,OPTIMAL,FAIL,C120,0.03324731
matpower/case1354pegase,matpower/case1354pegase/2017-09-15,LAZY_ALL,WARM_PRUNE_LAZY_T030,0.9809282278901725,35.09837300000004,TIME_LIMIT,OK,OK,0.93138111
matpower/case1354pegase,matpower/case1354pegase/2017-09-15,LAZY_ALL,WARM_LPSCREEN_T020,,,SKIPPED_TOO_LARGE,,,
matpower/case1354pegase,matpower/case1354pegase/2017-09-15,LAZY_ALL,LAZY_GNN_T080,0.9984884440089506,2.7328410000000076,TIME_LIMIT,FAIL,C120,0.20049567
matpower/case1354pegase,matpower/case1354pegase/2017-09-15,LAZY_ALL,ACTIVESET_LAZY,,,SKIPPED_TOO_LARGE,,,
matpower/case1354pegase,matpower/case1354pegase/2017-11-15,LAZY_ALL,LAZY_ALL,1.0,0.0,TIME_LIMIT,OK,OK,0.45639901
matpower/case1354pegase,matpower/case1354pegase/2017-11-15,LAZY_ALL,LAZY_COMMIT_HINTS,0.9370547888475506,121.25115800000003,TIME_LIMIT,OK,OK,0.61994634
matpower/case1354pegase,matpower/case1354pegase/2017-11-15,LAZY_ALL,WARM_LAZY_GRU,0.984498270478523,28.421918000000005,TIME_LIMIT,OK,OK,0.47880302
matpower/case1354pegase,matpower/case1354pegase/2017-11-15,LAZY_ALL,STREDUCE_LAZY_GRU,0.976571501429318,43.30405799999994,TIME_LIMIT,OK,OK,0.84036941
matpower/case1354pegase,matpower/case1354pegase/2017-11-15,LAZY_ALL,WARM_SR_LAZY,,,SKIPPED_TOO_LARGE,,,
matpower/case1354pegase,matpower/case1354pegase/2017-11-15,LAZY_ALL,LAZY_BANDIT,0.9998594914419201,0.2536600000000817,TIME_LIMIT,FAIL,C120,0.40019574
matpower/case1354pegase,matpower/case1354pegase/2017-11-15,LAZY_ALL,WARM_PRUNE_LAZY_T030,0.9809375875194644,35.07718,TIME_LIMIT,FAIL,C120,0.54928168
matpower/case1354pegase,matpower/case1354pegase/2017-11-15,LAZY_ALL,WARM_LPSCREEN_T020,,,SKIPPED_TOO_LARGE,,,
matpower/case1354pegase,matpower/case1354pegase/2017-11-15,LAZY_ALL,LAZY_GNN_T080,0.9985732988784133,2.5789400000001024,TIME_LIMIT,FAIL,C120,0.43680999
matpower/case1354pegase,matpower/case1354pegase/2017-11-15,LAZY_ALL,ACTIVESET_LAZY,,,SKIPPED_TOO_LARGE,,,
matpower/case14,matpower/case14/2017-01-15,RAW,RAW,1.0,0.0,OPTIMAL,OK,OK,0.048335
matpower/case14,matpower/case14/2017-01-15,RAW,RAW_GNN,2.898011913158244,-1.0872039999999998,OPTIMAL,OK,OK,0.00033505
matpower/case14,matpower/case14/2017-01-15,RAW,RAW_COMMIT_HINTS,0.980910831928458,0.03230500000000003,OPTIMAL,OK,OK,0.03423035
matpower/case14,matpower/case14/2017-01-15,RAW,WARM,0.9504956844476355,0.08645800000000015,OPTIMAL,OK,OK,0.048335
matpower/case14,matpower/case14/2017-01-15,RAW,WARM_BRANCH_HINTS,0.9628712311350112,0.06401100000000004,OPTIMAL,OK,OK,0.048335
matpower/case14,matpower/case14/2017-01-15,RAW,WARM_COMMIT_HINTS,0.9501235721096775,0.08714200000000005,OPTIMAL,OK,OK,0.048335
matpower/case14,matpower/case14/2017-01-15,RAW,WARM_GRU,0.9158385579764355,0.15254800000000013,OPTIMAL,OK,OK,0.048335
matpower/case14,matpower/case14/2017-01-15,RAW,LAZY_ALL,3.80870395183642,-1.224168,OPTIMAL,OK,OK,0.00033505
matpower/case14,matpower/case14/2017-01-15,RAW,LAZY_TOPK128,3.8439821418647298,-1.228168,OPTIMAL,OK,OK,0.00033505
matpower/case14,matpower/case14/2017-01-15,RAW,LAZY_BANDIT,3.8258472671959805,-1.226121,OPTIMAL,OK,OK,0.00033505
matpower/case14,matpower/case14/2017-01-15,RAW,LAZY_COMMIT_HINTS,2.601608279930353,-1.0219429999999998,OPTIMAL,OK,OK,0.00033505
matpower/case14,matpower/case14/2017-01-15,RAW,LAZY_GNN_T060,3.8252125161590627,-1.226049,OPTIMAL,OK,OK,0.00033505
matpower/case14,matpower/case14/2017-01-15,RAW,LAZY_GNN_T080,3.908734288687855,-1.235322,OPTIMAL,OK,OK,0.00033505
matpower/case14,matpower/case14/2017-01-15,RAW,LAZY_COMMIT_GNN_T060,2.450812229730428,-0.982683,OPTIMAL,OK,OK,0.00033505
matpower/case14,matpower/case14/2017-01-15,RAW,WARM_LAZY,3.6488359006822817,-1.205072,OPTIMAL,OK,OK,0.00033505
matpower/case14,matpower/case14/2017-01-15,RAW,WARM_LAZY_TOPK128,3.6904416260018005,-1.2102009999999999,OPTIMAL,OK,OK,0.00033505
matpower/case14,matpower/case14/2017-01-15,RAW,WARM_LAZY_BANDIT,3.7059057280248604,-1.212078,OPTIMAL,OK,OK,0.00033505
matpower/case14,matpower/case14/2017-01-15,RAW,WARM_LAZY_COMMIT_HINTS,3.658961614335938,-1.206331,OPTIMAL,OK,OK,0.00033505
matpower/case14,matpower/case14/2017-01-15,RAW,WARM_LAZY_GRU,3.691418202519035,-1.2103199999999998,OPTIMAL,OK,OK,0.00033505
matpower/case14,matpower/case14/2017-01-15,RAW,WARM_LAZY_BRANCH_HINTS,3.712137678728762,-1.2128299999999999,OPTIMAL,OK,OK,0.00033505
matpower/case14,matpower/case14/2017-01-15,RAW,WARM_LAZY_GNN_T060,3.6834810779625666,-1.2093509999999998,OPTIMAL,OK,OK,0.00033505
matpower/case14,matpower/case14/2017-01-15,RAW,WARM_LAZY_COMMIT_GNN_T060,3.701245479395855,-1.211514,OPTIMAL,OK,OK,0.00033505
matpower/case14,matpower/case14/2017-01-15,RAW,WARM_LAZY_COMMIT_GRU,3.638534780550246,-1.203784,OPTIMAL,OK,OK,0.00033505
matpower/case14,matpower/case14/2017-01-15,RAW,WARM_LAZY_ML_STACK,3.581789151167307,-1.196556,OPTIMAL,OK,OK,0.00033505
matpower/case14,matpower/case14/2017-01-15,RAW,WARM_PRUNE_T010,2.7720989262395004,-1.061186,OPTIMAL,OK,OK,0.00033505
matpower/case14,matpower/case14/2017-01-15,RAW,WARM_PRUNE_T020,2.723337795626952,-1.0504639999999998,OPTIMAL,OK,OK,0.00033505
matpower/case14,matpower/case14/2017-01-15,RAW,WARM_PRUNE_T030,2.805142486346185,-1.0682399999999999,OPTIMAL,OK,OK,0.00033505
matpower/case14,matpower/case14/2017-01-15,RAW,WARM_PRUNE_T050,6.287653591503416,-1.396004,OPTIMAL,OK,OK,0.00033505
matpower/case14,matpower/case14/2017-01-15,RAW,WARM_PRUNE_T080,4.236950446024069,-1.268221,OPTIMAL,OK,OK,0.02058695
matpower/case14,matpower/case14/2017-01-15,RAW,WARM_LPSCREEN_T010,2.2050343371013374,-0.9071859999999999,OPTIMAL,OK,OK,0.00033505
matpower/case14,matpower/case14/2017-01-15,RAW,WARM_LPSCREEN_T020,2.2379572769984697,-0.9182609999999999,OPTIMAL,OK,OK,0.00033505
matpower/case14,matpower/case14/2017-01-15,RAW,WARM_LPSCREEN_T030,2.256391575313139,-0.924321,OPTIMAL,OK,OK,0.00033505
matpower/case14,matpower/case14/2017-01-15,RAW,WARM_LPSCREEN_T050,2.3535876979440333,-0.954703,OPTIMAL,OK,OK,0.00033505
matpower/case14,matpower/case14/2017-01-15,RAW,WARM_LPSCREEN_T080,3.7988722492768483,-1.22304,OPTIMAL,OK,OK,0.02158243
matpower/case14,matpower/case14/2017-01-15,RAW,WARM_PRUNE_LAZY_T010,3.6132941824347706,-1.200597,OPTIMAL,OK,OK,0.00033505
matpower/case14,matpower/case14/2017-01-15,RAW,WARM_PRUNE_LAZY_T020,3.651115118990014,-1.2053559999999999,OPTIMAL,OK,OK,0.00033505
matpower/case14,matpower/case14/2017-01-15,RAW,WARM_PRUNE_LAZY_T030,3.630743792253467,-1.202805,OPTIMAL,OK,OK,0.00033505
matpower/case14,matpower/case14/2017-01-15,RAW,WARM_PRUNE_LAZY_T050,3.66586209866374,-1.207185,OPTIMAL,OK,OK,0.00033505
matpower/case14,matpower/case14/2017-01-15,RAW,WARM_PRUNE_LAZY_T080,3.6208919086933284,-1.2015609999999999,OPTIMAL,OK,OK,0.00033505
matpower/case14,matpower/case14/2017-01-15,RAW,WARM_LPSCREEN_LAZY_T010,2.9900554595905104,-1.1048369999999998,OPTIMAL,OK,OK,0.00033505
matpower/case14,matpower/case14/2017-01-15,RAW,WARM_LPSCREEN_LAZY_T020,2.9317975101154867,-1.093805,OPTIMAL,OK,OK,0.00033505
matpower/case14,matpower/case14/2017-01-15,RAW,WARM_LPSCREEN_LAZY_T030,2.723722078015837,-1.0505499999999999,OPTIMAL,OK,OK,0.00033505
matpower/case14,matpower/case14/2017-01-15,RAW,WARM_LPSCREEN_LAZY_T050,2.8783992093148263,-1.083301,OPTIMAL,OK,OK,0.00033505
matpower/case14,matpower/case14/2017-01-15,RAW,WARM_LPSCREEN_LAZY_T080,2.935115131433542,-1.094445,OPTIMAL,OK,OK,0.00033505
matpower/case14,matpower/case14/2017-01-15,RAW,WARM_SR_LAZY,3.23547606842771,-1.1469489999999998,OPTIMAL,OK,OK,0.00033505
matpower/case14,matpower/case14/2017-01-15,RAW,SHRINK_LAZY,5.0855684599760425,-1.333599,OPTIMAL,OK,OK,0.0
matpower/case14,matpower/case14/2017-01-15,RAW,STREDUCE,0.9300148184667789,0.124919,OPTIMAL,OK,OK,0.01519768
matpower/case14,matpower/case14/2017-01-15,RAW,STREDUCE_CONSERVATIVE,0.8510615608933805,0.290508,OPTIMAL,OK,OK,0.00142954
matpower/case14,matpower/case14/2017-01-15,RAW,STREDUCE_AGGRESSIVE,1.2824796427633305,-0.36563599999999985,OPTIMAL,OK,OK,0.01750092
matpower/case14,matpower/case14/2017-01-15,RAW,STREDUCE_GRU,0.9475609957970936,0.09186700000000014,OPTIMAL,OK,OK,0.01519768
matpower/case14,matpower/case14/2017-01-15,RAW,STREDUCE_LAZY,3.467736780425441,-1.1813129999999998,OPTIMAL,OK,OK,0.01823456
matpower/case14,matpower/case14/2017-01-15,RAW,STREDUCE_LAZY_CONSERVATIVE,1.242737169611027,-0.3242419999999999,OPTIMAL,OK,OK,0.00142954
matpower/case14,matpower/case14/2017-01-15,RAW,STREDUCE_LAZY_AGGRESSIVE,4.167187978531658,-1.2616619999999998,OPTIMAL,OK,OK,0.01823456
matpower/case14,matpower/case14/2017-01-15,RAW,STREDUCE_LAZY_GRU,4.004506232254298,-1.245479,OPTIMAL,OK,OK,0.01823456
matpower/case14,matpower/case14/2017-01-15,RAW,ACTIVESET,2.802547254543122,-1.067692,OPTIMAL,OK,OK,0.00033505
matpower/case14,matpower/case14/2017-01-15,RAW,ACTIVESET_B500,2.704542936649136,-1.046228,OPTIMAL,OK,OK,0.00033505
matpower/case14,matpower/case14/2017-01-15,RAW,ACTIVESET_B5000,2.890578719625273,-1.085731,OPTIMAL,OK,OK,0.00033505
matpower/case14,matpower/case14/2017-01-15,RAW,ACTIVESET_NOCLEAN,2.9451497753901394,-1.096372,OPTIMAL,OK,OK,0.00033505
matpower/case14,matpower/case14/2017-01-15,RAW,WARM_ACTIVESET,2.552720081563234,-1.009723,OPTIMAL,OK,OK,0.00033505
matpower/case14,matpower/case14/2017-01-15,RAW,ACTIVESET_LAZY,3.743504743606223,-1.216577,OPTIMAL,OK,OK,0.00033505
matpower/case14,matpower/case14/2017-01-15,RAW,ACTIVESET_LAZY_TOPK128,3.728621838282694,-1.214807,OPTIMAL,OK,OK,0.00033505
matpower/case14,matpower/case14/2017-01-15,RAW,WARM_ACTIVESET_LAZY,3.5565039474670868,-1.193261,OPTIMAL,OK,OK,0.00033505
matpower/case14,matpower/case14/2017-03-15,RAW,RAW,1.0,0.0,OPTIMAL,OK,OK,0.01249344
matpower/case14,matpower/case14/2017-03-15,RAW,RAW_GNN,17.087283314270437,-3.249036,OPTIMAL,OK,OK,0.04041328
matpower/case14,matpower/case14/2017-03-15,RAW,RAW_COMMIT_HINTS,1.8291714502879712,-1.5643529999999999,OPTIMAL,OK,OK,0.03993136
matpower/case14,matpower/case14/2017-03-15,RAW,WARM,0.9815052614783675,0.06502799999999986,OPTIMAL,OK,OK,0.01249344
matpower/case14,matpower/case14/2017-03-15,RAW,WARM_BRANCH_HINTS,0.9562139237644305,0.15802499999999986,OPTIMAL,OK,OK,0.01249344
matpower/case14,matpower/case14/2017-03-15,RAW,WARM_COMMIT_HINTS,0.9678918406497863,0.11448100000000005,OPTIMAL,OK,OK,0.01249344
matpower/case14,matpower/case14/2017-03-15,RAW,WARM_GRU,0.9659366579365672,0.12169799999999986,OPTIMAL,OK,OK,0.01249344
matpower/case14,matpower/case14/2017-03-15,RAW,LAZY_ALL,7.839847610220202,-3.010812,OPTIMAL,OK,OK,0.01249344
matpower/case14,matpower/case14/2017-03-15,RAW,LAZY_TOPK128,7.9736760020240345,-3.0181999999999998,OPTIMAL,OK,OK,0.01249344
matpower/case14,matpower/case14/2017-03-15,RAW,LAZY_BANDIT,7.915335019920227,-3.0150099999999997,OPTIMAL,OK,OK,0.01249344
matpower/case14,matpower/case14/2017-03-15,RAW,LAZY_COMMIT_HINTS,7.12190828399314,-2.966438,OPTIMAL,OK,OK,0.01249344
matpower/case14,matpower/case14/2017-03-15,RAW,LAZY_GNN_T060,7.920003580182313,-3.0152669999999997,OPTIMAL,OK,OK,0.01249344
matpower/case14,matpower/case14/2017-03-15,RAW,LAZY_GNN_T080,8.029892802877825,-3.02123,OPTIMAL,OK,OK,0.01249344
matpower/case14,matpower/case14/2017-03-15,RAW,LAZY_COMMIT_GNN_T060,7.2938683721628195,-2.977862,OPTIMAL,OK,OK,0.01249344
matpower/case14,matpower/case14/2017-03-15,RAW,WARM_LAZY,7.767097296932322,-3.0066889999999997,OPTIMAL,OK,OK,0.01249344
matpower/case14,matpower/case14/2017-03-15,RAW,WARM_LAZY_TOPK128,7.6246467717311335,-2.998388,OPTIMAL,OK,OK,0.01249344
matpower/case14,matpower/case14/2017-03-15,RAW,WARM_LAZY_BANDIT,6.979907730083188,-2.9565799999999998,OPTIMAL,OK,OK,0.01249344
matpower/case14,matpower/case14/2017-03-15,RAW,WARM_LAZY_COMMIT_HINTS,7.6962854428431875,-3.002601,OPTIMAL,OK,OK,0.01249344
matpower/case14,matpower/case14/2017-03-15,RAW,WARM_LAZY_GRU,7.632859569498632,-2.998875,OPTIMAL,OK,OK,0.01249344
matpower/case14,matpower/case14/2017-03-15,RAW,WARM_LAZY_BRANCH_HINTS,7.654530170081003,-3.000155,OPTIMAL,OK,OK,0.01249344
matpower/case14,matpower/case14/2017-03-15,RAW,WARM_LAZY_GNN_T060,7.475276992559379,-2.989344,OPTIMAL,OK,OK,0.01249344
matpower/case14,matpower/case14/2017-03-15,RAW,WARM_LAZY_COMMIT_GNN_T060,7.155681210266363,-2.968725,OPTIMAL,OK,OK,0.01249344
matpower/case14,matpower/case14/2017-03-15,RAW,WARM_LAZY_COMMIT_GRU,7.481386495779118,-2.989721,OPTIMAL,OK,OK,0.01249344
matpower/case14,matpower/case14/2017-03-15,RAW,WARM_LAZY_ML_STACK,7.301090192079447,-2.9783299999999997,OPTIMAL,OK,OK,0.01249344
matpower/case14,matpower/case14/2017-03-15,RAW,WARM_PRUNE_T010,14.73620855306702,-3.216814,OPTIMAL,OK,OK,0.04041328
matpower/case14,matpower/case14/2017-03-15,RAW,WARM_PRUNE_T020,12.067949112475697,-3.165035,OPTIMAL,OK,OK,0.04041328
matpower/case14,matpower/case14/2017-03-15,RAW,WARM_PRUNE_T030,14.314033646906575,-3.209907,OPTIMAL,OK,OK,0.04041328
matpower/case14,matpower/case14/2017-03-15,RAW,WARM_PRUNE_T050,9.046366903551702,-3.06952,OPTIMAL,OK,OK,0.01249344
matpower/case14,matpower/case14/2017-03-15,RAW,WARM_PRUNE_T080,9.0101589506334,-3.067987,OPTIMAL,OK,OK,0.04136892
matpower/case14,matpower/case14/2017-03-15,RAW,WARM_LPSCREEN_T010,9.89817582102395,-3.102349,OPTIMAL,OK,OK,0.04041328
matpower/case14,matpower/case14/2017-03-15,RAW,WARM_LPSCREEN_T020,9.74591425513348,-3.096902,OPTIMAL,OK,OK,0.03979039
matpower/case14,matpower/case14/2017-03-15,RAW,WARM_LPSCREEN_T030,9.680764699281866,-3.094519,OPTIMAL,OK,OK,0.03979039
matpower/case14,matpower/case14/2017-03-15,RAW,WARM_LPSCREEN_T050,8.309013030539424,-3.035667,OPTIMAL,OK,OK,0.01249344
matpower/case14,matpower/case14/2017-03-15,RAW,WARM_LPSCREEN_T080,2.7475472301993027,-2.1949699999999996,OPTIMAL,OK,OK,0.01249344
matpower/case14,matpower/case14/2017-03-15,RAW,WARM_PRUNE_LAZY_T010,7.327366266503034,-2.980025,OPTIMAL,OK,OK,0.01249344
matpower/case14,matpower/case14/2017-03-15,RAW,WARM_PRUNE_LAZY_T020,6.831970304380103,-2.945874,OPTIMAL,OK,OK,0.01249344
matpower/case14,matpower/case14/2017-03-15,RAW,WARM_PRUNE_LAZY_T030,7.572763060880556,-2.995287,OPTIMAL,OK,OK,0.01249344
matpower/case14,matpower/case14/2017-03-15,RAW,WARM_PRUNE_LAZY_T050,7.657332602584101,-3.00032,OPTIMAL,OK,OK,0.01249344
matpower/case14,matpower/case14/2017-03-15,RAW,WARM_PRUNE_LAZY_T080,6.832213768567848,-2.9458919999999997,OPTIMAL,OK,OK,0.01249344
matpower/case14,matpower/case14/2017-03-15,RAW,WARM_LPSCREEN_LAZY_T010,5.974473013586692,-2.873375,OPTIMAL,OK,OK,0.01249344
matpower/case14,matpower/case14/2017-03-15,RAW,WARM_LPSCREEN_LAZY_T020,5.698413327454934,-2.845392,OPTIMAL,OK,OK,0.01249344
matpower/case14,matpower/case14/2017-03-15,RAW,WARM_LPSCREEN_LAZY_T030,6.0557122175915765,-2.881124,OPTIMAL,OK,OK,0.01249344
matpower/case14,matpower/case14/2017-03-15,RAW,WARM_LPSCREEN_LAZY_T050,5.959492363696647,-2.871923,OPTIMAL,OK,OK,0.01249344
matpower/case14,matpower/case14/2017-03-15,RAW,WARM_LPSCREEN_LAZY_T080,5.908061227459567,-2.866882,OPTIMAL,OK,OK,0.01249344
matpower/case14,matpower/case14/2017-03-15,RAW,WARM_SR_LAZY,6.536354338314676,-2.9230289999999997,OPTIMAL,OK,OK,0.01249344
matpower/case14,matpower/case14/2017-03-15,RAW,SHRINK_LAZY,8.40164040189603,-3.040246,OPTIMAL,OK,OK,0.04365305
matpower/case14,matpower/case14/2017-03-15,RAW,STREDUCE,2.976266616990339,-2.291493,OPTIMAL,OK,OK,0.0
matpower/case14,matpower/case14/2017-03-15,RAW,STREDUCE_CONSERVATIVE,2.0000330344584176,-1.725528,OPTIMAL,OK,OK,0.0
matpower/case14,matpower/case14/2017-03-15,RAW,STREDUCE_AGGRESSIVE,2.8400946424162616,-2.235899,OPTIMAL,OK,OK,0.0
matpower/case14,matpower/case14/2017-03-15,RAW,STREDUCE_GRU,2.7651172070304986,-2.2029509999999997,OPTIMAL,OK,OK,0.0
matpower/case14,matpower/case14/2017-03-15,RAW,STREDUCE_LAZY_CONSERVATIVE,1.1219189077688763,-0.37502000000000013,OPTIMAL,OK,OK,0.0
matpower/case14,matpower/case14/2017-03-15,RAW,STREDUCE_LAZY_AGGRESSIVE,1.2451714862502503,-0.679494,OPTIMAL,OK,OK,0.0
matpower/case14,matpower/case14/2017-03-15,RAW,STREDUCE_LAZY_GRU,1.1762553146236765,-0.5171129999999997,OPTIMAL,OK,OK,0.0
matpower/case14,matpower/case14/2017-03-15,RAW,ACTIVESET,16.98117357608562,-3.2477739999999997,OPTIMAL,OK,OK,0.04041328
matpower/case14,matpower/case14/2017-03-15,RAW,ACTIVESET_B500,17.022132231078842,-3.248263,OPTIMAL,OK,OK,0.04041328
matpower/case14,matpower/case14/2017-03-15,RAW,ACTIVESET_B5000,16.8619431061946,-3.246337,OPTIMAL,OK,OK,0.04041328
matpower/case14,matpower/case14/2017-03-15,RAW,ACTIVESET_NOCLEAN,14.79451860997505,-3.217737,OPTIMAL,OK,OK,0.04041328
matpower/case14,matpower/case14/2017-03-15,RAW,WARM_ACTIVESET,14.623992507903145,-3.215017,OPTIMAL,OK,OK,0.04041328
matpower/case14,matpower/case14/2017-03-15,RAW,ACTIVESET_LAZY,7.724624121158671,-3.0042459999999997,OPTIMAL,OK,OK,0.01249344
matpower/case14,matpower/case14/2017-03-15,RAW,ACTIVESET_LAZY_TOPK128,6.906708375111826,-2.95134,OPTIMAL,OK,OK,0.01249344
matpower/case14,matpower/case14/2017-03-15,RAW,WARM_ACTIVESET_LAZY,7.304768315373039,-2.978568,OPTIMAL,OK,OK,0.01249344
matpower/case14,matpower/case14/2017-03-15,RAW,STREDUCE_LAZY,1.1990933309057275,-0.5729919999999997,OPTIMAL,OK,OK,0.0
matpower/case14,matpower/case14/2017-05-15,RAW,RAW,1.0,0.0,OPTIMAL,OK,OK,0.01351316
matpower/case14,matpower/case14/2017-05-15,RAW,RAW_GNN,13.623307010103181,-3.169826,OPTIMAL,OK,OK,0.01351316
matpower/case14,matpower/case14/2017-05-15,RAW,RAW_COMMIT_HINTS,0.6989902147683644,1.4731750000000003,OPTIMAL,OK,OK,0.01351316
matpower/case14,matpower/case14/2017-05-15,RAW,WARM,0.9853130552572102,0.050991999999999926,OPTIMAL,OK,OK,0.01351316
matpower/case14,matpower/case14/2017-05-15,RAW,WARM_BRANCH_HINTS,0.9956152515671561,0.015066000000000024,OPTIMAL,OK,OK,0.01351316
matpower/case14,matpower/case14/2017-05-15,RAW,WARM_COMMIT_HINTS,0.9962537119965379,0.012863999999999987,OPTIMAL,OK,OK,0.01351316
matpower/case14,matpower/case14/2017-05-15,RAW,WARM_GRU,0.9897207117676585,0.03553000000000006,OPTIMAL,OK,OK,0.01351316
matpower/case14,matpower/case14/2017-05-15,RAW,LAZY_ALL,11.828100310834968,-3.131714,OPTIMAL,OK,OK,0.01351316
matpower/case14,matpower/case14/2017-05-15,RAW,LAZY_TOPK128,10.338086949163811,-3.090029,OPTIMAL,OK,OK,0.01351316
matpower/case14,matpower/case14/2017-05-15,RAW,LAZY_BANDIT,12.416285569105693,-3.145415,OPTIMAL,OK,OK,0.01351316
matpower/case14,matpower/case14/2017-05-15,RAW,LAZY_COMMIT_HINTS,9.898366926500119,-3.075329,OPTIMAL,OK,OK,0.01351316
matpower/case14,matpower/case14/2017-05-15,RAW,LAZY_GNN_T060,12.140187944042644,-3.139149,OPTIMAL,OK,OK,0.01351316
matpower/case14,matpower/case14/2017-05-15,RAW,LAZY_GNN_T080,12.062577794703085,-3.137336,OPTIMAL,OK,OK,0.01351316
matpower/case14,matpower/case14/2017-05-15,RAW,LAZY_COMMIT_GNN_T060,10.241921721609637,-3.086922,OPTIMAL,OK,OK,0.01351316
matpower/case14,matpower/case14/2017-05-15,RAW,WARM_LAZY,11.238362275704834,-3.116537,OPTIMAL,OK,OK,0.01351316
matpower/case14,matpower/case14/2017-05-15,RAW,WARM_LAZY_TOPK128,10.987884510996125,-3.109598,OPTIMAL,OK,OK,0.01351316
matpower/case14,matpower/case14/2017-05-15,RAW,WARM_LAZY_BANDIT,11.408440605615954,-3.1210750000000003,OPTIMAL,OK,OK,0.01351316
matpower/case14,matpower/case14/2017-05-15,RAW,WARM_LAZY_COMMIT_HINTS,11.541070934571241,-3.124521,OPTIMAL,OK,OK,0.01351316
matpower/case14,matpower/case14/2017-05-15,RAW,WARM_LAZY_GRU,11.364779477230144,-3.119923,OPTIMAL,OK,OK,0.01351316
matpower/case14,matpower/case14/2017-05-15,RAW,WARM_LAZY_BRANCH_HINTS,10.01825929071368,-3.079465,OPTIMAL,OK,OK,0.01351316
matpower/case14,matpower/case14/2017-05-15,RAW,WARM_LAZY_GNN_T060,11.414569284515464,-3.121236,OPTIMAL,OK,OK,0.01351316
matpower/case14,matpower/case14/2017-05-15,RAW,WARM_LAZY_COMMIT_GNN_T060,10.805193287450134,-3.104334,OPTIMAL,OK,OK,0.01351316
matpower/case14,matpower/case14/2017-05-15,RAW,WARM_LAZY_COMMIT_GRU,9.46680743079635,-3.059574,OPTIMAL,OK,OK,0.01351316
matpower/case14,matpower/case14/2017-05-15,RAW,WARM_LAZY_ML_STACK,10.297073661144287,-3.088711,OPTIMAL,OK,OK,0.01351316
matpower/case14,matpower/case14/2017-05-15,RAW,WARM_PRUNE_T010,11.635595872193084,-3.126929,OPTIMAL,OK,OK,0.01351316
matpower/case14,matpower/case14/2017-05-15,RAW,WARM_PRUNE_T020,12.091057536996654,-3.138004,OPTIMAL,OK,OK,0.01351316
matpower/case14,matpower/case14/2017-05-15,RAW,WARM_PRUNE_T030,11.673036173109535,-3.127872,OPTIMAL,OK,OK,0.01351316
matpower/case14,matpower/case14/2017-05-15,RAW,WARM_PRUNE_T050,11.139844996580807,-3.113845,OPTIMAL,OK,OK,0.01351316
matpower/case14,matpower/case14/2017-05-15,RAW,WARM_PRUNE_T080,9.173202798402905,-3.0480080000000003,OPTIMAL,OK,OK,0.04037399
matpower/case14,matpower/case14/2017-05-15,RAW,WARM_LPSCREEN_T010,8.878926618339056,-3.035648,OPTIMAL,OK,OK,0.01351316
matpower/case14,matpower/case14/2017-05-15,RAW,WARM_LPSCREEN_T020,8.796212491321901,-3.032025,OPTIMAL,OK,OK,0.01351316
matpower/case14,matpower/case14/2017-05-15,RAW,WARM_LPSCREEN_T030,8.775678518290492,-3.0311150000000002,OPTIMAL,OK,OK,0.01351316
matpower/case14,matpower/case14/2017-05-15,RAW,WARM_LPSCREEN_T050,8.345636937158917,-3.011028,OPTIMAL,OK,OK,0.01351316
matpower/case14,matpower/case14/2017-05-15,RAW,WARM_LPSCREEN_T080,3.5585179806873137,-2.459598,OPTIMAL,OK,OK,0.01351316
matpower/case14,matpower/case14/2017-05-15,RAW,WARM_PRUNE_LAZY_T010,10.828108036248421,-3.105004,OPTIMAL,OK,OK,0.01351316
matpower/case14,matpower/case14/2017-05-15,RAW,WARM_PRUNE_LAZY_T020,10.95509000252987,-3.108666,OPTIMAL,OK,OK,0.01351316
matpower/case14,matpower/case14/2017-05-15,RAW,WARM_PRUNE_LAZY_T030,11.032320378737307,-3.110852,OPTIMAL,OK,OK,0.01351316
matpower/case14,matpower/case14/2017-05-15,RAW,WARM_PRUNE_LAZY_T050,11.484580625235,-3.123063,OPTIMAL,OK,OK,0.01351316
matpower/case14,matpower/case14/2017-05-15,RAW,WARM_PRUNE_LAZY_T080,11.209124092374635,-3.115743,OPTIMAL,OK,OK,0.01351316
matpower/case14,matpower/case14/2017-05-15,RAW,WARM_LPSCREEN_LAZY_T010,7.196302279889098,-2.945561,OPTIMAL,OK,OK,0.01351316
matpower/case14,matpower/case14/2017-05-15,RAW,WARM_LPSCREEN_LAZY_T020,8.299735063347034,-3.0087610000000002,OPTIMAL,OK,OK,0.01351316
matpower/case14,matpower/case14/2017-05-15,RAW,WARM_LPSCREEN_LAZY_T030,8.255490693392344,-3.006552,OPTIMAL,OK,OK,0.01351316
matpower/case14,matpower/case14/2017-05-15,RAW,WARM_LPSCREEN_LAZY_T050,8.493583138638469,-3.018168,OPTIMAL,OK,OK,0.01351316
matpower/case14,matpower/case14/2017-05-15,RAW,WARM_LPSCREEN_LAZY_T080,7.454609045068446,-2.962033,OPTIMAL,OK,OK,0.01351316
matpower/case14,matpower/case14/2017-05-15,RAW,WARM_SR_LAZY,5.967885154843482,-2.8477110000000003,OPTIMAL,OK,OK,0.01351316
matpower/case14,matpower/case14/2017-05-15,RAW,SHRINK_LAZY,9.679352962147663,-3.0675090000000003,OPTIMAL,OK,OK,0.02408227
matpower/case14,matpower/case14/2017-05-15,RAW,STREDUCE_CONSERVATIVE,0.18608654358212254,14.962634999999999,OPTIMAL,OK,OK,0.0
matpower/case14,matpower/case14/2017-05-15,RAW,STREDUCE_AGGRESSIVE,0.1864267519679268,14.929086999999999,OPTIMAL,OK,OK,0.0
matpower/case14,matpower/case14/2017-05-15,RAW,STREDUCE_GRU,0.1867876639828648,14.893631,OPTIMAL,OK,OK,0.0
matpower/case14,matpower/case14/2017-05-15,RAW,STREDUCE_LAZY,0.18670400963347686,14.901837,OPTIMAL,OK,OK,0.0
matpower/case14,matpower/case14/2017-05-15,RAW,STREDUCE_LAZY_CONSERVATIVE,0.1862206105658933,14.9494,OPTIMAL,OK,OK,0.0
matpower/case14,matpower/case14/2017-05-15,RAW,STREDUCE_LAZY_AGGRESSIVE,0.18684846896590598,14.887671000000001,OPTIMAL,OK,OK,0.0
matpower/case14,matpower/case14/2017-05-15,RAW,STREDUCE_LAZY_GRU,0.18681453163980732,14.890996999999999,OPTIMAL,OK,OK,0.0
matpower/case14,matpower/case14/2017-05-15,RAW,ACTIVESET,10.903100478712894,-3.107177,OPTIMAL,OK,OK,0.01351316
matpower/case14,matpower/case14/2017-05-15,RAW,ACTIVESET_B500,12.925577335791797,-3.1562710000000003,OPTIMAL,OK,OK,0.01351316
matpower/case14,matpower/case14/2017-05-15,RAW,ACTIVESET_B5000,13.166709645635196,-3.161118,OPTIMAL,OK,OK,0.01351316
matpower/case14,matpower/case14/2017-05-15,RAW,ACTIVESET_NOCLEAN,11.093317292413856,-3.1125570000000002,OPTIMAL,OK,OK,0.01351316
matpower/case14,matpower/case14/2017-05-15,RAW,WARM_ACTIVESET,11.634250442116718,-3.126895,OPTIMAL,OK,OK,0.01351316
matpower/case14,matpower/case14/2017-05-15,RAW,ACTIVESET_LAZY,11.483501174890904,-3.1230350000000002,OPTIMAL,OK,OK,0.01351316
matpower/case14,matpower/case14/2017-05-15,RAW,ACTIVESET_LAZY_TOPK128,11.303308453026442,-3.118286,OPTIMAL,OK,OK,0.01351316
matpower/case14,matpower/case14/2017-05-15,RAW,WARM_ACTIVESET_LAZY,10.731974739695257,-3.102174,OPTIMAL,OK,OK,0.01351316
matpower/case14,matpower/case14/2017-05-15,RAW,STREDUCE,0.1869354398732946,14.879152999999999,OPTIMAL,OK,OK,0.0
matpower/case14,matpower/case14/2017-07-15,RAW,RAW,1.0,0.0,OPTIMAL,OK,OK,0.00788338
matpower/case14,matpower/case14/2017-07-15,RAW,RAW_GNN,8.959351946357282,-3.080309,OPTIMAL,OK,OK,0.00788338
matpower/case14,matpower/case14/2017-07-15,RAW,RAW_COMMIT_HINTS,1.0971394686997085,-0.30699200000000015,OPTIMAL,OK,OK,0.00788338
matpower/case14,matpower/case14/2017-07-15,RAW,WARM,1.0354595611566115,-0.11873900000000015,OPTIMAL,OK,OK,0.00788338
matpower/case14,matpower/case14/2017-07-15,RAW,WARM_BRANCH_HINTS,0.9863016893900388,0.04815600000000009,OPTIMAL,OK,OK,0.00788338
matpower/case14,matpower/case14/2017-07-15,RAW,WARM_COMMIT_HINTS,0.9857013751662705,0.050297000000000036,OPTIMAL,OK,OK,0.00788338
matpower/case14,matpower/case14/2017-07-15,RAW,WARM_GRU,0.9497632517912935,0.18339999999999979,OPTIMAL,OK,OK,0.00788338
matpower/case14,matpower/case14/2017-07-15,RAW,LAZY_ALL,12.001779162339911,-3.178414,OPTIMAL,OK,OK,0.00788338
matpower/case14,matpower/case14/2017-07-15,RAW,LAZY_TOPK128,11.993808199465914,-3.178222,OPTIMAL,OK,OK,0.00788338
matpower/case14,matpower/case14/2017-07-15,RAW,LAZY_BANDIT,11.925044452622275,-3.176555,OPTIMAL,OK,OK,0.00788338
matpower/case14,matpower/case14/2017-07-15,RAW,LAZY_COMMIT_HINTS,5.8046875261580695,-2.869984,OPTIMAL,OK,OK,0.00788338
matpower/case14,matpower/case14/2017-07-15,RAW,LAZY_GNN_T060,10.134937082559958,-3.125199,OPTIMAL,OK,OK,0.00788338
matpower/case14,matpower/case14/2017-07-15,RAW,LAZY_GNN_T080,11.727805607324902,-3.171665,OPTIMAL,OK,OK,0.00788338
matpower/case14,matpower/case14/2017-07-15,RAW,LAZY_COMMIT_GNN_T060,5.864924432716785,-2.876119,OPTIMAL,OK,OK,0.00788338
matpower/case14,matpower/case14/2017-07-15,RAW,WARM_LAZY,11.135921737650266,-3.155951,OPTIMAL,OK,OK,0.00788338
matpower/case14,matpower/case14/2017-07-15,RAW,WARM_LAZY_TOPK128,11.042682616117608,-3.153322,OPTIMAL,OK,OK,0.00788338
matpower/case14,matpower/case14/2017-07-15,RAW,WARM_LAZY_BANDIT,11.097855206429578,-3.154883,OPTIMAL,OK,OK,0.00788338
matpower/case14,matpower/case14/2017-07-15,RAW,WARM_LAZY_COMMIT_HINTS,10.865031366920903,-3.148188,OPTIMAL,OK,OK,0.00788338
matpower/case14,matpower/case14/2017-07-15,RAW,WARM_LAZY_GRU,11.264352057905286,-3.159501,OPTIMAL,OK,OK,0.00788338
matpower/case14,matpower/case14/2017-07-15,RAW,WARM_LAZY_BRANCH_HINTS,11.31157349410168,-3.160786,OPTIMAL,OK,OK,0.00788338
matpower/case14,matpower/case14/2017-07-15,RAW,WARM_LAZY_GNN_T060,11.22711229981155,-3.15848,OPTIMAL,OK,OK,0.00788338
matpower/case14,matpower/case14/2017-07-15,RAW,WARM_LAZY_COMMIT_GNN_T060,10.742933450657313,-3.144561,OPTIMAL,OK,OK,0.00788338
matpower/case14,matpower/case14/2017-07-15,RAW,WARM_LAZY_COMMIT_GRU,10.220286625518042,-3.128056,OPTIMAL,OK,OK,0.00788338
matpower/case14,matpower/case14/2017-07-15,RAW,WARM_LAZY_ML_STACK,10.787923100616975,-3.1459070000000002,OPTIMAL,OK,OK,0.00788338
matpower/case14,matpower/case14/2017-07-15,RAW,WARM_PRUNE_T010,8.249204774446197,-3.046993,OPTIMAL,OK,OK,0.00788338
matpower/case14,matpower/case14/2017-07-15,RAW,WARM_PRUNE_T020,11.21168341099208,-3.158055,OPTIMAL,OK,OK,0.00788338
matpower/case14,matpower/case14/2017-07-15,RAW,WARM_PRUNE_T030,11.865626336772582,-3.175099,OPTIMAL,OK,OK,0.00788338
matpower/case14,matpower/case14/2017-07-15,RAW,WARM_PRUNE_T050,10.176701075104708,-3.1266030000000002,OPTIMAL,OK,OK,0.00788338
matpower/case14,matpower/case14/2017-07-15,RAW,WARM_PRUNE_T080,4.179828458112075,-2.637779,OPTIMAL,OK,OK,0.0290946
matpower/case14,matpower/case14/2017-07-15,RAW,WARM_LPSCREEN_T010,6.531429777005874,-2.936448,OPTIMAL,OK,OK,0.00788338
matpower/case14,matpower/case14/2017-07-15,RAW,WARM_LPSCREEN_T020,8.634179989043279,-3.065734,OPTIMAL,OK,OK,0.00788338
matpower/case14,matpower/case14/2017-07-15,RAW,WARM_LPSCREEN_T030,7.715944544584641,-3.017944,OPTIMAL,OK,OK,0.00788338
matpower/case14,matpower/case14/2017-07-15,RAW,WARM_LPSCREEN_T050,7.950275723703067,-3.031189,OPTIMAL,OK,OK,0.00788338
matpower/case14,matpower/case14/2017-07-15,RAW,WARM_LPSCREEN_T080,2.8925860731298334,-2.268624,OPTIMAL,OK,OK,0.00847009
matpower/case14,matpower/case14/2017-07-15,RAW,WARM_PRUNE_LAZY_T010,10.813560167786804,-3.146669,OPTIMAL,OK,OK,0.00788338
matpower/case14,matpower/case14/2017-07-15,RAW,WARM_PRUNE_LAZY_T020,11.030492557398224,-3.152975,OPTIMAL,OK,OK,0.00788338
matpower/case14,matpower/case14/2017-07-15,RAW,WARM_PRUNE_LAZY_T030,9.509781818680489,-3.102709,OPTIMAL,OK,OK,0.00788338
matpower/case14,matpower/case14/2017-07-15,RAW,WARM_PRUNE_LAZY_T050,10.955074675437517,-3.150811,OPTIMAL,OK,OK,0.00788338
matpower/case14,matpower/case14/2017-07-15,RAW,WARM_PRUNE_LAZY_T080,11.087740953452974,-3.154598,OPTIMAL,OK,OK,0.00788338
matpower/case14,matpower/case14/2017-07-15,RAW,WARM_LPSCREEN_LAZY_T010,8.074487210537102,-3.037898,OPTIMAL,OK,OK,0.00788338
matpower/case14,matpower/case14/2017-07-15,RAW,WARM_LPSCREEN_LAZY_T020,8.19345386489469,-3.044133,OPTIMAL,OK,OK,0.00788338
matpower/case14,matpower/case14/2017-07-15,RAW,WARM_LPSCREEN_LAZY_T030,7.762724386672697,-3.020652,OPTIMAL,OK,OK,0.00788338
matpower/case14,matpower/case14/2017-07-15,RAW,WARM_LPSCREEN_LAZY_T050,7.351845216008481,-2.995689,OPTIMAL,OK,OK,0.00788338
matpower/case14,matpower/case14/2017-07-15,RAW,WARM_LPSCREEN_LAZY_T080,8.25609924518418,-3.047344,OPTIMAL,OK,OK,0.00788338
matpower/case14,matpower/case14/2017-07-15,RAW,WARM_SR_LAZY,6.999640662473049,-2.971958,OPTIMAL,OK,OK,0.00847009
matpower/case14,matpower/case14/2017-07-15,RAW,SHRINK_LAZY,9.856372091965525,-3.11553,OPTIMAL,OK,OK,0.0348774
matpower/case14,matpower/case14/2017-07-15,RAW,STREDUCE,8.150120701124271,-3.041883,OPTIMAL,OK,OK,0.00090076
matpower/case14,matpower/case14/2017-07-15,RAW,STREDUCE_CONSERVATIVE,8.834123584999402,-3.074823,OPTIMAL,OK,OK,0.00217756
matpower/case14,matpower/case14/2017-07-15,RAW,STREDUCE_AGGRESSIVE,10.56241679841837,-3.139045,OPTIMAL,OK,OK,0.00090076
matpower/case14,matpower/case14/2017-07-15,RAW,STREDUCE_GRU,10.162860701985784,-3.1261390000000002,OPTIMAL,OK,OK,0.00090076
matpower/case14,matpower/case14/2017-07-15,RAW,STREDUCE_LAZY,9.179296432391219,-3.089582,OPTIMAL,OK,OK,0.01170441
matpower/case14,matpower/case14/2017-07-15,RAW,STREDUCE_LAZY_CONSERVATIVE,10.212610415506918,-3.127801,OPTIMAL,OK,OK,0.02586655
matpower/case14,matpower/case14/2017-07-15,RAW,STREDUCE_LAZY_AGGRESSIVE,10.479257965267745,-3.13644,OPTIMAL,OK,OK,0.00090082
matpower/case14,matpower/case14/2017-07-15,RAW,STREDUCE_LAZY_GRU,10.200742553867517,-3.127406,OPTIMAL,OK,OK,0.01170441
matpower/case14,matpower/case14/2017-07-15,RAW,ACTIVESET,8.655323652829887,-3.066715,OPTIMAL,OK,OK,0.00788338
matpower/case14,matpower/case14/2017-07-15,RAW,ACTIVESET_B500,8.687963236731196,-3.06822,OPTIMAL,OK,OK,0.00788338
matpower/case14,matpower/case14/2017-07-15,RAW,ACTIVESET_B5000,7.957537632508429,-3.031587,OPTIMAL,OK,OK,0.00788338
matpower/case14,matpower/case14/2017-07-15,RAW,ACTIVESET_NOCLEAN,8.700018316810567,-3.068773,OPTIMAL,OK,OK,0.00788338
matpower/case14,matpower/case14/2017-07-15,RAW,WARM_ACTIVESET,7.7169062170330776,-3.018,OPTIMAL,OK,OK,0.00788338
matpower/case14,matpower/case14/2017-07-15,RAW,ACTIVESET_LAZY,9.865991731186742,-3.115873,OPTIMAL,OK,OK,0.00788338
matpower/case14,matpower/case14/2017-07-15,RAW,ACTIVESET_LAZY_TOPK128,11.310761702821726,-3.160764,OPTIMAL,OK,OK,0.00788338
matpower/case14,matpower/case14/2017-07-15,RAW,WARM_ACTIVESET_LAZY,9.12148603357834,-3.087188,OPTIMAL,OK,OK,0.00788338
matpower/case14,matpower/case14/2017-09-15,RAW,RAW,1.0,0.0,OPTIMAL,OK,OK,0.00833051
matpower/case14,matpower/case14/2017-09-15,RAW,RAW_GNN,14.348682165051104,-3.3917800000000002,OPTIMAL,OK,OK,0.00833051
matpower/case14,matpower/case14/2017-09-15,RAW,RAW_COMMIT_HINTS,1.9581054793446397,-1.783933,OPTIMAL,OK,OK,0.0236709
matpower/case14,matpower/case14/2017-09-15,RAW,WARM,1.00599867940756,-0.02173999999999987,OPTIMAL,OK,OK,0.00833051
matpower/case14,matpower/case14/2017-09-15,RAW,WARM_BRANCH_HINTS,0.9800933998078455,0.07405099999999987,OPTIMAL,OK,OK,0.00833051
matpower/case14,matpower/case14/2017-09-15,RAW,WARM_COMMIT_HINTS,0.9672659364425958,0.12338300000000002,OPTIMAL,OK,OK,0.00833051
matpower/case14,matpower/case14/2017-09-15,RAW,WARM_GRU,0.9690859675586596,0.11630399999999996,OPTIMAL,OK,OK,0.00833051
matpower/case14,matpower/case14/2017-09-15,RAW,LAZY_ALL,12.117359080031907,-3.3449910000000003,OPTIMAL,OK,OK,0.00395907
matpower/case14,matpower/case14/2017-09-15,RAW,LAZY_TOPK128,11.873094082782428,-3.338801,OPTIMAL,OK,OK,0.00395907
matpower/case14,matpower/case14/2017-09-15,RAW,LAZY_BANDIT,11.869074205499164,-3.3386970000000002,OPTIMAL,OK,OK,0.00395907
matpower/case14,matpower/case14/2017-09-15,RAW,LAZY_COMMIT_HINTS,5.5500565529062715,-2.988964,OPTIMAL,OK,OK,0.00395907
matpower/case14,matpower/case14/2017-09-15,RAW,LAZY_GNN_T060,11.870735940038616,-3.33874,OPTIMAL,OK,OK,0.00395907
matpower/case14,matpower/case14/2017-09-15,RAW,LAZY_GNN_T080,12.003578812900846,-3.342139,OPTIMAL,OK,OK,0.00395907
matpower/case14,matpower/case14/2017-09-15,RAW,LAZY_COMMIT_GNN_T060,5.471659970674707,-2.979552,OPTIMAL,OK,OK,0.00395907
matpower/case14,matpower/case14/2017-09-15,RAW,WARM_LAZY,9.746806644958804,-3.271813,OPTIMAL,OK,OK,0.00395907
matpower/case14,matpower/case14/2017-09-15,RAW,WARM_LAZY_TOPK128,11.143863628027534,-3.318707,OPTIMAL,OK,OK,0.00395907
matpower/case14,matpower/case14/2017-09-15,RAW,WARM_LAZY_BANDIT,10.874010910186321,-3.310588,OPTIMAL,OK,OK,0.00395907
matpower/case14,matpower/case14/2017-09-15,RAW,WARM_LAZY_COMMIT_HINTS,9.777651135223854,-3.272993,OPTIMAL,OK,OK,0.00395907
matpower/case14,matpower/case14/2017-09-15,RAW,WARM_LAZY_GRU,11.194951346604396,-3.3202000000000003,OPTIMAL,OK,OK,0.00395907
matpower/case14,matpower/case14/2017-09-15,RAW,WARM_LAZY_BRANCH_HINTS,10.866621362637886,-3.31036,OPTIMAL,OK,OK,0.00395907
matpower/case14,matpower/case14/2017-09-15,RAW,WARM_LAZY_GNN_T060,11.136306989303147,-3.318485,OPTIMAL,OK,OK,0.00395907
matpower/case14,matpower/case14/2017-09-15,RAW,WARM_LAZY_COMMIT_GNN_T060,10.84448060060203,-3.309675,OPTIMAL,OK,OK,0.00395907
matpower/case14,matpower/case14/2017-09-15,RAW,WARM_LAZY_COMMIT_GRU,11.009992691956926,-3.3147290000000003,OPTIMAL,OK,OK,0.00395907
matpower/case14,matpower/case14/2017-09-15,RAW,WARM_LAZY_ML_STACK,9.430334367102851,-3.2592600000000003,OPTIMAL,OK,OK,0.00395907
matpower/case14,matpower/case14/2017-09-15,RAW,WARM_PRUNE_T010,12.659977637646536,-3.357887,OPTIMAL,OK,OK,0.00833051
matpower/case14,matpower/case14/2017-09-15,RAW,WARM_PRUNE_T020,11.685446521004742,-3.33387,OPTIMAL,OK,OK,0.00833051
matpower/case14,matpower/case14/2017-09-15,RAW,WARM_PRUNE_T030,10.085006389794033,-3.284357,OPTIMAL,OK,OK,0.00833051
matpower/case14,matpower/case14/2017-09-15,RAW,WARM_PRUNE_T050,12.268389775755782,-3.348695,OPTIMAL,OK,OK,0.00406015
matpower/case14,matpower/case14/2017-09-15,RAW,WARM_PRUNE_T080,8.6943491884828,-3.226533,OPTIMAL,OK,OK,0.02350702
matpower/case14,matpower/case14/2017-09-15,RAW,WARM_LPSCREEN_T010,8.968976477129038,-3.239373,OPTIMAL,OK,OK,0.00833051
matpower/case14,matpower/case14/2017-09-15,RAW,WARM_LPSCREEN_T020,9.041845435020907,-3.242649,OPTIMAL,OK,OK,0.00833051
matpower/case14,matpower/case14/2017-09-15,RAW,WARM_LPSCREEN_T030,8.63856309501808,-3.223825,OPTIMAL,OK,OK,0.00833051
matpower/case14,matpower/case14/2017-09-15,RAW,WARM_LPSCREEN_T050,8.874943099524106,-3.235066,OPTIMAL,OK,OK,0.00406015
matpower/case14,matpower/case14/2017-09-15,RAW,WARM_LPSCREEN_T080,6.8683235874790896,-3.115047,OPTIMAL,OK,OK,0.02350702
matpower/case14,matpower/case14/2017-09-15,RAW,WARM_PRUNE_LAZY_T010,10.7302193209644,-3.306095,OPTIMAL,OK,OK,0.00395907
matpower/case14,matpower/case14/2017-09-15,RAW,WARM_PRUNE_LAZY_T020,11.84054963398871,-3.3379570000000003,OPTIMAL,OK,OK,0.00395907
matpower/case14,matpower/case14/2017-09-15,RAW,WARM_PRUNE_LAZY_T030,11.400044401085639,-3.326059,OPTIMAL,OK,OK,0.00395907
matpower/case14,matpower/case14/2017-09-15,RAW,WARM_PRUNE_LAZY_T050,11.082483220660475,-3.316895,OPTIMAL,OK,OK,0.00395907
matpower/case14,matpower/case14/2017-09-15,RAW,WARM_PRUNE_LAZY_T080,11.656082254057875,-3.333084,OPTIMAL,OK,OK,0.00395907
matpower/case14,matpower/case14/2017-09-15,RAW,WARM_LPSCREEN_LAZY_T010,8.054556862190624,-3.193224,OPTIMAL,OK,OK,0.00395907
matpower/case14,matpower/case14/2017-09-15,RAW,WARM_LPSCREEN_LAZY_T020,8.151842949613746,-3.198626,OPTIMAL,OK,OK,0.00395907
matpower/case14,matpower/case14/2017-09-15,RAW,WARM_LPSCREEN_LAZY_T030,7.597685603897755,-3.166005,OPTIMAL,OK,OK,0.00395907
matpower/case14,matpower/case14/2017-09-15,RAW,WARM_LPSCREEN_LAZY_T050,8.164091505551152,-3.199297,OPTIMAL,OK,OK,0.00395907
matpower/case14,matpower/case14/2017-09-15,RAW,WARM_LPSCREEN_LAZY_T080,8.361284004751836,-3.209829,OPTIMAL,OK,OK,0.00395907
matpower/case14,matpower/case14/2017-09-15,RAW,WARM_SR_LAZY,7.12476598438984,-3.134153,OPTIMAL,OK,OK,0.00833051
matpower/case14,matpower/case14/2017-09-15,RAW,SHRINK_LAZY,10.653059137381405,-3.303634,OPTIMAL,OK,OK,0.01406863
matpower/case14,matpower/case14/2017-09-15,RAW,STREDUCE,10.39951109729278,-3.29529,OPTIMAL,OK,OK,0.00459616
matpower/case14,matpower/case14/2017-09-15,RAW,STREDUCE_CONSERVATIVE,11.042070991580351,-3.315691,OPTIMAL,OK,OK,0.00992807
matpower/case14,matpower/case14/2017-09-15,RAW,STREDUCE_AGGRESSIVE,9.508818006363779,-3.262451,OPTIMAL,OK,OK,0.00421182
matpower/case14,matpower/case14/2017-09-15,RAW,STREDUCE_GRU,9.702245486672911,-3.270095,OPTIMAL,OK,OK,0.00459616
matpower/case14,matpower/case14/2017-09-15,RAW,STREDUCE_LAZY,11.05895181936204,-3.316195,OPTIMAL,OK,OK,0.00120081
matpower/case14,matpower/case14/2017-09-15,RAW,STREDUCE_LAZY_CONSERVATIVE,11.135388637592277,-3.318458,OPTIMAL,OK,OK,0.0065509
matpower/case14,matpower/case14/2017-09-15,RAW,STREDUCE_LAZY_AGGRESSIVE,9.637054012761752,-3.267553,OPTIMAL,OK,OK,0.00459232
matpower/case14,matpower/case14/2017-09-15,RAW,STREDUCE_LAZY_GRU,9.669975863989604,-3.268841,OPTIMAL,OK,OK,0.00120081
matpower/case14,matpower/case14/2017-09-15,RAW,ACTIVESET,13.797887478522824,-3.381637,OPTIMAL,OK,OK,0.00833051
matpower/case14,matpower/case14/2017-09-15,RAW,ACTIVESET_B500,13.657505150777299,-3.378921,OPTIMAL,OK,OK,0.00833051
matpower/case14,matpower/case14/2017-09-15,RAW,ACTIVESET_B5000,13.823102763201797,-3.3821190000000003,OPTIMAL,OK,OK,0.00833051
matpower/case14,matpower/case14/2017-09-15,RAW,ACTIVESET_NOCLEAN,12.849020430171947,-3.362124,OPTIMAL,OK,OK,0.00833051
matpower/case14,matpower/case14/2017-09-15,RAW,WARM_ACTIVESET,12.506675494144364,-3.3543570000000003,OPTIMAL,OK,OK,0.00833051
matpower/case14,matpower/case14/2017-09-15,RAW,ACTIVESET_LAZY,11.31822217531137,-3.323747,OPTIMAL,OK,OK,0.00395907
matpower/case14,matpower/case14/2017-09-15,RAW,ACTIVESET_LAZY_TOPK128,11.213958581319456,-3.320752,OPTIMAL,OK,OK,0.00395907
matpower/case14,matpower/case14/2017-09-15,RAW,WARM_ACTIVESET_LAZY,10.609596116855188,-3.302232,OPTIMAL,OK,OK,0.00395907
matpower/case14,matpower/case14/2017-11-15,RAW,RAW,1.0,0.0,OPTIMAL,OK,OK,0.00619405
matpower/case14,matpower/case14/2017-11-15,RAW,RAW_GNN,7.645870907974489,-3.1063,OPTIMAL,OK,OK,0.00619405
matpower/case14,matpower/case14/2017-11-15,RAW,RAW_COMMIT_HINTS,0.9917638462321914,0.029678000000000093,OPTIMAL,OK,OK,0.00619405
matpower/case14,matpower/case14/2017-11-15,RAW,WARM,0.9738247187826997,0.09605700000000006,OPTIMAL,OK,OK,0.00619405
matpower/case14,matpower/case14/2017-11-15,RAW,WARM_BRANCH_HINTS,0.9949275081899027,0.018219999999999903,OPTIMAL,OK,OK,0.00619405
matpower/case14,matpower/case14/2017-11-15,RAW,WARM_COMMIT_HINTS,0.9969258433636295,0.011019999999999808,OPTIMAL,OK,OK,0.00619405
matpower/case14,matpower/case14/2017-11-15,RAW,WARM_GRU,0.9596920029582668,0.15009899999999998,OPTIMAL,OK,OK,0.00619405
matpower/case14,matpower/case14/2017-11-15,RAW,LAZY_ALL,12.485947774074308,-3.287485,OPTIMAL,OK,OK,0.00619405
matpower/case14,matpower/case14/2017-11-15,RAW,LAZY_TOPK128,12.698643328216498,-3.292279,OPTIMAL,OK,OK,0.00619405
matpower/case14,matpower/case14/2017-11-15,RAW,LAZY_BANDIT,10.828123342998857,-3.243664,OPTIMAL,OK,OK,0.00619405
matpower/case14,matpower/case14/2017-11-15,RAW,LAZY_COMMIT_HINTS,12.21298634724809,-3.281088,OPTIMAL,OK,OK,0.00619405
matpower/case14,matpower/case14/2017-11-15,RAW,LAZY_GNN_T060,12.246761569251014,-3.281895,OPTIMAL,OK,OK,0.00619405
matpower/case14,matpower/case14/2017-11-15,RAW,LAZY_GNN_T080,12.619631620207214,-3.290517,OPTIMAL,OK,OK,0.00619405
matpower/case14,matpower/case14/2017-11-15,RAW,LAZY_COMMIT_GNN_T060,12.354084204194654,-3.28443,OPTIMAL,OK,OK,0.00619405
matpower/case14,matpower/case14/2017-11-15,RAW,WARM_LAZY,11.653936710016566,-3.267051,OPTIMAL,OK,OK,0.00619405
matpower/case14,matpower/case14/2017-11-15,RAW,WARM_LAZY_TOPK128,11.73572073625273,-3.269188,OPTIMAL,OK,OK,0.00619405
matpower/case14,matpower/case14/2017-11-15,RAW,WARM_LAZY_BANDIT,11.69156756579916,-3.268038,OPTIMAL,OK,OK,0.00619405
matpower/case14,matpower/case14/2017-11-15,RAW,WARM_LAZY_COMMIT_HINTS,11.269280617055427,-3.256584,OPTIMAL,OK,OK,0.00619405
matpower/case14,matpower/case14/2017-11-15,RAW,WARM_LAZY_GRU,11.663940285062452,-3.267314,OPTIMAL,OK,OK,0.00619405
matpower/case14,matpower/case14/2017-11-15,RAW,WARM_LAZY_BRANCH_HINTS,11.552408783663653,-3.2643560000000003,OPTIMAL,OK,OK,0.00619405
matpower/case14,matpower/case14/2017-11-15,RAW,WARM_LAZY_GNN_T060,9.676650095312365,-3.204391,OPTIMAL,OK,OK,0.00619405
matpower/case14,matpower/case14/2017-11-15,RAW,WARM_LAZY_COMMIT_GNN_T060,11.124194175966133,-3.2524480000000002,OPTIMAL,OK,OK,0.00619405
matpower/case14,matpower/case14/2017-11-15,RAW,WARM_LAZY_COMMIT_GRU,11.257459395436161,-3.2562510000000002,OPTIMAL,OK,OK,0.00619405
matpower/case14,matpower/case14/2017-11-15,RAW,WARM_LAZY_ML_STACK,11.04856641129805,-3.250249,OPTIMAL,OK,OK,0.00619405
matpower/case14,matpower/case14/2017-11-15,RAW,WARM_PRUNE_T010,6.851096093937215,-3.052078,OPTIMAL,OK,OK,0.00619405
matpower/case14,matpower/case14/2017-11-15,RAW,WARM_PRUNE_T020,7.0259000839482,-3.0650560000000002,OPTIMAL,OK,OK,0.00619405
matpower/case14,matpower/case14/2017-11-15,RAW,WARM_PRUNE_T030,6.549754043077284,-3.028079,OPTIMAL,OK,OK,0.00619405
matpower/case14,matpower/case14/2017-11-15,RAW,WARM_PRUNE_T050,6.784824954434995,-3.046983,OPTIMAL,OK,OK,0.00619405
matpower/case14,matpower/case14/2017-11-15,RAW,WARM_PRUNE_T080,16.11096935325357,-3.3518850000000002,OPTIMAL,OK,OK,0.03341907
matpower/case14,matpower/case14/2017-11-15,RAW,WARM_LPSCREEN_T010,5.8114850602825,-2.958765,OPTIMAL,OK,OK,0.00619405
matpower/case14,matpower/case14/2017-11-15,RAW,WARM_LPSCREEN_T020,5.477006614640486,-2.921211,OPTIMAL,OK,OK,0.00619405
matpower/case14,matpower/case14/2017-11-15,RAW,WARM_LPSCREEN_T030,11.072460310575172,-3.250947,OPTIMAL,OK,OK,0.03341907
matpower/case14,matpower/case14/2017-11-15,RAW,WARM_LPSCREEN_T050,8.881059950894144,-3.171307,OPTIMAL,OK,OK,0.00619405
matpower/case14,matpower/case14/2017-11-15,RAW,WARM_LPSCREEN_T080,7.544694524258399,-3.100032,OPTIMAL,OK,OK,0.01464576
matpower/case14,matpower/case14/2017-11-15,RAW,WARM_PRUNE_LAZY_T010,11.103008065418122,-3.2518350000000003,OPTIMAL,OK,OK,0.00619405
matpower/case14,matpower/case14/2017-11-15,RAW,WARM_PRUNE_LAZY_T020,11.207784632078756,-3.2548440000000003,OPTIMAL,OK,OK,0.00619405
matpower/case14,matpower/case14/2017-11-15,RAW,WARM_PRUNE_LAZY_T030,11.38927203309346,-3.259925,OPTIMAL,OK,OK,0.00619405
matpower/case14,matpower/case14/2017-11-15,RAW,WARM_PRUNE_LAZY_T050,11.281197914036062,-3.256919,OPTIMAL,OK,OK,0.00619405
matpower/case14,matpower/case14/2017-11-15,RAW,WARM_PRUNE_LAZY_T080,11.483547663575427,-3.2625010000000003,OPTIMAL,OK,OK,0.00619405
matpower/case14,matpower/case14/2017-11-15,RAW,WARM_LPSCREEN_LAZY_T010,8.549671884457394,-3.15571,OPTIMAL,OK,OK,0.00619405
matpower/case14,matpower/case14/2017-11-15,RAW,WARM_LPSCREEN_LAZY_T020,8.422367084520552,-3.149392,OPTIMAL,OK,OK,0.00619405
matpower/case14,matpower/case14/2017-11-15,RAW,WARM_LPSCREEN_LAZY_T030,8.713479707901056,-3.163568,OPTIMAL,OK,OK,0.00619405
matpower/case14,matpower/case14/2017-11-15,RAW,WARM_LPSCREEN_LAZY_T050,8.70214941960557,-3.163034,OPTIMAL,OK,OK,0.00619405
matpower/case14,matpower/case14/2017-11-15,RAW,WARM_LPSCREEN_LAZY_T080,8.733090754470766,-3.164489,OPTIMAL,OK,OK,0.00619405
matpower/case14,matpower/case14/2017-11-15,RAW,WARM_SR_LAZY,7.143591322233927,-3.073436,OPTIMAL,OK,OK,0.00619405
matpower/case14,matpower/case14/2017-11-15,RAW,SHRINK_LAZY,10.434077949682193,-3.2312000000000003,OPTIMAL,OK,OK,0.01993926
matpower/case14,matpower/case14/2017-11-15,RAW,STREDUCE,13.670036645169189,-3.312277,INFEASIBLE,,,
matpower/case14,matpower/case14/2017-11-15,RAW,STREDUCE_CONSERVATIVE,0.1946956763725497,14.781625,OPTIMAL,OK,OK,0.0
matpower/case14,matpower/case14/2017-11-15,RAW,STREDUCE_AGGRESSIVE,14.404168446848475,-3.3256010000000003,INFEASIBLE,,,
matpower/case14,matpower/case14/2017-11-15,RAW,STREDUCE_GRU,14.334489867954499,-3.324395,INFEASIBLE,,,
matpower/case14,matpower/case14/2017-11-15,RAW,STREDUCE_LAZY,12.063132489451476,-3.277453,INFEASIBLE,,,
matpower/case14,matpower/case14/2017-11-15,RAW,STREDUCE_LAZY_CONSERVATIVE,0.1944828880290079,14.801708,OPTIMAL,OK,OK,0.0
matpower/case14,matpower/case14/2017-11-15,RAW,STREDUCE_LAZY_AGGRESSIVE,14.153727642856012,-3.321211,INFEASIBLE,,,
matpower/case14,matpower/case14/2017-11-15,RAW,STREDUCE_LAZY_GRU,14.300188871015504,-3.323797,INFEASIBLE,,,
matpower/case14,matpower/case14/2017-11-15,RAW,ACTIVESET,7.451268739183921,-3.094093,OPTIMAL,OK,OK,0.00619405
matpower/case14,matpower/case14/2017-11-15,RAW,ACTIVESET_B500,6.805070141463536,-3.04855,OPTIMAL,OK,OK,0.00619405
matpower/case14,matpower/case14/2017-11-15,RAW,ACTIVESET_B5000,7.3469038265049145,-3.0872800000000002,OPTIMAL,OK,OK,0.00619405
matpower/case14,matpower/case14/2017-11-15,RAW,ACTIVESET_NOCLEAN,7.490877725468167,-3.096629,OPTIMAL,OK,OK,0.00619405
matpower/case14,matpower/case14/2017-11-15,RAW,WARM_ACTIVESET,6.494453631853453,-3.023433,OPTIMAL,OK,OK,0.00619405
matpower/case14,matpower/case14/2017-11-15,RAW,ACTIVESET_LAZY,11.845691575402402,-3.272015,OPTIMAL,OK,OK,0.00619405
matpower/case14,matpower/case14/2017-11-15,RAW,ACTIVESET_LAZY_TOPK128,10.104940069388874,-3.220044,OPTIMAL,OK,OK,0.00619405
matpower/case14,matpower/case14/2017-11-15,RAW,WARM_ACTIVESET_LAZY,10.889825059649144,-3.245534,OPTIMAL,OK,OK,0.00619405
matpower/case2383wp,matpower/case2383wp/2017-01-15,LAZY_ALL,LAZY_ALL,1.0,0.0,OPTIMAL,OK,OK,7.344e-05
matpower/case2383wp,matpower/case2383wp/2017-01-15,LAZY_ALL,LAZY_COMMIT_HINTS,1.0328224414443892,-34.29476199999999,OPTIMAL,OK,OK,0.02800434
matpower/case2383wp,matpower/case2383wp/2017-01-15,LAZY_ALL,WARM_LAZY_GRU,0.986892049900302,14.33335000000011,OPTIMAL,OK,OK,0.0330566
matpower/case2383wp,matpower/case2383wp/2017-01-15,LAZY_ALL,STREDUCE_LAZY_GRU,,,SKIPPED_TOO_LARGE,,,
matpower/case2383wp,matpower/case2383wp/2017-01-15,LAZY_ALL,LAZY_BANDIT,1.0160516014602237,-17.04846099999986,OPTIMAL,OK,OK,0.00026545
matpower/case2383wp,matpower/case2383wp/2017-01-15,LAZY_ALL,WARM_PRUNE_LAZY_T030,0.9571884578071119,48.26652100000001,OPTIMAL,FAIL,C120,4.358e-05
matpower/case2383wp,matpower/case2383wp/2017-01-15,LAZY_ALL,LAZY_GNN_T080,1.009567423032617,-10.226857999999993,OPTIMAL,OK,OK,7.173e-05
matpower/case2383wp,matpower/case2383wp/2017-03-15,LAZY_ALL,LAZY_ALL,1.0,0.0,OPTIMAL,OK,OK,0.00381099
matpower/case2383wp,matpower/case2383wp/2017-03-15,LAZY_ALL,LAZY_COMMIT_HINTS,0.9921100439692381,8.431726000000026,OPTIMAL,OK,OK,0.02765865
matpower/case2383wp,matpower/case2383wp/2017-03-15,LAZY_ALL,WARM_LAZY_GRU,0.8787578267056223,146.2804389999999,OPTIMAL,OK,OK,0.00245773
matpower/case2383wp,matpower/case2383wp/2017-03-15,LAZY_ALL,STREDUCE_LAZY_GRU,,,SKIPPED_TOO_LARGE,,,
matpower/case2383wp,matpower/case2383wp/2017-03-15,LAZY_ALL,LAZY_BANDIT,0.8839290270740858,139.222035,OPTIMAL,OK,OK,0.00015649
matpower/case2383wp,matpower/case2383wp/2017-03-15,LAZY_ALL,WARM_PRUNE_LAZY_T030,0.9763063501204734,25.730462999999872,OPTIMAL,FAIL,C120,0.00012296
matpower/case2383wp,matpower/case2383wp/2017-03-15,LAZY_ALL,LAZY_GNN_T080,1.0175735810894357,-18.310331000000133,OPTIMAL,OK,OK,0.00016785
matpower/case2383wp,matpower/case2383wp/2017-05-15,LAZY_ALL,LAZY_ALL,1.0,0.0,OPTIMAL,OK,OK,0.00056451
matpower/case2383wp,matpower/case2383wp/2017-05-15,LAZY_ALL,LAZY_COMMIT_HINTS,1.0090028488493386,-9.603988000000072,OPTIMAL,OK,OK,0.0061609
matpower/case2383wp,matpower/case2383wp/2017-05-15,LAZY_ALL,WARM_LAZY_GRU,0.9866710901386476,14.540731999999934,OPTIMAL,OK,OK,0.04182083
matpower/case2383wp,matpower/case2383wp/2017-05-15,LAZY_ALL,STREDUCE_LAZY_GRU,,,SKIPPED_TOO_LARGE,,,
matpower/case2383wp,matpower/case2383wp/2017-05-15,LAZY_ALL,LAZY_BANDIT,1.0326767102962793,-34.05947800000013,OPTIMAL,OK,OK,0.00452517
matpower/case2383wp,matpower/case2383wp/2017-05-15,LAZY_ALL,WARM_PRUNE_LAZY_T030,1.0082697689772029,-8.828373000000056,OPTIMAL,OK,OK,0.0450616
matpower/case2383wp,matpower/case2383wp/2017-05-15,LAZY_ALL,LAZY_GNN_T080,1.0000074686349014,-0.00803900000005342,OPTIMAL,OK,OK,0.00056451
matpower/case2383wp,matpower/case2383wp/2017-07-15,LAZY_ALL,LAZY_ALL,1.0,0.0,OPTIMAL,OK,OK,0.00024311
matpower/case2383wp,matpower/case2383wp/2017-07-15,LAZY_ALL,LAZY_COMMIT_HINTS,1.00891375612219,-9.995182000000113,OPTIMAL,OK,OK,0.03009566
matpower/case2383wp,matpower/case2383wp/2017-07-15,LAZY_ALL,WARM_LAZY_GRU,0.8763596756630347,159.61060799999996,OPTIMAL,OK,OK,0.00030328
matpower/case2383wp,matpower/case2383wp/2017-07-15,LAZY_ALL,STREDUCE_LAZY_GRU,,,SKIPPED_TOO_LARGE,,,
matpower/case2383wp,matpower/case2383wp/2017-07-15,LAZY_ALL,LAZY_BANDIT,1.0551235816537752,-59.10416699999996,OPTIMAL,OK,OK,0.00062374
matpower/case2383wp,matpower/case2383wp/2017-07-15,LAZY_ALL,WARM_PRUNE_LAZY_T030,0.9703187906616442,34.605980000000045,OPTIMAL,FAIL,C120,0.00057103
matpower/case2383wp,matpower/case2383wp/2017-07-15,LAZY_ALL,LAZY_GNN_T080,0.9927483678515402,8.263815000000022,OPTIMAL,OK,OK,0.00024311
matpower/case2383wp,matpower/case2383wp/2017-09-15,LAZY_ALL,LAZY_ALL,1.0,0.0,OPTIMAL,OK,OK,3.333e-05
matpower/case2383wp,matpower/case2383wp/2017-09-15,LAZY_ALL,LAZY_COMMIT_HINTS,0.9885733647593453,12.251178999999865,OPTIMAL,OK,OK,0.0493219
matpower/case2383wp,matpower/case2383wp/2017-09-15,LAZY_ALL,WARM_LAZY_GRU,0.9550650833306834,49.86770699999988,OPTIMAL,OK,OK,0.03715152
matpower/case2383wp,matpower/case2383wp/2017-09-15,LAZY_ALL,STREDUCE_LAZY_GRU,,,SKIPPED_TOO_LARGE,,,
matpower/case2383wp,matpower/case2383wp/2017-09-15,LAZY_ALL,LAZY_BANDIT,0.9991352097466516,0.9173920000000635,OPTIMAL,OK,OK,0.00042534
matpower/case2383wp,matpower/case2383wp/2017-09-15,LAZY_ALL,WARM_PRUNE_LAZY_T030,0.6289059718353098,625.412667,OPTIMAL,FAIL,C120,4.56e-06
matpower/case2383wp,matpower/case2383wp/2017-09-15,LAZY_ALL,LAZY_GNN_T080,0.9804697210435652,21.112646999999924,OPTIMAL,OK,OK,3.333e-05
matpower/case2383wp,matpower/case2383wp/2017-11-15,LAZY_ALL,LAZY_ALL,1.0,0.0,OPTIMAL,OK,OK,0.00162183
matpower/case2383wp,matpower/case2383wp/2017-11-15,LAZY_ALL,LAZY_COMMIT_HINTS,0.9584922769693011,46.068856000000096,OPTIMAL,OK,OK,0.00051606
matpower/case2383wp,matpower/case2383wp/2017-11-15,LAZY_ALL,WARM_LAZY_GRU,0.9009250006664093,116.988339,OPTIMAL,OK,OK,0.00051663
matpower/case2383wp,matpower/case2383wp/2017-11-15,LAZY_ALL,STREDUCE_LAZY_GRU,,,SKIPPED_TOO_LARGE,,,
matpower/case2383wp,matpower/case2383wp/2017-11-15,LAZY_ALL,LAZY_BANDIT,0.887878293837157,134.33939699999996,OPTIMAL,OK,OK,0.00162217
matpower/case2383wp,matpower/case2383wp/2017-11-15,LAZY_ALL,WARM_PRUNE_LAZY_T030,0.9829982822798999,18.39954899999998,OPTIMAL,FAIL,C120,0.00013464
matpower/case2383wp,matpower/case2383wp/2017-11-15,LAZY_ALL,LAZY_GNN_T080,0.9797597186675217,21.976781999999957,OPTIMAL,OK,OK,0.00162183
matpower/case30,matpower/case30/2017-01-15,RAW,RAW,1.0,0.0,OPTIMAL,OK,OK,0.04643409
matpower/case30,matpower/case30/2017-01-15,RAW,RAW_GNN,20.779551886326637,-7.010249,OPTIMAL,OK,OK,4.787e-05
matpower/case30,matpower/case30/2017-01-15,RAW,RAW_COMMIT_HINTS,0.9533686563821621,0.36022200000000026,OPTIMAL,OK,OK,0.04350734
matpower/case30,matpower/case30/2017-01-15,RAW,WARM,0.9821845168467909,0.13358500000000006,OPTIMAL,OK,OK,0.04643409
matpower/case30,matpower/case30/2017-01-15,RAW,WARM_BRANCH_HINTS,1.001507564612729,-0.011085999999999707,OPTIMAL,OK,OK,0.04643409
matpower/case30,matpower/case30/2017-01-15,RAW,WARM_COMMIT_HINTS,0.9920397512689992,0.05909500000000012,OPTIMAL,OK,OK,0.04643409
matpower/case30,matpower/case30/2017-01-15,RAW,WARM_GRU,0.9875179611668712,0.09308799999999984,OPTIMAL,OK,OK,0.04643409
matpower/case30,matpower/case30/2017-01-15,RAW,LAZY_ALL,14.252338727469064,-6.847934,OPTIMAL,OK,OK,4.787e-05
matpower/case30,matpower/case30/2017-01-15,RAW,LAZY_TOPK128,15.30699123523531,-6.8835370000000005,OPTIMAL,OK,OK,4.787e-05
matpower/case30,matpower/case30/2017-01-15,RAW,LAZY_BANDIT,14.812463545416879,-6.867474,OPTIMAL,OK,OK,4.787e-05
matpower/case30,matpower/case30/2017-01-15,RAW,LAZY_COMMIT_HINTS,14.570315575805656,-6.859211,OPTIMAL,OK,OK,4.787e-05
matpower/case30,matpower/case30/2017-01-15,RAW,LAZY_GNN_T060,14.441601531094474,-6.854706,OPTIMAL,OK,OK,4.787e-05
matpower/case30,matpower/case30/2017-01-15,RAW,LAZY_GNN_T080,13.62167580984652,-6.82401,OPTIMAL,OK,OK,4.787e-05
matpower/case30,matpower/case30/2017-01-15,RAW,LAZY_COMMIT_GNN_T060,14.863253917799371,-6.869173,OPTIMAL,OK,OK,4.787e-05
matpower/case30,matpower/case30/2017-01-15,RAW,WARM_LAZY,12.87621665189288,-6.792709,OPTIMAL,OK,OK,4.787e-05
matpower/case30,matpower/case30/2017-01-15,RAW,WARM_LAZY_TOPK128,12.946226352075884,-6.795802,OPTIMAL,OK,OK,4.787e-05
matpower/case30,matpower/case30/2017-01-15,RAW,WARM_LAZY_BANDIT,11.897974910539027,-6.745683,OPTIMAL,OK,OK,4.787e-05
matpower/case30,matpower/case30/2017-01-15,RAW,WARM_LAZY_COMMIT_HINTS,12.6906142086145,-6.784344,OPTIMAL,OK,OK,4.787e-05
matpower/case30,matpower/case30/2017-01-15,RAW,WARM_LAZY_GRU,12.96042010196342,-6.796425,OPTIMAL,OK,OK,4.787e-05
matpower/case30,matpower/case30/2017-01-15,RAW,WARM_LAZY_BRANCH_HINTS,12.91039101052687,-6.794223,OPTIMAL,OK,OK,4.787e-05
matpower/case30,matpower/case30/2017-01-15,RAW,WARM_LAZY_GNN_T060,11.803165923292791,-6.740711,OPTIMAL,OK,OK,4.787e-05
matpower/case30,matpower/case30/2017-01-15,RAW,WARM_LAZY_COMMIT_GNN_T060,12.840185227803698,-6.791104,OPTIMAL,OK,OK,4.787e-05
matpower/case30,matpower/case30/2017-01-15,RAW,WARM_LAZY_COMMIT_GRU,12.867735036761623,-6.792332,OPTIMAL,OK,OK,4.787e-05
matpower/case30,matpower/case30/2017-01-15,RAW,WARM_LAZY_ML_STACK,11.095060253487983,-6.700889,OPTIMAL,OK,OK,4.787e-05
matpower/case30,matpower/case30/2017-01-15,RAW,WARM_PRUNE_T010,17.85880601285698,-6.952285,OPTIMAL,OK,OK,4.787e-05
matpower/case30,matpower/case30/2017-01-15,RAW,WARM_PRUNE_T020,18.22865431072037,-6.960652,OPTIMAL,OK,OK,4.787e-05
matpower/case30,matpower/case30/2017-01-15,RAW,WARM_PRUNE_T030,17.969836641575267,-6.954833,OPTIMAL,OK,OK,4.787e-05
matpower/case30,matpower/case30/2017-01-15,RAW,WARM_PRUNE_T050,18.28976869167002,-6.962002,OPTIMAL,OK,OK,4.787e-05
matpower/case30,matpower/case30/2017-01-15,RAW,WARM_PRUNE_T080,16.403986136726093,-6.915712,OPTIMAL,OK,OK,4.787e-05
matpower/case30,matpower/case30/2017-01-15,RAW,WARM_LPSCREEN_T010,14.044980290371365,-6.840305,OPTIMAL,OK,OK,4.787e-05
matpower/case30,matpower/case30/2017-01-15,RAW,WARM_LPSCREEN_T020,13.579680268471227,-6.822338,OPTIMAL,OK,OK,4.787e-05
matpower/case30,matpower/case30/2017-01-15,RAW,WARM_LPSCREEN_T030,12.666561178894648,-6.7832419999999995,OPTIMAL,OK,OK,4.787e-05
matpower/case30,matpower/case30/2017-01-15,RAW,WARM_LPSCREEN_T050,13.847421424327434,-6.8328240000000005,OPTIMAL,OK,OK,4.787e-05
matpower/case30,matpower/case30/2017-01-15,RAW,WARM_LPSCREEN_T080,9.511646318704239,-6.590389,OPTIMAL,OK,OK,9.966e-05
matpower/case30,matpower/case30/2017-01-15,RAW,WARM_PRUNE_LAZY_T010,12.694989347105102,-6.784544,OPTIMAL,OK,OK,4.787e-05
matpower/case30,matpower/case30/2017-01-15,RAW,WARM_PRUNE_LAZY_T020,11.677474697664241,-6.733995,OPTIMAL,OK,OK,4.787e-05
matpower/case30,matpower/case30/2017-01-15,RAW,WARM_PRUNE_LAZY_T030,12.74285269359541,-6.786723,OPTIMAL,OK,OK,4.787e-05
matpower/case30,matpower/case30/2017-01-15,RAW,WARM_PRUNE_LAZY_T050,12.933153742003123,-6.795227,OPTIMAL,OK,OK,4.787e-05
matpower/case30,matpower/case30/2017-01-15,RAW,WARM_PRUNE_LAZY_T080,13.050309305387461,-6.800339,OPTIMAL,OK,OK,4.787e-05
matpower/case30,matpower/case30/2017-01-15,RAW,WARM_LPSCREEN_LAZY_T010,9.721448475320399,-6.607099,OPTIMAL,OK,OK,4.787e-05
matpower/case30,matpower/case30/2017-01-15,RAW,WARM_LPSCREEN_LAZY_T020,10.42575227352518,-6.658276,OPTIMAL,OK,OK,4.787e-05
matpower/case30,matpower/case30/2017-01-15,RAW,WARM_LPSCREEN_LAZY_T030,10.268997106703385,-6.647493,OPTIMAL,OK,OK,4.787e-05
matpower/case30,matpower/case30/2017-01-15,RAW,WARM_LPSCREEN_LAZY_T050,9.703119894598155,-6.605668,OPTIMAL,OK,OK,4.787e-05
matpower/case30,matpower/case30/2017-01-15,RAW,WARM_LPSCREEN_LAZY_T080,10.004181161950068,-6.628509,OPTIMAL,OK,OK,4.787e-05
matpower/case30,matpower/case30/2017-01-15,RAW,WARM_SR_LAZY,2.256173125055526,-4.1004380000000005,OPTIMAL,OK,OK,4.787e-05
matpower/case30,matpower/case30/2017-01-15,RAW,SHRINK_LAZY,11.98629610822494,-6.750244,OPTIMAL,OK,OK,0.00385463
matpower/case30,matpower/case30/2017-01-15,RAW,STREDUCE,1.2388818171220344,-1.4200590000000002,OPTIMAL,OK,OK,4.787e-05
matpower/case30,matpower/case30/2017-01-15,RAW,STREDUCE_CONSERVATIVE,0.9165619697873121,0.6704329999999992,OPTIMAL,OK,OK,4.787e-05
matpower/case30,matpower/case30/2017-01-15,RAW,STREDUCE_AGGRESSIVE,0.19585630227641027,30.237736999999996,OPTIMAL,OK,OK,0.0
matpower/case30,matpower/case30/2017-01-15,RAW,STREDUCE_GRU,1.2140194327693863,-1.298317,OPTIMAL,OK,OK,4.787e-05
matpower/case30,matpower/case30/2017-01-15,RAW,STREDUCE_LAZY,6.022494807255123,-6.141808,OPTIMAL,OK,OK,0.01586876
matpower/case30,matpower/case30/2017-01-15,RAW,STREDUCE_LAZY_CONSERVATIVE,5.831077202508624,-6.101665,OPTIMAL,OK,OK,0.00326712
matpower/case30,matpower/case30/2017-01-15,RAW,STREDUCE_LAZY_AGGRESSIVE,0.1968965301791823,30.039079,OPTIMAL,OK,OK,0.0
matpower/case30,matpower/case30/2017-01-15,RAW,STREDUCE_LAZY_GRU,6.128041484509044,-6.16287,OPTIMAL,OK,OK,0.01586876
matpower/case30,matpower/case30/2017-01-15,RAW,ACTIVESET,15.11476244227809,-6.877418,OPTIMAL,OK,OK,4.787e-05
matpower/case30,matpower/case30/2017-01-15,RAW,ACTIVESET_B500,16.302530160486995,-6.912918,OPTIMAL,OK,OK,4.787e-05
matpower/case30,matpower/case30/2017-01-15,RAW,ACTIVESET_B5000,14.90470475616099,-6.870551,OPTIMAL,OK,OK,4.787e-05
matpower/case30,matpower/case30/2017-01-15,RAW,ACTIVESET_NOCLEAN,13.883471608764419,-6.834205,OPTIMAL,OK,OK,4.787e-05
matpower/case30,matpower/case30/2017-01-15,RAW,WARM_ACTIVESET,12.68547727276642,-6.784109,OPTIMAL,OK,OK,4.787e-05
matpower/case30,matpower/case30/2017-01-15,RAW,ACTIVESET_LAZY,10.404395331161474,-6.656826,OPTIMAL,OK,OK,4.787e-05
matpower/case30,matpower/case30/2017-01-15,RAW,ACTIVESET_LAZY_TOPK128,10.261385217087195,-6.646961,OPTIMAL,OK,OK,4.787e-05
matpower/case30,matpower/case30/2017-01-15,RAW,WARM_ACTIVESET_LAZY,10.211233001308871,-6.643436,OPTIMAL,OK,OK,4.787e-05
matpower/case30,matpower/case30/2017-03-15,RAW,RAW,1.0,0.0,OPTIMAL,OK,OK,0.03703132
matpower/case30,matpower/case30/2017-03-15,RAW,RAW_GNN,21.573939449132187,-6.551627,OPTIMAL,OK,OK,2.626e-05
matpower/case30,matpower/case30/2017-03-15,RAW,RAW_COMMIT_HINTS,0.9793782394351541,0.14465599999999945,OPTIMAL,OK,OK,0.03703132
matpower/case30,matpower/case30/2017-03-15,RAW,WARM,0.9642987128357519,0.25435099999999977,OPTIMAL,OK,OK,0.03703132
matpower/case30,matpower/case30/2017-03-15,RAW,WARM_BRANCH_HINTS,0.9728174630708377,0.19196399999999958,OPTIMAL,OK,OK,0.03703132
matpower/case30,matpower/case30/2017-03-15,RAW,WARM_COMMIT_HINTS,0.9688977130862195,0.22053399999999979,OPTIMAL,OK,OK,0.03703132
matpower/case30,matpower/case30/2017-03-15,RAW,WARM_GRU,0.9671048343628132,0.23367899999999953,OPTIMAL,OK,OK,0.03703132
matpower/case30,matpower/case30/2017-03-15,RAW,LAZY_ALL,14.185625379415153,-6.385772,OPTIMAL,OK,OK,2.626e-05
matpower/case30,matpower/case30/2017-03-15,RAW,LAZY_TOPK128,13.773858405376362,-6.371294,OPTIMAL,OK,OK,2.626e-05
matpower/case30,matpower/case30/2017-03-15,RAW,LAZY_BANDIT,13.69134404980649,-6.368288,OPTIMAL,OK,OK,2.626e-05
matpower/case30,matpower/case30/2017-03-15,RAW,LAZY_COMMIT_HINTS,14.01926353702211,-6.380025,OPTIMAL,OK,OK,2.626e-05
matpower/case30,matpower/case30/2017-03-15,RAW,LAZY_GNN_T060,13.139858695361122,-6.347228,OPTIMAL,OK,OK,2.626e-05
matpower/case30,matpower/case30/2017-03-15,RAW,LAZY_GNN_T080,13.807714956999556,-6.372517,OPTIMAL,OK,OK,2.626e-05
matpower/case30,matpower/case30/2017-03-15,RAW,LAZY_COMMIT_GNN_T060,14.329781864145874,-6.390644,OPTIMAL,OK,OK,2.626e-05
matpower/case30,matpower/case30/2017-03-15,RAW,WARM_LAZY,12.349177988129092,-6.313752,OPTIMAL,OK,OK,2.626e-05
matpower/case30,matpower/case30/2017-03-15,RAW,WARM_LAZY_TOPK128,11.803960042198296,-6.288056,OPTIMAL,OK,OK,2.626e-05
matpower/case30,matpower/case30/2017-03-15,RAW,WARM_LAZY_BANDIT,12.665427790283301,-6.327643,OPTIMAL,OK,OK,2.626e-05
matpower/case30,matpower/case30/2017-03-15,RAW,WARM_LAZY_COMMIT_HINTS,12.375984709419525,-6.314957,OPTIMAL,OK,OK,2.626e-05
matpower/case30,matpower/case30/2017-03-15,RAW,WARM_LAZY_GRU,12.505542793276565,-6.320708,OPTIMAL,OK,OK,2.626e-05
matpower/case30,matpower/case30/2017-03-15,RAW,WARM_LAZY_BRANCH_HINTS,11.434546625678035,-6.269253,OPTIMAL,OK,OK,2.626e-05
matpower/case30,matpower/case30/2017-03-15,RAW,WARM_LAZY_GNN_T060,12.450989453920029,-6.318301,OPTIMAL,OK,OK,2.626e-05
matpower/case30,matpower/case30/2017-03-15,RAW,WARM_LAZY_COMMIT_GNN_T060,12.52857653478058,-6.321718000000001,OPTIMAL,OK,OK,2.626e-05
matpower/case30,matpower/case30/2017-03-15,RAW,WARM_LAZY_COMMIT_GRU,12.033627252122065,-6.299164,OPTIMAL,OK,OK,2.626e-05
matpower/case30,matpower/case30/2017-03-15,RAW,WARM_LAZY_ML_STACK,11.79919587667819,-6.287821,OPTIMAL,OK,OK,2.626e-05
matpower/case30,matpower/case30/2017-03-15,RAW,WARM_PRUNE_T010,17.116039084961457,-6.468688,OPTIMAL,OK,OK,2.626e-05
matpower/case30,matpower/case30/2017-03-15,RAW,WARM_PRUNE_T020,16.71911922533103,-6.459159,OPTIMAL,OK,OK,2.626e-05
matpower/case30,matpower/case30/2017-03-15,RAW,WARM_PRUNE_T030,16.495795655911294,-6.453596,OPTIMAL,OK,OK,2.626e-05
matpower/case30,matpower/case30/2017-03-15,RAW,WARM_PRUNE_T050,15.38270526857885,-6.42346,OPTIMAL,OK,OK,2.626e-05
matpower/case30,matpower/case30/2017-03-15,RAW,WARM_PRUNE_T080,10.217008841266182,-6.197655,OPTIMAL,OK,OK,2.626e-05
matpower/case30,matpower/case30/2017-03-15,RAW,WARM_LPSCREEN_T010,12.604522904404751,-6.325022000000001,OPTIMAL,OK,OK,2.626e-05
matpower/case30,matpower/case30/2017-03-15,RAW,WARM_LPSCREEN_T020,11.290042678227202,-6.261563,OPTIMAL,OK,OK,2.626e-05
matpower/case30,matpower/case30/2017-03-15,RAW,WARM_LPSCREEN_T030,12.930314408590009,-6.338755,OPTIMAL,OK,OK,2.626e-05
matpower/case30,matpower/case30/2017-03-15,RAW,WARM_LPSCREEN_T050,12.927881222773163,-6.338655,OPTIMAL,OK,OK,2.626e-05
matpower/case30,matpower/case30/2017-03-15,RAW,WARM_LPSCREEN_T080,11.605298854516308,-6.278093,OPTIMAL,OK,OK,2.626e-05
matpower/case30,matpower/case30/2017-03-15,RAW,WARM_PRUNE_LAZY_T010,11.18060810821807,-6.255607,OPTIMAL,OK,OK,2.626e-05
matpower/case30,matpower/case30/2017-03-15,RAW,WARM_PRUNE_LAZY_T020,12.20779336165797,-6.307309,OPTIMAL,OK,OK,2.626e-05
matpower/case30,matpower/case30/2017-03-15,RAW,WARM_PRUNE_LAZY_T030,12.069842742268442,-6.300877,OPTIMAL,OK,OK,2.626e-05
matpower/case30,matpower/case30/2017-03-15,RAW,WARM_PRUNE_LAZY_T050,12.376586691071294,-6.314984,OPTIMAL,OK,OK,2.626e-05
matpower/case30,matpower/case30/2017-03-15,RAW,WARM_PRUNE_LAZY_T080,12.533444983845337,-6.321931,OPTIMAL,OK,OK,2.626e-05
matpower/case30,matpower/case30/2017-03-15,RAW,WARM_LPSCREEN_LAZY_T010,9.762185911618303,-6.166327,OPTIMAL,OK,OK,2.626e-05
matpower/case30,matpower/case30/2017-03-15,RAW,WARM_LPSCREEN_LAZY_T020,9.751986929347789,-6.165591,OPTIMAL,OK,OK,2.626e-05
matpower/case30,matpower/case30/2017-03-15,RAW,WARM_LPSCREEN_LAZY_T030,9.271812492661576,-6.129107,OPTIMAL,OK,OK,2.626e-05
matpower/case30,matpower/case30/2017-03-15,RAW,WARM_LPSCREEN_LAZY_T050,9.89075648399427,-6.1754750000000005,OPTIMAL,OK,OK,2.626e-05
matpower/case30,matpower/case30/2017-03-15,RAW,WARM_LPSCREEN_LAZY_T080,10.014212165030203,-6.184038,OPTIMAL,OK,OK,2.626e-05
matpower/case30,matpower/case30/2017-03-15,RAW,WARM_SR_LAZY,2.184038497180648,-3.724489,OPTIMAL,OK,OK,0.00013578
matpower/case30,matpower/case30/2017-03-15,RAW,SHRINK_LAZY,20.263063201236417,-6.531026,OPTIMAL,OK,OK,0.04574521
matpower/case30,matpower/case30/2017-03-15,RAW,STREDUCE,0.9714672923587593,0.20177900000000015,OPTIMAL,OK,OK,2.626e-05
matpower/case30,matpower/case30/2017-03-15,RAW,STREDUCE_CONSERVATIVE,0.8923554879433221,0.8287339999999999,OPTIMAL,OK,OK,3.147e-05
matpower/case30,matpower/case30/2017-03-15,RAW,STREDUCE_AGGRESSIVE,0.9871849751690304,0.08918300000000023,OPTIMAL,OK,OK,2.626e-05
matpower/case30,matpower/case30/2017-03-15,RAW,STREDUCE_GRU,0.9973843245591991,0.018016999999999506,OPTIMAL,OK,OK,2.626e-05
matpower/case30,matpower/case30/2017-03-15,RAW,STREDUCE_LAZY,5.590886378395798,-5.641272,OPTIMAL,OK,OK,2.626e-05
matpower/case30,matpower/case30/2017-03-15,RAW,STREDUCE_LAZY_CONSERVATIVE,5.963033043719784,-5.71796,OPTIMAL,OK,OK,0.01219517
matpower/case30,matpower/case30/2017-03-15,RAW,STREDUCE_LAZY_AGGRESSIVE,5.680847140462683,-5.660731,OPTIMAL,OK,OK,2.626e-05
matpower/case30,matpower/case30/2017-03-15,RAW,STREDUCE_LAZY_GRU,5.9305212417538975,-5.711644,OPTIMAL,OK,OK,2.626e-05
matpower/case30,matpower/case30/2017-03-15,RAW,ACTIVESET,14.588056177246262,-6.399132,OPTIMAL,OK,OK,2.626e-05
matpower/case30,matpower/case30/2017-03-15,RAW,ACTIVESET_B500,13.640374302352592,-6.366413,OPTIMAL,OK,OK,2.626e-05
matpower/case30,matpower/case30/2017-03-15,RAW,ACTIVESET_B5000,12.66031630197219,-6.327424000000001,OPTIMAL,OK,OK,2.626e-05
matpower/case30,matpower/case30/2017-03-15,RAW,ACTIVESET_NOCLEAN,14.681613123134097,-6.402133,OPTIMAL,OK,OK,2.626e-05
matpower/case30,matpower/case30/2017-03-15,RAW,WARM_ACTIVESET,11.998110360533431,-6.297474,OPTIMAL,OK,OK,2.626e-05
matpower/case30,matpower/case30/2017-03-15,RAW,ACTIVESET_LAZY,9.435768753227633,-6.1419820000000005,OPTIMAL,OK,OK,2.626e-05
matpower/case30,matpower/case30/2017-03-15,RAW,ACTIVESET_LAZY_TOPK128,11.09928671249586,-6.251105,OPTIMAL,OK,OK,2.626e-05
matpower/case30,matpower/case30/2017-03-15,RAW,WARM_ACTIVESET_LAZY,8.589788633337292,-6.0702750000000005,OPTIMAL,OK,OK,2.626e-05
matpower/case30,matpower/case30/2017-05-15,RAW,RAW,1.0,0.0,OPTIMAL,OK,OK,0.01190361
matpower/case30,matpower/case30/2017-05-15,RAW,RAW_GNN,33.8432825258731,-11.37064,OPTIMAL,OK,OK,0.03768189
matpower/case30,matpower/case30/2017-05-15,RAW,RAW_COMMIT_HINTS,0.8922353582267947,1.4151670000000003,OPTIMAL,OK,OK,0.01190361
matpower/case30,matpower/case30/2017-05-15,RAW,WARM,0.9890744568166401,0.12942699999999974,OPTIMAL,OK,OK,0.01190361
matpower/case30,matpower/case30/2017-05-15,RAW,WARM_BRANCH_HINTS,0.9965699249062934,0.040328000000000586,OPTIMAL,OK,OK,0.01190361
matpower/case30,matpower/case30/2017-05-15,RAW,WARM_COMMIT_HINTS,0.9915572261224747,0.09976499999999966,OPTIMAL,OK,OK,0.01190361
matpower/case30,matpower/case30/2017-05-15,RAW,WARM_GRU,1.0005707007056945,-0.006683000000000661,OPTIMAL,OK,OK,0.01190361
matpower/case30,matpower/case30/2017-05-15,RAW,LAZY_ALL,22.0027285462651,-11.184331,OPTIMAL,OK,OK,0.01190361
matpower/case30,matpower/case30/2017-05-15,RAW,LAZY_TOPK128,22.414638858918146,-11.194117,OPTIMAL,OK,OK,0.01190361
matpower/case30,matpower/case30/2017-05-15,RAW,LAZY_BANDIT,23.006693763744895,-11.207569,OPTIMAL,OK,OK,0.01190361
matpower/case30,matpower/case30/2017-05-15,RAW,LAZY_COMMIT_HINTS,19.62512792425209,-11.119816,OPTIMAL,OK,OK,0.01190361
matpower/case30,matpower/case30/2017-05-15,RAW,LAZY_GNN_T060,22.676528706490288,-11.200154,OPTIMAL,OK,OK,0.01190361
matpower/case30,matpower/case30/2017-05-15,RAW,LAZY_GNN_T080,22.987194729572774,-11.207137,OPTIMAL,OK,OK,0.01190361
matpower/case30,matpower/case30/2017-05-15,RAW,LAZY_COMMIT_GNN_T060,21.584668921507944,-11.174017,OPTIMAL,OK,OK,0.01190361
matpower/case30,matpower/case30/2017-05-15,RAW,WARM_LAZY,18.66947262083449,-11.089255,OPTIMAL,OK,OK,0.01190361
matpower/case30,matpower/case30/2017-05-15,RAW,WARM_LAZY_TOPK128,20.127754567755325,-11.134725,OPTIMAL,OK,OK,0.01190361
matpower/case30,matpower/case30/2017-05-15,RAW,WARM_LAZY_BANDIT,20.319210112392675,-11.14021,OPTIMAL,OK,OK,0.01190361
matpower/case30,matpower/case30/2017-05-15,RAW,WARM_LAZY_COMMIT_HINTS,19.984698724694734,-11.130558,OPTIMAL,OK,OK,0.01190361
matpower/case30,matpower/case30/2017-05-15,RAW,WARM_LAZY_GRU,18.805662154982997,-11.0938,OPTIMAL,OK,OK,0.01190361
matpower/case30,matpower/case30/2017-05-15,RAW,WARM_LAZY_BRANCH_HINTS,19.703110969108916,-11.122179,OPTIMAL,OK,OK,0.01190361
matpower/case30,matpower/case30/2017-05-15,RAW,WARM_LAZY_GNN_T060,19.20549339592642,-11.106771,OPTIMAL,OK,OK,0.01190361
matpower/case30,matpower/case30/2017-05-15,RAW,WARM_LAZY_COMMIT_GNN_T060,19.574702082125597,-11.118278,OPTIMAL,OK,OK,0.01190361
matpower/case30,matpower/case30/2017-05-15,RAW,WARM_LAZY_COMMIT_GRU,18.45824196251906,-11.082073,OPTIMAL,OK,OK,0.01190361
matpower/case30,matpower/case30/2017-05-15,RAW,WARM_LAZY_ML_STACK,18.190870757297713,-11.072743,OPTIMAL,OK,OK,0.01190361
matpower/case30,matpower/case30/2017-05-15,RAW,WARM_PRUNE_T010,26.198475518408706,-11.269615,OPTIMAL,OK,OK,0.03768189
matpower/case30,matpower/case30/2017-05-15,RAW,WARM_PRUNE_T020,25.81088005286926,-11.262898999999999,OPTIMAL,OK,OK,0.03768189
matpower/case30,matpower/case30/2017-05-15,RAW,WARM_PRUNE_T030,23.284583527092497,-11.213647,OPTIMAL,OK,OK,0.03768189
matpower/case30,matpower/case30/2017-05-15,RAW,WARM_PRUNE_T050,26.47504530438673,-11.274287,OPTIMAL,OK,OK,0.03768189
matpower/case30,matpower/case30/2017-05-15,RAW,WARM_PRUNE_T080,26.67527775248156,-11.277609,OPTIMAL,OK,OK,0.03768189
matpower/case30,matpower/case30/2017-05-15,RAW,WARM_LPSCREEN_T010,15.707179387496565,-10.970894,OPTIMAL,OK,OK,0.03768189
matpower/case30,matpower/case30/2017-05-15,RAW,WARM_LPSCREEN_T020,16.722015915876487,-11.016164999999999,OPTIMAL,OK,OK,0.03768189
matpower/case30,matpower/case30/2017-05-15,RAW,WARM_LPSCREEN_T030,16.969062236144843,-11.026366,OPTIMAL,OK,OK,0.03768189
matpower/case30,matpower/case30/2017-05-15,RAW,WARM_LPSCREEN_T050,15.919242464178867,-10.980831,OPTIMAL,OK,OK,0.03768189
matpower/case30,matpower/case30/2017-05-15,RAW,WARM_LPSCREEN_T080,17.134254912799452,-11.033023,OPTIMAL,OK,OK,0.03768189
matpower/case30,matpower/case30/2017-05-15,RAW,WARM_PRUNE_LAZY_T010,19.38649562693793,-11.112467,OPTIMAL,OK,OK,0.01190361
matpower/case30,matpower/case30/2017-05-15,RAW,WARM_PRUNE_LAZY_T020,19.469122673503737,-11.115032,OPTIMAL,OK,OK,0.01190361
matpower/case30,matpower/case30/2017-05-15,RAW,WARM_PRUNE_LAZY_T030,19.314208992423893,-11.110205,OPTIMAL,OK,OK,0.01190361
matpower/case30,matpower/case30/2017-05-15,RAW,WARM_PRUNE_LAZY_T050,19.843729253322856,-11.126393,OPTIMAL,OK,OK,0.01190361
matpower/case30,matpower/case30/2017-05-15,RAW,WARM_PRUNE_LAZY_T080,18.174448725585087,-11.072161,OPTIMAL,OK,OK,0.01190361
matpower/case30,matpower/case30/2017-05-15,RAW,WARM_LPSCREEN_LAZY_T010,13.942140027677592,-10.876458,OPTIMAL,OK,OK,0.01190361
matpower/case30,matpower/case30/2017-05-15,RAW,WARM_LPSCREEN_LAZY_T020,13.350130688719295,-10.839191,OPTIMAL,OK,OK,0.01190361
matpower/case30,matpower/case30/2017-05-15,RAW,WARM_LPSCREEN_LAZY_T030,14.079485167503211,-10.884656,OPTIMAL,OK,OK,0.01190361
matpower/case30,matpower/case30/2017-05-15,RAW,WARM_LPSCREEN_LAZY_T050,13.896765049487923,-10.873714,OPTIMAL,OK,OK,0.01190361
matpower/case30,matpower/case30/2017-05-15,RAW,WARM_LPSCREEN_LAZY_T080,13.349811263571306,-10.83917,OPTIMAL,OK,OK,0.01190361
matpower/case30,matpower/case30/2017-05-15,RAW,WARM_SR_LAZY,3.661374578414642,-8.516726,OPTIMAL,OK,OK,0.04422878
matpower/case30,matpower/case30/2017-05-15,RAW,SHRINK_LAZY,18.842982237482207,-11.095034,OPTIMAL,OK,OK,0.01408959
matpower/case30,matpower/case30/2017-05-15,RAW,STREDUCE,1.620618174837037,-4.486985,OPTIMAL,OK,OK,0.00107385
matpower/case30,matpower/case30/2017-05-15,RAW,STREDUCE_CONSERVATIVE,1.3684130186958905,-3.1544860000000003,OPTIMAL,OK,OK,0.01958437
matpower/case30,matpower/case30/2017-05-15,RAW,STREDUCE_AGGRESSIVE,2.034641092291794,-5.958168,OPTIMAL,OK,OK,0.0005527
matpower/case30,matpower/case30/2017-05-15,RAW,STREDUCE_GRU,1.667175680919208,-4.688886,OPTIMAL,OK,OK,0.00107385
matpower/case30,matpower/case30/2017-05-15,RAW,STREDUCE_LAZY,9.90931971816811,-10.534442,OPTIMAL,OK,OK,0.03037221
matpower/case30,matpower/case30/2017-05-15,RAW,STREDUCE_LAZY_CONSERVATIVE,2.7212476978138227,-7.411159,OPTIMAL,OK,OK,0.00265415
matpower/case30,matpower/case30/2017-05-15,RAW,STREDUCE_LAZY_AGGRESSIVE,10.203932357254578,-10.568581,OPTIMAL,OK,OK,0.00059711
matpower/case30,matpower/case30/2017-05-15,RAW,STREDUCE_LAZY_GRU,9.240089271279803,-10.448803999999999,OPTIMAL,OK,OK,0.03037221
matpower/case30,matpower/case30/2017-05-15,RAW,ACTIVESET,19.82844963116273,-11.125938,OPTIMAL,OK,OK,0.03768189
matpower/case30,matpower/case30/2017-05-15,RAW,ACTIVESET_B500,20.269085656457317,-11.138784,OPTIMAL,OK,OK,0.03768189
matpower/case30,matpower/case30/2017-05-15,RAW,ACTIVESET_B5000,23.76850110658739,-11.223892,OPTIMAL,OK,OK,0.03768189
matpower/case30,matpower/case30/2017-05-15,RAW,ACTIVESET_NOCLEAN,21.229060107804504,-11.164924,OPTIMAL,OK,OK,0.03768189
matpower/case30,matpower/case30/2017-05-15,RAW,WARM_ACTIVESET,19.018018412834447,-11.100757,OPTIMAL,OK,OK,0.03768189
matpower/case30,matpower/case30/2017-05-15,RAW,ACTIVESET_LAZY,16.520730491623908,-11.007628,OPTIMAL,OK,OK,0.01190361
matpower/case30,matpower/case30/2017-05-15,RAW,ACTIVESET_LAZY_TOPK128,16.080678918901114,-10.98822,OPTIMAL,OK,OK,0.01190361
matpower/case30,matpower/case30/2017-05-15,RAW,WARM_ACTIVESET_LAZY,14.761496149892157,-10.923105,OPTIMAL,OK,OK,0.01190361
matpower/case30,matpower/case30/2017-07-15,RAW,RAW,1.0,0.0,OPTIMAL,OK,OK,0.00048641
matpower/case30,matpower/case30/2017-07-15,RAW,RAW_GNN,28.25569515254512,-10.777556,OPTIMAL,OK,OK,0.00054039
matpower/case30,matpower/case30/2017-07-15,RAW,RAW_COMMIT_HINTS,0.9656385718894703,0.39758099999999885,OPTIMAL,OK,OK,0.00048641
matpower/case30,matpower/case30/2017-07-15,RAW,WARM,0.9966078878359655,0.03802899999999987,OPTIMAL,OK,OK,0.00048641
matpower/case30,matpower/case30/2017-07-15,RAW,WARM_BRANCH_HINTS,0.981956160715918,0.2053079999999987,OPTIMAL,OK,OK,0.00048641
matpower/case30,matpower/case30/2017-07-15,RAW,WARM_COMMIT_HINTS,0.969176438830137,0.35534399999999877,OPTIMAL,OK,OK,0.00048641
matpower/case30,matpower/case30/2017-07-15,RAW,WARM_GRU,0.986884473540399,0.14848699999999937,OPTIMAL,OK,OK,0.00048641
matpower/case30,matpower/case30/2017-07-15,RAW,LAZY_ALL,22.22231503912233,-10.670198000000001,OPTIMAL,OK,OK,0.00048641
matpower/case30,matpower/case30/2017-07-15,RAW,LAZY_TOPK128,21.659988174513167,-10.657145,OPTIMAL,OK,OK,0.00048641
matpower/case30,matpower/case30/2017-07-15,RAW,LAZY_BANDIT,19.616070002089252,-10.603397000000001,OPTIMAL,OK,OK,0.00048641
matpower/case30,matpower/case30/2017-07-15,RAW,LAZY_COMMIT_HINTS,21.2154723408457,-10.646337,OPTIMAL,OK,OK,0.00048641
matpower/case30,matpower/case30/2017-07-15,RAW,LAZY_GNN_T060,21.205365785148437,-10.646086,OPTIMAL,OK,OK,0.00048641
matpower/case30,matpower/case30/2017-07-15,RAW,LAZY_GNN_T080,21.64115099441393,-10.656696,OPTIMAL,OK,OK,0.00048641
matpower/case30,matpower/case30/2017-07-15,RAW,LAZY_COMMIT_GNN_T060,18.69069545303229,-10.575197000000001,OPTIMAL,OK,OK,0.00048641
matpower/case30,matpower/case30/2017-07-15,RAW,WARM_LAZY,19.026128832308206,-10.585736,OPTIMAL,OK,OK,0.00048641
matpower/case30,matpower/case30/2017-07-15,RAW,WARM_LAZY_TOPK128,19.02441183932491,-10.585683000000001,OPTIMAL,OK,OK,0.00048641
matpower/case30,matpower/case30/2017-07-15,RAW,WARM_LAZY_BANDIT,19.296629430823543,-10.593968,OPTIMAL,OK,OK,0.00048641
matpower/case30,matpower/case30/2017-07-15,RAW,WARM_LAZY_COMMIT_HINTS,18.205604918275867,-10.559269,OPTIMAL,OK,OK,0.00048641
matpower/case30,matpower/case30/2017-07-15,RAW,WARM_LAZY_GRU,19.18506676923447,-10.590601000000001,OPTIMAL,OK,OK,0.00048641
matpower/case30,matpower/case30/2017-07-15,RAW,WARM_LAZY_BRANCH_HINTS,18.737399231585815,-10.576687000000002,OPTIMAL,OK,OK,0.00048641
matpower/case30,matpower/case30/2017-07-15,RAW,WARM_LAZY_GNN_T060,19.270137700756113,-10.593172000000001,OPTIMAL,OK,OK,0.00048641
matpower/case30,matpower/case30/2017-07-15,RAW,WARM_LAZY_COMMIT_GNN_T060,17.342642363434017,-10.528731,OPTIMAL,OK,OK,0.00048641
matpower/case30,matpower/case30/2017-07-15,RAW,WARM_LAZY_COMMIT_GRU,18.892903945822095,-10.581595,OPTIMAL,OK,OK,0.00048641
matpower/case30,matpower/case30/2017-07-15,RAW,WARM_LAZY_ML_STACK,17.878512942863225,-10.548041000000001,OPTIMAL,OK,OK,0.00048641
matpower/case30,matpower/case30/2017-07-15,RAW,WARM_PRUNE_T010,22.655892610917352,-10.679820000000001,OPTIMAL,OK,OK,0.00054039
matpower/case30,matpower/case30/2017-07-15,RAW,WARM_PRUNE_T020,20.446781177142316,-10.626538,OPTIMAL,OK,OK,0.00054039
matpower/case30,matpower/case30/2017-07-15,RAW,WARM_PRUNE_T030,22.674927853295614,-10.680234,OPTIMAL,OK,OK,0.00054039
matpower/case30,matpower/case30/2017-07-15,RAW,WARM_PRUNE_T050,22.971237073130617,-10.68659,OPTIMAL,OK,OK,0.00054039
matpower/case30,matpower/case30/2017-07-15,RAW,WARM_PRUNE_T080,22.50316712553902,-10.676473000000001,OPTIMAL,OK,OK,0.00064942
matpower/case30,matpower/case30/2017-07-15,RAW,WARM_LPSCREEN_T010,17.051814839516087,-10.517743000000001,OPTIMAL,OK,OK,0.00054039
matpower/case30,matpower/case30/2017-07-15,RAW,WARM_LPSCREEN_T020,15.728771469959304,-10.462627000000001,OPTIMAL,OK,OK,0.00054039
matpower/case30,matpower/case30/2017-07-15,RAW,WARM_LPSCREEN_T030,15.830594062772748,-10.467196000000001,OPTIMAL,OK,OK,0.00054039
matpower/case30,matpower/case30/2017-07-15,RAW,WARM_LPSCREEN_T050,16.873433167614067,-10.510816,OPTIMAL,OK,OK,0.00054039
matpower/case30,matpower/case30/2017-07-15,RAW,WARM_LPSCREEN_T080,16.833495295562237,-10.509245,OPTIMAL,OK,OK,0.00064942
matpower/case30,matpower/case30/2017-07-15,RAW,WARM_PRUNE_LAZY_T010,18.51514041736612,-10.569529000000001,OPTIMAL,OK,OK,0.00048641
matpower/case30,matpower/case30/2017-07-15,RAW,WARM_PRUNE_LAZY_T020,18.118688731948986,-10.556325000000001,OPTIMAL,OK,OK,0.00048641
matpower/case30,matpower/case30/2017-07-15,RAW,WARM_PRUNE_LAZY_T030,18.546889369175556,-10.570562,OPTIMAL,OK,OK,0.00048641
matpower/case30,matpower/case30/2017-07-15,RAW,WARM_PRUNE_LAZY_T050,17.475174509629117,-10.533617000000001,OPTIMAL,OK,OK,0.00048641
matpower/case30,matpower/case30/2017-07-15,RAW,WARM_PRUNE_LAZY_T080,18.250449605768022,-10.560777000000002,OPTIMAL,OK,OK,0.00048641
matpower/case30,matpower/case30/2017-07-15,RAW,WARM_LPSCREEN_LAZY_T010,14.09724123573461,-10.380415000000001,OPTIMAL,OK,OK,0.00048641
matpower/case30,matpower/case30/2017-07-15,RAW,WARM_LPSCREEN_LAZY_T020,14.699394025507237,-10.412882000000002,OPTIMAL,OK,OK,0.00048641
matpower/case30,matpower/case30/2017-07-15,RAW,WARM_LPSCREEN_LAZY_T030,14.774422866875245,-10.416742000000001,OPTIMAL,OK,OK,0.00048641
matpower/case30,matpower/case30/2017-07-15,RAW,WARM_LPSCREEN_LAZY_T050,14.278294984760677,-10.390465,OPTIMAL,OK,OK,0.00048641
matpower/case30,matpower/case30/2017-07-15,RAW,WARM_LPSCREEN_LAZY_T080,14.828305617858234,-10.419490000000001,OPTIMAL,OK,OK,0.00048641
matpower/case30,matpower/case30/2017-07-15,RAW,WARM_SR_LAZY,3.6423317093366503,-8.105445000000001,OPTIMAL,OK,OK,0.00048641
matpower/case30,matpower/case30/2017-07-15,RAW,SHRINK_LAZY,31.987323000108795,-10.823686,OPTIMAL,OK,OK,0.03896946
matpower/case30,matpower/case30/2017-07-15,RAW,STREDUCE,1.8695521148833716,-5.196693000000001,OPTIMAL,OK,OK,1.9e-05
matpower/case30,matpower/case30/2017-07-15,RAW,STREDUCE_CONSERVATIVE,1.8268733169901485,-5.0570770000000005,OPTIMAL,OK,OK,2.58e-05
matpower/case30,matpower/case30/2017-07-15,RAW,STREDUCE_AGGRESSIVE,1.896494627324475,-5.281595000000001,OPTIMAL,OK,OK,1.22e-05
matpower/case30,matpower/case30/2017-07-15,RAW,STREDUCE_GRU,1.9299072596114237,-5.383593000000001,OPTIMAL,OK,OK,1.9e-05
matpower/case30,matpower/case30/2017-07-15,RAW,STREDUCE_LAZY,9.048295454545455,-9.938164,OPTIMAL,OK,OK,1.9e-05
matpower/case30,matpower/case30/2017-07-15,RAW,STREDUCE_LAZY_CONSERVATIVE,9.432726799950359,-9.988489000000001,OPTIMAL,OK,OK,0.01085651
matpower/case30,matpower/case30/2017-07-15,RAW,STREDUCE_LAZY_AGGRESSIVE,8.787886176495805,-9.901573,OPTIMAL,OK,OK,1.22e-05
matpower/case30,matpower/case30/2017-07-15,RAW,STREDUCE_LAZY_GRU,9.356781857541842,-9.978875,OPTIMAL,OK,OK,1.9e-05
matpower/case30,matpower/case30/2017-07-15,RAW,ACTIVESET,19.23235682428862,-10.592033,OPTIMAL,OK,OK,0.00054039
matpower/case30,matpower/case30/2017-07-15,RAW,ACTIVESET_B500,21.372118068108566,-10.650197,OPTIMAL,OK,OK,0.00054039
matpower/case30,matpower/case30/2017-07-15,RAW,ACTIVESET_B5000,19.33951617370112,-10.595252,OPTIMAL,OK,OK,0.00054039
matpower/case30,matpower/case30/2017-07-15,RAW,ACTIVESET_NOCLEAN,18.63884319855333,-10.573534,OPTIMAL,OK,OK,0.00054039
matpower/case30,matpower/case30/2017-07-15,RAW,WARM_ACTIVESET,18.86005587299444,-10.580565,OPTIMAL,OK,OK,0.00054039
matpower/case30,matpower/case30/2017-07-15,RAW,ACTIVESET_LAZY,14.880640349475257,-10.42214,OPTIMAL,OK,OK,0.00048641
matpower/case30,matpower/case30/2017-07-15,RAW,ACTIVESET_LAZY_TOPK128,15.620690426525442,-10.457712,OPTIMAL,OK,OK,0.00048641
matpower/case30,matpower/case30/2017-07-15,RAW,WARM_ACTIVESET_LAZY,15.25325666418202,-10.440482000000001,OPTIMAL,OK,OK,0.00048641
matpower/case30,matpower/case30/2017-09-15,RAW,RAW,1.0,0.0,OPTIMAL,OK,OK,0.00836381
matpower/case30,matpower/case30/2017-09-15,RAW,RAW_GNN,33.97183383991895,-12.366416000000001,OPTIMAL,OK,OK,0.02895977
matpower/case30,matpower/case30/2017-09-15,RAW,RAW_COMMIT_HINTS,0.9540924288656354,0.6130750000000003,OPTIMAL,OK,OK,0.00836381
matpower/case30,matpower/case30/2017-09-15,RAW,WARM,1.007820779917044,-0.0988749999999996,OPTIMAL,OK,OK,0.00836381
matpower/case30,matpower/case30/2017-09-15,RAW,WARM_BRANCH_HINTS,1.0032848654844553,-0.041717000000000226,OPTIMAL,OK,OK,0.00836381
matpower/case30,matpower/case30/2017-09-15,RAW,WARM_COMMIT_HINTS,0.9900155983208981,0.1284989999999997,OPTIMAL,OK,OK,0.00836381
matpower/case30,matpower/case30/2017-09-15,RAW,WARM_GRU,1.0197906917982071,-0.24726900000000107,OPTIMAL,OK,OK,0.00836381
matpower/case30,matpower/case30/2017-09-15,RAW,LAZY_ALL,22.622475684543573,-12.178254,OPTIMAL,OK,OK,0.00836381
matpower/case30,matpower/case30/2017-09-15,RAW,LAZY_TOPK128,21.01537705366877,-12.135183000000001,OPTIMAL,OK,OK,0.00836381
matpower/case30,matpower/case30/2017-09-15,RAW,LAZY_BANDIT,23.547620191685734,-12.200382000000001,OPTIMAL,OK,OK,0.00836381
matpower/case30,matpower/case30/2017-09-15,RAW,LAZY_COMMIT_HINTS,24.802229995542344,-12.227753,OPTIMAL,OK,OK,0.00836381
matpower/case30,matpower/case30/2017-09-15,RAW,LAZY_GNN_T060,22.57573867622983,-12.177088000000001,OPTIMAL,OK,OK,0.00836381
matpower/case30,matpower/case30/2017-09-15,RAW,LAZY_GNN_T080,22.87321020809697,-12.184428,OPTIMAL,OK,OK,0.00836381
matpower/case30,matpower/case30/2017-09-15,RAW,LAZY_COMMIT_GNN_T060,23.826977092099114,-12.206726,OPTIMAL,OK,OK,0.00836381
matpower/case30,matpower/case30/2017-09-15,RAW,WARM_LAZY,20.749967429256344,-12.127428,OPTIMAL,OK,OK,0.00836381
matpower/case30,matpower/case30/2017-09-15,RAW,WARM_LAZY_TOPK128,20.81763640997824,-12.129424,OPTIMAL,OK,OK,0.00836381
matpower/case30,matpower/case30/2017-09-15,RAW,WARM_LAZY_BANDIT,19.44821101764637,-12.086327,OPTIMAL,OK,OK,0.00836381
matpower/case30,matpower/case30/2017-09-15,RAW,WARM_LAZY_COMMIT_HINTS,20.16886060721183,-12.109736,OPTIMAL,OK,OK,0.00836381
matpower/case30,matpower/case30/2017-09-15,RAW,WARM_LAZY_GRU,20.545167526916053,-12.121307,OPTIMAL,OK,OK,0.00836381
matpower/case30,matpower/case30/2017-09-15,RAW,WARM_LAZY_BRANCH_HINTS,20.54937568745343,-12.121434,OPTIMAL,OK,OK,0.00836381
matpower/case30,matpower/case30/2017-09-15,RAW,WARM_LAZY_GNN_T060,20.76142927674191,-12.127767,OPTIMAL,OK,OK,0.00836381
matpower/case30,matpower/case30/2017-09-15,RAW,WARM_LAZY_COMMIT_GNN_T060,20.095317103329066,-12.107424,OPTIMAL,OK,OK,0.00836381
matpower/case30,matpower/case30/2017-09-15,RAW,WARM_LAZY_COMMIT_GRU,20.30187332397495,-12.113875,OPTIMAL,OK,OK,0.00836381
matpower/case30,matpower/case30/2017-09-15,RAW,WARM_LAZY_ML_STACK,20.31572787731615,-12.114303,OPTIMAL,OK,OK,0.00836381
matpower/case30,matpower/case30/2017-09-15,RAW,WARM_PRUNE_T010,24.30735126349245,-12.217294,OPTIMAL,OK,OK,0.02895977
matpower/case30,matpower/case30/2017-09-15,RAW,WARM_PRUNE_T020,27.006153043986952,-12.269677,OPTIMAL,OK,OK,0.02895977
matpower/case30,matpower/case30/2017-09-15,RAW,WARM_PRUNE_T030,27.241965726991864,-12.273761,OPTIMAL,OK,OK,0.02895977
matpower/case30,matpower/case30/2017-09-15,RAW,WARM_PRUNE_T050,27.121526122198762,-12.271684,OPTIMAL,OK,OK,0.02895977
matpower/case30,matpower/case30/2017-09-15,RAW,WARM_PRUNE_T080,29.14235787884679,-12.304261,OPTIMAL,OK,OK,0.02851136
matpower/case30,matpower/case30/2017-09-15,RAW,WARM_LPSCREEN_T010,14.315589601389599,-11.851434000000001,OPTIMAL,OK,OK,0.02895977
matpower/case30,matpower/case30/2017-09-15,RAW,WARM_LPSCREEN_T020,14.722251943193019,-11.876019000000001,OPTIMAL,OK,OK,0.02895977
matpower/case30,matpower/case30/2017-09-15,RAW,WARM_LPSCREEN_T030,14.877602111113708,-11.885056,OPTIMAL,OK,OK,0.02895977
matpower/case30,matpower/case30/2017-09-15,RAW,WARM_LPSCREEN_T050,15.02511285217662,-11.893464,OPTIMAL,OK,OK,0.02895977
matpower/case30,matpower/case30/2017-09-15,RAW,WARM_LPSCREEN_T080,13.81116450183134,-11.818927,OPTIMAL,OK,OK,0.03447408
matpower/case30,matpower/case30/2017-09-15,RAW,WARM_PRUNE_LAZY_T010,20.472509921750728,-12.119106,OPTIMAL,OK,OK,0.00836381
matpower/case30,matpower/case30/2017-09-15,RAW,WARM_PRUNE_LAZY_T020,20.4154004656223,-12.117365000000001,OPTIMAL,OK,OK,0.00836381
matpower/case30,matpower/case30/2017-09-15,RAW,WARM_PRUNE_LAZY_T030,18.476966648153173,-12.051889000000001,OPTIMAL,OK,OK,0.00836381
matpower/case30,matpower/case30/2017-09-15,RAW,WARM_PRUNE_LAZY_T050,20.34865960348666,-12.115318,OPTIMAL,OK,OK,0.00836381
matpower/case30,matpower/case30/2017-09-15,RAW,WARM_PRUNE_LAZY_T080,22.49300220314089,-12.175012,OPTIMAL,OK,OK,0.00836381
matpower/case30,matpower/case30/2017-09-15,RAW,WARM_LPSCREEN_LAZY_T010,12.750949955817173,-11.742219,OPTIMAL,OK,OK,0.00836381
matpower/case30,matpower/case30/2017-09-15,RAW,WARM_LPSCREEN_LAZY_T020,12.063335589818362,-11.685261,OPTIMAL,OK,OK,0.00836381
matpower/case30,matpower/case30/2017-09-15,RAW,WARM_LPSCREEN_LAZY_T030,11.967209511796291,-11.676777000000001,OPTIMAL,OK,OK,0.00836381
matpower/case30,matpower/case30/2017-09-15,RAW,WARM_LPSCREEN_LAZY_T050,12.680558596502403,-11.736672,OPTIMAL,OK,OK,0.00836381
matpower/case30,matpower/case30/2017-09-15,RAW,WARM_LPSCREEN_LAZY_T080,13.824021282620748,-11.819785,OPTIMAL,OK,OK,0.00836381
matpower/case30,matpower/case30/2017-09-15,RAW,WARM_SR_LAZY,3.8807853629103857,-9.458255000000001,OPTIMAL,OK,OK,0.03083785
matpower/case30,matpower/case30/2017-09-15,RAW,SHRINK_LAZY,16.623602520128017,-11.975007,OPTIMAL,OK,OK,0.01873488
matpower/case30,matpower/case30/2017-09-15,RAW,STREDUCE,1.5496836834414074,-4.519491,OPTIMAL,OK,OK,3.04e-06
matpower/case30,matpower/case30/2017-09-15,RAW,STREDUCE_CONSERVATIVE,1.765259342529537,-5.52357,OPTIMAL,OK,OK,0.02418341
matpower/case30,matpower/case30/2017-09-15,RAW,STREDUCE_AGGRESSIVE,2.2657885293250475,-7.118058,OPTIMAL,OK,OK,0.0
matpower/case30,matpower/case30/2017-09-15,RAW,STREDUCE_GRU,1.5855953033985055,-4.705708000000001,OPTIMAL,OK,OK,3.04e-06
matpower/case30,matpower/case30/2017-09-15,RAW,STREDUCE_LAZY,2.5547059791841646,-7.754023,OPTIMAL,OK,OK,0.04527796
matpower/case30,matpower/case30/2017-09-15,RAW,STREDUCE_LAZY_CONSERVATIVE,2.4368185491937435,-7.512742,OPTIMAL,OK,OK,0.00740627
matpower/case30,matpower/case30/2017-09-15,RAW,STREDUCE_LAZY_AGGRESSIVE,11.154356129414062,-11.599189,OPTIMAL,OK,OK,0.02552838
matpower/case30,matpower/case30/2017-09-15,RAW,STREDUCE_LAZY_GRU,2.5879819024744455,-7.818151,OPTIMAL,OK,OK,0.04527796
matpower/case30,matpower/case30/2017-09-15,RAW,ACTIVESET,22.889399878560113,-12.184822,OPTIMAL,OK,OK,0.02895977
matpower/case30,matpower/case30/2017-09-15,RAW,ACTIVESET_B500,22.316429224480075,-12.170530000000001,OPTIMAL,OK,OK,0.02895977
matpower/case30,matpower/case30/2017-09-15,RAW,ACTIVESET_B5000,24.292243397622155,-12.216968000000001,OPTIMAL,OK,OK,0.02895977
matpower/case30,matpower/case30/2017-09-15,RAW,ACTIVESET_NOCLEAN,25.140637085444585,-12.234668000000001,OPTIMAL,OK,OK,0.02895977
matpower/case30,matpower/case30/2017-09-15,RAW,WARM_ACTIVESET,19.87235130995717,-12.10031,OPTIMAL,OK,OK,0.02895977
matpower/case30,matpower/case30/2017-09-15,RAW,ACTIVESET_LAZY,16.121002321712123,-11.951111000000001,OPTIMAL,OK,OK,0.00836381
matpower/case30,matpower/case30/2017-09-15,RAW,ACTIVESET_LAZY_TOPK128,17.545771394341664,-12.015291000000001,OPTIMAL,OK,OK,0.00836381
matpower/case30,matpower/case30/2017-09-15,RAW,WARM_ACTIVESET_LAZY,15.196791153009428,-11.903044000000001,OPTIMAL,OK,OK,0.00836381
matpower/case30,matpower/case30/2017-11-15,RAW,RAW,1.0,0.0,OPTIMAL,OK,OK,0.00184346
matpower/case30,matpower/case30/2017-11-15,RAW,RAW_GNN,30.79343866474772,-11.302856,OPTIMAL,OK,OK,0.00418539
matpower/case30,matpower/case30/2017-11-15,RAW,RAW_COMMIT_HINTS,0.9345997088733623,0.8174849999999996,OPTIMAL,OK,OK,0.00184346
matpower/case30,matpower/case30/2017-11-15,RAW,WARM,0.9932445903796948,0.07945499999999939,OPTIMAL,OK,OK,0.00184346
matpower/case30,matpower/case30/2017-11-15,RAW,WARM_BRANCH_HINTS,0.9894786324424362,0.12421999999999933,OPTIMAL,OK,OK,0.00184346
matpower/case30,matpower/case30/2017-11-15,RAW,WARM_COMMIT_HINTS,0.9841037768471947,0.1887030000000003,OPTIMAL,OK,OK,0.00184346
matpower/case30,matpower/case30/2017-11-15,RAW,WARM_GRU,0.9925052124188657,0.08821700000000021,OPTIMAL,OK,OK,0.00184346
matpower/case30,matpower/case30/2017-11-15,RAW,LAZY_ALL,19.346212890265978,-11.078379,OPTIMAL,OK,OK,0.00184346
matpower/case30,matpower/case30/2017-11-15,RAW,LAZY_TOPK128,21.22517464729876,-11.131835,OPTIMAL,OK,OK,0.00184346
matpower/case30,matpower/case30/2017-11-15,RAW,LAZY_BANDIT,21.059915560090424,-11.127516,OPTIMAL,OK,OK,0.00184346
matpower/case30,matpower/case30/2017-11-15,RAW,LAZY_COMMIT_HINTS,22.292630333562325,-11.158190000000001,OPTIMAL,OK,OK,0.00184346
matpower/case30,matpower/case30/2017-11-15,RAW,LAZY_GNN_T060,20.64928545546138,-11.116485,OPTIMAL,OK,OK,0.00184346
matpower/case30,matpower/case30/2017-11-15,RAW,LAZY_GNN_T080,19.755287504629266,-11.090883,OPTIMAL,OK,OK,0.00184346
matpower/case30,matpower/case30/2017-11-15,RAW,LAZY_COMMIT_GNN_T060,21.7540105956072,-11.145215,OPTIMAL,OK,OK,0.00184346
matpower/case30,matpower/case30/2017-11-15,RAW,WARM_LAZY,18.69952651848627,-11.057496,OPTIMAL,OK,OK,0.00184346
matpower/case30,matpower/case30/2017-11-15,RAW,WARM_LAZY_TOPK128,18.8090871766799,-11.061135,OPTIMAL,OK,OK,0.00184346
matpower/case30,matpower/case30/2017-11-15,RAW,WARM_LAZY_BANDIT,18.611286355178304,-11.054534,OPTIMAL,OK,OK,0.00184346
matpower/case30,matpower/case30/2017-11-15,RAW,WARM_LAZY_COMMIT_HINTS,19.087987320675797,-11.070210000000001,OPTIMAL,OK,OK,0.00184346
matpower/case30,matpower/case30/2017-11-15,RAW,WARM_LAZY_GRU,18.434080759945086,-11.0485,OPTIMAL,OK,OK,0.00184346
matpower/case30,matpower/case30/2017-11-15,RAW,WARM_LAZY_BRANCH_HINTS,19.17354490233699,-11.072941,OPTIMAL,OK,OK,0.00184346
matpower/case30,matpower/case30/2017-11-15,RAW,WARM_LAZY_GNN_T060,17.508524034404875,-11.014999000000001,OPTIMAL,OK,OK,0.00184346
matpower/case30,matpower/case30/2017-11-15,RAW,WARM_LAZY_COMMIT_GNN_T060,17.709820555539554,-11.022583000000001,OPTIMAL,OK,OK,0.00184346
matpower/case30,matpower/case30/2017-11-15,RAW,WARM_LAZY_COMMIT_GRU,18.39017509834819,-11.046987000000001,OPTIMAL,OK,OK,0.00184346
matpower/case30,matpower/case30/2017-11-15,RAW,WARM_LAZY_ML_STACK,16.988776169064224,-10.994586,OPTIMAL,OK,OK,0.00184346
matpower/case30,matpower/case30/2017-11-15,RAW,WARM_PRUNE_T010,26.72814338925038,-11.245154000000001,OPTIMAL,OK,OK,0.00418539
matpower/case30,matpower/case30/2017-11-15,RAW,WARM_PRUNE_T020,26.312632607922016,-11.238252000000001,OPTIMAL,OK,OK,0.00418539
matpower/case30,matpower/case30/2017-11-15,RAW,WARM_PRUNE_T030,26.812185280900426,-11.246524,OPTIMAL,OK,OK,0.00418539
matpower/case30,matpower/case30/2017-11-15,RAW,WARM_PRUNE_T050,26.39360077358252,-11.239614000000001,OPTIMAL,OK,OK,0.00418539
matpower/case30,matpower/case30/2017-11-15,RAW,WARM_PRUNE_T080,24.872372452292698,-11.212543,OPTIMAL,OK,OK,0.00404315
matpower/case30,matpower/case30/2017-11-15,RAW,WARM_LPSCREEN_T010,18.45598109254982,-11.049252000000001,OPTIMAL,OK,OK,0.00418539
matpower/case30,matpower/case30/2017-11-15,RAW,WARM_LPSCREEN_T020,18.82578834055281,-11.061686,OPTIMAL,OK,OK,0.00418539
matpower/case30,matpower/case30/2017-11-15,RAW,WARM_LPSCREEN_T030,17.03177394052847,-10.996322000000001,OPTIMAL,OK,OK,0.00418539
matpower/case30,matpower/case30/2017-11-15,RAW,WARM_LPSCREEN_T050,17.559922318188786,-11.016952,OPTIMAL,OK,OK,0.00418539
matpower/case30,matpower/case30/2017-11-15,RAW,WARM_LPSCREEN_T080,19.986980146862575,-11.097738,OPTIMAL,OK,OK,0.00404315
matpower/case30,matpower/case30/2017-11-15,RAW,WARM_PRUNE_LAZY_T010,18.461901939868042,-11.049455,OPTIMAL,OK,OK,0.00184346
matpower/case30,matpower/case30/2017-11-15,RAW,WARM_PRUNE_LAZY_T020,17.561770153094972,-11.017022,OPTIMAL,OK,OK,0.00184346
matpower/case30,matpower/case30/2017-11-15,RAW,WARM_PRUNE_LAZY_T030,18.464703269746586,-11.049551000000001,OPTIMAL,OK,OK,0.00184346
matpower/case30,matpower/case30/2017-11-15,RAW,WARM_PRUNE_LAZY_T050,18.169987603839235,-11.039289,OPTIMAL,OK,OK,0.00184346
matpower/case30,matpower/case30/2017-11-15,RAW,WARM_PRUNE_LAZY_T080,18.755908267721594,-11.059374,OPTIMAL,OK,OK,0.00184346
matpower/case30,matpower/case30/2017-11-15,RAW,WARM_LPSCREEN_LAZY_T010,13.159487779106993,-10.794488000000001,OPTIMAL,OK,OK,0.00184346
matpower/case30,matpower/case30/2017-11-15,RAW,WARM_LPSCREEN_LAZY_T020,14.182902666556593,-10.858546,OPTIMAL,OK,OK,0.00184346
matpower/case30,matpower/case30/2017-11-15,RAW,WARM_LPSCREEN_LAZY_T030,14.246847815880008,-10.862243000000001,OPTIMAL,OK,OK,0.00184346
matpower/case30,matpower/case30/2017-11-15,RAW,WARM_LPSCREEN_LAZY_T050,13.817814718131357,-10.836783,OPTIMAL,OK,OK,0.00184346
matpower/case30,matpower/case30/2017-11-15,RAW,WARM_LPSCREEN_LAZY_T080,14.071568210589966,-10.852029,OPTIMAL,OK,OK,0.00184346
matpower/case30,matpower/case30/2017-11-15,RAW,WARM_SR_LAZY,3.6966567148121254,-8.522015,OPTIMAL,OK,OK,0.00184346
matpower/case30,matpower/case30/2017-11-15,RAW,SHRINK_LAZY,18.967707472467165,-11.066329,OPTIMAL,OK,OK,0.00616853
matpower/case30,matpower/case30/2017-11-15,RAW,STREDUCE,1.48158862438308,-3.797295000000001,OPTIMAL,OK,OK,0.00142124
matpower/case30,matpower/case30/2017-11-15,RAW,STREDUCE_CONSERVATIVE,1.391711722873503,-3.2880850000000006,OPTIMAL,OK,OK,0.00993064
matpower/case30,matpower/case30/2017-11-15,RAW,STREDUCE_AGGRESSIVE,1.7842984219304623,-5.13499,OPTIMAL,OK,OK,0.00102898
matpower/case30,matpower/case30/2017-11-15,RAW,STREDUCE_GRU,1.4591214842727862,-3.675885000000001,OPTIMAL,OK,OK,0.00142124
matpower/case30,matpower/case30/2017-11-15,RAW,STREDUCE_LAZY,10.031936343713719,-10.517726,OPTIMAL,OK,OK,0.00186078
matpower/case30,matpower/case30/2017-11-15,RAW,STREDUCE_LAZY_CONSERVATIVE,2.9027361513984893,-7.657672000000001,OPTIMAL,OK,OK,0.00184346
matpower/case30,matpower/case30/2017-11-15,RAW,STREDUCE_LAZY_AGGRESSIVE,9.36006371320086,-10.434137,OPTIMAL,OK,OK,0.00102898
matpower/case30,matpower/case30/2017-11-15,RAW,STREDUCE_LAZY_GRU,9.973219164048627,-10.51087,OPTIMAL,OK,OK,0.00186078
matpower/case30,matpower/case30/2017-11-15,RAW,ACTIVESET,21.802201452704974,-11.146402,OPTIMAL,OK,OK,0.00418539
matpower/case30,matpower/case30/2017-11-15,RAW,ACTIVESET_B500,23.112167578710796,-11.176772,OPTIMAL,OK,OK,0.00418539
matpower/case30,matpower/case30/2017-11-15,RAW,ACTIVESET_B5000,21.46356116865889,-11.137948,OPTIMAL,OK,OK,0.00418539
matpower/case30,matpower/case30/2017-11-15,RAW,ACTIVESET_NOCLEAN,21.12641237829314,-11.129262,OPTIMAL,OK,OK,0.00418539
matpower/case30,matpower/case30/2017-11-15,RAW,WARM_ACTIVESET,18.516975144755133,-11.051337,OPTIMAL,OK,OK,0.00418539
matpower/case30,matpower/case30/2017-11-15,RAW,ACTIVESET_LAZY,16.108732493026167,-10.957019,OPTIMAL,OK,OK,0.00184346
matpower/case30,matpower/case30/2017-11-15,RAW,ACTIVESET_LAZY_TOPK128,14.798047739928355,-10.892786000000001,OPTIMAL,OK,OK,0.00184346
matpower/case30,matpower/case30/2017-11-15,RAW,WARM_ACTIVESET_LAZY,14.83680094287144,-10.894848,OPTIMAL,OK,OK,0.00184346
matpower/case300,matpower/case300/2017-01-15,RAW,RAW,1.0,0.0,OPTIMAL,OK,OK,0.00389355
matpower/case300,matpower/case300/2017-01-15,RAW,RAW_GNN,1.570197629393978,-212.44207,OPTIMAL,FAIL,C120,0.03595946
matpower/case300,matpower/case300/2017-01-15,RAW,RAW_COMMIT_HINTS,1.037955096821729,-21.392471999999998,OPTIMAL,OK,OK,0.01762046
matpower/case300,matpower/case300/2017-01-15,RAW,WARM,0.8518114393939341,101.77489100000003,OPTIMAL,OK,OK,0.04506668
matpower/case300,matpower/case300/2017-01-15,RAW,WARM_BRANCH_HINTS,0.8037634322843471,142.830557,OPTIMAL,OK,OK,0.00717582
matpower/case300,matpower/case300/2017-01-15,RAW,WARM_COMMIT_HINTS,0.8811526081812199,78.90562399999999,OPTIMAL,OK,OK,0.01762046
matpower/case300,matpower/case300/2017-01-15,RAW,WARM_GRU,0.6867600094935207,266.83429,OPTIMAL,OK,OK,0.04506668
matpower/case300,matpower/case300/2017-01-15,RAW,LAZY_ALL,0.5944048919916636,399.190105,OPTIMAL,OK,OK,0.02463806
matpower/case300,matpower/case300/2017-01-15,RAW,LAZY_TOPK128,1.5261546906519001,-201.689981,OPTIMAL,FAIL,C120,0.03162819
matpower/case300,matpower/case300/2017-01-15,RAW,LAZY_BANDIT,1.544188795566753,-206.16675400000003,OPTIMAL,FAIL,C120,0.02769858
matpower/case300,matpower/case300/2017-01-15,RAW,LAZY_COMMIT_HINTS,1.4315931420177934,-176.36985600000003,OPTIMAL,OK,OK,0.01754453
matpower/case300,matpower/case300/2017-01-15,RAW,LAZY_GNN_T060,1.5855920043039375,-216.05938000000003,OPTIMAL,FAIL,C120,0.00022261
matpower/case300,matpower/case300/2017-01-15,RAW,LAZY_GNN_T080,4.929749364709986,-466.347279,OPTIMAL,FAIL,C120,0.00439514
matpower/case300,matpower/case300/2017-01-15,RAW,LAZY_COMMIT_GNN_T060,1.5200957183463404,-200.16206700000004,OPTIMAL,FAIL,C120,0.00109658
matpower/case300,matpower/case300/2017-01-15,RAW,WARM_LAZY,0.7612247022762659,183.50417800000002,OPTIMAL,OK,OK,0.04133793
matpower/case300,matpower/case300/2017-01-15,RAW,WARM_LAZY_TOPK128,1.3937493134807881,-165.27401500000002,OPTIMAL,FAIL,C120,0.00941352
matpower/case300,matpower/case300/2017-01-15,RAW,WARM_LAZY_BANDIT,1.427513100634885,-175.20187900000002,OPTIMAL,FAIL,C120,0.0
matpower/case300,matpower/case300/2017-01-15,RAW,WARM_LAZY_COMMIT_HINTS,1.233964347517546,-110.921697,OPTIMAL,OK,OK,0.01754453
matpower/case300,matpower/case300/2017-01-15,RAW,WARM_LAZY_GRU,0.7474608869770957,197.65582299999994,OPTIMAL,OK,OK,0.04165338
matpower/case300,matpower/case300/2017-01-15,RAW,WARM_LAZY_BRANCH_HINTS,1.1915631236772433,-94.05118900000002,OPTIMAL,OK,OK,0.00737675
matpower/case300,matpower/case300/2017-01-15,RAW,WARM_LAZY_GNN_T060,1.594308845703479,-218.07665300000002,OPTIMAL,FAIL,C120,0.00109658
matpower/case300,matpower/case300/2017-01-15,RAW,WARM_LAZY_COMMIT_GNN_T060,1.5959936044832477,-218.464003,OPTIMAL,FAIL,C120,0.00109658
matpower/case300,matpower/case300/2017-01-15,RAW,WARM_LAZY_COMMIT_GRU,1.234599099049382,-111.16544700000003,OPTIMAL,OK,OK,0.01754453
matpower/case300,matpower/case300/2017-01-15,RAW,WARM_LAZY_ML_STACK,1.5485902609432305,-207.243541,OPTIMAL,FAIL,C120,0.00109658
matpower/case300,matpower/case300/2017-01-15,RAW,WARM_PRUNE_T010,4.466975361926325,-454.053087,OPTIMAL,FAIL,C120,0.04935497
matpower/case300,matpower/case300/2017-01-15,RAW,WARM_PRUNE_T020,3.140776466846707,-398.752784,OPTIMAL,FAIL,C120,0.04987867
matpower/case300,matpower/case300/2017-01-15,RAW,WARM_PRUNE_T030,1.7717001756124007,-254.81665200000003,OPTIMAL,FAIL,C120,0.02778128
matpower/case300,matpower/case300/2017-01-15,RAW,WARM_PRUNE_T050,1.5351490227040188,-203.935875,OPTIMAL,FAIL,C120,0.03887514
matpower/case300,matpower/case300/2017-01-15,RAW,WARM_PRUNE_T080,1.2600593686101371,-120.73993300000001,OPTIMAL,OK,OK,0.04595592
matpower/case300,matpower/case300/2017-01-15,RAW,WARM_LPSCREEN_T010,2.522874074614443,-353.13263400000005,OPTIMAL,FAIL,C120,0.04883726
matpower/case300,matpower/case300/2017-01-15,RAW,WARM_LPSCREEN_T020,2.47705111154831,-348.842982,OPTIMAL,FAIL,C120,0.049243
matpower/case300,matpower/case300/2017-01-15,RAW,WARM_LPSCREEN_T030,1.523831037746215,-201.105453,OPTIMAL,OK,OK,0.04594926
matpower/case300,matpower/case300/2017-01-15,RAW,WARM_LPSCREEN_T050,1.4867489809384786,-191.530012,OPTIMAL,OK,OK,0.04595526
matpower/case300,matpower/case300/2017-01-15,RAW,WARM_LPSCREEN_T080,1.1905368775663447,-93.627974,OPTIMAL,OK,OK,0.0453931
matpower/case300,matpower/case300/2017-01-15,RAW,WARM_PRUNE_LAZY_T010,1.5775893956383977,-214.187769,OPTIMAL,FAIL,C120,0.00220839
matpower/case300,matpower/case300/2017-01-15,RAW,WARM_PRUNE_LAZY_T020,1.5945034364877324,-218.12143400000002,OPTIMAL,FAIL,C120,0.00220886
matpower/case300,matpower/case300/2017-01-15,RAW,WARM_PRUNE_LAZY_T030,1.3346042315332498,-146.672389,OPTIMAL,FAIL,C120,0.04272645
matpower/case300,matpower/case300/2017-01-15,RAW,WARM_PRUNE_LAZY_T050,1.2060495381389984,-99.94842,OPTIMAL,FAIL,C120,0.0412214
matpower/case300,matpower/case300/2017-01-15,RAW,WARM_PRUNE_LAZY_T080,1.1980999510752226,-96.72990300000004,OPTIMAL,OK,OK,0.04747792
matpower/case300,matpower/case300/2017-01-15,RAW,WARM_LPSCREEN_LAZY_T010,1.510060844206774,-197.60456500000004,OPTIMAL,OK,OK,0.04614209
matpower/case300,matpower/case300/2017-01-15,RAW,WARM_LPSCREEN_LAZY_T020,1.5740537454488062,-213.354807,OPTIMAL,OK,OK,0.00226804
matpower/case300,matpower/case300/2017-01-15,RAW,WARM_LPSCREEN_LAZY_T030,1.243049154288501,-114.38662500000004,OPTIMAL,OK,OK,0.04420075
matpower/case300,matpower/case300/2017-01-15,RAW,WARM_LPSCREEN_LAZY_T050,1.0479860695366978,-26.787310000000048,OPTIMAL,OK,OK,0.04144979
matpower/case300,matpower/case300/2017-01-15,RAW,WARM_LPSCREEN_LAZY_T080,0.8878266754837495,73.91470300000003,OPTIMAL,OK,OK,0.04133793
matpower/case300,matpower/case300/2017-01-15,RAW,WARM_SR_LAZY,0.930082826359699,43.977615000000014,OPTIMAL,OK,OK,0.04552566
matpower/case300,matpower/case300/2017-01-15,RAW,ACTIVESET,2.344436159960154,-335.483533,OPTIMAL,FAIL,C120,0.00908776
matpower/case300,matpower/case300/2017-01-15,RAW,ACTIVESET_B500,2.2928468821979915,-329.868977,OPTIMAL,FAIL,C120,0.00917583
matpower/case300,matpower/case300/2017-01-15,RAW,ACTIVESET_NOCLEAN,2.352480485296174,-336.336819,OPTIMAL,FAIL,C120,0.00908776
matpower/case300,matpower/case300/2017-01-15,RAW,WARM_ACTIVESET,2.276407171412681,-328.026345,OPTIMAL,FAIL,C120,0.01675837
matpower/case300,matpower/case300/2017-01-15,RAW,ACTIVESET_LAZY,0.7107417730322283,238.091183,OPTIMAL,OK,OK,0.02761205
matpower/case300,matpower/case300/2017-01-15,RAW,ACTIVESET_LAZY_TOPK128,1.2008210399425328,-97.83637600000003,OPTIMAL,FAIL,C120,0.03162813
matpower/case300,matpower/case300/2017-01-15,RAW,WARM_ACTIVESET_LAZY,1.0636690588430378,-35.01800000000003,OPTIMAL,OK,OK,0.00773516
matpower/case300,matpower/case300/2017-01-15,RAW,SHRINK_LAZY,1.4400543476762533,-178.770917,OPTIMAL,FAIL,C108,0.0492448
matpower/case300,matpower/case300/2017-01-15,RAW,STREDUCE,4.785257810920429,-462.76399100000003,OPTIMAL,FAIL,C120,0.04476348
matpower/case300,matpower/case300/2017-01-15,RAW,STREDUCE_CONSERVATIVE,1.5847042348410412,-215.852685,OPTIMAL,FAIL,C120,0.00286797
matpower/case300,matpower/case300/2017-01-15,RAW,STREDUCE_AGGRESSIVE,9.033818471290026,-520.259584,OPTIMAL,FAIL,C120,0.01870715
matpower/case300,matpower/case300/2017-01-15,RAW,STREDUCE_GRU,4.774813463048257,-462.496574,OPTIMAL,FAIL,C120,0.04476348
matpower/case300,matpower/case300/2017-01-15,RAW,STREDUCE_LAZY,1.3126258387417065,-139.33279700000003,OPTIMAL,OK,OK,0.01889401
matpower/case300,matpower/case300/2017-01-15,RAW,STREDUCE_LAZY_CONSERVATIVE,1.240059886111074,-113.25212800000003,OPTIMAL,OK,OK,0.02371438
matpower/case300,matpower/case300/2017-01-15,RAW,STREDUCE_LAZY_AGGRESSIVE,1.3856864295499651,-162.83165200000002,OPTIMAL,OK,OK,0.02667465
matpower/case300,matpower/case300/2017-01-15,RAW,ACTIVESET_B5000,2.2914850098084245,-329.71733700000004,OPTIMAL,FAIL,C120,0.00908776
matpower/case300,matpower/case300/2017-01-15,RAW,STREDUCE_LAZY_GRU,1.2112034880378129,-102.01250400000004,OPTIMAL,OK,OK,0.01889401
matpower/case300,matpower/case300/2017-03-15,RAW,RAW_GNN,1.3744447633108279,-138.47083499999997,OPTIMAL,FAIL,C120,0.02116084
matpower/case300,matpower/case300/2017-03-15,RAW,RAW_COMMIT_HINTS,0.709814698573407,207.79173199999997,OPTIMAL,OK,OK,0.0005812
matpower/case300,matpower/case300/2017-03-15,RAW,WARM,0.7403717329797188,178.23787099999998,OPTIMAL,OK,OK,0.00058498
matpower/case300,matpower/case300/2017-03-15,RAW,WARM_BRANCH_HINTS,0.8916679153084386,61.75210999999996,OPTIMAL,OK,OK,0.0019834
matpower/case300,matpower/case300/2017-03-15,RAW,WARM_COMMIT_HINTS,0.7098706086446749,207.73533400000002,OPTIMAL,OK,OK,0.0005812
matpower/case300,matpower/case300/2017-03-15,RAW,WARM_GRU,0.7509137440113848,168.59999299999998,OPTIMAL,OK,OK,0.00058498
matpower/case300,matpower/case300/2017-03-15,RAW,LAZY_ALL,0.5725876913476118,379.404832,OPTIMAL,OK,OK,0.00042702
matpower/case300,matpower/case300/2017-03-15,RAW,LAZY_TOPK128,1.3395225373244033,-128.82982699999997,OPTIMAL,FAIL,C120,0.0
matpower/case300,matpower/case300/2017-03-15,RAW,LAZY_COMMIT_HINTS,0.4221658189291014,695.6935900000001,TIME_LIMIT,OK,OK,0.07617224
matpower/case300,matpower/case300/2017-03-15,RAW,LAZY_GNN_T060,1.362215215955014,-135.15085699999997,OPTIMAL,FAIL,C120,0.04370617
matpower/case300,matpower/case300/2017-03-15,RAW,LAZY_GNN_T080,1.3878300693921948,-142.03750200000002,OPTIMAL,FAIL,C120,0.00302061
matpower/case300,matpower/case300/2017-03-15,RAW,LAZY_COMMIT_GNN_T060,1.363380324298315,-135.469718,OPTIMAL,FAIL,C120,0.01212468
matpower/case300,matpower/case300/2017-03-15,RAW,WARM_LAZY,0.4390956438304539,649.2732720000001,OPTIMAL,OK,OK,0.00688713
matpower/case300,matpower/case300/2017-03-15,RAW,WARM_LAZY_TOPK128,1.3905392172863191,-142.75103000000001,OPTIMAL,FAIL,C120,0.0
matpower/case300,matpower/case300/2017-03-15,RAW,WARM_LAZY_BANDIT,1.355630749549019,-133.338552,OPTIMAL,FAIL,C120,0.03193502
matpower/case300,matpower/case300/2017-03-15,RAW,WARM_LAZY_COMMIT_HINTS,0.4204617327122331,700.5731410000001,TIME_LIMIT,OK,OK,0.07543768
matpower/case300,matpower/case300/2017-03-15,RAW,WARM_LAZY_GRU,0.4502222922021271,620.6660240000001,OPTIMAL,OK,OK,0.00688713
matpower/case300,matpower/case300/2017-03-15,RAW,WARM_LAZY_BRANCH_HINTS,0.9226710695600174,42.598366,OPTIMAL,OK,OK,0.00249706
matpower/case300,matpower/case300/2017-03-15,RAW,WARM_LAZY_GNN_T060,1.3024005823943239,-118.01463899999999,OPTIMAL,FAIL,C120,0.00187419
matpower/case300,matpower/case300/2017-03-15,RAW,WARM_LAZY_COMMIT_GNN_T060,1.2917664187838964,-114.801921,OPTIMAL,FAIL,C120,0.00187419
matpower/case300,matpower/case300/2017-03-15,RAW,WARM_LAZY_COMMIT_GRU,0.42093295590785,699.219869,TIME_LIMIT,OK,OK,0.07543768
matpower/case300,matpower/case300/2017-03-15,RAW,WARM_LAZY_ML_STACK,1.336742295655103,-128.040635,OPTIMAL,FAIL,C120,0.0017495
matpower/case300,matpower/case300/2017-03-15,RAW,WARM_PRUNE_T010,3.509751989989174,-363.456315,OPTIMAL,FAIL,C120,0.04471527
matpower/case300,matpower/case300/2017-03-15,RAW,WARM_PRUNE_T020,4.3116225010202776,-390.389327,OPTIMAL,FAIL,C120,0.04680809
matpower/case300,matpower/case300/2017-03-15,RAW,WARM_PRUNE_T030,2.063616730239376,-261.971448,OPTIMAL,FAIL,C120,0.04766131
matpower/case300,matpower/case300/2017-03-15,RAW,WARM_PRUNE_T050,1.3296628075325339,-126.01616899999999,OPTIMAL,FAIL,C120,0.00032149
matpower/case300,matpower/case300/2017-03-15,RAW,WARM_PRUNE_T080,1.1627515943839224,-71.14365099999998,OPTIMAL,OK,OK,0.0005849
matpower/case300,matpower/case300/2017-03-15,RAW,WARM_LPSCREEN_T010,3.7410785422267683,-372.41099499999996,OPTIMAL,FAIL,C120,0.04928467
matpower/case300,matpower/case300/2017-03-15,RAW,WARM_LPSCREEN_T020,3.540406615827545,-364.710219,OPTIMAL,FAIL,C120,0.04850384
matpower/case300,matpower/case300/2017-03-15,RAW,WARM_LPSCREEN_T030,1.3042584204109464,-118.57054,OPTIMAL,OK,OK,0.00059577
matpower/case300,matpower/case300/2017-03-15,RAW,WARM_LPSCREEN_T050,1.2831577226084119,-112.16212000000002,OPTIMAL,OK,OK,0.00059859
matpower/case300,matpower/case300/2017-03-15,RAW,WARM_LPSCREEN_T080,1.0683664210362185,-32.52523600000001,OPTIMAL,OK,OK,0.00058492
matpower/case300,matpower/case300/2017-03-15,RAW,WARM_PRUNE_LAZY_T010,1.300714799521332,-117.508846,OPTIMAL,FAIL,C120,0.00069289
matpower/case300,matpower/case300/2017-03-15,RAW,WARM_PRUNE_LAZY_T020,1.3552328099260538,-133.228459,OPTIMAL,FAIL,C120,0.01030793
matpower/case300,matpower/case300/2017-03-15,RAW,WARM_PRUNE_LAZY_T030,1.2767509640234098,-110.17442399999999,OPTIMAL,FAIL,C120,0.01030805
matpower/case300,matpower/case300/2017-03-15,RAW,WARM_PRUNE_LAZY_T050,1.0804221644155505,-37.833812999999964,OPTIMAL,FAIL,C120,0.0204382
matpower/case300,matpower/case300/2017-03-15,RAW,WARM_PRUNE_LAZY_T080,0.5887657739269974,355.01322999999996,OPTIMAL,OK,OK,0.00037101
matpower/case300,matpower/case300/2017-03-15,RAW,WARM_LPSCREEN_LAZY_T010,1.3639601434864115,-135.628197,OPTIMAL,OK,OK,0.00060299
matpower/case300,matpower/case300/2017-03-15,RAW,WARM_LPSCREEN_LAZY_T020,1.3440966672272336,-130.121123,OPTIMAL,OK,OK,0.00060395
matpower/case300,matpower/case300/2017-03-15,RAW,WARM_LPSCREEN_LAZY_T030,0.9881528493013214,6.0937920000000645,OPTIMAL,OK,OK,0.04978902
matpower/case300,matpower/case300/2017-03-15,RAW,WARM_LPSCREEN_LAZY_T050,0.7838025481048129,140.19797499999999,OPTIMAL,OK,OK,0.00019955
matpower/case300,matpower/case300/2017-03-15,RAW,WARM_LPSCREEN_LAZY_T080,0.5276963926978099,454.91994500000004,OPTIMAL,OK,OK,0.00038996
matpower/case300,matpower/case300/2017-03-15,RAW,WARM_SR_LAZY,0.7696565581663548,152.11663800000002,OPTIMAL,OK,OK,0.04723452
matpower/case300,matpower/case300/2017-03-15,RAW,RAW,1.0,0.0,OPTIMAL,OK,OK,0.00091162
matpower/case300,matpower/case300/2017-03-15,RAW,LAZY_BANDIT,1.3451588278948363,-130.419719,OPTIMAL,FAIL,C120,0.03152662
matpower/case300,matpower/case300/2017-03-15,RAW,ACTIVESET,2.4028056726215845,-296.740419,OPTIMAL,FAIL,C120,0.00233161
matpower/case300,matpower/case300/2017-03-15,RAW,ACTIVESET_B500,2.281742370894087,-285.517002,OPTIMAL,FAIL,C120,0.00234388
matpower/case300,matpower/case300/2017-03-15,RAW,ACTIVESET_B5000,2.3969302261406713,-296.2219,OPTIMAL,FAIL,C120,0.00233161
matpower/case300,matpower/case300/2017-03-15,RAW,ACTIVESET_NOCLEAN,2.3983665290793423,-296.348891,OPTIMAL,FAIL,C120,0.00233161
matpower/case300,matpower/case300/2017-03-15,RAW,WARM_ACTIVESET,2.2997268415145027,-287.25901999999996,OPTIMAL,FAIL,C120,0.0052539
matpower/case300,matpower/case300/2017-03-15,RAW,ACTIVESET_LAZY,0.405664364645579,744.6681040000001,TIME_LIMIT,OK,OK,0.07379081
matpower/case300,matpower/case300/2017-03-15,RAW,ACTIVESET_LAZY_TOPK128,0.9332884172672778,36.331489999999974,OPTIMAL,FAIL,C120,0.01163368
matpower/case300,matpower/case300/2017-03-15,RAW,WARM_ACTIVESET_LAZY,0.8237183277817387,108.774294,OPTIMAL,OK,OK,0.00922294
matpower/case300,matpower/case300/2017-03-15,RAW,SHRINK_LAZY,0.9778577771739361,11.509153000000026,OPTIMAL,FAIL,C108,0.01289876
matpower/case300,matpower/case300/2017-03-15,RAW,STREDUCE,2.018803210758368,-256.50401,OPTIMAL,FAIL,C120,0.00528218
matpower/case300,matpower/case300/2017-03-15,RAW,STREDUCE_CONSERVATIVE,1.3764645387193981,-139.01347099999998,OPTIMAL,FAIL,C120,0.0251774
matpower/case300,matpower/case300/2017-03-15,RAW,STREDUCE_AGGRESSIVE,7.4602211268326695,-440.142721,OPTIMAL,FAIL,C120,0.00510609
matpower/case300,matpower/case300/2017-03-15,RAW,STREDUCE_GRU,2.0118986494005373,-255.63996999999998,OPTIMAL,FAIL,C120,0.00528218
matpower/case300,matpower/case300/2017-03-15,RAW,STREDUCE_LAZY,1.1403595907551776,-62.560198000000014,OPTIMAL,OK,OK,0.01438464
matpower/case300,matpower/case300/2017-03-15,RAW,STREDUCE_LAZY_CONSERVATIVE,1.1037252269546327,-47.76626299999998,OPTIMAL,OK,OK,0.03882972
matpower/case300,matpower/case300/2017-03-15,RAW,STREDUCE_LAZY_AGGRESSIVE,1.293814905259981,-115.42490199999997,OPTIMAL,OK,OK,0.00437979
matpower/case300,matpower/case300/2017-03-15,RAW,STREDUCE_LAZY_GRU,1.205624632386307,-86.688376,OPTIMAL,OK,OK,0.01438464
matpower/case300,matpower/case300/2017-05-15,RAW,RAW,1.0,0.0,OPTIMAL,OK,OK,0.00024894
matpower/case300,matpower/case300/2017-05-15,RAW,RAW_COMMIT_HINTS,1.3497341731762027,-213.95953800000007,OPTIMAL,OK,OK,0.00630311
matpower/case300,matpower/case300/2017-05-15,RAW,WARM,1.5311879031176798,-286.45836700000007,OPTIMAL,OK,OK,0.01105222
matpower/case300,matpower/case300/2017-05-15,RAW,WARM_BRANCH_HINTS,1.5574214806175715,-295.542107,OPTIMAL,OK,OK,0.01105222
matpower/case300,matpower/case300/2017-05-15,RAW,WARM_COMMIT_HINTS,1.5951749706505456,-308.09039400000006,OPTIMAL,OK,OK,0.00630311
matpower/case300,matpower/case300/2017-05-15,RAW,WARM_GRU,1.3280345386283074,-203.963299,OPTIMAL,OK,OK,0.01105222
matpower/case300,matpower/case300/2017-05-15,RAW,LAZY_ALL,1.2103464785362676,-143.50510800000006,OPTIMAL,OK,OK,0.03043619
matpower/case300,matpower/case300/2017-05-15,RAW,LAZY_TOPK128,1.9750400516609155,-407.65087000000005,OPTIMAL,OK,OK,0.00331525
matpower/case300,matpower/case300/2017-05-15,RAW,LAZY_BANDIT,2.1588658134199474,-443.25059500000003,OPTIMAL,OK,OK,0.00015285
matpower/case300,matpower/case300/2017-05-15,RAW,LAZY_GNN_T060,2.1485647377246613,-441.416802,OPTIMAL,FAIL,C120,0.00039037
matpower/case300,matpower/case300/2017-05-15,RAW,LAZY_GNN_T080,6.231178986611688,-693.220151,OPTIMAL,FAIL,C120,0.0070893
matpower/case300,matpower/case300/2017-05-15,RAW,LAZY_COMMIT_GNN_T060,2.2087665544479886,-451.89178100000004,OPTIMAL,FAIL,C120,0.00112956
matpower/case300,matpower/case300/2017-05-15,RAW,WARM_LAZY,1.8646213145047978,-382.89272800000003,OPTIMAL,OK,OK,0.0111039
matpower/case300,matpower/case300/2017-05-15,RAW,WARM_LAZY_TOPK128,2.1786978211134005,-446.732251,OPTIMAL,OK,OK,0.0035603
matpower/case300,matpower/case300/2017-05-15,RAW,WARM_LAZY_BANDIT,2.191672877210893,-448.97602100000006,OPTIMAL,OK,OK,0.01105281
matpower/case300,matpower/case300/2017-05-15,RAW,WARM_LAZY_COMMIT_HINTS,1.868116484864752,-383.72127200000006,OPTIMAL,OK,OK,0.00630311
matpower/case300,matpower/case300/2017-05-15,RAW,WARM_LAZY_GRU,1.8946479674618524,-389.91099,OPTIMAL,OK,OK,0.0111039
matpower/case300,matpower/case300/2017-05-15,RAW,WARM_LAZY_BRANCH_HINTS,1.8824984307880415,-387.09819300000004,OPTIMAL,OK,OK,0.0111039
matpower/case300,matpower/case300/2017-05-15,RAW,WARM_LAZY_GNN_T060,2.1417904344026586,-440.201229,OPTIMAL,FAIL,C120,0.00112956
matpower/case300,matpower/case300/2017-05-15,RAW,WARM_LAZY_COMMIT_GNN_T060,2.153419166092841,-442.28317100000004,OPTIMAL,FAIL,C120,0.00112956
matpower/case300,matpower/case300/2017-05-15,RAW,WARM_LAZY_COMMIT_GRU,1.873582898942553,-385.010909,OPTIMAL,OK,OK,0.00630311
matpower/case300,matpower/case300/2017-05-15,RAW,WARM_LAZY_ML_STACK,2.187995260565567,-448.342755,OPTIMAL,FAIL,C120,0.00112956
matpower/case300,matpower/case300/2017-05-15,RAW,WARM_PRUNE_T010,4.657678314155377,-648.452012,OPTIMAL,FAIL,C120,0.04947775
matpower/case300,matpower/case300/2017-05-15,RAW,WARM_PRUNE_T020,5.362945523199311,-671.766326,OPTIMAL,FAIL,C120,0.04878131
matpower/case300,matpower/case300/2017-05-15,RAW,WARM_PRUNE_T030,2.2126049877975515,-452.54032900000004,OPTIMAL,OK,OK,0.01105222
matpower/case300,matpower/case300/2017-05-15,RAW,WARM_PRUNE_T050,2.1861708408944494,-448.02780900000005,OPTIMAL,OK,OK,0.01105222
matpower/case300,matpower/case300/2017-05-15,RAW,WARM_PRUNE_T080,1.971535851184196,-406.90776500000004,OPTIMAL,OK,OK,0.01105222
matpower/case300,matpower/case300/2017-05-15,RAW,WARM_LPSCREEN_T010,4.149072559949115,-626.719868,OPTIMAL,FAIL,C120,0.04877775
matpower/case300,matpower/case300/2017-05-15,RAW,WARM_LPSCREEN_T020,2.888291925128656,-539.845984,OPTIMAL,FAIL,C120,0.04612787
matpower/case300,matpower/case300/2017-05-15,RAW,WARM_LPSCREEN_T030,2.1637733786642284,-444.11809700000003,OPTIMAL,OK,OK,0.04901236
matpower/case300,matpower/case300/2017-05-15,RAW,WARM_LPSCREEN_T050,1.9636589992106315,-405.22770900000006,OPTIMAL,OK,OK,0.01105222
matpower/case300,matpower/case300/2017-05-15,RAW,WARM_LPSCREEN_T080,1.9008088833617645,-391.323593,OPTIMAL,OK,OK,0.01105222
matpower/case300,matpower/case300/2017-05-15,RAW,WARM_PRUNE_LAZY_T010,2.197612023116327,-449.99423500000006,OPTIMAL,FAIL,C120,0.00355933
matpower/case300,matpower/case300/2017-05-15,RAW,WARM_PRUNE_LAZY_T020,2.25872688884677,-460.160793,OPTIMAL,FAIL,C120,0.00355933
matpower/case300,matpower/case300/2017-05-15,RAW,WARM_PRUNE_LAZY_T030,2.0952454615014804,-431.63671500000004,OPTIMAL,OK,OK,0.01134794
matpower/case300,matpower/case300/2017-05-15,RAW,WARM_PRUNE_LAZY_T050,1.928404029721149,-397.53998,OPTIMAL,OK,OK,0.01119358
matpower/case300,matpower/case300/2017-05-15,RAW,WARM_PRUNE_LAZY_T080,1.956164169859153,-403.616573,OPTIMAL,OK,OK,0.01117852
matpower/case300,matpower/case300/2017-05-15,RAW,WARM_LPSCREEN_LAZY_T010,2.189400692194936,-448.58501400000006,OPTIMAL,FAIL,C120,0.00360689
matpower/case300,matpower/case300/2017-05-15,RAW,WARM_LPSCREEN_LAZY_T020,2.211066097576659,-452.280586,OPTIMAL,FAIL,C120,0.00360689
matpower/case300,matpower/case300/2017-05-15,RAW,WARM_LPSCREEN_LAZY_T030,1.911126196687096,-393.66879700000004,OPTIMAL,OK,OK,0.01134853
matpower/case300,matpower/case300/2017-05-15,RAW,WARM_LPSCREEN_LAZY_T050,1.9076483974114529,-392.88110100000006,OPTIMAL,OK,OK,0.011393
matpower/case300,matpower/case300/2017-05-15,RAW,WARM_LPSCREEN_LAZY_T080,1.8499183824369352,-379.373053,OPTIMAL,OK,OK,0.01118775
matpower/case300,matpower/case300/2017-05-15,RAW,WARM_SR_LAZY,1.616245963709103,-314.83895300000006,OPTIMAL,OK,OK,0.01105222
matpower/case300,matpower/case300/2017-05-15,RAW,RAW_GNN,2.234214201759827,-456.149871,OPTIMAL,FAIL,C120,0.00119867
matpower/case300,matpower/case300/2017-05-15,RAW,LAZY_COMMIT_HINTS,1.871813717718492,-384.594348,OPTIMAL,OK,OK,0.00630311
matpower/case300,matpower/case300/2017-05-15,RAW,ACTIVESET,4.266623831146481,-632.203064,OPTIMAL,FAIL,C120,0.01241735
matpower/case300,matpower/case300/2017-05-15,RAW,ACTIVESET_B500,4.276480564819307,-632.649135,OPTIMAL,FAIL,C120,0.01241735
matpower/case300,matpower/case300/2017-05-15,RAW,ACTIVESET_B5000,4.288436762239124,-633.1874660000001,OPTIMAL,FAIL,C120,0.01241735
matpower/case300,matpower/case300/2017-05-15,RAW,ACTIVESET_NOCLEAN,4.29150909103628,-633.325314,OPTIMAL,FAIL,C120,0.01241735
matpower/case300,matpower/case300/2017-05-15,RAW,WARM_ACTIVESET,4.121709642778309,-625.3986460000001,OPTIMAL,FAIL,C120,0.01098134
matpower/case300,matpower/case300/2017-05-15,RAW,ACTIVESET_LAZY,1.007089185175092,-5.8125969999999825,OPTIMAL,OK,OK,0.02504015
matpower/case300,matpower/case300/2017-05-15,RAW,ACTIVESET_LAZY_TOPK128,1.9223089591970113,-396.182294,OPTIMAL,OK,OK,0.0035603
matpower/case300,matpower/case300/2017-05-15,RAW,WARM_ACTIVESET_LAZY,1.6691459055611075,-331.03075800000005,OPTIMAL,OK,OK,0.0111039
matpower/case300,matpower/case300/2017-05-15,RAW,SHRINK_LAZY,2.045667176308941,-422.08539400000006,OPTIMAL,FAIL,C108,0.04578216
matpower/case300,matpower/case300/2017-05-15,RAW,STREDUCE,5.44713944372808,-674.1461820000001,OPTIMAL,FAIL,C120,0.04005877
matpower/case300,matpower/case300/2017-05-15,RAW,STREDUCE_CONSERVATIVE,1.8951626702241455,-390.029355,OPTIMAL,FAIL,C120,0.0128245
matpower/case300,matpower/case300/2017-05-15,RAW,STREDUCE_AGGRESSIVE,13.176871295637804,-763.071506,OPTIMAL,FAIL,C120,0.02422936
matpower/case300,matpower/case300/2017-05-15,RAW,STREDUCE_GRU,5.43929584201175,-673.927584,OPTIMAL,FAIL,C120,0.04005877
matpower/case300,matpower/case300/2017-05-15,RAW,STREDUCE_LAZY,2.039637268771778,-420.89205300000003,OPTIMAL,OK,OK,0.00863262
matpower/case300,matpower/case300/2017-05-15,RAW,STREDUCE_LAZY_CONSERVATIVE,2.0224498636368753,-417.45155400000004,OPTIMAL,OK,OK,0.01239019
matpower/case300,matpower/case300/2017-05-15,RAW,STREDUCE_LAZY_AGGRESSIVE,2.0584551373780737,-424.593043,OPTIMAL,OK,OK,0.00755177
matpower/case300,matpower/case300/2017-05-15,RAW,STREDUCE_LAZY_GRU,2.0144669299804776,-415.83359900000005,OPTIMAL,OK,OK,0.00863262
matpower/case300,matpower/case300/2017-07-15,RAW,RAW,1.0,0.0,OPTIMAL,OK,OK,0.00111693
matpower/case300,matpower/case300/2017-07-15,RAW,RAW_COMMIT_HINTS,0.7377241640235067,205.92981200000008,OPTIMAL,OK,OK,0.00519138
matpower/case300,matpower/case300/2017-07-15,RAW,WARM,0.944172333395225,34.24941500000011,OPTIMAL,OK,OK,0.00078117
matpower/case300,matpower/case300/2017-07-15,RAW,WARM_BRANCH_HINTS,0.9935680601775827,3.7497240000000147,OPTIMAL,OK,OK,0.003089
matpower/case300,matpower/case300/2017-07-15,RAW,WARM_COMMIT_HINTS,0.7629627745072354,179.95675700000004,OPTIMAL,OK,OK,0.00519138
matpower/case300,matpower/case300/2017-07-15,RAW,WARM_GRU,0.9351335012031645,40.17924700000003,OPTIMAL,OK,OK,0.00078117
matpower/case300,matpower/case300/2017-07-15,RAW,LAZY_ALL,0.7995159335703486,145.2471740000001,OPTIMAL,OK,OK,0.00118014
matpower/case300,matpower/case300/2017-07-15,RAW,LAZY_TOPK128,1.3615164140736342,-153.80132999999995,OPTIMAL,FAIL,C120,0.02146417
matpower/case300,matpower/case300/2017-07-15,RAW,LAZY_BANDIT,1.4361237235236546,-175.90282199999996,OPTIMAL,FAIL,C120,0.0
matpower/case300,matpower/case300/2017-07-15,RAW,LAZY_COMMIT_HINTS,0.4754256966774901,639.115445,TIME_LIMIT,OK,OK,0.08464258
matpower/case300,matpower/case300/2017-07-15,RAW,LAZY_GNN_T080,1.578075950859653,-212.18366799999995,OPTIMAL,FAIL,C120,0.00476115
matpower/case300,matpower/case300/2017-07-15,RAW,LAZY_COMMIT_GNN_T060,1.4769227320358216,-187.04461099999992,OPTIMAL,FAIL,C120,0.01164272
matpower/case300,matpower/case300/2017-07-15,RAW,WARM_LAZY,0.6413823859355731,323.86911900000007,OPTIMAL,OK,OK,0.00209881
matpower/case300,matpower/case300/2017-07-15,RAW,WARM_LAZY_TOPK128,1.4404583944382228,-177.11654199999992,OPTIMAL,FAIL,C120,0.03359228
matpower/case300,matpower/case300/2017-07-15,RAW,WARM_LAZY_BANDIT,1.5301889339040535,-200.69684899999993,OPTIMAL,FAIL,C120,0.0
matpower/case300,matpower/case300/2017-07-15,RAW,WARM_LAZY_COMMIT_HINTS,0.4808797067826258,625.2972350000001,TIME_LIMIT,OK,OK,0.08462098
matpower/case300,matpower/case300/2017-07-15,RAW,WARM_LAZY_GRU,0.6449327153102339,318.8975650000001,OPTIMAL,OK,OK,0.00209881
matpower/case300,matpower/case300/2017-07-15,RAW,WARM_LAZY_BRANCH_HINTS,1.1264598624128082,-65.02673299999992,OPTIMAL,OK,OK,0.00344302
matpower/case300,matpower/case300/2017-07-15,RAW,WARM_LAZY_GNN_T060,1.5320692622281702,-201.16143399999993,OPTIMAL,FAIL,C120,0.00944901
matpower/case300,matpower/case300/2017-07-15,RAW,WARM_LAZY_COMMIT_GNN_T060,1.510413417163136,-195.74072799999993,OPTIMAL,FAIL,C120,0.01164272
matpower/case300,matpower/case300/2017-07-15,RAW,WARM_LAZY_COMMIT_GRU,0.4772759956302995,634.3921550000001,TIME_LIMIT,OK,OK,0.08462098
matpower/case300,matpower/case300/2017-07-15,RAW,WARM_LAZY_ML_STACK,1.577502319185076,-212.05019599999997,OPTIMAL,FAIL,C120,0.02236305
matpower/case300,matpower/case300/2017-07-15,RAW,WARM_PRUNE_T010,4.247398380974313,-442.86108999999993,OPTIMAL,FAIL,C120,0.04844487
matpower/case300,matpower/case300/2017-07-15,RAW,WARM_PRUNE_T020,3.378592214766478,-407.79243799999995,OPTIMAL,FAIL,C120,0.02957338
matpower/case300,matpower/case300/2017-07-15,RAW,WARM_PRUNE_T030,1.5774056390027549,-212.02769099999995,OPTIMAL,FAIL,C120,0.00474134
matpower/case300,matpower/case300/2017-07-15,RAW,WARM_PRUNE_T050,1.485353256912057,-189.27059499999996,OPTIMAL,OK,OK,0.0007773
matpower/case300,matpower/case300/2017-07-15,RAW,WARM_PRUNE_T080,1.2107119995235032,-100.80994399999992,OPTIMAL,OK,OK,0.00098711
matpower/case300,matpower/case300/2017-07-15,RAW,WARM_LPSCREEN_T010,4.748907575790196,-457.26290199999994,OPTIMAL,FAIL,C120,0.04973087
matpower/case300,matpower/case300/2017-07-15,RAW,WARM_LPSCREEN_T020,2.4621261786516,-343.97707499999996,OPTIMAL,FAIL,C120,0.04172732
matpower/case300,matpower/case300/2017-07-15,RAW,WARM_LPSCREEN_T030,1.4475577397920762,-179.08867699999996,OPTIMAL,OK,OK,0.00527178
matpower/case300,matpower/case300/2017-07-15,RAW,WARM_LPSCREEN_T050,1.2975901038495774,-132.84215499999993,OPTIMAL,OK,OK,0.00393753
matpower/case300,matpower/case300/2017-07-15,RAW,WARM_LPSCREEN_T080,1.2142243971952458,-102.19388899999996,OPTIMAL,OK,OK,0.00082476
matpower/case300,matpower/case300/2017-07-15,RAW,WARM_PRUNE_LAZY_T010,1.536973968072145,-202.36792199999996,OPTIMAL,FAIL,C120,0.02951872
matpower/case300,matpower/case300/2017-07-15,RAW,WARM_PRUNE_LAZY_T020,1.4803703564378408,-187.95798099999996,OPTIMAL,FAIL,C120,0.03240315
matpower/case300,matpower/case300/2017-07-15,RAW,WARM_PRUNE_LAZY_T030,1.326228316892601,-142.48144499999995,OPTIMAL,FAIL,C120,0.03412666
matpower/case300,matpower/case300/2017-07-15,RAW,WARM_PRUNE_LAZY_T050,0.7417305109874011,201.6888600000001,OPTIMAL,OK,OK,0.00574103
matpower/case300,matpower/case300/2017-07-15,RAW,WARM_PRUNE_LAZY_T080,1.0653478315049336,-35.52995899999996,OPTIMAL,OK,OK,0.00185673
matpower/case300,matpower/case300/2017-07-15,RAW,WARM_LPSCREEN_LAZY_T010,1.5362534030904165,-202.19115599999992,OPTIMAL,FAIL,C120,0.03565806
matpower/case300,matpower/case300/2017-07-15,RAW,WARM_LPSCREEN_LAZY_T020,1.4488882699692693,-179.45613599999996,OPTIMAL,FAIL,C120,0.00081085
matpower/case300,matpower/case300/2017-07-15,RAW,WARM_LPSCREEN_LAZY_T030,1.0357364762915753,-19.98560999999995,OPTIMAL,FAIL,C120,0.02790918
matpower/case300,matpower/case300/2017-07-15,RAW,WARM_LPSCREEN_LAZY_T050,0.7921743500507777,151.9614130000001,OPTIMAL,OK,OK,0.00202401
matpower/case300,matpower/case300/2017-07-15,RAW,WARM_LPSCREEN_LAZY_T080,0.9493132993726325,30.92711500000007,OPTIMAL,FAIL,C120,0.00286804
matpower/case300,matpower/case300/2017-07-15,RAW,WARM_SR_LAZY,0.7953769700178107,149.01721800000007,OPTIMAL,OK,OK,0.03110937
matpower/case300,matpower/case300/2017-07-15,RAW,RAW_GNN,1.544410081394316,-204.18248399999993,OPTIMAL,FAIL,C120,0.00665689
matpower/case300,matpower/case300/2017-07-15,RAW,LAZY_GNN_T060,1.5031927435455925,-193.89858999999996,OPTIMAL,FAIL,C120,0.01068322
matpower/case300,matpower/case300/2017-07-15,RAW,ACTIVESET,2.7418161502297442,-367.97552599999995,OPTIMAL,FAIL,C120,0.00338582
matpower/case300,matpower/case300/2017-07-15,RAW,ACTIVESET_B500,2.691509486785152,-364.02689799999996,OPTIMAL,FAIL,C120,0.00338606
matpower/case300,matpower/case300/2017-07-15,RAW,ACTIVESET_B5000,2.7485011484140784,-368.4893589999999,OPTIMAL,FAIL,C120,0.00338582
matpower/case300,matpower/case300/2017-07-15,RAW,ACTIVESET_NOCLEAN,2.7399601311784028,-367.83242099999995,OPTIMAL,FAIL,C120,0.00338582
matpower/case300,matpower/case300/2017-07-15,RAW,WARM_ACTIVESET,2.7762202679166745,-370.59354699999994,OPTIMAL,FAIL,C120,0.00772683
matpower/case300,matpower/case300/2017-07-15,RAW,ACTIVESET_LAZY,0.7471641153584242,196.00974300000007,OPTIMAL,OK,OK,0.01225053
matpower/case300,matpower/case300/2017-07-15,RAW,ACTIVESET_LAZY_TOPK128,1.0840829467838697,-44.92626999999993,OPTIMAL,FAIL,C120,0.00966768
matpower/case300,matpower/case300/2017-07-15,RAW,WARM_ACTIVESET_LAZY,1.0883483679151698,-47.02031699999998,OPTIMAL,OK,OK,0.00558435
matpower/case300,matpower/case300/2017-07-15,RAW,SHRINK_LAZY,1.1461296937485017,-73.85155799999995,OPTIMAL,FAIL,C108,0.0400298
matpower/case300,matpower/case300/2017-07-15,RAW,STREDUCE,4.162527565367472,-440.08052399999997,OPTIMAL,FAIL,C120,0.04796325
matpower/case300,matpower/case300/2017-07-15,RAW,STREDUCE_CONSERVATIVE,1.5708594174522545,-210.49743199999995,OPTIMAL,FAIL,C120,0.041847
matpower/case300,matpower/case300/2017-07-15,RAW,STREDUCE_AGGRESSIVE,7.90566721085797,-505.96685599999995,OPTIMAL,FAIL,C120,0.00909381
matpower/case300,matpower/case300/2017-07-15,RAW,STREDUCE_GRU,4.155446880421521,-439.84341099999995,OPTIMAL,FAIL,C120,0.04796325
matpower/case300,matpower/case300/2017-07-15,RAW,STREDUCE_LAZY,0.9320880220656752,42.20310500000005,OPTIMAL,OK,OK,0.01824959
matpower/case300,matpower/case300/2017-07-15,RAW,STREDUCE_LAZY_CONSERVATIVE,1.089136973519671,-47.405674999999974,OPTIMAL,OK,OK,0.01384347
matpower/case300,matpower/case300/2017-07-15,RAW,STREDUCE_LAZY_AGGRESSIVE,0.9229972144818211,48.32379100000003,OPTIMAL,OK,OK,0.00352245
matpower/case300,matpower/case300/2017-07-15,RAW,STREDUCE_LAZY_GRU,0.8860320877055059,74.50545900000009,OPTIMAL,OK,OK,0.01824959
matpower/case300,matpower/case300/2017-09-15,RAW,RAW,1.0,0.0,OPTIMAL,OK,OK,0.00083669
matpower/case300,matpower/case300/2017-09-15,RAW,RAW_GNN,1.655642935614744,-202.08198499999997,OPTIMAL,FAIL,C120,0.04603756
matpower/case300,matpower/case300/2017-09-15,RAW,WARM,0.8895603926931192,63.354331,OPTIMAL,OK,OK,0.0443809
matpower/case300,matpower/case300/2017-09-15,RAW,WARM_BRANCH_HINTS,0.8903755703840954,62.82912399999998,OPTIMAL,OK,OK,0.0443809
matpower/case300,matpower/case300/2017-09-15,RAW,WARM_COMMIT_HINTS,0.892528737146998,61.44648399999994,OPTIMAL,OK,OK,0.01397374
matpower/case300,matpower/case300/2017-09-15,RAW,WARM_GRU,0.8700095340683356,76.24552900000003,OPTIMAL,OK,OK,0.0443809
matpower/case300,matpower/case300/2017-09-15,RAW,LAZY_TOPK128,1.355503525947964,-133.83513900000003,OPTIMAL,FAIL,C120,0.0
matpower/case300,matpower/case300/2017-09-15,RAW,LAZY_BANDIT,1.2724694325747212,-109.26908900000001,OPTIMAL,FAIL,C120,0.0
matpower/case300,matpower/case300/2017-09-15,RAW,LAZY_COMMIT_HINTS,1.2112353089657093,-88.99485199999998,OPTIMAL,OK,OK,0.00468673
matpower/case300,matpower/case300/2017-09-15,RAW,LAZY_GNN_T060,1.2936373257020102,-115.83121599999998,OPTIMAL,FAIL,C120,0.00121673
matpower/case300,matpower/case300/2017-09-15,RAW,LAZY_GNN_T080,3.1946246144418193,-350.563992,OPTIMAL,FAIL,C120,0.01354212
matpower/case300,matpower/case300/2017-09-15,RAW,LAZY_COMMIT_GNN_T060,1.2826578464582306,-112.45457199999998,OPTIMAL,FAIL,C120,0.00354322
matpower/case300,matpower/case300/2017-09-15,RAW,WARM_LAZY,1.0960361138308663,-44.71328799999998,OPTIMAL,OK,OK,0.0443809
matpower/case300,matpower/case300/2017-09-15,RAW,WARM_LAZY_TOPK128,1.2984812355351973,-117.30276500000002,OPTIMAL,FAIL,C120,0.0
matpower/case300,matpower/case300/2017-09-15,RAW,WARM_LAZY_BANDIT,1.3063954232809634,-119.68356499999999,OPTIMAL,FAIL,C120,0.0
matpower/case300,matpower/case300/2017-09-15,RAW,WARM_LAZY_COMMIT_HINTS,1.1396462130877858,-62.529651,OPTIMAL,OK,OK,0.01996397
matpower/case300,matpower/case300/2017-09-15,RAW,WARM_LAZY_GRU,1.1028223848765377,-47.57830799999999,OPTIMAL,OK,OK,0.0443809
matpower/case300,matpower/case300/2017-09-15,RAW,WARM_LAZY_BRANCH_HINTS,1.1001455042010964,-46.452406999999994,OPTIMAL,OK,OK,0.0443809
matpower/case300,matpower/case300/2017-09-15,RAW,WARM_LAZY_GNN_T060,1.3136504078790983,-121.84085700000003,OPTIMAL,FAIL,C120,0.01991109
matpower/case300,matpower/case300/2017-09-15,RAW,WARM_LAZY_COMMIT_GNN_T060,1.3151669979294107,-122.28881200000001,OPTIMAL,FAIL,C120,0.0032885
matpower/case300,matpower/case300/2017-09-15,RAW,WARM_LAZY_COMMIT_GRU,1.1399714333814992,-62.65739500000001,OPTIMAL,OK,OK,0.01996397
matpower/case300,matpower/case300/2017-09-15,RAW,WARM_LAZY_ML_STACK,1.3165509834760638,-122.69669900000002,OPTIMAL,FAIL,C120,0.0
matpower/case300,matpower/case300/2017-09-15,RAW,WARM_PRUNE_T010,5.2150340849418235,-412.449549,OPTIMAL,FAIL,C120,0.04551615
matpower/case300,matpower/case300/2017-09-15,RAW,WARM_PRUNE_T020,3.688441839087485,-371.95003099999997,OPTIMAL,FAIL,C120,0.0497127
matpower/case300,matpower/case300/2017-09-15,RAW,WARM_PRUNE_T030,1.7470604283043716,-218.21002500000003,OPTIMAL,FAIL,C120,0.04124521
matpower/case300,matpower/case300/2017-09-15,RAW,WARM_PRUNE_T050,1.3254053530691432,-125.286093,OPTIMAL,OK,OK,0.0443809
matpower/case300,matpower/case300/2017-09-15,RAW,WARM_PRUNE_T080,1.153870473602441,-68.049529,OPTIMAL,OK,OK,0.0443809
matpower/case300,matpower/case300/2017-09-15,RAW,WARM_LPSCREEN_T010,2.8745292268627707,-332.776294,OPTIMAL,FAIL,C120,0.01401961
matpower/case300,matpower/case300/2017-09-15,RAW,WARM_LPSCREEN_T020,3.1634993974305248,-348.99235699999997,OPTIMAL,OK,OK,0.01468366
matpower/case300,matpower/case300/2017-09-15,RAW,WARM_LPSCREEN_T030,1.2292274758139392,-95.16150599999997,OPTIMAL,FAIL,C120,0.0238528
matpower/case300,matpower/case300/2017-09-15,RAW,WARM_LPSCREEN_T050,1.2828851398930188,-112.52506,OPTIMAL,OK,OK,0.0443809
matpower/case300,matpower/case300/2017-09-15,RAW,WARM_LPSCREEN_T080,1.116647035467733,-53.307053999999994,OPTIMAL,OK,OK,0.0443809
matpower/case300,matpower/case300/2017-09-15,RAW,WARM_PRUNE_LAZY_T010,1.3420743943782851,-130.06812200000002,OPTIMAL,OK,OK,0.0443809
matpower/case300,matpower/case300/2017-09-15,RAW,WARM_PRUNE_LAZY_T020,1.3454814930178558,-131.03096900000003,OPTIMAL,OK,OK,0.0443809
matpower/case300,matpower/case300/2017-09-15,RAW,WARM_PRUNE_LAZY_T030,1.2651056782834473,-106.93481400000002,OPTIMAL,OK,OK,0.04438375
matpower/case300,matpower/case300/2017-09-15,RAW,WARM_PRUNE_LAZY_T050,1.209117298065967,-88.25684899999999,OPTIMAL,OK,OK,0.04444586
matpower/case300,matpower/case300/2017-09-15,RAW,WARM_PRUNE_LAZY_T080,1.2000626556374276,-85.07246200000003,OPTIMAL,OK,OK,0.04791663
matpower/case300,matpower/case300/2017-09-15,RAW,WARM_LPSCREEN_LAZY_T010,1.3284134780467105,-126.157941,OPTIMAL,FAIL,C120,0.04449473
matpower/case300,matpower/case300/2017-09-15,RAW,WARM_LPSCREEN_LAZY_T020,1.3332129927001861,-127.540843,OPTIMAL,FAIL,C120,0.04438025
matpower/case300,matpower/case300/2017-09-15,RAW,WARM_LPSCREEN_LAZY_T030,1.2263990508839464,-94.20407499999999,OPTIMAL,OK,OK,0.04438375
matpower/case300,matpower/case300/2017-09-15,RAW,WARM_LPSCREEN_LAZY_T050,1.151414357272821,-67.10614800000002,OPTIMAL,OK,OK,0.04438537
matpower/case300,matpower/case300/2017-09-15,RAW,WARM_LPSCREEN_LAZY_T080,1.0875905803221129,-41.097826999999995,OPTIMAL,OK,OK,0.0443809
matpower/case300,matpower/case300/2017-09-15,RAW,WARM_SR_LAZY,0.6091676958809786,327.40136199999995,OPTIMAL,OK,OK,0.0443809
matpower/case300,matpower/case300/2017-09-15,RAW,RAW_COMMIT_HINTS,0.9998762825872413,0.06314099999997325,OPTIMAL,OK,OK,0.00279599
matpower/case300,matpower/case300/2017-09-15,RAW,LAZY_ALL,0.9460359633649201,29.108757999999966,OPTIMAL,OK,OK,0.00884006
matpower/case300,matpower/case300/2017-09-15,RAW,ACTIVESET,2.359991206411938,-294.071278,OPTIMAL,FAIL,C120,0.00342683
matpower/case300,matpower/case300/2017-09-15,RAW,ACTIVESET_B500,2.3152111846127297,-289.889026,OPTIMAL,FAIL,C120,0.00334433
matpower/case300,matpower/case300/2017-09-15,RAW,ACTIVESET_B5000,2.4050258382783176,-298.120237,OPTIMAL,FAIL,C120,0.00331249
matpower/case300,matpower/case300/2017-09-15,RAW,ACTIVESET_NOCLEAN,2.3495745517293174,-293.112638,OPTIMAL,FAIL,C120,0.00342683
matpower/case300,matpower/case300/2017-09-15,RAW,WARM_ACTIVESET,2.272627980730329,-285.759062,OPTIMAL,FAIL,C120,0.01810995
matpower/case300,matpower/case300/2017-09-15,RAW,ACTIVESET_LAZY,0.8428666223583018,95.13415899999995,OPTIMAL,OK,OK,0.011424
matpower/case300,matpower/case300/2017-09-15,RAW,ACTIVESET_LAZY_TOPK128,1.0595214605261316,-28.667558999999983,OPTIMAL,FAIL,C120,0.01019379
matpower/case300,matpower/case300/2017-09-15,RAW,WARM_ACTIVESET_LAZY,0.9456993120683956,29.300778000000037,OPTIMAL,OK,OK,0.04434928
matpower/case300,matpower/case300/2017-09-15,RAW,SHRINK_LAZY,0.9267624360274577,40.326670000000036,OPTIMAL,FAIL,C108,0.03217223
matpower/case300,matpower/case300/2017-09-15,RAW,STREDUCE,2.750516615028925,-324.772208,OPTIMAL,FAIL,C120,0.00161868
matpower/case300,matpower/case300/2017-09-15,RAW,STREDUCE_CONSERVATIVE,1.3754196917452106,-139.28639700000002,OPTIMAL,FAIL,C120,0.02061323
matpower/case300,matpower/case300/2017-09-15,RAW,STREDUCE_AGGRESSIVE,6.8485884515784665,-435.789625,OPTIMAL,FAIL,C120,0.00951609
matpower/case300,matpower/case300/2017-09-15,RAW,STREDUCE_GRU,2.762571747336944,-325.581809,OPTIMAL,FAIL,C120,0.00161868
matpower/case300,matpower/case300/2017-09-15,RAW,STREDUCE_LAZY,1.170766662336778,-74.43199099999998,OPTIMAL,OK,OK,0.04944017
matpower/case300,matpower/case300/2017-09-15,RAW,STREDUCE_LAZY_CONSERVATIVE,1.075259502911893,-35.71699799999999,OPTIMAL,OK,OK,0.04463409
matpower/case300,matpower/case300/2017-09-15,RAW,STREDUCE_LAZY_AGGRESSIVE,1.1039469179290355,-48.04966000000002,OPTIMAL,OK,OK,0.04379228
matpower/case300,matpower/case300/2017-09-15,RAW,STREDUCE_LAZY_GRU,1.2388537207721815,-98.38726200000002,OPTIMAL,OK,OK,0.04944017
matpower/case300,matpower/case300/2017-11-15,RAW,RAW,1.0,0.0,OPTIMAL,OK,OK,0.00096596
matpower/case300,matpower/case300/2017-11-15,RAW,RAW_GNN,1.7424128536505148,-258.60032099999995,OPTIMAL,FAIL,C120,0.04642933
matpower/case300,matpower/case300/2017-11-15,RAW,RAW_COMMIT_HINTS,1.1227197591038338,-66.34035199999994,OPTIMAL,OK,OK,0.00493439
matpower/case300,matpower/case300/2017-11-15,RAW,LAZY_ALL,0.7992511283238671,152.44195100000002,OPTIMAL,OK,OK,0.03074117
matpower/case300,matpower/case300/2017-11-15,RAW,LAZY_TOPK128,1.6425212131967786,-237.41662499999995,OPTIMAL,FAIL,C120,0.00063834
matpower/case300,matpower/case300/2017-11-15,RAW,LAZY_BANDIT,1.5111239837385013,-205.28669599999995,OPTIMAL,FAIL,C120,0.00063068
matpower/case300,matpower/case300/2017-11-15,RAW,LAZY_COMMIT_HINTS,1.3355664230499376,-152.49220699999995,OPTIMAL,OK,OK,0.02088398
matpower/case300,matpower/case300/2017-11-15,RAW,LAZY_GNN_T060,1.562134613193276,-218.40195199999994,OPTIMAL,FAIL,C120,0.00052368
matpower/case300,matpower/case300/2017-11-15,RAW,LAZY_GNN_T080,5.354261036602437,-493.57091999999994,OPTIMAL,FAIL,C120,0.00692223
matpower/case300,matpower/case300/2017-11-15,RAW,LAZY_COMMIT_GNN_T060,1.6245623150092185,-233.33186099999995,OPTIMAL,FAIL,C120,0.00109589
matpower/case300,matpower/case300/2017-11-15,RAW,WARM_LAZY,1.054854285810225,-31.5611439999999,OPTIMAL,OK,OK,0.00540266
matpower/case300,matpower/case300/2017-11-15,RAW,WARM_LAZY_TOPK128,1.6391325703587254,-236.65272699999997,OPTIMAL,FAIL,C120,0.00046024
matpower/case300,matpower/case300/2017-11-15,RAW,WARM_LAZY_BANDIT,1.6530364313046026,-239.76712099999992,OPTIMAL,FAIL,C120,0.00050779
matpower/case300,matpower/case300/2017-11-15,RAW,WARM_LAZY_COMMIT_HINTS,1.065123658065852,-37.108499999999935,OPTIMAL,OK,OK,0.02088398
matpower/case300,matpower/case300/2017-11-15,RAW,WARM_LAZY_GRU,1.0527596052623183,-30.41634099999999,OPTIMAL,OK,OK,0.00540266
matpower/case300,matpower/case300/2017-11-15,RAW,WARM_LAZY_BRANCH_HINTS,1.0595283263596693,-34.099321999999916,OPTIMAL,OK,OK,0.00674466
matpower/case300,matpower/case300/2017-11-15,RAW,WARM_LAZY_GNN_T060,1.6156428729527625,-231.26937699999996,OPTIMAL,FAIL,C120,0.00026946
matpower/case300,matpower/case300/2017-11-15,RAW,WARM_LAZY_COMMIT_GNN_T060,1.6351313506882,-235.74665999999996,OPTIMAL,FAIL,C120,0.0011091
matpower/case300,matpower/case300/2017-11-15,RAW,WARM_LAZY_COMMIT_GRU,1.0671797344192637,-38.20633299999997,OPTIMAL,OK,OK,0.02088398
matpower/case300,matpower/case300/2017-11-15,RAW,WARM_LAZY_ML_STACK,1.6160457109327457,-231.36301799999995,OPTIMAL,FAIL,C120,0.0
matpower/case300,matpower/case300/2017-11-15,RAW,WARM_PRUNE_T010,7.225580605394721,-522.927828,OPTIMAL,FAIL,C120,0.02970479
matpower/case300,matpower/case300/2017-11-15,RAW,WARM_PRUNE_T020,7.033625039502428,-520.635465,OPTIMAL,FAIL,C120,0.0465025
matpower/case300,matpower/case300/2017-11-15,RAW,WARM_PRUNE_T030,3.131232555135692,-413.09521199999995,OPTIMAL,FAIL,C120,0.04372147
matpower/case300,matpower/case300/2017-11-15,RAW,WARM_PRUNE_T050,1.574105728977546,-221.35667599999994,OPTIMAL,FAIL,C120,0.00070037
matpower/case300,matpower/case300/2017-11-15,RAW,WARM_PRUNE_T080,1.2747571054967102,-130.81457499999993,OPTIMAL,FAIL,C120,0.00069017
matpower/case300,matpower/case300/2017-11-15,RAW,WARM_LPSCREEN_T010,4.570283992882541,-474.12648799999994,OPTIMAL,FAIL,C120,0.02101162
matpower/case300,matpower/case300/2017-11-15,RAW,WARM_LPSCREEN_T020,5.5171503555314185,-496.91758999999996,OPTIMAL,FAIL,C120,0.04012931
matpower/case300,matpower/case300/2017-11-15,RAW,WARM_LPSCREEN_T030,1.5993407260969827,-227.44030899999996,OPTIMAL,FAIL,C120,0.00330117
matpower/case300,matpower/case300/2017-11-15,RAW,WARM_LPSCREEN_T050,1.5413959182271149,-213.17457999999993,OPTIMAL,OK,OK,0.00071933
matpower/case300,matpower/case300/2017-11-15,RAW,WARM_LPSCREEN_T080,1.3031232625924807,-141.17845099999994,OPTIMAL,OK,OK,0.00072757
matpower/case300,matpower/case300/2017-11-15,RAW,WARM_PRUNE_LAZY_T010,1.6337865345565126,-235.44113299999992,OPTIMAL,FAIL,C120,0.0004337
matpower/case300,matpower/case300/2017-11-15,RAW,WARM_PRUNE_LAZY_T020,1.6156675431072418,-231.27511299999992,OPTIMAL,FAIL,C120,0.00044286
matpower/case300,matpower/case300/2017-11-15,RAW,WARM_PRUNE_LAZY_T030,1.5525571613015443,-216.00522499999994,OPTIMAL,FAIL,C120,0.0045703
matpower/case300,matpower/case300/2017-11-15,RAW,WARM_PRUNE_LAZY_T050,1.4000738417485743,-173.42985399999992,OPTIMAL,FAIL,C120,0.00504056
matpower/case300,matpower/case300/2017-11-15,RAW,WARM_PRUNE_LAZY_T080,1.044933196707928,-26.098372999999924,OPTIMAL,FAIL,C120,0.00537863
matpower/case300,matpower/case300/2017-11-15,RAW,WARM_LPSCREEN_LAZY_T010,1.475165432806592,-195.49639599999995,OPTIMAL,FAIL,C120,0.00459764
matpower/case300,matpower/case300/2017-11-15,RAW,WARM_LPSCREEN_LAZY_T020,1.5052533356807956,-203.72026599999992,OPTIMAL,FAIL,C120,0.00462384
matpower/case300,matpower/case300/2017-11-15,RAW,WARM_LPSCREEN_LAZY_T030,1.5187772888741553,-207.31059799999997,OPTIMAL,FAIL,C120,0.00527386
matpower/case300,matpower/case300/2017-11-15,RAW,WARM_LPSCREEN_LAZY_T050,1.2568656630930888,-124.03716599999996,OPTIMAL,OK,OK,0.00578354
matpower/case300,matpower/case300/2017-11-15,RAW,WARM_LPSCREEN_LAZY_T080,1.0466890955734558,-27.072751999999923,OPTIMAL,OK,OK,0.00540266
matpower/case300,matpower/case300/2017-11-15,RAW,WARM_SR_LAZY,0.6080035133713275,391.3007940000001,OPTIMAL,OK,OK,0.00073435
matpower/case300,matpower/case300/2017-11-15,RAW,WARM,1.027440608539394,-16.20957599999997,OPTIMAL,OK,OK,0.00072201
matpower/case300,matpower/case300/2017-11-15,RAW,WARM_BRANCH_HINTS,1.1577758587337046,-82.70860699999992,OPTIMAL,OK,OK,0.00580667
matpower/case300,matpower/case300/2017-11-15,RAW,WARM_COMMIT_HINTS,1.190977400384962,-97.32246499999997,OPTIMAL,OK,OK,0.00494312
matpower/case300,matpower/case300/2017-11-15,RAW,WARM_GRU,1.0347365452470603,-20.37471199999993,OPTIMAL,OK,OK,0.00072201
matpower/case300,matpower/case300/2017-11-15,RAW,ACTIVESET,2.7602017508360484,-387.04036899999994,OPTIMAL,FAIL,C120,0.00317946
matpower/case300,matpower/case300/2017-11-15,RAW,ACTIVESET_B5000,2.8217804963641453,-391.83882399999993,OPTIMAL,FAIL,C120,0.0031735
matpower/case300,matpower/case300/2017-11-15,RAW,ACTIVESET_NOCLEAN,2.773072284482702,-388.06090699999993,OPTIMAL,FAIL,C120,0.00317946
matpower/case300,matpower/case300/2017-11-15,RAW,WARM_ACTIVESET,2.8043521291666993,-390.50211899999994,OPTIMAL,FAIL,C120,0.00402472
matpower/case300,matpower/case300/2017-11-15,RAW,ACTIVESET_LAZY,0.7694987484592768,181.80256800000006,OPTIMAL,OK,OK,0.00460817
matpower/case300,matpower/case300/2017-11-15,RAW,ACTIVESET_LAZY_TOPK128,1.3667921986961278,-162.87417999999997,OPTIMAL,FAIL,C120,0.00011554
matpower/case300,matpower/case300/2017-11-15,RAW,WARM_ACTIVESET_LAZY,0.9480438845680302,33.261580000000095,OPTIMAL,OK,OK,0.01331269
matpower/case300,matpower/case300/2017-11-15,RAW,SHRINK_LAZY,1.433613861762086,-183.57164899999992,OPTIMAL,FAIL,C108,0.02454644
matpower/case300,matpower/case300/2017-11-15,RAW,STREDUCE,3.2266877630765634,-418.82926899999995,OPTIMAL,FAIL,C120,0.00836779
matpower/case300,matpower/case300/2017-11-15,RAW,STREDUCE_CONSERVATIVE,1.6287661626184329,-234.29610399999996,OPTIMAL,FAIL,C120,9.902e-05
matpower/case300,matpower/case300/2017-11-15,RAW,STREDUCE_AGGRESSIVE,10.298190487940293,-547.9894049999999,OPTIMAL,FAIL,C120,0.03104028
matpower/case300,matpower/case300/2017-11-15,RAW,STREDUCE_GRU,3.231669884868001,-419.119247,OPTIMAL,FAIL,C120,0.00836779
matpower/case300,matpower/case300/2017-11-15,RAW,STREDUCE_LAZY,1.258841384368709,-124.79504599999996,OPTIMAL,OK,OK,0.00559122
matpower/case300,matpower/case300/2017-11-15,RAW,STREDUCE_LAZY_CONSERVATIVE,1.167604070272634,-87.12115099999994,OPTIMAL,OK,OK,0.01035109
matpower/case300,matpower/case300/2017-11-15,RAW,STREDUCE_LAZY_AGGRESSIVE,1.2882727979476358,-135.80959999999993,OPTIMAL,OK,OK,0.00492457
matpower/case300,matpower/case300/2017-11-15,RAW,STREDUCE_LAZY_GRU,1.3493971900537636,-157.14995099999993,OPTIMAL,OK,OK,0.00541897
matpower/case300,matpower/case300/2017-11-15,RAW,ACTIVESET_B500,2.717734199767658,-383.60444099999995,OPTIMAL,FAIL,C120,0.0031735
matpower/case3375wp,matpower/case3375wp/2017-01-15,LAZY_ALL,LAZY_ALL,1.0,0.0,TIME_LIMIT,OK,OK,0.85278473
matpower/case3375wp,matpower/case3375wp/2017-01-15,LAZY_ALL,LAZY_COMMIT_HINTS,1.005974882278612,-21.712032000000363,TIME_LIMIT,OK,OK,0.61534834
matpower/case3375wp,matpower/case3375wp/2017-01-15,LAZY_ALL,WARM_LAZY_GRU,0.9614018140417673,146.76422699999966,TIME_LIMIT,OK,OK,0.74584788
matpower/case3375wp,matpower/case3375wp/2017-01-15,LAZY_ALL,STREDUCE_LAZY_GRU,,,SKIPPED_TOO_LARGE,,,
matpower/case3375wp,matpower/case3375wp/2017-01-15,LAZY_ALL,LAZY_BANDIT,1.011623836004057,-42.003809000000274,TIME_LIMIT,FAIL,C120,0.63445217
matpower/case3375wp,matpower/case3375wp/2017-01-15,LAZY_ALL,WARM_PRUNE_LAZY_T030,0.9489470853813473,196.66940299999987,TIME_LIMIT,FAIL,C120,0.77793126
matpower/case3375wp,matpower/case3375wp/2017-01-15,LAZY_ALL,LAZY_GNN_T080,0.9973275606378907,9.795537999999851,TIME_LIMIT,OK,OK,0.85278473
matpower/case3375wp,matpower/case3375wp/2017-03-15,LAZY_ALL,LAZY_ALL,1.0,0.0,TIME_LIMIT,OK,OK,0.86254041
matpower/case3375wp,matpower/case3375wp/2017-03-15,LAZY_ALL,LAZY_COMMIT_HINTS,1.0001728655522804,-0.6243939999999384,TIME_LIMIT,OK,OK,0.85450629
matpower/case3375wp,matpower/case3375wp/2017-03-15,LAZY_ALL,WARM_LAZY_GRU,0.9507676431583498,187.06888800000024,TIME_LIMIT,OK,OK,0.86254041
matpower/case3375wp,matpower/case3375wp/2017-03-15,LAZY_ALL,STREDUCE_LAZY_GRU,,,SKIPPED_TOO_LARGE,,,
matpower/case3375wp,matpower/case3375wp/2017-03-15,LAZY_ALL,LAZY_BANDIT,1.000172470414454,-0.6229669999997896,TIME_LIMIT,FAIL,C120,0.63668553
matpower/case3375wp,matpower/case3375wp/2017-03-15,LAZY_ALL,WARM_PRUNE_LAZY_T030,0.9373929333575277,241.28315999999995,TIME_LIMIT,FAIL,C120,0.81196365
matpower/case3375wp,matpower/case3375wp/2017-03-15,LAZY_ALL,LAZY_GNN_T080,0.9983910861336275,5.821801999999934,TIME_LIMIT,OK,OK,0.86254041
matpower/case3375wp,matpower/case3375wp/2017-05-15,LAZY_ALL,LAZY_ALL,1.0,0.0,TIME_LIMIT,,,
matpower/case3375wp,matpower/case3375wp/2017-05-15,LAZY_ALL,LAZY_COMMIT_HINTS,0.9987422780654779,4.5437620000002426,TIME_LIMIT,OK,OK,0.59982259
matpower/case3375wp,matpower/case3375wp/2017-05-15,LAZY_ALL,WARM_LAZY_GRU,0.9511581350029005,185.27801399999998,TIME_LIMIT,,,
matpower/case3375wp,matpower/case3375wp/2017-05-15,LAZY_ALL,STREDUCE_LAZY_GRU,,,SKIPPED_TOO_LARGE,,,
matpower/case3375wp,matpower/case3375wp/2017-05-15,LAZY_ALL,LAZY_BANDIT,0.461343565690458,4212.808894,TIME_LIMIT,,,
matpower/case3375wp,matpower/case3375wp/2017-05-15,LAZY_ALL,WARM_PRUNE_LAZY_T030,0.9373507645236712,241.15596700000015,TIME_LIMIT,,,
matpower/case3375wp,matpower/case3375wp/2017-05-15,LAZY_ALL,LAZY_GNN_T080,0.8887941878346437,451.45103700000027,TIME_LIMIT,,,
matpower/case3375wp,matpower/case3375wp/2017-07-15,LAZY_ALL,LAZY_ALL,1.0,0.0,TIME_LIMIT,OK,OK,0.90604436
matpower/case3375wp,matpower/case3375wp/2017-07-15,LAZY_ALL,LAZY_COMMIT_HINTS,0.9982638260337984,6.283108000000084,TIME_LIMIT,OK,OK,0.85489373
matpower/case3375wp,matpower/case3375wp/2017-07-15,LAZY_ALL,WARM_LAZY_GRU,0.9507530459773975,187.12778100000014,TIME_LIMIT,OK,OK,0.87837694
matpower/case3375wp,matpower/case3375wp/2017-07-15,LAZY_ALL,STREDUCE_LAZY_GRU,,,SKIPPED_TOO_LARGE,,,
matpower/case3375wp,matpower/case3375wp/2017-07-15,LAZY_ALL,LAZY_BANDIT,0.935581762680597,248.74462700000004,TIME_LIMIT,FAIL,C120,0.74460372
matpower/case3375wp,matpower/case3375wp/2017-07-15,LAZY_ALL,WARM_PRUNE_LAZY_T030,0.937034659479698,242.7574239999999,TIME_LIMIT,OK,OK,0.84185768
matpower/case3375wp,matpower/case3375wp/2017-07-15,LAZY_ALL,LAZY_GNN_T080,0.9957520253426098,15.411940999999842,TIME_LIMIT,OK,OK,0.90609952
matpower/case3375wp,matpower/case3375wp/2017-09-15,LAZY_ALL,LAZY_ALL,1.0,0.0,TIME_LIMIT,,,
matpower/case3375wp,matpower/case3375wp/2017-09-15,LAZY_ALL,LAZY_COMMIT_HINTS,0.9987561862193277,4.4935010000003786,TIME_LIMIT,OK,OK,0.70132162
matpower/case3375wp,matpower/case3375wp/2017-09-15,LAZY_ALL,WARM_LAZY_GRU,0.948678022197082,195.19716500000004,TIME_LIMIT,OK,OK,0.90401058
matpower/case3375wp,matpower/case3375wp/2017-09-15,LAZY_ALL,STREDUCE_LAZY_GRU,,,SKIPPED_TOO_LARGE,,,
matpower/case3375wp,matpower/case3375wp/2017-09-15,LAZY_ALL,LAZY_BANDIT,1.0002045966956314,-0.7380719999996472,TIME_LIMIT,,,
matpower/case3375wp,matpower/case3375wp/2017-09-15,LAZY_ALL,WARM_PRUNE_LAZY_T030,0.9362958631978273,245.49547500000017,TIME_LIMIT,FAIL,C120,0.92066399
matpower/case3375wp,matpower/case3375wp/2017-09-15,LAZY_ALL,LAZY_GNN_T080,0.9981460593744383,6.701788000000306,TIME_LIMIT,,,
matpower/case3375wp,matpower/case3375wp/2017-11-15,LAZY_ALL,LAZY_ALL,1.0,0.0,TIME_LIMIT,,,
matpower/case3375wp,matpower/case3375wp/2017-11-15,LAZY_ALL,LAZY_COMMIT_HINTS,0.9988076309138062,4.307682999999997,TIME_LIMIT,OK,OK,0.7873222
matpower/case3375wp,matpower/case3375wp/2017-11-15,LAZY_ALL,WARM_LAZY_GRU,0.949162117752909,193.2688820000003,TIME_LIMIT,OK,OK,0.78256859
matpower/case3375wp,matpower/case3375wp/2017-11-15,LAZY_ALL,STREDUCE_LAZY_GRU,,,SKIPPED_TOO_LARGE,,,
matpower/case3375wp,matpower/case3375wp/2017-11-15,LAZY_ALL,LAZY_BANDIT,1.0002275583142126,-0.8209349999997357,TIME_LIMIT,,,
matpower/case3375wp,matpower/case3375wp/2017-11-15,LAZY_ALL,WARM_PRUNE_LAZY_T030,0.936175779271782,246.0044710000002,TIME_LIMIT,FAIL,C120,0.73775505
matpower/case3375wp,matpower/case3375wp/2017-11-15,LAZY_ALL,LAZY_GNN_T080,0.9857875922532143,52.02345500000001,TIME_LIMIT,,,
matpower/case57,matpower/case57/2017-01-15,RAW,RAW,1.0,0.0,OPTIMAL,OK,OK,0.0
matpower/case57,matpower/case57/2017-01-15,RAW,RAW_GNN,36.21518895785645,-69.13593800000001,OPTIMAL,OK,OK,0.0
matpower/case57,matpower/case57/2017-01-15,RAW,WARM,1.000267514854531,-0.019015000000010218,OPTIMAL,OK,OK,0.0
matpower/case57,matpower/case57/2017-01-15,RAW,WARM_BRANCH_HINTS,0.9880282117408622,0.8614979999999974,OPTIMAL,OK,OK,0.0
matpower/case57,matpower/case57/2017-01-15,RAW,WARM_COMMIT_HINTS,0.9793593301733042,1.4984639999999985,OPTIMAL,OK,OK,0.0
matpower/case57,matpower/case57/2017-01-15,RAW,WARM_GRU,0.9896114926981977,0.7463679999999897,OPTIMAL,OK,OK,0.0
matpower/case57,matpower/case57/2017-01-15,RAW,LAZY_ALL,11.802633129759082,-65.07517,OPTIMAL,OK,OK,0.0
matpower/case57,matpower/case57/2017-01-15,RAW,LAZY_TOPK128,11.68300663260645,-65.01348800000001,OPTIMAL,OK,OK,0.0
matpower/case57,matpower/case57/2017-01-15,RAW,LAZY_BANDIT,11.738860666867435,-65.042444,OPTIMAL,OK,OK,0.0
matpower/case57,matpower/case57/2017-01-15,RAW,LAZY_COMMIT_HINTS,23.26349731943179,-68.042925,OPTIMAL,OK,OK,0.0
matpower/case57,matpower/case57/2017-01-15,RAW,LAZY_GNN_T060,11.643749559874292,-64.99297,OPTIMAL,OK,OK,0.0
matpower/case57,matpower/case57/2017-01-15,RAW,LAZY_GNN_T080,11.796897230916061,-65.072241,OPTIMAL,OK,OK,0.0
matpower/case57,matpower/case57/2017-01-15,RAW,LAZY_COMMIT_GNN_T060,23.23144273170936,-68.038708,OPTIMAL,OK,OK,0.0
matpower/case57,matpower/case57/2017-01-15,RAW,WARM_LAZY,11.356822046609192,-64.83869800000001,OPTIMAL,OK,OK,0.0
matpower/case57,matpower/case57/2017-01-15,RAW,WARM_LAZY_TOPK128,11.439076561447937,-64.88371500000001,OPTIMAL,OK,OK,0.0
matpower/case57,matpower/case57/2017-01-15,RAW,WARM_LAZY_BANDIT,11.276350049221598,-64.794021,OPTIMAL,OK,OK,0.0
matpower/case57,matpower/case57/2017-01-15,RAW,WARM_LAZY_COMMIT_HINTS,11.241478276185596,-64.774462,OPTIMAL,OK,OK,0.0
matpower/case57,matpower/case57/2017-01-15,RAW,WARM_LAZY_GRU,11.425229447285698,-64.876182,OPTIMAL,OK,OK,0.0
matpower/case57,matpower/case57/2017-01-15,RAW,WARM_LAZY_BRANCH_HINTS,11.385279416554548,-64.854346,OPTIMAL,OK,OK,0.0
matpower/case57,matpower/case57/2017-01-15,RAW,WARM_LAZY_GNN_T060,11.370581934223864,-64.84627400000001,OPTIMAL,OK,OK,0.0
matpower/case57,matpower/case57/2017-01-15,RAW,WARM_LAZY_COMMIT_GNN_T060,11.488606031442302,-64.910511,OPTIMAL,OK,OK,0.0
matpower/case57,matpower/case57/2017-01-15,RAW,WARM_LAZY_COMMIT_GRU,11.342536261836617,-64.830813,OPTIMAL,OK,OK,0.0
matpower/case57,matpower/case57/2017-01-15,RAW,WARM_LAZY_ML_STACK,11.313987623532348,-64.81499600000001,OPTIMAL,OK,OK,0.0
matpower/case57,matpower/case57/2017-01-15,RAW,WARM_PRUNE_T010,30.011392641763255,-68.730107,OPTIMAL,OK,OK,0.0
matpower/case57,matpower/case57/2017-01-15,RAW,WARM_PRUNE_T020,30.322557257410352,-68.754418,OPTIMAL,OK,OK,0.0
matpower/case57,matpower/case57/2017-01-15,RAW,WARM_PRUNE_T030,29.5734961849334,-68.69502800000001,OPTIMAL,OK,OK,0.0
matpower/case57,matpower/case57/2017-01-15,RAW,WARM_PRUNE_T050,30.265737087746963,-68.750016,OPTIMAL,OK,OK,0.0
matpower/case57,matpower/case57/2017-01-15,RAW,WARM_PRUNE_T080,18.629805254713776,-67.282759,OPTIMAL,OK,OK,0.00203934
matpower/case57,matpower/case57/2017-01-15,RAW,WARM_LPSCREEN_T010,26.54926850507224,-68.421171,OPTIMAL,OK,OK,0.0
matpower/case57,matpower/case57/2017-01-15,RAW,WARM_LPSCREEN_T020,27.353402729447108,-68.499899,OPTIMAL,OK,OK,0.0
matpower/case57,matpower/case57/2017-01-15,RAW,WARM_LPSCREEN_T030,27.15355992623007,-68.48076900000001,OPTIMAL,OK,OK,0.0
matpower/case57,matpower/case57/2017-01-15,RAW,WARM_LPSCREEN_T050,27.283349098507077,-68.49322500000001,OPTIMAL,OK,OK,0.0
matpower/case57,matpower/case57/2017-01-15,RAW,WARM_LPSCREEN_T080,17.967809703790543,-67.142149,OPTIMAL,OK,OK,0.0
matpower/case57,matpower/case57/2017-01-15,RAW,WARM_PRUNE_LAZY_T010,11.230870179752861,-64.768488,OPTIMAL,OK,OK,0.0
matpower/case57,matpower/case57/2017-01-15,RAW,WARM_PRUNE_LAZY_T020,11.226224130439176,-64.765868,OPTIMAL,OK,OK,0.0
matpower/case57,matpower/case57/2017-01-15,RAW,WARM_PRUNE_LAZY_T030,11.38372630324355,-64.853494,OPTIMAL,OK,OK,0.0
matpower/case57,matpower/case57/2017-01-15,RAW,WARM_PRUNE_LAZY_T050,11.200280656120324,-64.751198,OPTIMAL,OK,OK,0.0
matpower/case57,matpower/case57/2017-01-15,RAW,WARM_PRUNE_LAZY_T080,11.851176838766296,-65.099845,OPTIMAL,OK,OK,0.0
matpower/case57,matpower/case57/2017-01-15,RAW,WARM_LPSCREEN_LAZY_T010,10.818705468378507,-64.527305,OPTIMAL,OK,OK,0.0
matpower/case57,matpower/case57/2017-01-15,RAW,WARM_LPSCREEN_LAZY_T020,10.649129599604585,-64.422655,OPTIMAL,OK,OK,0.0
matpower/case57,matpower/case57/2017-01-15,RAW,WARM_LPSCREEN_LAZY_T030,10.771871848698755,-64.498732,OPTIMAL,OK,OK,0.0
matpower/case57,matpower/case57/2017-01-15,RAW,WARM_LPSCREEN_LAZY_T050,10.594673514888296,-64.388338,OPTIMAL,OK,OK,0.0
matpower/case57,matpower/case57/2017-01-15,RAW,WARM_LPSCREEN_LAZY_T080,9.943849469361542,-63.949114,OPTIMAL,OK,OK,0.0
matpower/case57,matpower/case57/2017-01-15,RAW,WARM_SR_LAZY,1.2005868793016672,-11.878826000000004,OPTIMAL,OK,OK,0.0
matpower/case57,matpower/case57/2017-01-15,RAW,SHRINK_LAZY,147.25418519446683,-70.616347,OPTIMAL,OK,OK,0.0256442
matpower/case57,matpower/case57/2017-01-15,RAW,STREDUCE,1.159536195176688,-9.782267000000004,OPTIMAL,OK,OK,0.0
matpower/case57,matpower/case57/2017-01-15,RAW,STREDUCE_CONSERVATIVE,1.1373352832379833,-8.585354000000002,OPTIMAL,OK,OK,0.0
matpower/case57,matpower/case57/2017-01-15,RAW,STREDUCE_AGGRESSIVE,1.1737143717452163,-10.522960000000005,OPTIMAL,OK,OK,0.0
matpower/case57,matpower/case57/2017-01-15,RAW,STREDUCE_GRU,1.1820695373476102,-10.951128000000004,OPTIMAL,OK,OK,0.0
matpower/case57,matpower/case57/2017-01-15,RAW,STREDUCE_LAZY,0.9464137420647252,4.02565899999999,OPTIMAL,OK,OK,0.0
matpower/case57,matpower/case57/2017-01-15,RAW,STREDUCE_LAZY_CONSERVATIVE,1.1841240936391486,-11.055490000000006,OPTIMAL,OK,OK,0.0
matpower/case57,matpower/case57/2017-01-15,RAW,STREDUCE_LAZY_AGGRESSIVE,1.1097920926479485,-7.033865000000006,OPTIMAL,OK,OK,0.0
matpower/case57,matpower/case57/2017-01-15,RAW,STREDUCE_LAZY_GRU,1.1879548146233612,-11.249109000000004,OPTIMAL,OK,OK,0.0
matpower/case57,matpower/case57/2017-01-15,RAW,RAW_COMMIT_HINTS,1.1381139815569623,-8.628126000000002,OPTIMAL,OK,OK,0.01770443
matpower/case57,matpower/case57/2017-01-15,RAW,ACTIVESET,27.136988026763255,-68.47917000000001,OPTIMAL,OK,OK,0.0
matpower/case57,matpower/case57/2017-01-15,RAW,ACTIVESET_B500,27.391308032873035,-68.503496,OPTIMAL,OK,OK,0.0
matpower/case57,matpower/case57/2017-01-15,RAW,ACTIVESET_B5000,26.673351963627788,-68.43362900000001,OPTIMAL,OK,OK,0.0
matpower/case57,matpower/case57/2017-01-15,RAW,ACTIVESET_NOCLEAN,27.250921406056445,-68.49012400000001,OPTIMAL,OK,OK,0.0
matpower/case57,matpower/case57/2017-01-15,RAW,WARM_ACTIVESET,25.425853993120995,-68.302846,OPTIMAL,OK,OK,0.0
matpower/case57,matpower/case57/2017-01-15,RAW,ACTIVESET_LAZY,10.49783027573733,-64.32643,OPTIMAL,OK,OK,0.0
matpower/case57,matpower/case57/2017-01-15,RAW,ACTIVESET_LAZY_TOPK128,10.608932914064265,-64.397358,OPTIMAL,OK,OK,0.0
matpower/case57,matpower/case57/2017-01-15,RAW,WARM_ACTIVESET_LAZY,10.16749096748868,-64.106385,OPTIMAL,OK,OK,0.0
matpower/case57,matpower/case57/2017-03-15,RAW,RAW,1.0,0.0,OPTIMAL,OK,OK,0.0
matpower/case57,matpower/case57/2017-03-15,RAW,RAW_GNN,31.179435033172467,-69.256522,OPTIMAL,OK,OK,0.00338857
matpower/case57,matpower/case57/2017-03-15,RAW,WARM,1.0333527045407351,-2.30940600000001,OPTIMAL,OK,OK,0.03621863
matpower/case57,matpower/case57/2017-03-15,RAW,WARM_BRANCH_HINTS,1.022793572751817,-1.594565000000003,OPTIMAL,OK,OK,0.03621863
matpower/case57,matpower/case57/2017-03-15,RAW,WARM_COMMIT_HINTS,1.0103619813832272,-0.7338100000000054,OPTIMAL,OK,OK,0.01110185
matpower/case57,matpower/case57/2017-03-15,RAW,WARM_GRU,1.0237776064375643,-1.6618060000000128,OPTIMAL,OK,OK,0.03621863
matpower/case57,matpower/case57/2017-03-15,RAW,LAZY_ALL,20.642691687080575,-68.085164,OPTIMAL,OK,OK,0.00338857
matpower/case57,matpower/case57/2017-03-15,RAW,LAZY_TOPK128,20.550527496691302,-68.069619,OPTIMAL,OK,OK,0.00338857
matpower/case57,matpower/case57/2017-03-15,RAW,LAZY_BANDIT,20.434741147682566,-68.049891,OPTIMAL,OK,OK,0.00338857
matpower/case57,matpower/case57/2017-03-15,RAW,LAZY_COMMIT_HINTS,20.497519431454492,-68.06061500000001,OPTIMAL,OK,OK,0.00338857
matpower/case57,matpower/case57/2017-03-15,RAW,LAZY_GNN_T060,20.69107975328485,-68.09327,OPTIMAL,OK,OK,0.00338857
matpower/case57,matpower/case57/2017-03-15,RAW,LAZY_GNN_T080,20.4307325543246,-68.049204,OPTIMAL,OK,OK,0.00338857
matpower/case57,matpower/case57/2017-03-15,RAW,LAZY_COMMIT_GNN_T060,20.346196456103375,-68.034653,OPTIMAL,OK,OK,0.00338857
matpower/case57,matpower/case57/2017-03-15,RAW,WARM_LAZY,19.183489640306288,-67.82150700000001,OPTIMAL,OK,OK,0.00338857
matpower/case57,matpower/case57/2017-03-15,RAW,WARM_LAZY_TOPK128,19.16825716003305,-67.818543,OPTIMAL,OK,OK,0.00338857
matpower/case57,matpower/case57/2017-03-15,RAW,WARM_LAZY_BANDIT,19.07529788762715,-67.800352,OPTIMAL,OK,OK,0.00338857
matpower/case57,matpower/case57/2017-03-15,RAW,WARM_LAZY_COMMIT_HINTS,19.240594874111604,-67.832577,OPTIMAL,OK,OK,0.00338857
matpower/case57,matpower/case57/2017-03-15,RAW,WARM_LAZY_GRU,19.474629567129732,-67.877267,OPTIMAL,OK,OK,0.00338857
matpower/case57,matpower/case57/2017-03-15,RAW,WARM_LAZY_BRANCH_HINTS,18.940803360837354,-67.773717,OPTIMAL,OK,OK,0.00338857
matpower/case57,matpower/case57/2017-03-15,RAW,WARM_LAZY_GNN_T060,18.741051218289456,-67.73345300000001,OPTIMAL,OK,OK,0.00338857
matpower/case57,matpower/case57/2017-03-15,RAW,WARM_LAZY_COMMIT_GNN_T060,18.91550177479847,-67.768664,OPTIMAL,OK,OK,0.00338857
matpower/case57,matpower/case57/2017-03-15,RAW,WARM_LAZY_COMMIT_GRU,19.20370846018144,-67.825434,OPTIMAL,OK,OK,0.00338857
matpower/case57,matpower/case57/2017-03-15,RAW,WARM_LAZY_ML_STACK,19.305882800522586,-67.84515300000001,OPTIMAL,OK,OK,0.00338857
matpower/case57,matpower/case57/2017-03-15,RAW,WARM_PRUNE_T010,26.184308813132095,-68.81874300000001,OPTIMAL,OK,OK,0.00338857
matpower/case57,matpower/case57/2017-03-15,RAW,WARM_PRUNE_T020,26.59169856619369,-68.860607,OPTIMAL,OK,OK,0.00338857
matpower/case57,matpower/case57/2017-03-15,RAW,WARM_PRUNE_T030,27.062875464324772,-68.907454,OPTIMAL,OK,OK,0.00338857
matpower/case57,matpower/case57/2017-03-15,RAW,WARM_PRUNE_T050,26.482216351378163,-68.849483,OPTIMAL,OK,OK,0.00338857
matpower/case57,matpower/case57/2017-03-15,RAW,WARM_PRUNE_T080,9.629613026043879,-64.121002,OPTIMAL,OK,OK,0.00338857
matpower/case57,matpower/case57/2017-03-15,RAW,WARM_LPSCREEN_T010,23.830018730608295,-68.548775,OPTIMAL,OK,OK,0.00338857
matpower/case57,matpower/case57/2017-03-15,RAW,WARM_LPSCREEN_T020,23.551610465342097,-68.513281,OPTIMAL,OK,OK,0.00338857
matpower/case57,matpower/case57/2017-03-15,RAW,WARM_LPSCREEN_T030,24.081721829207098,-68.58015800000001,OPTIMAL,OK,OK,0.00338857
matpower/case57,matpower/case57/2017-03-15,RAW,WARM_LPSCREEN_T050,23.556619433598254,-68.51392700000001,OPTIMAL,OK,OK,0.00338857
matpower/case57,matpower/case57/2017-03-15,RAW,WARM_LPSCREEN_T080,13.666639034662568,-66.31587200000001,OPTIMAL,OK,OK,0.00521109
matpower/case57,matpower/case57/2017-03-15,RAW,WARM_PRUNE_LAZY_T010,18.8766275343473,-67.760874,OPTIMAL,OK,OK,0.00338857
matpower/case57,matpower/case57/2017-03-15,RAW,WARM_PRUNE_LAZY_T020,19.088931402795282,-67.803031,OPTIMAL,OK,OK,0.00338857
matpower/case57,matpower/case57/2017-03-15,RAW,WARM_PRUNE_LAZY_T030,18.670002502333382,-67.718924,OPTIMAL,OK,OK,0.00338857
matpower/case57,matpower/case57/2017-03-15,RAW,WARM_PRUNE_LAZY_T050,18.994912485674444,-67.78447800000001,OPTIMAL,OK,OK,0.00338857
matpower/case57,matpower/case57/2017-03-15,RAW,WARM_PRUNE_LAZY_T080,21.223030722242772,-68.179946,OPTIMAL,OK,OK,0.00338857
matpower/case57,matpower/case57/2017-03-15,RAW,WARM_LPSCREEN_LAZY_T010,17.18969862737255,-67.38889200000001,OPTIMAL,OK,OK,0.00338857
matpower/case57,matpower/case57/2017-03-15,RAW,WARM_LPSCREEN_LAZY_T020,17.516988956058526,-67.46666400000001,OPTIMAL,OK,OK,0.00338857
matpower/case57,matpower/case57/2017-03-15,RAW,WARM_LPSCREEN_LAZY_T030,16.386189919579788,-67.18478300000001,OPTIMAL,OK,OK,0.00338857
matpower/case57,matpower/case57/2017-03-15,RAW,WARM_LPSCREEN_LAZY_T050,16.80166379129979,-67.29276,OPTIMAL,OK,OK,0.00338857
matpower/case57,matpower/case57/2017-03-15,RAW,WARM_LPSCREEN_LAZY_T080,16.886094521645184,-67.314053,OPTIMAL,OK,OK,0.00338857
matpower/case57,matpower/case57/2017-03-15,RAW,WARM_SR_LAZY,1.1409482062638616,-8.839169000000005,OPTIMAL,OK,OK,0.03621863
matpower/case57,matpower/case57/2017-03-15,RAW,SHRINK_LAZY,134.05630633584454,-71.017606,OPTIMAL,OK,OK,0.01566869
matpower/case57,matpower/case57/2017-03-15,RAW,STREDUCE,0.9651289100642234,2.585222999999999,OPTIMAL,OK,OK,0.0
matpower/case57,matpower/case57/2017-03-15,RAW,STREDUCE_CONSERVATIVE,1.1645518174462433,-10.110245000000006,OPTIMAL,OK,OK,0.01635822
matpower/case57,matpower/case57/2017-03-15,RAW,STREDUCE_AGGRESSIVE,18.833534431159006,-67.75220100000001,INFEASIBLE,,,
matpower/case57,matpower/case57/2017-03-15,RAW,STREDUCE_GRU,0.984197930238393,1.1488129999999899,OPTIMAL,OK,OK,0.0
matpower/case57,matpower/case57/2017-03-15,RAW,STREDUCE_LAZY,1.0230432471487694,-1.6116380000000134,OPTIMAL,OK,OK,0.0
matpower/case57,matpower/case57/2017-03-15,RAW,STREDUCE_LAZY_CONSERVATIVE,1.1781702160619762,-10.820439000000007,OPTIMAL,OK,OK,0.01635822
matpower/case57,matpower/case57/2017-03-15,RAW,STREDUCE_LAZY_AGGRESSIVE,20.05215620377652,-67.983085,INFEASIBLE,,,
matpower/case57,matpower/case57/2017-03-15,RAW,STREDUCE_LAZY_GRU,1.0359819662318517,-2.4851380000000063,OPTIMAL,OK,OK,0.0
matpower/case57,matpower/case57/2017-03-15,RAW,RAW_COMMIT_HINTS,1.0279936288295077,-1.94843800000001,OPTIMAL,OK,OK,0.01110185
matpower/case57,matpower/case57/2017-03-15,RAW,ACTIVESET,24.60007054981756,-68.642764,OPTIMAL,OK,OK,0.00338857
matpower/case57,matpower/case57/2017-03-15,RAW,ACTIVESET_B500,24.279714349702747,-68.604387,OPTIMAL,OK,OK,0.00338857
matpower/case57,matpower/case57/2017-03-15,RAW,ACTIVESET_B5000,23.891725938513108,-68.55653000000001,OPTIMAL,OK,OK,0.00338857
matpower/case57,matpower/case57/2017-03-15,RAW,ACTIVESET_NOCLEAN,24.176084744113382,-68.591755,OPTIMAL,OK,OK,0.00338857
matpower/case57,matpower/case57/2017-03-15,RAW,WARM_ACTIVESET,22.2153061975346,-68.330534,OPTIMAL,OK,OK,0.00338857
matpower/case57,matpower/case57/2017-03-15,RAW,ACTIVESET_LAZY,16.865659711844255,-67.308919,OPTIMAL,OK,OK,0.00338857
matpower/case57,matpower/case57/2017-03-15,RAW,ACTIVESET_LAZY_TOPK128,16.89680532412918,-67.31673900000001,OPTIMAL,OK,OK,0.00338857
matpower/case57,matpower/case57/2017-03-15,RAW,WARM_ACTIVESET_LAZY,16.183192323950877,-67.13001000000001,OPTIMAL,OK,OK,0.00338857
matpower/case57,matpower/case57/2017-05-15,RAW,RAW,1.0,0.0,OPTIMAL,OK,OK,0.0
matpower/case57,matpower/case57/2017-05-15,RAW,RAW_GNN,53.948396222742275,-61.201198,OPTIMAL,OK,OK,0.00191826
matpower/case57,matpower/case57/2017-05-15,RAW,WARM,1.018347830830022,-1.1235029999999995,OPTIMAL,OK,OK,0.02333748
matpower/case57,matpower/case57/2017-05-15,RAW,WARM_BRANCH_HINTS,1.0156029432178413,-0.9580059999999975,OPTIMAL,OK,OK,0.02333748
matpower/case57,matpower/case57/2017-05-15,RAW,WARM_COMMIT_HINTS,1.002379541852394,-0.14802899999999397,OPTIMAL,OK,OK,0.02333748
matpower/case57,matpower/case57/2017-05-15,RAW,WARM_GRU,1.0154711284101086,-0.9500359999999972,OPTIMAL,OK,OK,0.02333748
matpower/case57,matpower/case57/2017-05-15,RAW,LAZY_ALL,18.97414969836497,-59.070640999999995,OPTIMAL,OK,OK,0.00191826
matpower/case57,matpower/case57/2017-05-15,RAW,LAZY_TOPK128,18.704079487083348,-59.023188,OPTIMAL,OK,OK,0.00191826
matpower/case57,matpower/case57/2017-05-15,RAW,LAZY_BANDIT,18.397387837325915,-58.967611,OPTIMAL,OK,OK,0.00191826
matpower/case57,matpower/case57/2017-05-15,RAW,LAZY_COMMIT_HINTS,21.450045629932134,-59.44998,OPTIMAL,OK,OK,0.02295226
matpower/case57,matpower/case57/2017-05-15,RAW,LAZY_GNN_T060,18.12409222679318,-58.916501,OPTIMAL,OK,OK,0.00191826
matpower/case57,matpower/case57/2017-05-15,RAW,LAZY_GNN_T080,18.556435080218105,-58.99666199999999,OPTIMAL,OK,OK,0.00191826
matpower/case57,matpower/case57/2017-05-15,RAW,LAZY_COMMIT_GNN_T060,20.489377124484744,-59.313677999999996,OPTIMAL,OK,OK,0.02295226
matpower/case57,matpower/case57/2017-05-15,RAW,WARM_LAZY,17.203851515712497,-58.73246399999999,OPTIMAL,OK,OK,0.00191826
matpower/case57,matpower/case57/2017-05-15,RAW,WARM_LAZY_TOPK128,17.498574595957795,-58.793512,OPTIMAL,OK,OK,0.00191826
matpower/case57,matpower/case57/2017-05-15,RAW,WARM_LAZY_BANDIT,17.508160096585804,-58.795463,OPTIMAL,OK,OK,0.00191826
matpower/case57,matpower/case57/2017-05-15,RAW,WARM_LAZY_COMMIT_HINTS,17.438881476300487,-58.781313999999995,OPTIMAL,OK,OK,0.00191826
matpower/case57,matpower/case57/2017-05-15,RAW,WARM_LAZY_GRU,17.06172690538887,-58.702270999999996,OPTIMAL,OK,OK,0.00191826
matpower/case57,matpower/case57/2017-05-15,RAW,WARM_LAZY_BRANCH_HINTS,17.234053672952673,-58.738816,OPTIMAL,OK,OK,0.00191826
matpower/case57,matpower/case57/2017-05-15,RAW,WARM_LAZY_GNN_T060,17.52216661285568,-58.798309999999994,OPTIMAL,OK,OK,0.00191826
matpower/case57,matpower/case57/2017-05-15,RAW,WARM_LAZY_COMMIT_GNN_T060,17.294441472226776,-58.75145,OPTIMAL,OK,OK,0.00191826
matpower/case57,matpower/case57/2017-05-15,RAW,WARM_LAZY_COMMIT_GRU,17.462024189234977,-58.786052999999995,OPTIMAL,OK,OK,0.00191826
matpower/case57,matpower/case57/2017-05-15,RAW,WARM_LAZY_ML_STACK,17.159190078901318,-58.723029999999994,OPTIMAL,OK,OK,0.00191826
matpower/case57,matpower/case57/2017-05-15,RAW,WARM_PRUNE_T010,41.23926181154436,-60.844983,OPTIMAL,OK,OK,0.00191826
matpower/case57,matpower/case57/2017-05-15,RAW,WARM_PRUNE_T020,41.391075807117524,-60.850528999999995,OPTIMAL,OK,OK,0.00191826
matpower/case57,matpower/case57/2017-05-15,RAW,WARM_PRUNE_T030,41.11350790034977,-60.840357999999995,OPTIMAL,OK,OK,0.00191826
matpower/case57,matpower/case57/2017-05-15,RAW,WARM_PRUNE_T050,39.86063653454379,-60.792685999999996,OPTIMAL,OK,OK,0.00191826
matpower/case57,matpower/case57/2017-05-15,RAW,WARM_PRUNE_T080,8.85629068408126,-55.316072,OPTIMAL,OK,OK,0.00191826
matpower/case57,matpower/case57/2017-05-15,RAW,WARM_LPSCREEN_T010,33.590424769741766,-60.500668999999995,OPTIMAL,OK,OK,0.00191826
matpower/case57,matpower/case57/2017-05-15,RAW,WARM_LPSCREEN_T020,33.82877957851999,-60.513749,OPTIMAL,OK,OK,0.00191826
matpower/case57,matpower/case57/2017-05-15,RAW,WARM_LPSCREEN_T030,33.3322801133864,-60.486292,OPTIMAL,OK,OK,0.00191826
matpower/case57,matpower/case57/2017-05-15,RAW,WARM_LPSCREEN_T050,34.88637783905746,-60.56963,OPTIMAL,OK,OK,0.00191826
matpower/case57,matpower/case57/2017-05-15,RAW,WARM_LPSCREEN_T080,8.264184193433428,-54.811603999999996,OPTIMAL,OK,OK,0.00191826
matpower/case57,matpower/case57/2017-05-15,RAW,WARM_PRUNE_LAZY_T010,16.83213366790439,-58.652418999999995,OPTIMAL,OK,OK,0.00191826
matpower/case57,matpower/case57/2017-05-15,RAW,WARM_PRUNE_LAZY_T020,17.068283741009715,-58.703675,OPTIMAL,OK,OK,0.00191826
matpower/case57,matpower/case57/2017-05-15,RAW,WARM_PRUNE_LAZY_T030,16.916188491458495,-58.670826999999996,OPTIMAL,OK,OK,0.00191826
matpower/case57,matpower/case57/2017-05-15,RAW,WARM_PRUNE_LAZY_T050,17.100923235561503,-58.710648,OPTIMAL,OK,OK,0.00191826
matpower/case57,matpower/case57/2017-05-15,RAW,WARM_PRUNE_LAZY_T080,18.96467434940439,-59.068999,OPTIMAL,OK,OK,0.00191826
matpower/case57,matpower/case57/2017-05-15,RAW,WARM_LPSCREEN_LAZY_T010,15.27064002815259,-58.273602,OPTIMAL,OK,OK,0.00191826
matpower/case57,matpower/case57/2017-05-15,RAW,WARM_LPSCREEN_LAZY_T020,15.805396646441768,-58.411761,OPTIMAL,OK,OK,0.00191826
matpower/case57,matpower/case57/2017-05-15,RAW,WARM_LPSCREEN_LAZY_T030,15.589137139618597,-58.357029999999995,OPTIMAL,OK,OK,0.00191826
matpower/case57,matpower/case57/2017-05-15,RAW,WARM_LPSCREEN_LAZY_T050,15.24826125932704,-58.26760899999999,OPTIMAL,OK,OK,0.00191826
matpower/case57,matpower/case57/2017-05-15,RAW,WARM_LPSCREEN_LAZY_T080,14.481540159717824,-58.051094,OPTIMAL,OK,OK,0.00191826
matpower/case57,matpower/case57/2017-05-15,RAW,WARM_SR_LAZY,1.070237562223146,-4.092369999999995,OPTIMAL,OK,OK,0.02333748
matpower/case57,matpower/case57/2017-05-15,RAW,SHRINK_LAZY,94.69561579347001,-61.698563,OPTIMAL,OK,OK,0.04869571
matpower/case57,matpower/case57/2017-05-15,RAW,STREDUCE,1.0036720094545333,-0.22813799999999418,OPTIMAL,OK,OK,0.00038397
matpower/case57,matpower/case57/2017-05-15,RAW,STREDUCE_CONSERVATIVE,0.9107527606339044,6.110545000000002,OPTIMAL,OK,OK,0.01254067
matpower/case57,matpower/case57/2017-05-15,RAW,STREDUCE_AGGRESSIVE,1.0221412014593245,-1.3507529999999974,OPTIMAL,OK,OK,0.0
matpower/case57,matpower/case57/2017-05-15,RAW,STREDUCE_GRU,1.0186275669937623,-1.140318999999998,OPTIMAL,OK,OK,0.00038397
matpower/case57,matpower/case57/2017-05-15,RAW,STREDUCE_LAZY,1.0347332127702844,-2.093159,OPTIMAL,OK,OK,0.00038397
matpower/case57,matpower/case57/2017-05-15,RAW,STREDUCE_LAZY_CONSERVATIVE,0.8778456680822946,8.677135000000007,OPTIMAL,OK,OK,0.01254067
matpower/case57,matpower/case57/2017-05-15,RAW,STREDUCE_LAZY_AGGRESSIVE,1.0409058544280687,-2.4505279999999985,OPTIMAL,OK,OK,0.0
matpower/case57,matpower/case57/2017-05-15,RAW,STREDUCE_LAZY_GRU,1.0305985502814885,-1.851385999999998,OPTIMAL,OK,OK,0.00038397
matpower/case57,matpower/case57/2017-05-15,RAW,RAW_COMMIT_HINTS,0.9930073764208528,0.43911000000000655,OPTIMAL,OK,OK,0.02333748
matpower/case57,matpower/case57/2017-05-15,RAW,ACTIVESET,36.853598743750815,-60.665042,OPTIMAL,OK,OK,0.00191826
matpower/case57,matpower/case57/2017-05-15,RAW,ACTIVESET_B500,35.89918451587646,-60.620058,OPTIMAL,OK,OK,0.00191826
matpower/case57,matpower/case57/2017-05-15,RAW,ACTIVESET_B5000,36.62622457820002,-60.654537999999995,OPTIMAL,OK,OK,0.00191826
matpower/case57,matpower/case57/2017-05-15,RAW,ACTIVESET_NOCLEAN,35.015376382487446,-60.576215,OPTIMAL,OK,OK,0.00191826
matpower/case57,matpower/case57/2017-05-15,RAW,WARM_ACTIVESET,31.66004918810184,-60.387480999999994,OPTIMAL,OK,OK,0.00191826
matpower/case57,matpower/case57/2017-05-15,RAW,ACTIVESET_LAZY,15.419268316807198,-58.312962999999996,OPTIMAL,OK,OK,0.00191826
matpower/case57,matpower/case57/2017-05-15,RAW,ACTIVESET_LAZY_TOPK128,15.504090154712546,-58.335088,OPTIMAL,OK,OK,0.00191826
matpower/case57,matpower/case57/2017-05-15,RAW,WARM_ACTIVESET_LAZY,14.227965978135451,-57.974351999999996,OPTIMAL,OK,OK,0.00191826
matpower/case57,matpower/case57/2017-07-15,RAW,RAW,1.0,0.0,OPTIMAL,OK,OK,0.00274068
matpower/case57,matpower/case57/2017-07-15,RAW,RAW_GNN,30.19369146623985,-60.336237000000004,OPTIMAL,OK,OK,0.0018258
matpower/case57,matpower/case57/2017-07-15,RAW,WARM,1.0151829432978219,-0.9332910000000041,OPTIMAL,OK,OK,0.01389427
matpower/case57,matpower/case57/2017-07-15,RAW,WARM_BRANCH_HINTS,1.0118928352456245,-0.7334260000000015,OPTIMAL,OK,OK,0.01389427
matpower/case57,matpower/case57/2017-07-15,RAW,WARM_COMMIT_HINTS,1.0055010839474665,-0.3414059999999992,OPTIMAL,OK,OK,0.00741508
matpower/case57,matpower/case57/2017-07-15,RAW,WARM_GRU,1.0151063351781193,-0.9286519999999996,OPTIMAL,OK,OK,0.01389427
matpower/case57,matpower/case57/2017-07-15,RAW,LAZY_ALL,13.20787435172872,-57.678312000000005,OPTIMAL,OK,OK,0.00494261
matpower/case57,matpower/case57/2017-07-15,RAW,LAZY_TOPK128,13.284680453828903,-57.705628000000004,OPTIMAL,OK,OK,0.00494261
matpower/case57,matpower/case57/2017-07-15,RAW,LAZY_BANDIT,13.151160492099567,-57.657937000000004,OPTIMAL,OK,OK,0.00494261
matpower/case57,matpower/case57/2017-07-15,RAW,LAZY_COMMIT_HINTS,21.60000339214552,-59.513966,OPTIMAL,OK,OK,0.00536104
matpower/case57,matpower/case57/2017-07-15,RAW,LAZY_GNN_T060,13.342505794838452,-57.725986000000006,OPTIMAL,OK,OK,0.00494261
matpower/case57,matpower/case57/2017-07-15,RAW,LAZY_GNN_T080,13.184163578889281,-57.669815,OPTIMAL,OK,OK,0.00494261
matpower/case57,matpower/case57/2017-07-15,RAW,LAZY_COMMIT_GNN_T060,21.68124162237397,-59.524791,OPTIMAL,OK,OK,0.00536104
matpower/case57,matpower/case57/2017-07-15,RAW,WARM_LAZY,12.605947095539205,-57.452711,OPTIMAL,OK,OK,0.00494261
matpower/case57,matpower/case57/2017-07-15,RAW,WARM_LAZY_TOPK128,12.745490681940915,-57.506909,OPTIMAL,OK,OK,0.00494261
matpower/case57,matpower/case57/2017-07-15,RAW,WARM_LAZY_BANDIT,12.48666462167321,-57.405422,OPTIMAL,OK,OK,0.00494261
matpower/case57,matpower/case57/2017-07-15,RAW,WARM_LAZY_COMMIT_HINTS,12.582392673204762,-57.443444,OPTIMAL,OK,OK,0.00494261
matpower/case57,matpower/case57/2017-07-15,RAW,WARM_LAZY_GRU,12.663248227128815,-57.475111,OPTIMAL,OK,OK,0.00494261
matpower/case57,matpower/case57/2017-07-15,RAW,WARM_LAZY_BRANCH_HINTS,12.64450425080144,-57.467806,OPTIMAL,OK,OK,0.00494261
matpower/case57,matpower/case57/2017-07-15,RAW,WARM_LAZY_GNN_T060,12.612958991658463,-57.455463,OPTIMAL,OK,OK,0.00494261
matpower/case57,matpower/case57/2017-07-15,RAW,WARM_LAZY_COMMIT_GNN_T060,12.45759191924354,-57.393759,OPTIMAL,OK,OK,0.00494261
matpower/case57,matpower/case57/2017-07-15,RAW,WARM_LAZY_COMMIT_GRU,12.403870736398783,-57.372064,OPTIMAL,OK,OK,0.00494261
matpower/case57,matpower/case57/2017-07-15,RAW,WARM_LAZY_ML_STACK,12.467761792458484,-57.397845000000004,OPTIMAL,OK,OK,0.00494261
matpower/case57,matpower/case57/2017-07-15,RAW,WARM_PRUNE_T010,25.82779193731432,-59.986875000000005,OPTIMAL,OK,OK,0.0018258
matpower/case57,matpower/case57/2017-07-15,RAW,WARM_PRUNE_T020,25.150530392796973,-59.921813,OPTIMAL,OK,OK,0.0018258
matpower/case57,matpower/case57/2017-07-15,RAW,WARM_PRUNE_T030,25.291729757859514,-59.935665,OPTIMAL,OK,OK,0.0018258
matpower/case57,matpower/case57/2017-07-15,RAW,WARM_PRUNE_T050,25.768567654318034,-59.981322000000006,OPTIMAL,OK,OK,0.0018258
matpower/case57,matpower/case57/2017-07-15,RAW,WARM_PRUNE_T080,9.361469350159167,-55.737053,OPTIMAL,OK,OK,0.0018258
matpower/case57,matpower/case57/2017-07-15,RAW,WARM_LPSCREEN_T010,22.04234930502817,-59.571943000000005,OPTIMAL,OK,OK,0.0018258
matpower/case57,matpower/case57/2017-07-15,RAW,WARM_LPSCREEN_T020,22.256450851268415,-59.599177000000005,OPTIMAL,OK,OK,0.0018258
matpower/case57,matpower/case57/2017-07-15,RAW,WARM_LPSCREEN_T030,21.877686110929975,-59.550635,OPTIMAL,OK,OK,0.0018258
matpower/case57,matpower/case57/2017-07-15,RAW,WARM_LPSCREEN_T050,21.98256028181418,-59.564243000000005,OPTIMAL,OK,OK,0.0018258
matpower/case57,matpower/case57/2017-07-15,RAW,WARM_LPSCREEN_T080,9.226297204699094,-55.639392,OPTIMAL,OK,OK,0.0018258
matpower/case57,matpower/case57/2017-07-15,RAW,WARM_PRUNE_LAZY_T010,12.473274293334955,-57.400057000000004,OPTIMAL,OK,OK,0.00494261
matpower/case57,matpower/case57/2017-07-15,RAW,WARM_PRUNE_LAZY_T020,12.476740791747192,-57.401447000000005,OPTIMAL,OK,OK,0.00494261
matpower/case57,matpower/case57/2017-07-15,RAW,WARM_PRUNE_LAZY_T030,12.347578140690343,-57.349128,OPTIMAL,OK,OK,0.00494261
matpower/case57,matpower/case57/2017-07-15,RAW,WARM_PRUNE_LAZY_T050,12.483981759056705,-57.404348,OPTIMAL,OK,OK,0.00494261
matpower/case57,matpower/case57/2017-07-15,RAW,WARM_PRUNE_LAZY_T080,13.350789723380199,-57.728888000000005,OPTIMAL,OK,OK,0.00494261
matpower/case57,matpower/case57/2017-07-15,RAW,WARM_LPSCREEN_LAZY_T010,11.058335236847016,-56.75992,OPTIMAL,OK,OK,0.00494261
matpower/case57,matpower/case57/2017-07-15,RAW,WARM_LPSCREEN_LAZY_T020,11.651490208269735,-57.047198,OPTIMAL,OK,OK,0.00494261
matpower/case57,matpower/case57/2017-07-15,RAW,WARM_LPSCREEN_LAZY_T030,11.593830557233339,-57.020562,OPTIMAL,OK,OK,0.00494261
matpower/case57,matpower/case57/2017-07-15,RAW,WARM_LPSCREEN_LAZY_T050,11.490160548879267,-56.971999000000004,OPTIMAL,OK,OK,0.00494261
matpower/case57,matpower/case57/2017-07-15,RAW,WARM_LPSCREEN_LAZY_T080,10.359296458220173,-56.379129000000006,OPTIMAL,OK,OK,0.00494261
matpower/case57,matpower/case57/2017-07-15,RAW,WARM_SR_LAZY,0.8997894838716218,6.949887999999994,OPTIMAL,OK,OK,0.01389427
matpower/case57,matpower/case57/2017-07-15,RAW,SHRINK_LAZY,107.29353518680904,-61.821383000000004,OPTIMAL,OK,OK,0.03004431
matpower/case57,matpower/case57/2017-07-15,RAW,STREDUCE,1.019753758274194,-1.2088150000000013,OPTIMAL,OK,OK,0.01054905
matpower/case57,matpower/case57/2017-07-15,RAW,STREDUCE_CONSERVATIVE,1.020530502569831,-1.255391000000003,OPTIMAL,OK,OK,0.01389427
matpower/case57,matpower/case57/2017-07-15,RAW,STREDUCE_AGGRESSIVE,1.034098714173181,-2.0576970000000046,OPTIMAL,OK,OK,0.0037658
matpower/case57,matpower/case57/2017-07-15,RAW,STREDUCE_GRU,1.0324658879456636,-1.9622620000000026,OPTIMAL,OK,OK,0.01054905
matpower/case57,matpower/case57/2017-07-15,RAW,STREDUCE_LAZY,1.0040806842468795,-0.25361200000000395,OPTIMAL,OK,OK,0.01054905
matpower/case57,matpower/case57/2017-07-15,RAW,STREDUCE_LAZY_CONSERVATIVE,0.8738520861468727,9.008397999999993,OPTIMAL,OK,OK,0.01389427
matpower/case57,matpower/case57/2017-07-15,RAW,STREDUCE_LAZY_AGGRESSIVE,0.910600375706785,6.126511999999998,OPTIMAL,OK,OK,0.0037658
matpower/case57,matpower/case57/2017-07-15,RAW,STREDUCE_LAZY_GRU,1.0153815275812559,-0.9453129999999987,OPTIMAL,OK,OK,0.01054905
matpower/case57,matpower/case57/2017-07-15,RAW,RAW_COMMIT_HINTS,0.9488429407714875,3.3644700000000043,OPTIMAL,OK,OK,0.00398121
matpower/case57,matpower/case57/2017-07-15,RAW,ACTIVESET,23.17607400538001,-59.710432000000004,OPTIMAL,OK,OK,0.0018258
matpower/case57,matpower/case57/2017-07-15,RAW,ACTIVESET_B500,23.654360039998213,-59.764875,OPTIMAL,OK,OK,0.0018258
matpower/case57,matpower/case57/2017-07-15,RAW,ACTIVESET_B5000,23.06618124047965,-59.697604000000005,OPTIMAL,OK,OK,0.0018258
matpower/case57,matpower/case57/2017-07-15,RAW,ACTIVESET_NOCLEAN,23.92697752352323,-59.794933,OPTIMAL,OK,OK,0.0018258
matpower/case57,matpower/case57/2017-07-15,RAW,WARM_ACTIVESET,21.371554045006196,-59.483084000000005,OPTIMAL,OK,OK,0.0018258
matpower/case57,matpower/case57/2017-07-15,RAW,ACTIVESET_LAZY,11.465041293297517,-56.960100000000004,OPTIMAL,OK,OK,0.00494261
matpower/case57,matpower/case57/2017-07-15,RAW,ACTIVESET_LAZY_TOPK128,11.596243554776894,-57.021682,OPTIMAL,OK,OK,0.00494261
matpower/case57,matpower/case57/2017-07-15,RAW,WARM_ACTIVESET_LAZY,11.185695508065235,-56.824172000000004,OPTIMAL,OK,OK,0.00494261
matpower/case57,matpower/case57/2017-09-15,RAW,RAW,1.0,0.0,INFEASIBLE,,,
matpower/case57,matpower/case57/2017-09-15,RAW,RAW_GNN,17.77585504993629,-3.1730020000000003,INFEASIBLE,,,
matpower/case57,matpower/case57/2017-09-15,RAW,RAW_COMMIT_HINTS,0.6490715023590101,1.817784,INFEASIBLE,,,
matpower/case57,matpower/case57/2017-09-15,RAW,WARM,0.9463654301388525,0.19054700000000002,INFEASIBLE,,,
matpower/case57,matpower/case57/2017-09-15,RAW,WARM_BRANCH_HINTS,0.943919209342662,0.199754,INFEASIBLE,,,
matpower/case57,matpower/case57/2017-09-15,RAW,WARM_COMMIT_HINTS,0.9364056642056195,0.22833399999999981,INFEASIBLE,,,
matpower/case57,matpower/case57/2017-09-15,RAW,WARM_GRU,0.9242285754812752,0.2756400000000001,INFEASIBLE,,,
matpower/case57,matpower/case57/2017-09-15,RAW,LAZY_ALL,19.7713803506007,-3.192092,INFEASIBLE,,,
matpower/case57,matpower/case57/2017-09-15,RAW,LAZY_TOPK128,26.54044047994948,-3.235463,INFEASIBLE,,,
matpower/case57,matpower/case57/2017-09-15,RAW,LAZY_BANDIT,26.739275318519464,-3.236405,INFEASIBLE,,,
matpower/case57,matpower/case57/2017-09-15,RAW,LAZY_COMMIT_HINTS,25.28421345526193,-3.229169,INFEASIBLE,,,
matpower/case57,matpower/case57/2017-09-15,RAW,LAZY_GNN_T060,25.03997884874619,-3.227872,INFEASIBLE,,,
matpower/case57,matpower/case57/2017-09-15,RAW,LAZY_GNN_T080,24.750211641380126,-3.2263,INFEASIBLE,,,
matpower/case57,matpower/case57/2017-09-15,RAW,LAZY_COMMIT_GNN_T060,23.579259269649132,-3.219554,INFEASIBLE,,,
matpower/case57,matpower/case57/2017-09-15,RAW,WARM_LAZY,8.509083224506737,-2.967019,INFEASIBLE,,,
matpower/case57,matpower/case57/2017-09-15,RAW,WARM_LAZY_TOPK128,8.530261859274425,-2.968,INFEASIBLE,,,
matpower/case57,matpower/case57/2017-09-15,RAW,WARM_LAZY_BANDIT,9.058424623210351,-2.990981,INFEASIBLE,,,
matpower/case57,matpower/case57/2017-09-15,RAW,WARM_LAZY_COMMIT_HINTS,9.451576085887053,-3.0064200000000003,INFEASIBLE,,,
matpower/case57,matpower/case57/2017-09-15,RAW,WARM_LAZY_GRU,9.418163228146842,-3.005158,INFEASIBLE,,,
matpower/case57,matpower/case57/2017-09-15,RAW,WARM_LAZY_BRANCH_HINTS,8.343035028338313,-2.959155,INFEASIBLE,,,
matpower/case57,matpower/case57/2017-09-15,RAW,WARM_LAZY_GNN_T060,8.356326752778076,-2.959796,INFEASIBLE,,,
matpower/case57,matpower/case57/2017-09-15,RAW,WARM_LAZY_COMMIT_GNN_T060,9.151477457075353,-2.994755,INFEASIBLE,,,
matpower/case57,matpower/case57/2017-09-15,RAW,WARM_LAZY_COMMIT_GRU,9.274160892400035,-2.999615,INFEASIBLE,,,
matpower/case57,matpower/case57/2017-09-15,RAW,WARM_LAZY_ML_STACK,8.189023959548624,-2.951576,INFEASIBLE,,,
matpower/case57,matpower/case57/2017-09-15,RAW,WARM_PRUNE_T010,5.550866192171993,-2.756446,INFEASIBLE,,,
matpower/case57,matpower/case57/2017-09-15,RAW,WARM_PRUNE_T020,6.067426416183928,-2.808013,INFEASIBLE,,,
matpower/case57,matpower/case57/2017-09-15,RAW,WARM_PRUNE_T030,6.070439013821307,-2.808288,INFEASIBLE,,,
matpower/case57,matpower/case57/2017-09-15,RAW,WARM_PRUNE_T050,5.940014063206695,-2.7961270000000003,INFEASIBLE,,,
matpower/case57,matpower/case57/2017-09-15,RAW,WARM_PRUNE_T080,4.896978480136911,-2.675568,INFEASIBLE,,,
matpower/case57,matpower/case57/2017-09-15,RAW,WARM_LPSCREEN_T010,0.8990696816220003,0.377437,INFEASIBLE,,,
matpower/case57,matpower/case57/2017-09-15,RAW,WARM_LPSCREEN_T020,0.8759018187606438,0.47635000000000005,INFEASIBLE,,,
matpower/case57,matpower/case57/2017-09-15,RAW,WARM_LPSCREEN_T030,0.8761802978312985,0.47513000000000005,INFEASIBLE,,,
matpower/case57,matpower/case57/2017-09-15,RAW,WARM_LPSCREEN_T050,0.8983494799573983,0.38043499999999986,INFEASIBLE,,,
matpower/case57,matpower/case57/2017-09-15,RAW,WARM_LPSCREEN_T080,0.8768383939778734,0.47224999999999984,INFEASIBLE,,,
matpower/case57,matpower/case57/2017-09-15,RAW,WARM_PRUNE_LAZY_T010,8.114904770984536,-2.947826,INFEASIBLE,,,
matpower/case57,matpower/case57/2017-09-15,RAW,WARM_PRUNE_LAZY_T020,7.218182950183346,-2.8963550000000002,INFEASIBLE,,,
matpower/case57,matpower/case57/2017-09-15,RAW,WARM_PRUNE_LAZY_T030,7.111432378696223,-2.8893630000000003,INFEASIBLE,,,
matpower/case57,matpower/case57/2017-09-15,RAW,WARM_PRUNE_LAZY_T050,8.00708508773601,-2.942247,INFEASIBLE,,,
matpower/case57,matpower/case57/2017-09-15,RAW,WARM_PRUNE_LAZY_T080,8.097802944180042,-2.9469510000000003,INFEASIBLE,,,
matpower/case57,matpower/case57/2017-09-15,RAW,WARM_LPSCREEN_LAZY_T010,6.133193357023503,-2.813955,INFEASIBLE,,,
matpower/case57,matpower/case57/2017-09-15,RAW,WARM_LPSCREEN_LAZY_T020,7.112891726590548,-2.88946,INFEASIBLE,,,
matpower/case57,matpower/case57/2017-09-15,RAW,WARM_LPSCREEN_LAZY_T030,7.122490181041678,-2.890097,INFEASIBLE,,,
matpower/case57,matpower/case57/2017-09-15,RAW,WARM_LPSCREEN_LAZY_T050,6.86291692182078,-2.872243,INFEASIBLE,,,
matpower/case57,matpower/case57/2017-09-15,RAW,WARM_LPSCREEN_LAZY_T080,5.931954797674604,-2.7953580000000002,INFEASIBLE,,,
matpower/case57,matpower/case57/2017-09-15,RAW,WARM_SR_LAZY,1.392778242431699,-0.9481600000000001,INFEASIBLE,,,
matpower/case57,matpower/case57/2017-09-15,RAW,SHRINK_LAZY,29.760325384601767,-3.249169,INFEASIBLE,,,
matpower/case57,matpower/case57/2017-09-15,RAW,STREDUCE,0.9060453181250672,0.348646,INFEASIBLE,,,
matpower/case57,matpower/case57/2017-09-15,RAW,STREDUCE_CONSERVATIVE,0.8802502192023053,0.4573879999999999,INFEASIBLE,,,
matpower/case57,matpower/case57/2017-09-15,RAW,STREDUCE_AGGRESSIVE,0.9202428111483141,0.29139599999999977,INFEASIBLE,,,
matpower/case57,matpower/case57/2017-09-15,RAW,STREDUCE_GRU,0.9215496395912901,0.2862149999999999,INFEASIBLE,,,
matpower/case57,matpower/case57/2017-09-15,RAW,STREDUCE_LAZY,0.9435197514736607,0.20126199999999983,INFEASIBLE,,,
matpower/case57,matpower/case57/2017-09-15,RAW,STREDUCE_LAZY_CONSERVATIVE,0.9113820322792257,0.3269169999999999,INFEASIBLE,,,
matpower/case57,matpower/case57/2017-09-15,RAW,STREDUCE_LAZY_AGGRESSIVE,0.9276033866843535,0.2624049999999998,INFEASIBLE,,,
matpower/case57,matpower/case57/2017-09-15,RAW,STREDUCE_LAZY_GRU,0.9369335652623665,0.22631099999999993,INFEASIBLE,,,
matpower/case57,matpower/case57/2017-09-15,RAW,ACTIVESET,4.536478509313418,-2.6210080000000002,INFEASIBLE,,,
matpower/case57,matpower/case57/2017-09-15,RAW,ACTIVESET_B500,4.679346199828255,-2.643636,INFEASIBLE,,,
matpower/case57,matpower/case57/2017-09-15,RAW,ACTIVESET_B5000,4.591749133450057,-2.629929,INFEASIBLE,,,
matpower/case57,matpower/case57/2017-09-15,RAW,ACTIVESET_NOCLEAN,4.843100028377458,-2.66793,INFEASIBLE,,,
matpower/case57,matpower/case57/2017-09-15,RAW,WARM_ACTIVESET,3.4339292918460416,-2.383048,INFEASIBLE,,,
matpower/case57,matpower/case57/2017-09-15,RAW,ACTIVESET_LAZY,4.993543720611082,-2.688845,INFEASIBLE,,,
matpower/case57,matpower/case57/2017-09-15,RAW,ACTIVESET_LAZY_TOPK128,4.430716659682194,-2.603317,INFEASIBLE,,,
matpower/case57,matpower/case57/2017-09-15,RAW,WARM_ACTIVESET_LAZY,3.5727000791656263,-2.421078,INFEASIBLE,,,
matpower/case57,matpower/case57/2017-11-15,RAW,RAW,1.0,0.0,INFEASIBLE,,,
matpower/case57,matpower/case57/2017-11-15,RAW,RAW_GNN,17.684350215449946,-3.205998,INFEASIBLE,,,
matpower/case57,matpower/case57/2017-11-15,RAW,RAW_COMMIT_HINTS,0.8112385102630867,0.7906930000000001,INFEASIBLE,,,
matpower/case57,matpower/case57/2017-11-15,RAW,WARM,0.953303166405301,0.16645600000000016,INFEASIBLE,,,
matpower/case57,matpower/case57/2017-11-15,RAW,WARM_BRANCH_HINTS,0.9505184958097125,0.17689900000000014,INFEASIBLE,,,
matpower/case57,matpower/case57/2017-11-15,RAW,WARM_COMMIT_HINTS,0.9236676806255213,0.2808250000000001,INFEASIBLE,,,
matpower/case57,matpower/case57/2017-11-15,RAW,WARM_GRU,0.9551402373519923,0.1596000000000002,INFEASIBLE,,,
matpower/case57,matpower/case57/2017-11-15,RAW,LAZY_ALL,27.522994184633824,-3.274688,INFEASIBLE,,,
matpower/case57,matpower/case57/2017-11-15,RAW,LAZY_TOPK128,26.998403050887855,-3.272289,INFEASIBLE,,,
matpower/case57,matpower/case57/2017-11-15,RAW,LAZY_BANDIT,26.989182577755187,-3.272246,INFEASIBLE,,,
matpower/case57,matpower/case57/2017-11-15,RAW,LAZY_COMMIT_HINTS,25.52565595258663,-3.265027,INFEASIBLE,,,
matpower/case57,matpower/case57/2017-11-15,RAW,LAZY_GNN_T060,18.643517858122568,-3.215884,INFEASIBLE,,,
matpower/case57,matpower/case57/2017-11-15,RAW,LAZY_GNN_T080,18.37455795996496,-3.213216,INFEASIBLE,,,
matpower/case57,matpower/case57/2017-11-15,RAW,LAZY_COMMIT_GNN_T060,18.206704778641576,-3.211511,INFEASIBLE,,,
matpower/case57,matpower/case57/2017-11-15,RAW,WARM_LAZY,9.741604052415367,-3.049325,INFEASIBLE,,,
matpower/case57,matpower/case57/2017-11-15,RAW,WARM_LAZY_TOPK128,9.471995049587743,-3.039396,INFEASIBLE,,,
matpower/case57,matpower/case57/2017-11-15,RAW,WARM_LAZY_BANDIT,9.526243639880576,-3.041439,INFEASIBLE,,,
matpower/case57,matpower/case57/2017-11-15,RAW,WARM_LAZY_COMMIT_HINTS,8.452782973811988,-2.9961379999999997,INFEASIBLE,,,
matpower/case57,matpower/case57/2017-11-15,RAW,WARM_LAZY_GRU,8.489124270850247,-2.997859,INFEASIBLE,,,
matpower/case57,matpower/case57/2017-11-15,RAW,WARM_LAZY_BRANCH_HINTS,9.680247265268914,-3.0471139999999997,INFEASIBLE,,,
matpower/case57,matpower/case57/2017-11-15,RAW,WARM_LAZY_GNN_T060,9.553534478880842,-3.042458,INFEASIBLE,,,
matpower/case57,matpower/case57/2017-11-15,RAW,WARM_LAZY_COMMIT_GNN_T060,9.51389503272878,-3.0409759999999997,INFEASIBLE,,,
matpower/case57,matpower/case57/2017-11-15,RAW,WARM_LAZY_COMMIT_GRU,8.31403510918099,-2.989429,INFEASIBLE,,,
matpower/case57,matpower/case57/2017-11-15,RAW,WARM_LAZY_ML_STACK,9.32782326799395,-3.033851,INFEASIBLE,,,
matpower/case57,matpower/case57/2017-11-15,RAW,WARM_PRUNE_T010,5.995701922313481,-2.8313889999999997,INFEASIBLE,,,
matpower/case57,matpower/case57/2017-11-15,RAW,WARM_PRUNE_T020,6.092185396269915,-2.840365,INFEASIBLE,,,
matpower/case57,matpower/case57/2017-11-15,RAW,WARM_PRUNE_T030,5.647400784418001,-2.7964339999999996,INFEASIBLE,,,
matpower/case57,matpower/case57/2017-11-15,RAW,WARM_PRUNE_T050,5.5085875279429,-2.781271,INFEASIBLE,,,
matpower/case57,matpower/case57/2017-11-15,RAW,WARM_PRUNE_T080,5.307293684013245,-2.757874,INFEASIBLE,,,
matpower/case57,matpower/case57/2017-11-15,RAW,WARM_LPSCREEN_T010,0.9164513633956032,0.3097940000000001,INFEASIBLE,,,
matpower/case57,matpower/case57/2017-11-15,RAW,WARM_LPSCREEN_T020,0.9103813328311013,0.33451699999999995,INFEASIBLE,,,
matpower/case57,matpower/case57/2017-11-15,RAW,WARM_LPSCREEN_T030,0.9195577663389999,0.2972680000000003,INFEASIBLE,,,
matpower/case57,matpower/case57/2017-11-15,RAW,WARM_LPSCREEN_T050,0.9132134492669496,0.32294100000000014,INFEASIBLE,,,
matpower/case57,matpower/case57/2017-11-15,RAW,WARM_LPSCREEN_T080,0.9224759021557486,0.2855780000000001,INFEASIBLE,,,
matpower/case57,matpower/case57/2017-11-15,RAW,WARM_PRUNE_LAZY_T010,7.313472924374198,-2.9335109999999998,INFEASIBLE,,,
matpower/case57,matpower/case57/2017-11-15,RAW,WARM_PRUNE_LAZY_T020,8.095816001257916,-2.978412,INFEASIBLE,,,
matpower/case57,matpower/case57/2017-11-15,RAW,WARM_PRUNE_LAZY_T030,7.8395480121717425,-2.9646909999999997,INFEASIBLE,,,
matpower/case57,matpower/case57/2017-11-15,RAW,WARM_PRUNE_LAZY_T050,8.089051709978504,-2.978061,INFEASIBLE,,,
matpower/case57,matpower/case57/2017-11-15,RAW,WARM_PRUNE_LAZY_T080,7.233439197588679,-2.92837,INFEASIBLE,,,
matpower/case57,matpower/case57/2017-11-15,RAW,WARM_LPSCREEN_LAZY_T010,6.235064870726431,-2.853147,INFEASIBLE,,,
matpower/case57,matpower/case57/2017-11-15,RAW,WARM_LPSCREEN_LAZY_T020,6.554739625829673,-2.879727,INFEASIBLE,,,
matpower/case57,matpower/case57/2017-11-15,RAW,WARM_LPSCREEN_LAZY_T030,6.587293187171062,-2.882289,INFEASIBLE,,,
matpower/case57,matpower/case57/2017-11-15,RAW,WARM_LPSCREEN_LAZY_T050,6.225960234809565,-2.85235,INFEASIBLE,,,
matpower/case57,matpower/case57/2017-11-15,RAW,WARM_LPSCREEN_LAZY_T080,5.359560024982808,-2.764118,INFEASIBLE,,,
matpower/case57,matpower/case57/2017-11-15,RAW,WARM_SR_LAZY,1.391432635683102,-0.955956,INFEASIBLE,,,
matpower/case57,matpower/case57/2017-11-15,RAW,SHRINK_LAZY,17.616782361205434,-3.2052609999999997,INFEASIBLE,,,
matpower/case57,matpower/case57/2017-11-15,RAW,STREDUCE,0.9008433292897073,0.3740380000000001,INFEASIBLE,,,
matpower/case57,matpower/case57/2017-11-15,RAW,STREDUCE_CONSERVATIVE,0.8862609437703608,0.43610499999999996,INFEASIBLE,,,
matpower/case57,matpower/case57/2017-11-15,RAW,STREDUCE_AGGRESSIVE,0.9295837989476319,0.2574110000000003,INFEASIBLE,,,
matpower/case57,matpower/case57/2017-11-15,RAW,STREDUCE_GRU,0.9517590920663355,0.17223900000000025,INFEASIBLE,,,
matpower/case57,matpower/case57/2017-11-15,RAW,STREDUCE_LAZY,0.9303427191113796,0.254429,INFEASIBLE,,,
matpower/case57,matpower/case57/2017-11-15,RAW,STREDUCE_LAZY_CONSERVATIVE,0.9049043968425114,0.3571089999999999,INFEASIBLE,,,
matpower/case57,matpower/case57/2017-11-15,RAW,STREDUCE_LAZY_AGGRESSIVE,0.9337676062723916,0.24103200000000014,INFEASIBLE,,,
matpower/case57,matpower/case57/2017-11-15,RAW,STREDUCE_LAZY_GRU,0.9647170310546451,0.124282,INFEASIBLE,,,
matpower/case57,matpower/case57/2017-11-15,RAW,ACTIVESET,5.28797623475185,-2.755535,INFEASIBLE,,,
matpower/case57,matpower/case57/2017-11-15,RAW,ACTIVESET_B500,5.343311885578429,-2.76219,INFEASIBLE,,,
matpower/case57,matpower/case57/2017-11-15,RAW,ACTIVESET_B5000,5.595327010472238,-2.790834,INFEASIBLE,,,
matpower/case57,matpower/case57/2017-11-15,RAW,ACTIVESET_NOCLEAN,4.508186804002261,-2.64438,INFEASIBLE,,,
matpower/case57,matpower/case57/2017-11-15,RAW,WARM_ACTIVESET,3.8715871648688185,-2.520438,INFEASIBLE,,,
matpower/case57,matpower/case57/2017-11-15,RAW,ACTIVESET_LAZY,4.563056760349666,-2.653444,INFEASIBLE,,,
matpower/case57,matpower/case57/2017-11-15,RAW,ACTIVESET_LAZY_TOPK128,5.022285938088869,-2.721539,INFEASIBLE,,,
matpower/case57,matpower/case57/2017-11-15,RAW,WARM_ACTIVESET_LAZY,3.5761271182962493,-2.447921,INFEASIBLE,,,
matpower/case6515rte,matpower/case6515rte/2017-01-15,LAZY_ALL,LAZY_ALL,1.0,0.0,OPTIMAL,OK,OK,0.01359171
matpower/case6515rte,matpower/case6515rte/2017-01-15,LAZY_ALL,LAZY_COMMIT_HINTS,1.1619256078858464,-496.7210110000001,OPTIMAL,OK,OK,0.04476605
matpower/case6515rte,matpower/case6515rte/2017-01-15,LAZY_ALL,WARM_LAZY_GRU,0.950762298480557,184.58701100000008,OPTIMAL,OK,OK,0.00742461
matpower/case6515rte,matpower/case6515rte/2017-01-15,LAZY_ALL,STREDUCE_LAZY_GRU,0.8690457790713242,537.096305,OPTIMAL,OK,OK,0.0138656
matpower/case6515rte,matpower/case6515rte/2017-01-15,LAZY_ALL,LAZY_BANDIT,0.6175955898734107,2206.957775,OPTIMAL,FAIL,C120,0.00103174
matpower/case6515rte,matpower/case6515rte/2017-01-15,LAZY_ALL,WARM_PRUNE_LAZY_T030,1.0913688397275683,-298.402102,OPTIMAL,FAIL,C120,0.0047113
matpower/case6515rte,matpower/case6515rte/2017-01-15,LAZY_ALL,LAZY_GNN_T080,1.4350951379253247,-1080.6345659999997,OPTIMAL,FAIL,C120,0.00271283
matpower/case6515rte,matpower/case6515rte/2017-03-15,LAZY_ALL,LAZY_ALL,1.0,0.0,OPTIMAL,OK,OK,0.01320757
matpower/case6515rte,matpower/case6515rte/2017-03-15,LAZY_ALL,LAZY_COMMIT_HINTS,0.943914941352219,207.21986500000003,OPTIMAL,OK,OK,0.03162555
matpower/case6515rte,matpower/case6515rte/2017-03-15,LAZY_ALL,WARM_LAZY_GRU,0.5313804944362631,3075.613947,OPTIMAL,OK,OK,0.00653571
matpower/case6515rte,matpower/case6515rte/2017-03-15,LAZY_ALL,STREDUCE_LAZY_GRU,0.6884348588003075,1578.349139,OPTIMAL,OK,OK,0.00234795
matpower/case6515rte,matpower/case6515rte/2017-03-15,LAZY_ALL,LAZY_BANDIT,0.5388242733167361,2984.945167,OPTIMAL,FAIL,C120,0.00423938
matpower/case6515rte,matpower/case6515rte/2017-03-15,LAZY_ALL,WARM_PRUNE_LAZY_T030,1.0718554868319081,-233.79798800000026,OPTIMAL,FAIL,C120,0.04726626
matpower/case6515rte,matpower/case6515rte/2017-03-15,LAZY_ALL,LAZY_GNN_T080,1.4688739582752186,-1113.2396080000003,OPTIMAL,FAIL,C120,0.00276753
matpower/case6515rte,matpower/case6515rte/2017-05-15,LAZY_ALL,LAZY_ALL,1.0,0.0,OPTIMAL,OK,OK,0.03122142
matpower/case6515rte,matpower/case6515rte/2017-05-15,LAZY_ALL,LAZY_COMMIT_HINTS,1.332043491900042,-928.6424569999999,OPTIMAL,OK,OK,0.04059066
matpower/case6515rte,matpower/case6515rte/2017-05-15,LAZY_ALL,WARM_LAZY_GRU,1.1200564711485537,-399.31683699999985,OPTIMAL,OK,OK,0.026895
matpower/case6515rte,matpower/case6515rte/2017-05-15,LAZY_ALL,STREDUCE_LAZY_GRU,0.8800698540272067,507.6719699999999,OPTIMAL,OK,OK,0.02689451
matpower/case6515rte,matpower/case6515rte/2017-05-15,LAZY_ALL,LAZY_BANDIT,0.7983222442688652,941.1345940000006,OPTIMAL,OK,OK,0.03278792
matpower/case6515rte,matpower/case6515rte/2017-05-15,LAZY_ALL,WARM_PRUNE_LAZY_T030,1.1965969368390723,-612.069626,OPTIMAL,OK,OK,0.026895
matpower/case6515rte,matpower/case6515rte/2017-05-15,LAZY_ALL,LAZY_GNN_T080,1.468021498058614,-1187.6961669999996,OPTIMAL,FAIL,C120,0.00489891
matpower/case6515rte,matpower/case6515rte/2017-07-15,LAZY_ALL,LAZY_ALL,1.0,0.0,OPTIMAL,OK,OK,0.04018189
matpower/case6515rte,matpower/case6515rte/2017-07-15,LAZY_ALL,LAZY_COMMIT_HINTS,0.936588473961347,316.4266239999997,OPTIMAL,OK,OK,0.00602469
matpower/case6515rte,matpower/case6515rte/2017-07-15,LAZY_ALL,WARM_LAZY_GRU,0.955537864396025,217.46833999999944,OPTIMAL,OK,OK,0.02811334
matpower/case6515rte,matpower/case6515rte/2017-07-15,LAZY_ALL,STREDUCE_LAZY_GRU,1.1564732982249444,-632.3510570000003,OPTIMAL,OK,OK,0.01336798
matpower/case6515rte,matpower/case6515rte/2017-07-15,LAZY_ALL,LAZY_BANDIT,0.6447714541197167,2574.872198,TIME_LIMIT,,,
matpower/case6515rte,matpower/case6515rte/2017-07-15,LAZY_ALL,WARM_PRUNE_LAZY_T030,1.0362138874332174,-163.3350390000005,OPTIMAL,FAIL,C120,0.02409396
matpower/case6515rte,matpower/case6515rte/2017-07-15,LAZY_ALL,LAZY_GNN_T080,1.3970139306371276,-1328.1851820000006,OPTIMAL,FAIL,C120,0.00573263
matpower/case6515rte,matpower/case6515rte/2017-09-15,LAZY_ALL,LAZY_ALL,1.0,0.0,OPTIMAL,OK,OK,0.00694172
matpower/case6515rte,matpower/case6515rte/2017-09-15,LAZY_ALL,LAZY_COMMIT_HINTS,1.2149040388966657,-1163.9466320000001,OPTIMAL,OK,OK,0.03710498
matpower/case6515rte,matpower/case6515rte/2017-09-15,LAZY_ALL,WARM_LAZY_GRU,1.3623906191180652,-1750.2729,OPTIMAL,OK,OK,0.01184139
matpower/case6515rte,matpower/case6515rte/2017-09-15,LAZY_ALL,STREDUCE_LAZY_GRU,1.6213685963701685,-2521.7266580000005,OPTIMAL,OK,OK,0.0121615
matpower/case6515rte,matpower/case6515rte/2017-09-15,LAZY_ALL,WARM_PRUNE_LAZY_T030,1.3455227025630896,-1689.7249790000005,OPTIMAL,OK,OK,0.01184139
matpower/case6515rte,matpower/case6515rte/2017-09-15,LAZY_ALL,LAZY_GNN_T080,1.9377939313654993,-3184.419632,OPTIMAL,FAIL,C120,0.00507527
matpower/case6515rte,matpower/case6515rte/2017-11-15,LAZY_ALL,LAZY_ALL,1.0,0.0,OPTIMAL,OK,OK,0.03574696
matpower/case6515rte,matpower/case6515rte/2017-11-15,LAZY_ALL,LAZY_COMMIT_HINTS,1.0646372978023393,-383.0542370000003,OPTIMAL,OK,OK,0.03870946
matpower/case6515rte,matpower/case6515rte/2017-11-15,LAZY_ALL,WARM_LAZY_GRU,1.0159527936730792,-99.0699569999997,OPTIMAL,OK,OK,0.01320753
matpower/case6515rte,matpower/case6515rte/2017-11-15,LAZY_ALL,STREDUCE_LAZY_GRU,1.3313104158493658,-1570.1260350000002,OPTIMAL,OK,OK,0.01207672
matpower/case6515rte,matpower/case6515rte/2017-11-15,LAZY_ALL,WARM_PRUNE_LAZY_T030,0.976011193632604,155.0717169999998,OPTIMAL,FAIL,C120,0.01145665
matpower/case6515rte,matpower/case6515rte/2017-11-15,LAZY_ALL,LAZY_GNN_T080,1.664093656106998,-2517.852714,OPTIMAL,FAIL,C120,0.00572103
matpower/case89pegase,matpower/case89pegase/2017-01-15,RAW,RAW,1.0,0.0,OPTIMAL,OK,OK,0.00370583
matpower/case89pegase,matpower/case89pegase/2017-01-15,RAW,RAW_GNN,6.822985919656681,-268.040229,OPTIMAL,FAIL,C120,0.00849215
matpower/case89pegase,matpower/case89pegase/2017-01-15,RAW,RAW_COMMIT_HINTS,1.9957094725491298,-156.69821000000002,OPTIMAL,OK,OK,0.03859231
matpower/case89pegase,matpower/case89pegase/2017-01-15,RAW,WARM,1.1600119770142205,-43.32302100000004,OPTIMAL,OK,OK,0.00569809
matpower/case89pegase,matpower/case89pegase/2017-01-15,RAW,WARM_BRANCH_HINTS,0.9832410877440568,5.3532129999999825,TIME_LIMIT,OK,OK,0.06179909
matpower/case89pegase,matpower/case89pegase/2017-01-15,RAW,WARM_COMMIT_HINTS,1.9922585487123807,-156.42561300000003,OPTIMAL,OK,OK,0.03859231
matpower/case89pegase,matpower/case89pegase/2017-01-15,RAW,WARM_GRU,1.1761756322057166,-47.04379800000004,OPTIMAL,OK,OK,0.00569809
matpower/case89pegase,matpower/case89pegase/2017-01-15,RAW,LAZY_ALL,3.304430701171462,-219.026024,OPTIMAL,OK,OK,0.0029004
matpower/case89pegase,matpower/case89pegase/2017-01-15,RAW,LAZY_TOPK128,3.2073301270955774,-216.148558,OPTIMAL,OK,OK,0.01508295
matpower/case89pegase,matpower/case89pegase/2017-01-15,RAW,LAZY_BANDIT,3.45337493649686,-223.12534600000004,OPTIMAL,OK,OK,0.02632041
matpower/case89pegase,matpower/case89pegase/2017-01-15,RAW,LAZY_COMMIT_HINTS,3.3852932232661206,-221.29632300000003,OPTIMAL,OK,OK,0.03859231
matpower/case89pegase,matpower/case89pegase/2017-01-15,RAW,LAZY_GNN_T060,3.297494713951461,-218.82610400000002,OPTIMAL,OK,OK,0.0029004
matpower/case89pegase,matpower/case89pegase/2017-01-15,RAW,LAZY_GNN_T080,3.288815803775613,-218.57475900000003,OPTIMAL,OK,OK,0.0029004
matpower/case89pegase,matpower/case89pegase/2017-01-15,RAW,LAZY_COMMIT_GNN_T060,3.3938937656159145,-221.531427,OPTIMAL,OK,OK,0.03859231
matpower/case89pegase,matpower/case89pegase/2017-01-15,RAW,WARM_LAZY,3.2607250869239253,-217.752066,OPTIMAL,OK,OK,0.0029004
matpower/case89pegase,matpower/case89pegase/2017-01-15,RAW,WARM_LAZY_TOPK128,3.3118673627594175,-219.23944500000002,OPTIMAL,OK,OK,0.00606429
matpower/case89pegase,matpower/case89pegase/2017-01-15,RAW,WARM_LAZY_BANDIT,3.416305736702042,-222.13851800000003,OPTIMAL,OK,OK,0.02632041
matpower/case89pegase,matpower/case89pegase/2017-01-15,RAW,WARM_LAZY_COMMIT_HINTS,3.347340374090597,-220.244417,OPTIMAL,OK,OK,0.03859231
matpower/case89pegase,matpower/case89pegase/2017-01-15,RAW,WARM_LAZY_GRU,3.2512202882046286,-217.47048,OPTIMAL,OK,OK,0.0029004
matpower/case89pegase,matpower/case89pegase/2017-01-15,RAW,WARM_LAZY_BRANCH_HINTS,3.2592383573092496,-217.708129,OPTIMAL,OK,OK,0.00389177
matpower/case89pegase,matpower/case89pegase/2017-01-15,RAW,WARM_LAZY_GNN_T060,3.250835341404869,-217.459041,OPTIMAL,OK,OK,0.0029004
matpower/case89pegase,matpower/case89pegase/2017-01-15,RAW,WARM_LAZY_COMMIT_GNN_T060,3.335041763038717,-219.898411,OPTIMAL,OK,OK,0.03859231
matpower/case89pegase,matpower/case89pegase/2017-01-15,RAW,WARM_LAZY_COMMIT_GRU,3.331992759682247,-219.812236,OPTIMAL,OK,OK,0.03859231
matpower/case89pegase,matpower/case89pegase/2017-01-15,RAW,WARM_LAZY_ML_STACK,3.382033467968944,-221.206902,OPTIMAL,OK,OK,0.02632041
matpower/case89pegase,matpower/case89pegase/2017-01-15,RAW,WARM_PRUNE_T010,9.370630727852873,-280.55504,OPTIMAL,FAIL,C120,0.04154016
matpower/case89pegase,matpower/case89pegase/2017-01-15,RAW,WARM_PRUNE_T020,7.179005854469713,-270.32301,OPTIMAL,FAIL,C120,0.00881066
matpower/case89pegase,matpower/case89pegase/2017-01-15,RAW,WARM_PRUNE_T030,5.3583091934574485,-255.457691,OPTIMAL,FAIL,C120,0.00856131
matpower/case89pegase,matpower/case89pegase/2017-01-15,RAW,WARM_PRUNE_T050,3.296970600837248,-218.81096300000002,OPTIMAL,FAIL,C120,0.00860353
matpower/case89pegase,matpower/case89pegase/2017-01-15,RAW,WARM_PRUNE_T080,2.37056506264499,-181.583546,OPTIMAL,FAIL,C120,0.00085239
matpower/case89pegase,matpower/case89pegase/2017-01-15,RAW,WARM_LPSCREEN_T010,3.7075243831584856,-229.35968100000002,OPTIMAL,FAIL,C120,0.04793015
matpower/case89pegase,matpower/case89pegase/2017-01-15,RAW,WARM_LPSCREEN_T020,3.274824199776938,-218.16675100000003,OPTIMAL,FAIL,C120,0.00860353
matpower/case89pegase,matpower/case89pegase/2017-01-15,RAW,WARM_LPSCREEN_T030,3.1958864585509974,-215.79792000000003,OPTIMAL,FAIL,C120,0.00860353
matpower/case89pegase,matpower/case89pegase/2017-01-15,RAW,WARM_LPSCREEN_T050,3.0815225513009707,-212.150708,OPTIMAL,FAIL,C120,0.00832303
matpower/case89pegase,matpower/case89pegase/2017-01-15,RAW,WARM_LPSCREEN_T080,2.2808327869963447,-176.371214,OPTIMAL,FAIL,C120,0.0008451
matpower/case89pegase,matpower/case89pegase/2017-01-15,RAW,WARM_PRUNE_LAZY_T010,3.3367942552743646,-219.94787100000002,OPTIMAL,FAIL,C120,0.00767401
matpower/case89pegase,matpower/case89pegase/2017-01-15,RAW,WARM_PRUNE_LAZY_T020,3.3289511257465816,-219.726112,OPTIMAL,FAIL,C120,0.00767401
matpower/case89pegase,matpower/case89pegase/2017-01-15,RAW,WARM_PRUNE_LAZY_T030,3.3520926770727044,-220.37743700000001,OPTIMAL,FAIL,C120,0.00767401
matpower/case89pegase,matpower/case89pegase/2017-01-15,RAW,WARM_PRUNE_LAZY_T050,3.3963316024788175,-221.59785100000002,OPTIMAL,FAIL,C120,0.00767401
matpower/case89pegase,matpower/case89pegase/2017-01-15,RAW,WARM_PRUNE_LAZY_T080,3.294128250893397,-218.728767,OPTIMAL,FAIL,C120,0.00767401
matpower/case89pegase,matpower/case89pegase/2017-01-15,RAW,WARM_LPSCREEN_LAZY_T010,3.2812110134908816,-218.353428,OPTIMAL,FAIL,C120,0.00767401
matpower/case89pegase,matpower/case89pegase/2017-01-15,RAW,WARM_LPSCREEN_LAZY_T020,3.327898105539733,-219.696259,OPTIMAL,FAIL,C120,0.00767401
matpower/case89pegase,matpower/case89pegase/2017-01-15,RAW,WARM_LPSCREEN_LAZY_T030,3.320561935918024,-219.487754,OPTIMAL,FAIL,C120,0.00767401
matpower/case89pegase,matpower/case89pegase/2017-01-15,RAW,WARM_LPSCREEN_LAZY_T050,3.2898172844761646,-218.60383000000002,OPTIMAL,FAIL,C120,0.00767401
matpower/case89pegase,matpower/case89pegase/2017-01-15,RAW,WARM_LPSCREEN_LAZY_T080,3.304399028930275,-219.02511300000003,OPTIMAL,FAIL,C120,0.00767401
matpower/case89pegase,matpower/case89pegase/2017-01-15,RAW,WARM_SR_LAZY,2.48394706062298,-187.63108400000002,OPTIMAL,OK,OK,0.01628149
matpower/case89pegase,matpower/case89pegase/2017-01-15,RAW,SHRINK_LAZY,1.0463918041671159,-13.924373000000003,TIME_LIMIT,,,
matpower/case89pegase,matpower/case89pegase/2017-01-15,RAW,STREDUCE,1.5168620895698852,-107.01811500000002,OPTIMAL,OK,OK,0.0155609
matpower/case89pegase,matpower/case89pegase/2017-01-15,RAW,STREDUCE_CONSERVATIVE,1.10427552287158,-29.65743900000001,OPTIMAL,OK,OK,0.01442307
matpower/case89pegase,matpower/case89pegase/2017-01-15,RAW,STREDUCE_AGGRESSIVE,2.217161090474724,-172.41677900000002,OPTIMAL,OK,OK,0.0
matpower/case89pegase,matpower/case89pegase/2017-01-15,RAW,STREDUCE_GRU,1.3359482184793419,-78.97896400000002,OPTIMAL,OK,OK,0.0155609
matpower/case89pegase,matpower/case89pegase/2017-01-15,RAW,STREDUCE_LAZY,1.5208512649344703,-107.561214,OPTIMAL,OK,OK,0.02409166
matpower/case89pegase,matpower/case89pegase/2017-01-15,RAW,STREDUCE_LAZY_CONSERVATIVE,1.4473168621448995,-97.06895700000001,OPTIMAL,OK,OK,0.00343288
matpower/case89pegase,matpower/case89pegase/2017-01-15,RAW,STREDUCE_LAZY_AGGRESSIVE,1.7618553717524932,-135.809764,OPTIMAL,OK,OK,0.0
matpower/case89pegase,matpower/case89pegase/2017-01-15,RAW,STREDUCE_LAZY_GRU,1.4828507482774267,-102.26904100000002,OPTIMAL,OK,OK,0.02409166
matpower/case89pegase,matpower/case89pegase/2017-01-15,RAW,ACTIVESET,6.299434467890201,-264.214519,OPTIMAL,FAIL,C120,0.01626297
matpower/case89pegase,matpower/case89pegase/2017-01-15,RAW,ACTIVESET_B500,6.336657557747831,-264.50739200000004,OPTIMAL,FAIL,C120,0.01626297
matpower/case89pegase,matpower/case89pegase/2017-01-15,RAW,ACTIVESET_B5000,6.358139842313609,-264.67485500000004,OPTIMAL,FAIL,C120,0.01626297
matpower/case89pegase,matpower/case89pegase/2017-01-15,RAW,ACTIVESET_NOCLEAN,6.378535182210042,-264.832801,OPTIMAL,FAIL,C120,0.01626297
matpower/case89pegase,matpower/case89pegase/2017-01-15,RAW,WARM_ACTIVESET,6.204779474845704,-263.45394,OPTIMAL,FAIL,C120,0.01943326
matpower/case89pegase,matpower/case89pegase/2017-01-15,RAW,ACTIVESET_LAZY,3.2445998721629965,-217.273371,OPTIMAL,OK,OK,0.0067748
matpower/case89pegase,matpower/case89pegase/2017-01-15,RAW,ACTIVESET_LAZY_TOPK128,3.244727451234863,-217.277177,OPTIMAL,OK,OK,0.00606429
matpower/case89pegase,matpower/case89pegase/2017-01-15,RAW,WARM_ACTIVESET_LAZY,3.01547742112667,-209.918431,OPTIMAL,OK,OK,0.01563548
matpower/case89pegase,matpower/case89pegase/2017-03-15,RAW,RAW,1.0,0.0,OPTIMAL,OK,OK,0.0037761
matpower/case89pegase,matpower/case89pegase/2017-03-15,RAW,RAW_GNN,7.199550616609985,-215.17953899999998,OPTIMAL,FAIL,C120,0.00462488
matpower/case89pegase,matpower/case89pegase/2017-03-15,RAW,RAW_COMMIT_HINTS,1.1342604345204736,-29.578858999999994,OPTIMAL,OK,OK,0.00835182
matpower/case89pegase,matpower/case89pegase/2017-03-15,RAW,WARM,0.8356688287290654,49.13963199999998,OPTIMAL,OK,OK,0.00797313
matpower/case89pegase,matpower/case89pegase/2017-03-15,RAW,WARM_BRANCH_HINTS,1.207658714288763,-42.968687999999986,OPTIMAL,OK,OK,0.00855533
matpower/case89pegase,matpower/case89pegase/2017-03-15,RAW,WARM_COMMIT_HINTS,1.2808658336262273,-54.795062,OPTIMAL,OK,OK,0.00851855
matpower/case89pegase,matpower/case89pegase/2017-03-15,RAW,WARM_GRU,0.8356139656210092,49.15926500000003,OPTIMAL,OK,OK,0.00797313
matpower/case89pegase,matpower/case89pegase/2017-03-15,RAW,LAZY_ALL,2.645942916777272,-155.446322,OPTIMAL,OK,OK,0.02808365
matpower/case89pegase,matpower/case89pegase/2017-03-15,RAW,LAZY_TOPK128,2.7080266243742694,-157.611484,OPTIMAL,OK,OK,0.02808364
matpower/case89pegase,matpower/case89pegase/2017-03-15,RAW,LAZY_BANDIT,2.720275402588372,-158.026986,OPTIMAL,OK,OK,0.02808364
matpower/case89pegase,matpower/case89pegase/2017-03-15,RAW,LAZY_COMMIT_HINTS,2.642274283156872,-155.315195,OPTIMAL,OK,OK,0.02808365
matpower/case89pegase,matpower/case89pegase/2017-03-15,RAW,LAZY_GNN_T060,2.652189351524013,-155.66875199999998,OPTIMAL,OK,OK,0.02808365
matpower/case89pegase,matpower/case89pegase/2017-03-15,RAW,LAZY_GNN_T080,2.7444249160377416,-158.835319,OPTIMAL,OK,OK,0.02808365
matpower/case89pegase,matpower/case89pegase/2017-03-15,RAW,LAZY_COMMIT_GNN_T060,2.633113855223518,-154.986181,OPTIMAL,OK,OK,0.02808365
matpower/case89pegase,matpower/case89pegase/2017-03-15,RAW,WARM_LAZY,2.631272230159518,-154.919759,OPTIMAL,OK,OK,0.02808365
matpower/case89pegase,matpower/case89pegase/2017-03-15,RAW,WARM_LAZY_TOPK128,2.6911226190377726,-157.031856,OPTIMAL,OK,OK,0.02808364
matpower/case89pegase,matpower/case89pegase/2017-03-15,RAW,WARM_LAZY_BANDIT,2.7193397820762337,-157.99538,OPTIMAL,OK,OK,0.02808365
matpower/case89pegase,matpower/case89pegase/2017-03-15,RAW,WARM_LAZY_COMMIT_HINTS,2.64611001808566,-155.45228600000002,OPTIMAL,OK,OK,0.02808365
matpower/case89pegase,matpower/case89pegase/2017-03-15,RAW,WARM_LAZY_GRU,2.623547230083575,-154.640125,OPTIMAL,OK,OK,0.02808365
matpower/case89pegase,matpower/case89pegase/2017-03-15,RAW,WARM_LAZY_BRANCH_HINTS,2.6352099497985613,-155.061668,OPTIMAL,OK,OK,0.02808365
matpower/case89pegase,matpower/case89pegase/2017-03-15,RAW,WARM_LAZY_GNN_T060,2.617338079352189,-154.414166,OPTIMAL,OK,OK,0.02808365
matpower/case89pegase,matpower/case89pegase/2017-03-15,RAW,WARM_LAZY_COMMIT_GNN_T060,2.630203184549882,-154.881159,OPTIMAL,OK,OK,0.02808365
matpower/case89pegase,matpower/case89pegase/2017-03-15,RAW,WARM_LAZY_COMMIT_GRU,2.707540319026941,-157.59491,OPTIMAL,OK,OK,0.02808365
matpower/case89pegase,matpower/case89pegase/2017-03-15,RAW,WARM_LAZY_ML_STACK,2.7147976914394967,-157.841635,OPTIMAL,OK,OK,0.02808365
matpower/case89pegase,matpower/case89pegase/2017-03-15,RAW,WARM_PRUNE_T010,4.508936687754996,-194.467731,OPTIMAL,OK,OK,0.02890916
matpower/case89pegase,matpower/case89pegase/2017-03-15,RAW,WARM_PRUNE_T020,5.908561592335302,-207.595832,OPTIMAL,OK,OK,0.02859472
matpower/case89pegase,matpower/case89pegase/2017-03-15,RAW,WARM_PRUNE_T030,5.357302802682969,-203.243984,OPTIMAL,OK,OK,0.02914787
matpower/case89pegase,matpower/case89pegase/2017-03-15,RAW,WARM_PRUNE_T050,2.5502660865071727,-151.903193,OPTIMAL,OK,OK,0.02277923
matpower/case89pegase,matpower/case89pegase/2017-03-15,RAW,WARM_PRUNE_T080,1.89906139238377,-118.303201,OPTIMAL,OK,OK,0.00688874
matpower/case89pegase,matpower/case89pegase/2017-03-15,RAW,WARM_LPSCREEN_T010,2.6017417608972346,-153.841839,OPTIMAL,OK,OK,0.03046839
matpower/case89pegase,matpower/case89pegase/2017-03-15,RAW,WARM_LPSCREEN_T020,2.5639655077628545,-152.426734,OPTIMAL,OK,OK,0.02859472
matpower/case89pegase,matpower/case89pegase/2017-03-15,RAW,WARM_LPSCREEN_T030,2.579458024897144,-153.01209999999998,OPTIMAL,OK,OK,0.02859472
matpower/case89pegase,matpower/case89pegase/2017-03-15,RAW,WARM_LPSCREEN_T050,2.328709712645166,-142.580754,OPTIMAL,OK,OK,0.00714262
matpower/case89pegase,matpower/case89pegase/2017-03-15,RAW,WARM_LPSCREEN_T080,1.4565782237163958,-78.329893,OPTIMAL,OK,OK,0.01054941
matpower/case89pegase,matpower/case89pegase/2017-03-15,RAW,WARM_PRUNE_LAZY_T010,2.5833413168374753,-153.157725,OPTIMAL,OK,OK,0.02808365
matpower/case89pegase,matpower/case89pegase/2017-03-15,RAW,WARM_PRUNE_LAZY_T020,2.614298131767876,-154.303147,OPTIMAL,OK,OK,0.02808364
matpower/case89pegase,matpower/case89pegase/2017-03-15,RAW,WARM_PRUNE_LAZY_T030,2.6973005248257205,-157.24453499999998,OPTIMAL,OK,OK,0.02808364
matpower/case89pegase,matpower/case89pegase/2017-03-15,RAW,WARM_PRUNE_LAZY_T050,2.664139820786031,-156.091391,OPTIMAL,OK,OK,0.02808365
matpower/case89pegase,matpower/case89pegase/2017-03-15,RAW,WARM_PRUNE_LAZY_T080,2.675385092886412,-156.48564199999998,OPTIMAL,OK,OK,0.02808365
matpower/case89pegase,matpower/case89pegase/2017-03-15,RAW,WARM_LPSCREEN_LAZY_T010,2.659664864372046,-155.933575,OPTIMAL,OK,OK,0.02808365
matpower/case89pegase,matpower/case89pegase/2017-03-15,RAW,WARM_LPSCREEN_LAZY_T020,2.6612979019055776,-155.99122799999998,OPTIMAL,OK,OK,0.02808364
matpower/case89pegase,matpower/case89pegase/2017-03-15,RAW,WARM_LPSCREEN_LAZY_T030,2.652976940889776,-155.696723,OPTIMAL,OK,OK,0.02808364
matpower/case89pegase,matpower/case89pegase/2017-03-15,RAW,WARM_LPSCREEN_LAZY_T050,2.621911238498691,-154.580693,OPTIMAL,OK,OK,0.02808364
matpower/case89pegase,matpower/case89pegase/2017-03-15,RAW,WARM_LPSCREEN_LAZY_T080,2.6476781108447556,-155.508216,OPTIMAL,OK,OK,0.02808365
matpower/case89pegase,matpower/case89pegase/2017-03-15,RAW,WARM_SR_LAZY,1.9955061899251163,-124.66284599999999,OPTIMAL,OK,OK,0.00671645
matpower/case89pegase,matpower/case89pegase/2017-03-15,RAW,SHRINK_LAZY,0.8326443385056046,50.22581900000003,TIME_LIMIT,,,
matpower/case89pegase,matpower/case89pegase/2017-03-15,RAW,STREDUCE,1.0556033570146246,-13.162743000000006,OPTIMAL,OK,OK,0.00372597
matpower/case89pegase,matpower/case89pegase/2017-03-15,RAW,STREDUCE_CONSERVATIVE,1.154400968921251,-33.42254299999999,OPTIMAL,OK,OK,0.00171347
matpower/case89pegase,matpower/case89pegase/2017-03-15,RAW,STREDUCE_AGGRESSIVE,1.0097042484604195,-2.401672999999988,OPTIMAL,OK,OK,0.0008651
matpower/case89pegase,matpower/case89pegase/2017-03-15,RAW,STREDUCE_GRU,1.0086795138181868,-2.1502470000000073,OPTIMAL,OK,OK,0.00372597
matpower/case89pegase,matpower/case89pegase/2017-03-15,RAW,STREDUCE_LAZY,1.0649044567087287,-15.230355000000003,OPTIMAL,OK,OK,0.00084673
matpower/case89pegase,matpower/case89pegase/2017-03-15,RAW,STREDUCE_LAZY_CONSERVATIVE,0.7844487818297883,68.66446499999998,TIME_LIMIT,OK,OK,0.92144912
matpower/case89pegase,matpower/case89pegase/2017-03-15,RAW,STREDUCE_LAZY_AGGRESSIVE,1.1170191189779042,-26.178356000000008,OPTIMAL,OK,OK,9.985e-05
matpower/case89pegase,matpower/case89pegase/2017-03-15,RAW,STREDUCE_LAZY_GRU,1.1104650493630563,-24.85799799999998,OPTIMAL,OK,OK,0.00084673
matpower/case89pegase,matpower/case89pegase/2017-03-15,RAW,ACTIVESET,6.6923623140051784,-212.549086,OPTIMAL,FAIL,C120,0.03241714
matpower/case89pegase,matpower/case89pegase/2017-03-15,RAW,ACTIVESET_B500,6.667899942822579,-212.4121,OPTIMAL,FAIL,C120,0.03241714
matpower/case89pegase,matpower/case89pegase/2017-03-15,RAW,ACTIVESET_B5000,6.615637820294491,-212.11604499999999,OPTIMAL,FAIL,C120,0.03241714
matpower/case89pegase,matpower/case89pegase/2017-03-15,RAW,ACTIVESET_NOCLEAN,6.686512855837488,-212.51642099999998,OPTIMAL,FAIL,C120,0.03241714
matpower/case89pegase,matpower/case89pegase/2017-03-15,RAW,WARM_ACTIVESET,6.428232560914181,-211.014849,OPTIMAL,FAIL,C120,0.00197496
matpower/case89pegase,matpower/case89pegase/2017-03-15,RAW,ACTIVESET_LAZY,2.6611388239822453,-155.985615,OPTIMAL,OK,OK,0.02808365
matpower/case89pegase,matpower/case89pegase/2017-03-15,RAW,ACTIVESET_LAZY_TOPK128,2.6456569546551516,-155.43611399999998,OPTIMAL,OK,OK,0.02808364
matpower/case89pegase,matpower/case89pegase/2017-03-15,RAW,WARM_ACTIVESET_LAZY,2.5632263246728857,-152.39862799999997,OPTIMAL,OK,OK,0.02808365
matpower/case89pegase,matpower/case89pegase/2017-05-15,RAW,RAW,1.0,0.0,OPTIMAL,OK,OK,0.03021109
matpower/case89pegase,matpower/case89pegase/2017-05-15,RAW,RAW_GNN,4.053710327640415,-117.029451,OPTIMAL,FAIL,C120,0.03603158
matpower/case89pegase,matpower/case89pegase/2017-05-15,RAW,RAW_COMMIT_HINTS,0.9024267591662397,16.797274000000016,OPTIMAL,OK,OK,0.02936804
matpower/case89pegase,matpower/case89pegase/2017-05-15,RAW,WARM,0.993586333266471,1.0028149999999982,OPTIMAL,OK,OK,0.02936804
matpower/case89pegase,matpower/case89pegase/2017-05-15,RAW,WARM_BRANCH_HINTS,0.99871169760956,0.2004000000000019,OPTIMAL,OK,OK,0.02936804
matpower/case89pegase,matpower/case89pegase/2017-05-15,RAW,WARM_COMMIT_HINTS,1.0046993107986195,-0.7266379999999799,OPTIMAL,OK,OK,0.02936804
matpower/case89pegase,matpower/case89pegase/2017-05-15,RAW,WARM_GRU,1.0150647989625599,-2.3056299999999794,OPTIMAL,OK,OK,0.02936804
matpower/case89pegase,matpower/case89pegase/2017-05-15,RAW,LAZY_ALL,1.6715520548871716,-62.41368399999999,OPTIMAL,OK,OK,0.02887756
matpower/case89pegase,matpower/case89pegase/2017-05-15,RAW,LAZY_TOPK128,1.6453243274821197,-60.93215799999999,OPTIMAL,OK,OK,0.02887756
matpower/case89pegase,matpower/case89pegase/2017-05-15,RAW,LAZY_BANDIT,1.7102612864200812,-64.517231,OPTIMAL,OK,OK,0.02887756
matpower/case89pegase,matpower/case89pegase/2017-05-15,RAW,LAZY_COMMIT_HINTS,1.661273317627462,-61.83864299999999,OPTIMAL,OK,OK,0.02887756
matpower/case89pegase,matpower/case89pegase/2017-05-15,RAW,LAZY_GNN_T060,1.6853964689428667,-63.17711999999999,OPTIMAL,OK,OK,0.02887756
matpower/case89pegase,matpower/case89pegase/2017-05-15,RAW,LAZY_GNN_T080,1.6972731244853043,-63.822120999999996,OPTIMAL,OK,OK,0.02887756
matpower/case89pegase,matpower/case89pegase/2017-05-15,RAW,LAZY_COMMIT_GNN_T060,1.6704748493511623,-62.353751999999986,OPTIMAL,OK,OK,0.02887756
matpower/case89pegase,matpower/case89pegase/2017-05-15,RAW,WARM_LAZY,1.6640539031589916,-61.994902999999994,OPTIMAL,OK,OK,0.02887756
matpower/case89pegase,matpower/case89pegase/2017-05-15,RAW,WARM_LAZY_TOPK128,1.6347490724604523,-60.321344999999994,OPTIMAL,OK,OK,0.02887756
matpower/case89pegase,matpower/case89pegase/2017-05-15,RAW,WARM_LAZY_BANDIT,1.6804278720914245,-62.904579,OPTIMAL,OK,OK,0.02887756
matpower/case89pegase,matpower/case89pegase/2017-05-15,RAW,WARM_LAZY_COMMIT_HINTS,1.666993266266727,-62.15951899999999,OPTIMAL,OK,OK,0.02887756
matpower/case89pegase,matpower/case89pegase/2017-05-15,RAW,WARM_LAZY_GRU,1.6537399757414504,-61.41265299999999,OPTIMAL,OK,OK,0.02887756
matpower/case89pegase,matpower/case89pegase/2017-05-15,RAW,WARM_LAZY_BRANCH_HINTS,1.6642142846751768,-62.00389999999999,OPTIMAL,OK,OK,0.02887756
matpower/case89pegase,matpower/case89pegase/2017-05-15,RAW,WARM_LAZY_GNN_T060,1.6632197121905479,-61.94807899999999,OPTIMAL,OK,OK,0.02887756
matpower/case89pegase,matpower/case89pegase/2017-05-15,RAW,WARM_LAZY_COMMIT_GNN_T060,1.6650592533675905,-62.051272,OPTIMAL,OK,OK,0.02887756
matpower/case89pegase,matpower/case89pegase/2017-05-15,RAW,WARM_LAZY_COMMIT_GRU,1.6711594721721323,-62.39185099999999,OPTIMAL,OK,OK,0.02887756
matpower/case89pegase,matpower/case89pegase/2017-05-15,RAW,WARM_LAZY_ML_STACK,1.6885432888745127,-63.348901999999995,OPTIMAL,OK,OK,0.02887756
matpower/case89pegase,matpower/case89pegase/2017-05-15,RAW,WARM_PRUNE_T010,3.2875351736400327,-108.097939,OPTIMAL,FAIL,C120,0.04606677
matpower/case89pegase,matpower/case89pegase/2017-05-15,RAW,WARM_PRUNE_T020,3.7926002068445,-114.39096999999998,OPTIMAL,OK,OK,0.03021109
matpower/case89pegase,matpower/case89pegase/2017-05-15,RAW,WARM_PRUNE_T030,3.306476504091275,-108.36864299999999,OPTIMAL,OK,OK,0.03021109
matpower/case89pegase,matpower/case89pegase/2017-05-15,RAW,WARM_PRUNE_T050,1.6358588981616453,-60.385817999999986,OPTIMAL,OK,OK,0.02936804
matpower/case89pegase,matpower/case89pegase/2017-05-15,RAW,WARM_PRUNE_T080,1.2498380774395594,-31.054526999999993,OPTIMAL,OK,OK,0.02936804
matpower/case89pegase,matpower/case89pegase/2017-05-15,RAW,WARM_LPSCREEN_T010,2.7658443311032017,-99.184709,OPTIMAL,FAIL,C120,0.03556421
matpower/case89pegase,matpower/case89pegase/2017-05-15,RAW,WARM_LPSCREEN_T020,1.6278863840646693,-59.92071899999999,OPTIMAL,FAIL,C120,0.02925989
matpower/case89pegase,matpower/case89pegase/2017-05-15,RAW,WARM_LPSCREEN_T030,1.6178719212889725,-59.33000199999999,OPTIMAL,FAIL,C120,0.02925989
matpower/case89pegase,matpower/case89pegase/2017-05-15,RAW,WARM_LPSCREEN_T050,1.587736698546194,-57.50748399999999,OPTIMAL,FAIL,C120,0.02925989
matpower/case89pegase,matpower/case89pegase/2017-05-15,RAW,WARM_LPSCREEN_T080,1.3938616793381398,-43.89793499999999,OPTIMAL,FAIL,C120,0.02925989
matpower/case89pegase,matpower/case89pegase/2017-05-15,RAW,WARM_PRUNE_LAZY_T010,1.6448976550237302,-60.90766599999999,OPTIMAL,OK,OK,0.02887755
matpower/case89pegase,matpower/case89pegase/2017-05-15,RAW,WARM_PRUNE_LAZY_T020,1.678538547276797,-62.80052099999999,OPTIMAL,OK,OK,0.02887756
matpower/case89pegase,matpower/case89pegase/2017-05-15,RAW,WARM_PRUNE_LAZY_T030,1.670011463023539,-62.327946999999995,OPTIMAL,OK,OK,0.02887754
matpower/case89pegase,matpower/case89pegase/2017-05-15,RAW,WARM_PRUNE_LAZY_T050,1.615960297048583,-59.216409999999996,OPTIMAL,OK,OK,0.02887754
matpower/case89pegase,matpower/case89pegase/2017-05-15,RAW,WARM_PRUNE_LAZY_T080,1.5738702461557237,-56.645422999999994,OPTIMAL,OK,OK,0.02887756
matpower/case89pegase,matpower/case89pegase/2017-05-15,RAW,WARM_LPSCREEN_LAZY_T010,1.5624559653548311,-55.924328999999986,OPTIMAL,FAIL,C120,0.02876929
matpower/case89pegase,matpower/case89pegase/2017-05-15,RAW,WARM_LPSCREEN_LAZY_T020,1.6426253492345413,-60.77701599999999,OPTIMAL,FAIL,C120,0.02876929
matpower/case89pegase,matpower/case89pegase/2017-05-15,RAW,WARM_LPSCREEN_LAZY_T030,1.6581758820351318,-61.66395999999999,OPTIMAL,FAIL,C120,0.02876929
matpower/case89pegase,matpower/case89pegase/2017-05-15,RAW,WARM_LPSCREEN_LAZY_T050,1.6560916524307139,-61.546049999999994,OPTIMAL,FAIL,C120,0.02876929
matpower/case89pegase,matpower/case89pegase/2017-05-15,RAW,WARM_LPSCREEN_LAZY_T080,1.6576261306334061,-61.632887999999994,OPTIMAL,FAIL,C120,0.02876929
matpower/case89pegase,matpower/case89pegase/2017-05-15,RAW,WARM_SR_LAZY,1.5869274512711782,-57.45758799999999,OPTIMAL,OK,OK,0.03439967
matpower/case89pegase,matpower/case89pegase/2017-05-15,RAW,SHRINK_LAZY,0.5175486728108339,144.81793400000004,TIME_LIMIT,,,
matpower/case89pegase,matpower/case89pegase/2017-05-15,RAW,STREDUCE,1.0109254460783434,-1.6789589999999919,OPTIMAL,OK,OK,0.02085141
matpower/case89pegase,matpower/case89pegase/2017-05-15,RAW,STREDUCE_CONSERVATIVE,1.0586486293397683,-8.60648999999998,OPTIMAL,OK,OK,0.02085141
matpower/case89pegase,matpower/case89pegase/2017-05-15,RAW,STREDUCE_AGGRESSIVE,0.8682131221989027,23.581198,OPTIMAL,OK,OK,0.01159845
matpower/case89pegase,matpower/case89pegase/2017-05-15,RAW,STREDUCE_GRU,1.0527082351994417,-7.778403999999995,OPTIMAL,OK,OK,0.02085141
matpower/case89pegase,matpower/case89pegase/2017-05-15,RAW,STREDUCE_LAZY,0.941325561964842,9.68342800000002,OPTIMAL,OK,OK,0.02085141
matpower/case89pegase,matpower/case89pegase/2017-05-15,RAW,STREDUCE_LAZY_CONSERVATIVE,0.9693928282929835,4.905050000000017,OPTIMAL,OK,OK,0.02085141
matpower/case89pegase,matpower/case89pegase/2017-05-15,RAW,STREDUCE_LAZY_AGGRESSIVE,0.9720371619153718,4.469083000000012,OPTIMAL,OK,OK,0.01423543
matpower/case89pegase,matpower/case89pegase/2017-05-15,RAW,STREDUCE_LAZY_GRU,0.986531190954786,2.1209890000000087,OPTIMAL,OK,OK,0.02085141
matpower/case89pegase,matpower/case89pegase/2017-05-15,RAW,ACTIVESET,3.973479180643473,-116.25563199999999,OPTIMAL,FAIL,C120,0.03637923
matpower/case89pegase,matpower/case89pegase/2017-05-15,RAW,ACTIVESET_B500,3.955073262208798,-116.07368199999999,OPTIMAL,FAIL,C120,0.03637923
matpower/case89pegase,matpower/case89pegase/2017-05-15,RAW,ACTIVESET_B5000,3.9644863215483754,-116.166945,OPTIMAL,FAIL,C120,0.03637923
matpower/case89pegase,matpower/case89pegase/2017-05-15,RAW,ACTIVESET_NOCLEAN,3.9678863373098996,-116.20052299999999,OPTIMAL,FAIL,C120,0.03637923
matpower/case89pegase,matpower/case89pegase/2017-05-15,RAW,WARM_ACTIVESET,3.829508786874854,-114.785761,OPTIMAL,FAIL,C120,0.0354255
matpower/case89pegase,matpower/case89pegase/2017-05-15,RAW,ACTIVESET_LAZY,1.6426810859603704,-60.78022499999999,OPTIMAL,OK,OK,0.02887756
matpower/case89pegase,matpower/case89pegase/2017-05-15,RAW,ACTIVESET_LAZY_TOPK128,1.5843508302467841,-57.29838099999999,OPTIMAL,OK,OK,0.02887756
matpower/case89pegase,matpower/case89pegase/2017-05-15,RAW,WARM_ACTIVESET_LAZY,1.6211965317552322,-59.526917999999995,OPTIMAL,OK,OK,0.02887756
matpower/case89pegase,matpower/case89pegase/2017-07-15,RAW,RAW,1.0,0.0,OPTIMAL,OK,OK,0.01397887
matpower/case89pegase,matpower/case89pegase/2017-07-15,RAW,RAW_GNN,4.194125853874154,-147.618232,OPTIMAL,FAIL,C120,0.0161882
matpower/case89pegase,matpower/case89pegase/2017-07-15,RAW,RAW_COMMIT_HINTS,1.0047919969869785,-0.9244209999999953,OPTIMAL,OK,OK,0.01069777
matpower/case89pegase,matpower/case89pegase/2017-07-15,RAW,WARM,0.730532796693556,71.49828599999998,OPTIMAL,OK,OK,0.00754245
matpower/case89pegase,matpower/case89pegase/2017-07-15,RAW,WARM_BRANCH_HINTS,0.7070547319693421,80.308754,OPTIMAL,OK,OK,0.00341824
matpower/case89pegase,matpower/case89pegase/2017-07-15,RAW,WARM_COMMIT_HINTS,0.99359014811587,1.2504610000000014,OPTIMAL,OK,OK,0.01069777
matpower/case89pegase,matpower/case89pegase/2017-07-15,RAW,WARM_GRU,0.728859133921449,72.107562,OPTIMAL,OK,OK,0.00754245
matpower/case89pegase,matpower/case89pegase/2017-07-15,RAW,LAZY_ALL,2.076091011328223,-100.468993,OPTIMAL,OK,OK,0.03148511
matpower/case89pegase,matpower/case89pegase/2017-07-15,RAW,LAZY_TOPK128,2.067836588033293,-100.09629799999999,OPTIMAL,OK,OK,0.0284293
matpower/case89pegase,matpower/case89pegase/2017-07-15,RAW,LAZY_BANDIT,2.09934351490643,-101.503109,OPTIMAL,OK,OK,0.0284293
matpower/case89pegase,matpower/case89pegase/2017-07-15,RAW,LAZY_COMMIT_HINTS,2.074818982973531,-100.41175299999999,OPTIMAL,OK,OK,0.03148511
matpower/case89pegase,matpower/case89pegase/2017-07-15,RAW,LAZY_GNN_T060,2.131034610669696,-102.876179,OPTIMAL,OK,OK,0.0334051
matpower/case89pegase,matpower/case89pegase/2017-07-15,RAW,LAZY_GNN_T080,2.0780984907345763,-100.559185,OPTIMAL,OK,OK,0.03148511
matpower/case89pegase,matpower/case89pegase/2017-07-15,RAW,LAZY_COMMIT_GNN_T060,2.0806295648271185,-100.672653,OPTIMAL,OK,OK,0.03148511
matpower/case89pegase,matpower/case89pegase/2017-07-15,RAW,WARM_LAZY,2.0570174461150006,-99.603274,OPTIMAL,OK,OK,0.03148511
matpower/case89pegase,matpower/case89pegase/2017-07-15,RAW,WARM_LAZY_TOPK128,2.0386825316131376,-98.755811,OPTIMAL,OK,OK,0.0284293
matpower/case89pegase,matpower/case89pegase/2017-07-15,RAW,WARM_LAZY_BANDIT,2.0882923585250897,-101.014499,OPTIMAL,OK,OK,0.0284293
matpower/case89pegase,matpower/case89pegase/2017-07-15,RAW,WARM_LAZY_COMMIT_HINTS,2.061924639209026,-99.827534,OPTIMAL,OK,OK,0.03148511
matpower/case89pegase,matpower/case89pegase/2017-07-15,RAW,WARM_LAZY_GRU,2.062698253370256,-99.862791,OPTIMAL,OK,OK,0.03148511
matpower/case89pegase,matpower/case89pegase/2017-07-15,RAW,WARM_LAZY_BRANCH_HINTS,2.060319362322979,-99.75429,OPTIMAL,OK,OK,0.03148511
matpower/case89pegase,matpower/case89pegase/2017-07-15,RAW,WARM_LAZY_GNN_T060,2.0528199164164906,-99.410595,OPTIMAL,OK,OK,0.03148511
matpower/case89pegase,matpower/case89pegase/2017-07-15,RAW,WARM_LAZY_COMMIT_GNN_T060,2.05614733571423,-99.56339799999999,OPTIMAL,OK,OK,0.03148511
matpower/case89pegase,matpower/case89pegase/2017-07-15,RAW,WARM_LAZY_COMMIT_GRU,2.051425550071776,-99.346415,OPTIMAL,OK,OK,0.03148511
matpower/case89pegase,matpower/case89pegase/2017-07-15,RAW,WARM_LAZY_ML_STACK,2.081777366640494,-100.724018,OPTIMAL,OK,OK,0.0284293
matpower/case89pegase,matpower/case89pegase/2017-07-15,RAW,WARM_PRUNE_T010,3.660326937909821,-140.87845099999998,OPTIMAL,FAIL,C120,0.03214789
matpower/case89pegase,matpower/case89pegase/2017-07-15,RAW,WARM_PRUNE_T020,2.622320791200083,-119.916888,OPTIMAL,OK,OK,0.02910923
matpower/case89pegase,matpower/case89pegase/2017-07-15,RAW,WARM_PRUNE_T030,2.707789331405559,-122.249997,OPTIMAL,OK,OK,0.03246878
matpower/case89pegase,matpower/case89pegase/2017-07-15,RAW,WARM_PRUNE_T050,1.989984932955966,-96.429126,OPTIMAL,OK,OK,0.00445259
matpower/case89pegase,matpower/case89pegase/2017-07-15,RAW,WARM_PRUNE_T080,0.9581373112759378,8.468935000000016,OPTIMAL,OK,OK,0.02551186
matpower/case89pegase,matpower/case89pegase/2017-07-15,RAW,WARM_LPSCREEN_T010,2.91969139869721,-127.445323,OPTIMAL,FAIL,C120,0.04524878
matpower/case89pegase,matpower/case89pegase/2017-07-15,RAW,WARM_LPSCREEN_T020,2.011603059677747,-97.475906,OPTIMAL,OK,OK,0.00604086
matpower/case89pegase,matpower/case89pegase/2017-07-15,RAW,WARM_LPSCREEN_T030,1.9653053839479961,-95.205956,OPTIMAL,OK,OK,0.00604086
matpower/case89pegase,matpower/case89pegase/2017-07-15,RAW,WARM_LPSCREEN_T050,1.5283763743134937,-67.010446,OPTIMAL,OK,OK,0.00519627
matpower/case89pegase,matpower/case89pegase/2017-07-15,RAW,WARM_LPSCREEN_T080,1.0932954327101467,-16.540639,OPTIMAL,OK,OK,0.00929943
matpower/case89pegase,matpower/case89pegase/2017-07-15,RAW,WARM_PRUNE_LAZY_T010,2.0682047887352195,-100.11298599999999,OPTIMAL,FAIL,C120,0.02828204
matpower/case89pegase,matpower/case89pegase/2017-07-15,RAW,WARM_PRUNE_LAZY_T020,2.0736916843583555,-100.360967,OPTIMAL,OK,OK,0.0284293
matpower/case89pegase,matpower/case89pegase/2017-07-15,RAW,WARM_PRUNE_LAZY_T030,2.098999966094819,-101.487997,OPTIMAL,OK,OK,0.0284293
matpower/case89pegase,matpower/case89pegase/2017-07-15,RAW,WARM_PRUNE_LAZY_T050,2.0621472924797013,-99.837684,OPTIMAL,OK,OK,0.0284293
matpower/case89pegase,matpower/case89pegase/2017-07-15,RAW,WARM_PRUNE_LAZY_T080,2.089267650411683,-101.057828,OPTIMAL,OK,OK,0.0284293
matpower/case89pegase,matpower/case89pegase/2017-07-15,RAW,WARM_LPSCREEN_LAZY_T010,2.043132026496303,-98.96287,OPTIMAL,FAIL,C120,0.0282558
matpower/case89pegase,matpower/case89pegase/2017-07-15,RAW,WARM_LPSCREEN_LAZY_T020,2.0422584294809947,-98.922288,OPTIMAL,OK,OK,0.0284293
matpower/case89pegase,matpower/case89pegase/2017-07-15,RAW,WARM_LPSCREEN_LAZY_T030,2.025257668621915,-98.12556599999999,OPTIMAL,OK,OK,0.0284293
matpower/case89pegase,matpower/case89pegase/2017-07-15,RAW,WARM_LPSCREEN_LAZY_T050,2.0460232390072983,-99.096931,OPTIMAL,OK,OK,0.0284293
matpower/case89pegase,matpower/case89pegase/2017-07-15,RAW,WARM_LPSCREEN_LAZY_T080,1.9988880157508861,-96.862968,OPTIMAL,OK,OK,0.0284293
matpower/case89pegase,matpower/case89pegase/2017-07-15,RAW,WARM_SR_LAZY,1.4138268971347676,-56.73511099999999,OPTIMAL,OK,OK,0.02191951
matpower/case89pegase,matpower/case89pegase/2017-07-15,RAW,SHRINK_LAZY,0.6458676424761984,106.27999300000002,TIME_LIMIT,,,
matpower/case89pegase,matpower/case89pegase/2017-07-15,RAW,STREDUCE,0.9279926100610503,15.040490000000005,OPTIMAL,OK,OK,0.00599143
matpower/case89pegase,matpower/case89pegase/2017-07-15,RAW,STREDUCE_CONSERVATIVE,1.0598075629597963,-10.938518999999985,OPTIMAL,OK,OK,0.00206824
matpower/case89pegase,matpower/case89pegase/2017-07-15,RAW,STREDUCE_AGGRESSIVE,0.852915902115072,33.426349000000016,OPTIMAL,OK,OK,8.713e-05
matpower/case89pegase,matpower/case89pegase/2017-07-15,RAW,STREDUCE_GRU,0.9190594828699802,17.070718,OPTIMAL,OK,OK,0.00599143
matpower/case89pegase,matpower/case89pegase/2017-07-15,RAW,STREDUCE_LAZY,0.8516839778042364,33.755071000000015,OPTIMAL,OK,OK,0.03894796
matpower/case89pegase,matpower/case89pegase/2017-07-15,RAW,STREDUCE_LAZY_CONSERVATIVE,0.8793368501768865,26.59799000000001,OPTIMAL,OK,OK,0.00100657
matpower/case89pegase,matpower/case89pegase/2017-07-15,RAW,STREDUCE_LAZY_AGGRESSIVE,0.9388008884623874,12.635750999999999,OPTIMAL,OK,OK,3.61e-06
matpower/case89pegase,matpower/case89pegase/2017-07-15,RAW,STREDUCE_LAZY_GRU,0.8949112056694393,22.761763000000002,OPTIMAL,OK,OK,0.03894796
matpower/case89pegase,matpower/case89pegase/2017-07-15,RAW,ACTIVESET,4.054786775974549,-146.030077,OPTIMAL,FAIL,C120,0.02015917
matpower/case89pegase,matpower/case89pegase/2017-07-15,RAW,ACTIVESET_B500,4.041710399925969,-145.875415,OPTIMAL,FAIL,C120,0.02015917
matpower/case89pegase,matpower/case89pegase/2017-07-15,RAW,ACTIVESET_B5000,4.016110416586854,-145.569713,OPTIMAL,FAIL,C120,0.02015917
matpower/case89pegase,matpower/case89pegase/2017-07-15,RAW,ACTIVESET_NOCLEAN,4.0589980435603294,-146.079674,OPTIMAL,FAIL,C120,0.02015917
matpower/case89pegase,matpower/case89pegase/2017-07-15,RAW,WARM_ACTIVESET,3.9709519944524523,-145.020845,OPTIMAL,FAIL,C120,0.03013415
matpower/case89pegase,matpower/case89pegase/2017-07-15,RAW,ACTIVESET_LAZY,1.7527367702842243,-83.24456099999999,OPTIMAL,OK,OK,0.00794225
matpower/case89pegase,matpower/case89pegase/2017-07-15,RAW,ACTIVESET_LAZY_TOPK128,1.6347818514014107,-75.26518399999999,OPTIMAL,OK,OK,0.00735454
matpower/case89pegase,matpower/case89pegase/2017-07-15,RAW,WARM_ACTIVESET_LAZY,1.99009875546141,-96.434697,OPTIMAL,OK,OK,0.0063479
matpower/case89pegase,matpower/case89pegase/2017-09-15,RAW,RAW,1.0,0.0,OPTIMAL,OK,OK,0.00258052
matpower/case89pegase,matpower/case89pegase/2017-09-15,RAW,RAW_GNN,5.504922293532953,-155.098465,OPTIMAL,FAIL,C120,0.02625622
matpower/case89pegase,matpower/case89pegase/2017-09-15,RAW,RAW_COMMIT_HINTS,1.2097209870632701,-32.857012,OPTIMAL,OK,OK,0.03531963
matpower/case89pegase,matpower/case89pegase/2017-09-15,RAW,WARM,1.1996378650330701,-31.540177999999997,OPTIMAL,OK,OK,0.03122981
matpower/case89pegase,matpower/case89pegase/2017-09-15,RAW,WARM_BRANCH_HINTS,1.1974848141804366,-31.256121000000007,OPTIMAL,OK,OK,0.03122981
matpower/case89pegase,matpower/case89pegase/2017-09-15,RAW,WARM_COMMIT_HINTS,1.1960732798801084,-31.069338999999985,OPTIMAL,OK,OK,0.03122981
matpower/case89pegase,matpower/case89pegase/2017-09-15,RAW,WARM_GRU,1.1994401536405281,-31.514136000000008,OPTIMAL,OK,OK,0.03122981
matpower/case89pegase,matpower/case89pegase/2017-09-15,RAW,LAZY_ALL,2.0394638516696677,-96.597251,OPTIMAL,OK,OK,0.03019689
matpower/case89pegase,matpower/case89pegase/2017-09-15,RAW,LAZY_TOPK128,2.0781180831257404,-98.325802,OPTIMAL,OK,OK,0.03019689
matpower/case89pegase,matpower/case89pegase/2017-09-15,RAW,LAZY_BANDIT,2.074975337603806,-98.187669,OPTIMAL,OK,OK,0.03019689
matpower/case89pegase,matpower/case89pegase/2017-09-15,RAW,LAZY_COMMIT_HINTS,2.0424391616723425,-96.732626,OPTIMAL,OK,OK,0.03019689
matpower/case89pegase,matpower/case89pegase/2017-09-15,RAW,LAZY_GNN_T060,2.083422257262188,-98.557991,OPTIMAL,OK,OK,0.03019689
matpower/case89pegase,matpower/case89pegase/2017-09-15,RAW,LAZY_GNN_T080,2.0800127144663523,-98.408875,OPTIMAL,OK,OK,0.03019689
matpower/case89pegase,matpower/case89pegase/2017-09-15,RAW,LAZY_COMMIT_GNN_T060,2.073891975828206,-98.139955,OPTIMAL,OK,OK,0.03019689
matpower/case89pegase,matpower/case89pegase/2017-09-15,RAW,WARM_LAZY,2.04944428108909,-97.049803,OPTIMAL,OK,OK,0.03019689
matpower/case89pegase,matpower/case89pegase/2017-09-15,RAW,WARM_LAZY_TOPK128,2.0527954421684123,-97.200771,OPTIMAL,OK,OK,0.03019689
matpower/case89pegase,matpower/case89pegase/2017-09-15,RAW,WARM_LAZY_BANDIT,2.053064754932903,-97.212882,OPTIMAL,OK,OK,0.03019689
matpower/case89pegase,matpower/case89pegase/2017-09-15,RAW,WARM_LAZY_COMMIT_HINTS,2.0134639813218085,-95.397247,OPTIMAL,OK,OK,0.03019689
matpower/case89pegase,matpower/case89pegase/2017-09-15,RAW,WARM_LAZY_GRU,2.0614815814932386,-97.589792,OPTIMAL,OK,OK,0.03019689
matpower/case89pegase,matpower/case89pegase/2017-09-15,RAW,WARM_LAZY_BRANCH_HINTS,2.023186508168052,-95.849593,OPTIMAL,OK,OK,0.03019689
matpower/case89pegase,matpower/case89pegase/2017-09-15,RAW,WARM_LAZY_GNN_T060,2.057084006448008,-97.39325099999999,OPTIMAL,OK,OK,0.03019689
matpower/case89pegase,matpower/case89pegase/2017-09-15,RAW,WARM_LAZY_COMMIT_GNN_T060,2.0141209839886063,-95.42795199999999,OPTIMAL,OK,OK,0.03019689
matpower/case89pegase,matpower/case89pegase/2017-09-15,RAW,WARM_LAZY_COMMIT_GRU,2.0219205299058873,-95.790939,OPTIMAL,OK,OK,0.03019689
matpower/case89pegase,matpower/case89pegase/2017-09-15,RAW,WARM_LAZY_ML_STACK,2.03699619626339,-96.484674,OPTIMAL,OK,OK,0.03019689
matpower/case89pegase,matpower/case89pegase/2017-09-15,RAW,WARM_PRUNE_T010,4.269671588055994,-145.137972,OPTIMAL,FAIL,C120,0.03531305
matpower/case89pegase,matpower/case89pegase/2017-09-15,RAW,WARM_PRUNE_T020,3.724584328583547,-138.641686,OPTIMAL,OK,OK,0.03531963
matpower/case89pegase,matpower/case89pegase/2017-09-15,RAW,WARM_PRUNE_T030,3.653109006082182,-137.64608099999998,OPTIMAL,OK,OK,0.03531963
matpower/case89pegase,matpower/case89pegase/2017-09-15,RAW,WARM_PRUNE_T050,1.9398465591203877,-91.825006,OPTIMAL,OK,OK,0.03122981
matpower/case89pegase,matpower/case89pegase/2017-09-15,RAW,WARM_PRUNE_T080,1.5060181245862718,-63.680617,OPTIMAL,OK,OK,0.03122981
matpower/case89pegase,matpower/case89pegase/2017-09-15,RAW,WARM_LPSCREEN_T010,4.127848343958099,-143.612864,OPTIMAL,OK,OK,0.03302242
matpower/case89pegase,matpower/case89pegase/2017-09-15,RAW,WARM_LPSCREEN_T020,1.9728978976728258,-93.46177899999999,OPTIMAL,OK,OK,0.03122981
matpower/case89pegase,matpower/case89pegase/2017-09-15,RAW,WARM_LPSCREEN_T030,1.9597899670615255,-92.81925199999999,OPTIMAL,OK,OK,0.03122981
matpower/case89pegase,matpower/case89pegase/2017-09-15,RAW,WARM_LPSCREEN_T050,1.7614141396586591,-81.927716,OPTIMAL,OK,OK,0.03122981
matpower/case89pegase,matpower/case89pegase/2017-09-15,RAW,WARM_LPSCREEN_T080,1.5250016185232897,-65.247177,OPTIMAL,OK,OK,0.03122981
matpower/case89pegase,matpower/case89pegase/2017-09-15,RAW,WARM_PRUNE_LAZY_T010,2.030440799697031,-96.184281,OPTIMAL,FAIL,C120,0.03019024
matpower/case89pegase,matpower/case89pegase/2017-09-15,RAW,WARM_PRUNE_LAZY_T020,2.0390170796973286,-96.576889,OPTIMAL,FAIL,C107,0.03019689
matpower/case89pegase,matpower/case89pegase/2017-09-15,RAW,WARM_PRUNE_LAZY_T030,1.9947452459790298,-94.51393,OPTIMAL,OK,OK,0.03019689
matpower/case89pegase,matpower/case89pegase/2017-09-15,RAW,WARM_PRUNE_LAZY_T050,2.0199961112914164,-95.701638,OPTIMAL,OK,OK,0.03019689
matpower/case89pegase,matpower/case89pegase/2017-09-15,RAW,WARM_PRUNE_LAZY_T080,1.9686217222751947,-93.253109,OPTIMAL,OK,OK,0.03019689
matpower/case89pegase,matpower/case89pegase/2017-09-15,RAW,WARM_LPSCREEN_LAZY_T010,1.997271190748472,-94.634093,OPTIMAL,FAIL,C107,0.03019689
matpower/case89pegase,matpower/case89pegase/2017-09-15,RAW,WARM_LPSCREEN_LAZY_T020,1.9728910999362799,-93.46144799999999,OPTIMAL,FAIL,C107,0.03019689
matpower/case89pegase,matpower/case89pegase/2017-09-15,RAW,WARM_LPSCREEN_LAZY_T030,2.0088380993057697,-95.180488,OPTIMAL,OK,OK,0.03019689
matpower/case89pegase,matpower/case89pegase/2017-09-15,RAW,WARM_LPSCREEN_LAZY_T050,2.0211201131272807,-95.753817,OPTIMAL,OK,OK,0.03019689
matpower/case89pegase,matpower/case89pegase/2017-09-15,RAW,WARM_LPSCREEN_LAZY_T080,1.9957146084277166,-94.56008,OPTIMAL,OK,OK,0.03019689
matpower/case89pegase,matpower/case89pegase/2017-09-15,RAW,WARM_SR_LAZY,1.7539772032817798,-81.47149,OPTIMAL,OK,OK,0.03282155
matpower/case89pegase,matpower/case89pegase/2017-09-15,RAW,SHRINK_LAZY,0.6313656797619558,110.65885800000001,TIME_LIMIT,,,
matpower/case89pegase,matpower/case89pegase/2017-09-15,RAW,STREDUCE,1.0409177717543905,-7.45018300000001,OPTIMAL,OK,OK,0.00319389
matpower/case89pegase,matpower/case89pegase/2017-09-15,RAW,STREDUCE_CONSERVATIVE,1.2810069804075286,-41.57545400000001,OPTIMAL,OK,OK,0.00213576
matpower/case89pegase,matpower/case89pegase/2017-09-15,RAW,STREDUCE_AGGRESSIVE,1.0301686966591346,-5.550340000000006,OPTIMAL,OK,OK,0.00391912
matpower/case89pegase,matpower/case89pegase/2017-09-15,RAW,STREDUCE_GRU,1.0200611767176093,-3.7273619999999994,OPTIMAL,OK,OK,0.00319389
matpower/case89pegase,matpower/case89pegase/2017-09-15,RAW,STREDUCE_LAZY,1.213762207082815,-33.378645000000006,OPTIMAL,OK,OK,0.00319389
matpower/case89pegase,matpower/case89pegase/2017-09-15,RAW,STREDUCE_LAZY_CONSERVATIVE,1.1450605272400538,-24.010001999999986,OPTIMAL,OK,OK,0.00213576
matpower/case89pegase,matpower/case89pegase/2017-09-15,RAW,STREDUCE_LAZY_AGGRESSIVE,1.00555865406624,-1.0476919999999836,OPTIMAL,OK,OK,0.00391912
matpower/case89pegase,matpower/case89pegase/2017-09-15,RAW,STREDUCE_LAZY_GRU,0.9799359358412224,3.8805440000000146,OPTIMAL,OK,OK,0.00319389
matpower/case89pegase,matpower/case89pegase/2017-09-15,RAW,ACTIVESET,5.113059625873655,-152.459867,OPTIMAL,FAIL,C120,0.04571398
matpower/case89pegase,matpower/case89pegase/2017-09-15,RAW,ACTIVESET_B500,5.12523929345426,-152.547954,OPTIMAL,FAIL,C120,0.04571398
matpower/case89pegase,matpower/case89pegase/2017-09-15,RAW,ACTIVESET_B5000,5.105601481581613,-152.40572,OPTIMAL,FAIL,C120,0.04571398
matpower/case89pegase,matpower/case89pegase/2017-09-15,RAW,ACTIVESET_NOCLEAN,5.100821978698895,-152.370937,OPTIMAL,FAIL,C120,0.04571398
matpower/case89pegase,matpower/case89pegase/2017-09-15,RAW,WARM_ACTIVESET,5.015269534529739,-151.737112,OPTIMAL,FAIL,C120,0.02729776
matpower/case89pegase,matpower/case89pegase/2017-09-15,RAW,ACTIVESET_LAZY,2.0216141482407357,-95.776733,OPTIMAL,OK,OK,0.03019689
matpower/case89pegase,matpower/case89pegase/2017-09-15,RAW,ACTIVESET_LAZY_TOPK128,2.0121392127119946,-95.335273,OPTIMAL,OK,OK,0.03019689
matpower/case89pegase,matpower/case89pegase/2017-09-15,RAW,WARM_ACTIVESET_LAZY,1.9881321723730079,-94.19789,OPTIMAL,OK,OK,0.03019689
matpower/case89pegase,matpower/case89pegase/2017-11-15,RAW,RAW,1.0,0.0,OPTIMAL,OK,OK,0.04976029
matpower/case89pegase,matpower/case89pegase/2017-11-15,RAW,RAW_GNN,4.797237616457731,-127.65387100000001,OPTIMAL,FAIL,C120,0.02173869
matpower/case89pegase,matpower/case89pegase/2017-11-15,RAW,RAW_COMMIT_HINTS,0.8266257684554097,33.824629999999985,OPTIMAL,OK,OK,0.0066554
matpower/case89pegase,matpower/case89pegase/2017-11-15,RAW,WARM,0.8447446202353537,29.64003199999999,OPTIMAL,OK,OK,0.0066554
matpower/case89pegase,matpower/case89pegase/2017-11-15,RAW,WARM_BRANCH_HINTS,0.8335036107797753,32.21475100000001,OPTIMAL,OK,OK,0.0066554
matpower/case89pegase,matpower/case89pegase/2017-11-15,RAW,WARM_COMMIT_HINTS,0.8345225514688387,31.978507000000008,OPTIMAL,OK,OK,0.0066554
matpower/case89pegase,matpower/case89pegase/2017-11-15,RAW,WARM_GRU,0.8353967420158444,31.776283000000006,OPTIMAL,OK,OK,0.0066554
matpower/case89pegase,matpower/case89pegase/2017-11-15,RAW,LAZY_ALL,1.7434812467322853,-68.771767,OPTIMAL,OK,OK,0.03968456
matpower/case89pegase,matpower/case89pegase/2017-11-15,RAW,LAZY_TOPK128,1.769602666009409,-70.137171,OPTIMAL,OK,OK,0.03968456
matpower/case89pegase,matpower/case89pegase/2017-11-15,RAW,LAZY_BANDIT,1.726192868201256,-67.845353,OPTIMAL,OK,OK,0.03968456
matpower/case89pegase,matpower/case89pegase/2017-11-15,RAW,LAZY_COMMIT_HINTS,1.7387326285960163,-68.519143,OPTIMAL,OK,OK,0.03968456
matpower/case89pegase,matpower/case89pegase/2017-11-15,RAW,LAZY_GNN_T060,1.7429973700719517,-68.746088,OPTIMAL,OK,OK,0.03968456
matpower/case89pegase,matpower/case89pegase/2017-11-15,RAW,LAZY_GNN_T080,1.7421000483261844,-68.69843,OPTIMAL,OK,OK,0.03968456
matpower/case89pegase,matpower/case89pegase/2017-11-15,RAW,LAZY_COMMIT_GNN_T060,1.7440297413528574,-68.800858,OPTIMAL,OK,OK,0.03968456
matpower/case89pegase,matpower/case89pegase/2017-11-15,RAW,WARM_LAZY,1.7160905979671843,-67.295373,OPTIMAL,OK,OK,0.03968456
matpower/case89pegase,matpower/case89pegase/2017-11-15,RAW,WARM_LAZY_TOPK128,1.7013486214435476,-66.481082,OPTIMAL,OK,OK,0.03968456
matpower/case89pegase,matpower/case89pegase/2017-11-15,RAW,WARM_LAZY_BANDIT,1.7115129738948889,-67.04402400000001,OPTIMAL,OK,OK,0.03968456
matpower/case89pegase,matpower/case89pegase/2017-11-15,RAW,WARM_LAZY_COMMIT_HINTS,1.73684323324641,-68.418244,OPTIMAL,OK,OK,0.03968456
matpower/case89pegase,matpower/case89pegase/2017-11-15,RAW,WARM_LAZY_GRU,1.7199125767044385,-67.504206,OPTIMAL,OK,OK,0.03968456
matpower/case89pegase,matpower/case89pegase/2017-11-15,RAW,WARM_LAZY_BRANCH_HINTS,1.7341997200723063,-68.276704,OPTIMAL,OK,OK,0.03968456
matpower/case89pegase,matpower/case89pegase/2017-11-15,RAW,WARM_LAZY_GNN_T060,1.713606748671058,-67.159156,OPTIMAL,OK,OK,0.03968456
matpower/case89pegase,matpower/case89pegase/2017-11-15,RAW,WARM_LAZY_COMMIT_GNN_T060,1.712933731795687,-67.122179,OPTIMAL,OK,OK,0.03968456
matpower/case89pegase,matpower/case89pegase/2017-11-15,RAW,WARM_LAZY_COMMIT_GRU,1.7345811070635642,-68.297151,OPTIMAL,OK,OK,0.03968456
matpower/case89pegase,matpower/case89pegase/2017-11-15,RAW,WARM_LAZY_ML_STACK,1.7082736368837397,-66.86534400000001,OPTIMAL,OK,OK,0.03968456
matpower/case89pegase,matpower/case89pegase/2017-11-15,RAW,WARM_PRUNE_T010,3.4856923402726534,-115.00474700000001,OPTIMAL,OK,OK,0.04536352
matpower/case89pegase,matpower/case89pegase/2017-11-15,RAW,WARM_PRUNE_T020,2.6771679987590877,-101.031869,OPTIMAL,OK,OK,0.04615489
matpower/case89pegase,matpower/case89pegase/2017-11-15,RAW,WARM_PRUNE_T030,1.6874180481583807,-65.698535,OPTIMAL,OK,OK,0.03261301
matpower/case89pegase,matpower/case89pegase/2017-11-15,RAW,WARM_PRUNE_T050,1.6510133996457361,-63.591164000000006,OPTIMAL,OK,OK,0.04380919
matpower/case89pegase,matpower/case89pegase/2017-11-15,RAW,WARM_PRUNE_T080,1.2170497701843763,-28.76129499999999,OPTIMAL,OK,OK,0.00051297
matpower/case89pegase,matpower/case89pegase/2017-11-15,RAW,WARM_LPSCREEN_T010,4.014695667015084,-121.101157,OPTIMAL,OK,OK,0.04598539
matpower/case89pegase,matpower/case89pegase/2017-11-15,RAW,WARM_LPSCREEN_T020,1.682695498770585,-65.430306,OPTIMAL,OK,OK,0.04428333
matpower/case89pegase,matpower/case89pegase/2017-11-15,RAW,WARM_LPSCREEN_T030,1.661472483001532,-64.206068,OPTIMAL,OK,OK,0.00297682
matpower/case89pegase,matpower/case89pegase/2017-11-15,RAW,WARM_LPSCREEN_T050,1.5945056967997684,-60.12947200000001,OPTIMAL,OK,OK,0.00297307
matpower/case89pegase,matpower/case89pegase/2017-11-15,RAW,WARM_LPSCREEN_T080,1.340986506288312,-41.008155,OPTIMAL,OK,OK,0.00270157
matpower/case89pegase,matpower/case89pegase/2017-11-15,RAW,WARM_PRUNE_LAZY_T010,1.7377105615185018,-68.464589,OPTIMAL,OK,OK,0.03968456
matpower/case89pegase,matpower/case89pegase/2017-11-15,RAW,WARM_PRUNE_LAZY_T020,1.7298227414569,-68.041399,OPTIMAL,OK,OK,0.03968456
matpower/case89pegase,matpower/case89pegase/2017-11-15,RAW,WARM_PRUNE_LAZY_T030,1.7046573781158607,-66.665071,OPTIMAL,OK,OK,0.03968456
matpower/case89pegase,matpower/case89pegase/2017-11-15,RAW,WARM_PRUNE_LAZY_T050,1.7356933408516266,-68.356729,OPTIMAL,OK,OK,0.0404269
matpower/case89pegase,matpower/case89pegase/2017-11-15,RAW,WARM_PRUNE_LAZY_T080,1.7384192710304798,-68.502424,OPTIMAL,OK,OK,0.03968456
matpower/case89pegase,matpower/case89pegase/2017-11-15,RAW,WARM_LPSCREEN_LAZY_T010,1.672150189459766,-64.82589,OPTIMAL,OK,OK,0.03968456
matpower/case89pegase,matpower/case89pegase/2017-11-15,RAW,WARM_LPSCREEN_LAZY_T020,1.7107107713622538,-66.999838,OPTIMAL,FAIL,C107,0.03968456
matpower/case89pegase,matpower/case89pegase/2017-11-15,RAW,WARM_LPSCREEN_LAZY_T030,1.642010172390191,-63.055578,OPTIMAL,OK,OK,0.03968456
matpower/case89pegase,matpower/case89pegase/2017-11-15,RAW,WARM_LPSCREEN_LAZY_T050,1.661069063696329,-64.182494,OPTIMAL,OK,OK,0.03968455
matpower/case89pegase,matpower/case89pegase/2017-11-15,RAW,WARM_LPSCREEN_LAZY_T080,1.679540334296895,-65.25026,OPTIMAL,OK,OK,0.03968456
matpower/case89pegase,matpower/case89pegase/2017-11-15,RAW,WARM_SR_LAZY,1.3518800740213777,-41.977247000000006,OPTIMAL,OK,OK,0.00292053
matpower/case89pegase,matpower/case89pegase/2017-11-15,RAW,SHRINK_LAZY,0.5371985523302188,138.93680899999998,TIME_LIMIT,,,
matpower/case89pegase,matpower/case89pegase/2017-11-15,RAW,STREDUCE,0.847112229943223,29.106449999999995,OPTIMAL,OK,OK,0.01361685
matpower/case89pegase,matpower/case89pegase/2017-11-15,RAW,STREDUCE_CONSERVATIVE,1.0468808039391502,-7.221962999999988,OPTIMAL,OK,OK,0.01952934
matpower/case89pegase,matpower/case89pegase/2017-11-15,RAW,STREDUCE_AGGRESSIVE,1.1108970948525343,-16.099181000000016,OPTIMAL,OK,OK,0.0061074
matpower/case89pegase,matpower/case89pegase/2017-11-15,RAW,STREDUCE_GRU,0.8315284971827795,32.674334999999985,OPTIMAL,OK,OK,0.01361685
matpower/case89pegase,matpower/case89pegase/2017-11-15,RAW,STREDUCE_LAZY,0.9920843665428742,1.2867510000000095,OPTIMAL,OK,OK,0.01361685
matpower/case89pegase,matpower/case89pegase/2017-11-15,RAW,STREDUCE_LAZY_CONSERVATIVE,0.8429863816490933,30.038220999999993,OPTIMAL,OK,OK,0.01952934
matpower/case89pegase,matpower/case89pegase/2017-11-15,RAW,STREDUCE_LAZY_AGGRESSIVE,1.01975958712668,-3.12491,OPTIMAL,OK,OK,0.0061074
matpower/case89pegase,matpower/case89pegase/2017-11-15,RAW,STREDUCE_LAZY_GRU,1.0049639744149301,-0.7965930000000014,OPTIMAL,OK,OK,0.01361685
matpower/case89pegase,matpower/case89pegase/2017-11-15,RAW,ACTIVESET,4.312338250314317,-123.873756,OPTIMAL,FAIL,C120,0.00540604
matpower/case89pegase,matpower/case89pegase/2017-11-15,RAW,ACTIVESET_B500,4.303838217258075,-123.799896,OPTIMAL,FAIL,C120,0.00540604
matpower/case89pegase,matpower/case89pegase/2017-11-15,RAW,ACTIVESET_B5000,4.309775733578001,-123.85152,OPTIMAL,FAIL,C120,0.00540604
matpower/case89pegase,matpower/case89pegase/2017-11-15,RAW,ACTIVESET_NOCLEAN,4.3414075204290254,-124.12416400000001,OPTIMAL,FAIL,C120,0.00540604
matpower/case89pegase,matpower/case89pegase/2017-11-15,RAW,WARM_ACTIVESET,4.325725351202218,-123.98949300000001,OPTIMAL,FAIL,C120,0.04622475
matpower/case89pegase,matpower/case89pegase/2017-11-15,RAW,ACTIVESET_LAZY,1.6796797169722644,-65.258228,OPTIMAL,OK,OK,0.03968456
matpower/case89pegase,matpower/case89pegase/2017-11-15,RAW,ACTIVESET_LAZY_TOPK128,1.7161545866646428,-67.298877,OPTIMAL,OK,OK,0.03968456
matpower/case89pegase,matpower/case89pegase/2017-11-15,RAW,WARM_ACTIVESET_LAZY,1.6849938955429669,-65.561037,OPTIMAL,OK,OK,0.03968456
