case_folder,mode,method_exactness,N,runtime_median,runtime_ex_norel_median,norel_heur_elapsed_median,runtime_IQR,runtime_CI95_lo,runtime_CI95_hi,nodes_median,nodes_IQR,nodes_CI95_lo,nodes_CI95_hi,mem_gb_median,mem_gb_IQR,mem_gb_CI95_lo,mem_gb_CI95_hi,obj_ppm_median,obj_ppm_IQR,obj_ppm_CI95_lo,obj_ppm_CI95_hi,root_constrs_median,final_constrs_median,final_to_root_constr_ratio_median,success_rate,feasible_rate,mip_gap_median,warm_applied_vars_median,branch_hints_median,speedup_vs_raw,speedup_vs_raw_ex_norel,reference_mode,speedup_vs_reference,wilcoxon_p_runtime,HL_delta_runtime,RBC_runtime,wilcoxon_p_nodes,HL_delta_nodes,RBC_nodes
matpower/case118,ACTIVESET,exact,6,30.232028999999997,9.665425999999998,21.0,2.713673,28.629203,36.771683499999995,0.0,0.75,0.0,1.0,,,,,49000.1903307116,5683.866499708791,37260.118503540056,50378.912082040464,45828.0,45828.0,1.0,0.8333333333333334,0.8333333333333334,0.047055219999999995,0.0,0.0,8.03263520619142,6.028308478074324,RAW,8.03263520619142,0.03125,-210.59335649999997,-1.0,0.125,-1.0,-1.0
matpower/case118,ACTIVESET_B500,exact,6,30.2701225,8.165206,21.0,3.195503500000001,28.341925,37.100752,0.0,0.75,0.0,1.0,,,,,49000.1903307116,5683.866499708791,37260.118503540056,50378.912082040464,45828.0,45828.0,1.0,0.8333333333333334,0.8333333333333334,0.047055219999999995,0.0,0.0,8.022526519342629,7.135909308350579,RAW,8.022526519342629,0.03125,-210.428385,-1.0,0.125,-1.0,-1.0
matpower/case118,ACTIVESET_B5000,exact,6,30.239103,9.069281499999999,21.0,2.96704025,28.3257285,36.7043615,0.0,0.75,0.0,1.0,,,,,49000.1903307116,5683.866499708791,37260.118503540056,50378.912082040464,45828.0,45828.0,1.0,0.8333333333333334,0.8333333333333334,0.047055219999999995,0.0,0.0,8.030756087573101,6.424562905010722,RAW,8.030756087573101,0.03125,-210.696888,-1.0,0.125,-1.0,-1.0
matpower/case118,ACTIVESET_LAZY,exact,6,93.5532865,5.050435499999999,87.5,9.205183250000005,76.959967,104.39256950000001,0.0,0.0,0.0,0.0,,,,,9.33508303879981,189.45320364593437,-0.3231682041081717,4333.783778704714,45828.0,45828.0,1.0,1.0,1.0,6.701e-05,0.0,0.0,2.595770491718642,11.536860435105051,RAW,2.595770491718642,0.03125,-152.71288299999998,-1.0,0.03125,-1.0,-1.0
matpower/case118,ACTIVESET_LAZY_TOPK128,exact,6,93.23085549999999,8.201790499999994,89.5,26.590746750000008,67.246419,116.68013450000001,0.0,0.0,0.0,0.0,,,,,2.556023240213564,11.44660131798615,-0.3231682041081717,4215.668381592134,45828.0,45828.0,1.0,1.0,1.0,6.701e-05,0.0,0.0,2.6047477436265725,7.104079225139929,RAW,2.6047477436265725,0.03125,-150.2744115,-1.0,0.03125,-1.0,-1.0
matpower/case118,ACTIVESET_NOCLEAN,exact,6,30.3549225,9.347848500000001,21.0,2.984289750000002,28.468343,37.047551,0.0,0.75,0.0,1.0,,,,,49000.1903307116,5683.866499708791,37260.118503540056,50378.912082040464,45828.0,45828.0,1.0,0.8333333333333334,0.8333333333333334,0.047055219999999995,0.0,0.0,8.000114660151084,6.233110164333534,RAW,8.000114660151084,0.03125,-210.418321,-1.0,0.125,-1.0,-1.0
matpower/case118,LAZY_ALL,exact,6,93.74367050000001,1.3430884999999932,90.0,10.232190500000002,75.311843,103.12173250000001,0.0,0.0,0.0,0.0,,,,,9.33508303879981,189.45320364593437,-0.3231682041081717,4333.783778704714,45828.0,45828.0,1.0,1.0,1.0,6.701e-05,0.0,0.0,2.5904987419923993,43.3822264876814,RAW,2.5904987419923993,0.03125,-152.52249899999998,-1.0,0.03125,-1.0,-1.0
matpower/case118,LAZY_BANDIT,exact,6,91.387862,1.8878619999999984,88.5,34.03246924999999,58.9083335,103.4447055,0.0,0.0,0.0,0.0,,,,,9.33508303879981,189.45320364593437,-0.3231682041081717,4333.783778704714,45828.0,45828.0,1.0,1.0,1.0,6.701e-05,0.0,0.0,2.6572769641990313,30.86357450915376,RAW,2.6572769641990313,0.03125,-153.6420515,-1.0,0.03125,-1.0,-1.0
matpower/case118,LAZY_COMMIT_GNN_T060,heuristic,6,91.2959835,1.0168,94.5,10.153712999999996,74.396846,101.4180745,0.0,0.0,0.0,0.0,,,,,9.33508303879981,189.45320364593437,-0.3231682041081717,4333.783778704714,45828.0,45828.0,1.0,1.0,1.0,6.701e-05,0.0,0.0,2.6599511959910043,57.303471184106996,RAW,2.6599511959910043,0.03125,-155.2732375,-1.0,0.03125,-1.0,-1.0
matpower/case118,LAZY_COMMIT_HINTS,exact,6,91.2706135,2.829554999999999,87.5,8.84655724999999,74.19854,101.6501275,0.0,0.0,0.0,0.0,,,,,9.33508303879981,189.45320364593437,-0.3231682041081717,4333.783778704714,45828.0,45828.0,1.0,1.0,1.0,6.701e-05,0.0,0.0,2.6606905682736537,20.59199043665877,RAW,2.6606905682736537,0.03125,-154.99555599999997,-1.0,0.03125,-1.0,-1.0
matpower/case118,LAZY_GNN_T060,heuristic,6,91.51613549999999,3.3176764999999975,87.0,9.458841500000005,73.5431595,103.110477,0.0,0.0,0.0,0.0,,,,,9.33508303879981,189.45320364593437,-0.3231682041081717,4333.783778704714,45828.0,45828.0,1.0,1.0,1.0,6.701e-05,0.0,0.0,2.6535523945938477,17.56234204871995,RAW,2.6535523945938477,0.03125,-154.750034,-1.0,0.03125,-1.0,-1.0
matpower/case118,LAZY_GNN_T080,heuristic,6,91.791066,2.6213559999999987,88.0,8.277262249999993,75.589569,102.632766,0.0,0.0,0.0,0.0,,,,,9.33508303879981,189.45320364593437,-0.3231682041081717,4333.783778704714,45828.0,45828.0,1.0,1.0,1.0,6.701e-05,0.0,0.0,2.645604535195179,22.227491992693864,RAW,2.645604535195179,0.03125,-154.4751035,-1.0,0.03125,-1.0,-1.0
matpower/case118,LAZY_TOPK128,exact,6,91.327821,4.597932499999999,86.5,28.44061450000001,64.335218,116.95968450000001,0.0,0.0,0.0,0.0,,,,,2.556023240213564,11.44660131798615,-0.3231682041081717,4215.668381592134,45828.0,45828.0,1.0,1.0,1.0,6.701e-05,0.0,0.0,2.659023918899806,12.672254214258258,RAW,2.659023918899806,0.03125,-152.69007399999998,-1.0,0.03125,-1.0,-1.0
matpower/case118,RAW,exact,6,242.8428605,58.26616949999999,182.5,16.222227999999973,228.620069,259.21113249999996,1.0,0.0,1.0,1.0,,,,,0.0,0.0,0.0,0.0,1601820.0,1601820.0,1.0,1.0,1.0,3.1385e-05,0.0,0.0,1.0,1.0,RAW,1.0,,,,,,
matpower/case118,RAW_COMMIT_HINTS,exact,6,220.6610685,38.225181500000005,182.5,3.526464500000003,219.22518150000002,224.967232,1.0,0.0,1.0,1.0,,,,,553.7100153049746,2371.944919049878,62.470331868097446,12665.262109965774,1601820.0,1601820.0,1.0,1.0,1.0,0.000604245,0.0,0.0,1.1005242662459056,1.5242875825193918,RAW,1.1005242662459056,0.03125,-21.5202965,-1.0,1.0,0.0,0.0
matpower/case118,RAW_GNN,heuristic,6,26.2642385,3.4503000000000004,23.5,2.9104587499999965,24.4556505,34.2184975,0.0,0.0,0.0,0.0,,,,,48983.43434914605,5646.765629460126,37260.118503540056,50334.608298001156,45828.0,45828.0,1.0,0.6666666666666666,0.6666666666666666,0.047039975,0.0,0.0,9.246141307314126,16.887276323797927,RAW,9.246141307314126,0.03125,-213.81586949999996,-1.0,0.03125,-1.0,-1.0
matpower/case118,SHRINK_LAZY,heuristic,6,22.292503,,,4.714333249999999,16.4362725,24.6772085,0.0,0.0,0.0,0.0,,,,,6870.469379513115,7729.464838973763,2329.1861553682606,14149.92191655779,10191.5,10191.5,1.0,1.0,1.0,0.009311445,0.0,0.0,10.893476632031854,,RAW,10.893476632031854,0.03125,-220.7033285,-1.0,0.03125,-1.0,-1.0
matpower/case118,STREDUCE,heuristic,6,223.7296565,42.9236095,183.0,11.039184500000005,219.6562895,240.16711850000002,1.0,0.0,1.0,1.0,,,,,21834.87065852154,27996.31324488012,12.210599328021384,40104.14472005963,1602475.5,1602475.5,1.0,1.0,1.0,0.021921705,49068.0,0.0,1.0854299081266412,1.3574387191272903,RAW,1.0854299081266412,0.09375,-16.844031,-0.8095238095238095,1.0,0.0,0.0
matpower/case118,STREDUCE_AGGRESSIVE,heuristic,6,222.0425415,41.123143,184.5,13.51490800000002,217.42059799999998,254.0065965,1.0,0.0,1.0,1.0,,,,,16604.275834987693,17405.12478941545,108.65425394878449,23991.680362717205,1602700.5,1602700.5,1.0,1.0,1.0,0.016017835,49068.0,0.0,1.0936771794246465,1.4168705320018946,RAW,1.0936771794246465,0.4375,-21.265873500000012,-0.42857142857142855,1.0,0.0,0.0
matpower/case118,STREDUCE_CONSERVATIVE,heuristic,6,236.007476,47.47941850000001,187.0,13.667044249999975,225.536204,251.515601,1.0,0.0,1.0,1.0,,,,,10408.40688070095,22792.508882804785,0.0,37488.72819563425,1602088.0,1602088.0,1.0,1.0,1.0,0.010082269999999999,49068.0,0.0,1.0289625761685617,1.2271879340729495,RAW,1.0289625761685617,0.5625,-3.094268999999997,-0.3333333333333333,1.0,0.0,0.0
matpower/case118,STREDUCE_GRU,heuristic,6,222.97266000000002,42.730221,181.5,11.00174899999999,219.15844900000002,239.5407535,1.0,0.0,1.0,1.0,,,,,21834.87065852154,27996.31324488012,12.210599328021384,40104.14472005963,1602475.5,1602475.5,1.0,1.0,1.0,0.021921705,49068.0,0.0,1.0891149636910642,1.3635822173725707,RAW,1.0891149636910642,0.09375,-17.6010275,-0.8095238095238095,1.0,0.0,0.0
matpower/case118,STREDUCE_LAZY,heuristic,6,254.88736849999998,75.8873685,180.5,22.225461999999993,237.7995885,276.40203099999997,1.0,0.0,1.0,1.0,,,,,21834.87065852154,27998.969180653596,10.439975479036612,40104.14472005963,1602475.5,1602475.5,1.0,1.0,1.0,0.021921705,49068.0,0.0,0.9527457634684632,0.7677979965796283,RAW,0.9527457634684632,0.15625,11.145510999999985,0.7142857142857143,1.0,0.0,0.0
matpower/case118,STREDUCE_LAZY_AGGRESSIVE,heuristic,6,250.6052765,69.1052765,180.5,26.929888249999976,221.568426,266.900895,1.0,0.0,1.0,1.0,,,,,16604.275834987693,17405.12478941545,73.26205694424476,23991.680362717205,1602700.5,1602700.5,1.0,1.0,1.0,0.016017835,49068.0,0.0,0.9690253289618984,0.8431508048448368,RAW,0.9690253289618984,1.0,0.628586999999996,0.047619047619047616,1.0,0.0,0.0
matpower/case118,STREDUCE_LAZY_CONSERVATIVE,heuristic,6,267.1683785,89.66837849999999,178.5,45.763128249999966,236.593526,304.59468549999997,1.0,0.0,1.0,1.0,,,,,10416.332017079649,22727.833659273896,0.0,37448.253092073224,1602088.0,1602088.0,1.0,1.0,1.0,0.010091345,49068.0,0.0,0.9089506095872045,0.6497961764748539,RAW,0.9089506095872045,0.03125,15.292117499999975,1.0,1.0,0.0,0.0
matpower/case118,STREDUCE_LAZY_GRU,heuristic,6,255.0752485,78.5752485,178.5,27.47605274999998,233.249583,277.7139945,1.0,0.0,1.0,1.0,,,,,21834.87065852154,27998.969180653596,10.439975479036612,40104.14472005963,1602475.5,1602475.5,1.0,1.0,1.0,0.021921705,49068.0,0.0,0.9520440024191529,0.7415333786694928,RAW,0.9520440024191529,0.21875,9.634570499999995,0.6190476190476191,1.0,0.0,0.0
matpower/case118,WARM,exact,6,237.066362,54.0568045,180.5,11.521483750000016,221.77551449999999,239.890503,1.0,0.0,1.0,1.0,,,,,9.695760227683804,15617.458201165267,-1.6735702672902284,22133.943842337154,1601820.0,1601820.0,1.0,1.0,1.0,5.1445e-05,49068.0,0.0,1.0243665885419881,1.0778692902574363,RAW,1.0243665885419881,0.4375,-10.476507000000012,-0.42857142857142855,1.0,0.0,0.0
matpower/case118,WARM_ACTIVESET,exact,6,31.1240465,9.975549,21.0,2.8386700000000005,29.122127,37.4814565,0.0,0.75,0.0,1.0,,,,,49000.1903307116,5683.866499708791,37260.118503540056,50378.912082040464,45828.0,45828.0,1.0,0.8333333333333334,0.8333333333333334,0.047055219999999995,49068.0,1944.0,7.802419280539245,5.840898530998142,RAW,7.802419280539245,0.03125,-209.7906205,-1.0,0.125,-1.0,-1.0
matpower/case118,WARM_ACTIVESET_LAZY,exact,6,94.9387405,7.9387405000000015,87.0,9.107966750000003,77.6406985,105.1334115,0.0,0.0,0.0,0.0,,,,,9.33508303879981,189.45320364593437,-0.3231682041081717,4333.783778704714,45828.0,45828.0,1.0,1.0,1.0,6.701e-05,49068.0,1944.0,2.557890058589939,7.339472741299452,RAW,2.557890058589939,0.03125,-151.327429,-1.0,0.03125,-1.0,-1.0
matpower/case118,WARM_BRANCH_HINTS,exact,6,225.25097699999998,40.727991,181.0,17.443911000000014,221.13874199999998,246.256052,1.0,0.0,1.0,1.0,,,,,30028.463144468595,18741.568006763548,10418.102640928633,46899.0646308061,1601820.0,1601820.0,1.0,1.0,1.0,0.02982821,49068.0,1944.0,1.0780990330621298,1.4306173240904514,RAW,1.0780990330621298,0.3125,-17.908839500000013,-0.5238095238095238,1.0,0.0,0.0
matpower/case118,WARM_COMMIT_HINTS,exact,6,224.31188200000003,38.18872,186.0,9.200063499999999,219.4710745,235.4191325,1.0,0.0,1.0,1.0,,,,,968.3777879045167,2196.3841847778986,187.40977003194988,12708.306288338297,1601820.0,1601820.0,1.0,1.0,1.0,0.001015975,49068.0,0.0,1.0826125586160433,1.5257429288020123,RAW,1.0826125586160433,0.21875,-15.372200500000005,-0.6190476190476191,1.0,0.0,0.0
matpower/case118,WARM_GRU,exact,6,238.240767,54.74076699999999,183.5,15.078529249999974,223.2618285,244.733958,1.0,0.0,1.0,1.0,,,,,9.695760227683804,15617.458201165267,-1.6735702672902284,22133.943842337154,1601820.0,1601820.0,1.0,1.0,1.0,5.1445e-05,49068.0,0.0,1.0193169857449291,1.0644017739101097,RAW,1.0193169857449291,0.4375,-10.881227500000008,-0.42857142857142855,1.0,0.0,0.0
matpower/case118,WARM_LAZY,exact,6,91.4235995,0.0,960.5,9.181983000000002,73.74204950000001,101.92991950000001,0.0,0.0,0.0,0.0,,,,,9.33508303879981,189.45320364593437,-0.008079205102703834,4333.783778704714,45828.0,45828.0,1.0,1.0,1.0,6.701e-05,49068.0,0.0,2.6562382341990376,,RAW,2.6562382341990376,0.03125,-154.84256999999997,-1.0,0.03125,-1.0,-1.0
matpower/case118,WARM_LAZY_BANDIT,exact,6,90.41411550000001,1.9843415000000029,88.0,32.17501,60.113388,104.42015900000001,0.0,0.0,0.0,0.0,,,,,9.33508303879981,189.45320364593437,-0.3231682041081717,4333.783778704714,45828.0,45828.0,1.0,1.0,1.0,6.701e-05,49068.0,0.0,2.685895439634091,29.362974820614248,RAW,2.685895439634091,0.03125,-153.092796,-1.0,0.03125,-1.0,-1.0
matpower/case118,WARM_LAZY_BRANCH_HINTS,exact,6,91.503386,3.507932000000004,87.0,9.286885499999997,74.075579,101.71391449999999,0.0,0.0,0.0,0.0,,,,,9.33508303879981,189.45320364593437,-0.3231682041081717,4333.783778704714,45828.0,45828.0,1.0,1.0,1.0,6.701e-05,49068.0,1944.0,2.6539221237124493,16.609834369651384,RAW,2.6539221237124493,0.03125,-154.7627835,-1.0,0.03125,-1.0,-1.0
matpower/case118,WARM_LAZY_COMMIT_GNN_T060,heuristic,6,90.7959395,3.189166,87.0,9.20907475,74.3455875,102.2941065,0.0,0.0,0.0,0.0,,,,,9.33508303879981,189.45320364593437,-0.3231682041081717,4333.783778704714,45828.0,45828.0,1.0,1.0,1.0,6.701e-05,49068.0,0.0,2.6746004484044135,18.270033450751697,RAW,2.6746004484044135,0.03125,-155.47023,-1.0,0.03125,-1.0,-1.0
matpower/case118,WARM_LAZY_COMMIT_GRU,exact,6,90.9058455,2.4317339999999987,87.5,8.465158500000001,73.92719650000001,101.4035665,0.0,0.0,0.0,0.0,,,,,9.33508303879981,189.45320364593437,-0.3231682041081717,4333.783778704714,45828.0,45828.0,1.0,1.0,1.0,6.701e-05,49068.0,0.0,2.6713668319602175,23.960749613238956,RAW,2.6713668319602175,0.03125,-155.360324,-1.0,0.03125,-1.0,-1.0
matpower/case118,WARM_LAZY_COMMIT_HINTS,exact,6,91.1432555,2.5633954999999986,87.5,9.516917499999991,73.721316,101.450699,0.0,0.0,0.0,0.0,,,,,9.33508303879981,189.45320364593437,-0.3231682041081717,4333.783778704714,45828.0,45828.0,1.0,1.0,1.0,6.701e-05,49068.0,0.0,2.6644084542273125,22.730074036565963,RAW,2.6644084542273125,0.03125,-155.12291399999998,-1.0,0.03125,-1.0,-1.0
matpower/case118,WARM_LAZY_GNN_T060,heuristic,6,91.94204,2.7805960000000027,88.0,8.216912000000008,74.135255,101.1575825,0.0,0.0,0.0,0.0,,,,,9.33508303879981,189.45320364593437,-0.3231682041081717,4333.783778704714,45828.0,45828.0,1.0,1.0,1.0,6.701e-05,49068.0,0.0,2.6412603037739864,20.954561360226343,RAW,2.6412603037739864,0.03125,-154.32412949999997,-1.0,0.03125,-1.0,-1.0
matpower/case118,WARM_LAZY_GRU,exact,6,91.341454,2.527549999999998,87.0,9.12052675000001,73.8473405,102.1952915,0.0,0.0,0.0,0.0,,,,,9.33508303879981,189.45320364593437,-0.3231682041081717,4333.783778704714,45828.0,45828.0,1.0,1.0,1.0,6.701e-05,49068.0,0.0,2.658627051196273,23.052430021166757,RAW,2.658627051196273,0.03125,-154.9247155,-1.0,0.03125,-1.0,-1.0
matpower/case118,WARM_LAZY_ML_STACK,heuristic,6,90.1822835,2.182283499999997,86.0,31.57517950000002,59.724976999999996,102.392589,0.0,0.0,0.0,0.0,,,,,9.33508303879981,189.45320364593437,-0.3231682041081717,4333.783778704714,45828.0,45828.0,1.0,1.0,1.0,6.701e-05,49068.0,1944.0,2.6928000830673136,26.699633434427778,RAW,2.6928000830673136,0.03125,-153.88352500000002,-1.0,0.03125,-1.0,-1.0
matpower/case118,WARM_LAZY_TOPK128,exact,6,90.5308985,3.665270999999997,86.5,27.524464500000008,71.4908765,117.080138,0.0,0.0,0.0,0.0,,,,,2.556023240213564,11.44660131798615,-0.3231682041081717,4215.668381592134,45828.0,45828.0,1.0,1.0,1.0,6.701e-05,49068.0,0.0,2.6824306896722114,15.896824409436583,RAW,2.6824306896722114,0.03125,-152.4890325,-1.0,0.03125,-1.0,-1.0
matpower/case118,WARM_LPSCREEN_LAZY_T010,heuristic,6,94.6654515,6.857445500000004,87.0,10.363051499999997,69.4436305,106.5864075,0.0,0.0,0.0,0.0,,,,,6.779059798586246,190.73121526604115,-0.3231682041081717,4333.783778704714,45828.0,45828.0,1.0,1.0,1.0,6.701e-05,49068.0,0.0,2.565274412703773,8.496774710057842,RAW,2.565274412703773,0.03125,-151.600718,-1.0,0.03125,-1.0,-1.0
matpower/case118,WARM_LPSCREEN_LAZY_T020,heuristic,6,72.46898999999999,5.9112959999999966,64.0,31.931684999999995,48.0685515,92.312017,0.0,0.0,0.0,0.0,,,,,6.779059798586246,6316.723512589615,-0.3231682041081717,30142.707372723486,45828.0,45828.0,1.0,1.0,1.0,6.701e-05,49068.0,0.0,3.3509899958589187,9.856750448632589,RAW,3.3509899958589187,0.03125,-170.3738705,-1.0,0.03125,-1.0,-1.0
matpower/case118,WARM_LPSCREEN_LAZY_T030,heuristic,6,79.40459100000001,6.7735185000000016,73.0,32.619552,48.716023500000006,94.21663000000001,0.0,0.0,0.0,0.0,,,,,6.779059798586246,190.73121526604115,-0.3231682041081717,4333.78377879923,45828.0,45828.0,1.0,1.0,1.0,6.701e-05,49068.0,0.0,3.0582974792981426,8.602053644645686,RAW,3.0582974792981426,0.03125,-164.8438395,-1.0,0.03125,-1.0,-1.0
matpower/case118,WARM_LPSCREEN_LAZY_T050,heuristic,6,62.589853500000004,5.4247525,58.5,22.486220250000002,45.9247525,75.9282805,0.0,0.0,0.0,0.0,,,,,9.33508303879981,6315.445501111284,-0.3231682041081717,30074.915044166093,45828.0,45828.0,1.0,1.0,1.0,6.701e-05,49068.0,0.0,3.8799077952786707,10.740797759897799,RAW,3.8799077952786707,0.03125,-180.491886,-1.0,0.03125,-1.0,-1.0
matpower/case118,WARM_LPSCREEN_LAZY_T080,heuristic,6,78.6185105,0.0,949.5,11.432030999999995,69.7450075,87.46678800000001,0.0,0.0,0.0,0.0,,,,,6.779059798586246,190.73121526604115,-0.3231682041081717,4333.783778704714,45828.0,45828.0,1.0,1.0,1.0,6.701e-05,49068.0,0.0,3.0888763849068344,,RAW,3.0888763849068344,0.03125,-162.702956,-1.0,0.03125,-1.0,-1.0
matpower/case118,WARM_LPSCREEN_T010,heuristic,6,29.1463945,8.004131500000002,21.0,4.284196500000004,27.898163500000003,37.4835705,0.0,0.0,0.0,0.0,,,,,48983.43434914605,5646.765629460126,37260.118503540056,50838.67581720476,45828.0,45828.0,1.0,0.6666666666666666,0.6666666666666666,0.04708365,49068.0,0.0,8.331831935507495,7.279511774637883,RAW,8.331831935507495,0.03125,-211.33193949999998,-1.0,0.03125,-1.0,-1.0
matpower/case118,WARM_LPSCREEN_T020,heuristic,6,28.677723999999998,7.1679645,21.0,6.508845000000001,25.4796835,38.7469045,0.0,0.0,0.0,0.0,,,,,47488.92059140108,5766.384732711769,37260.118503540056,50698.667108518115,45900.0,45900.0,1.0,1.0,1.0,0.04540937,49068.0,0.0,8.467996292174373,8.128691136793435,RAW,8.467996292174373,0.03125,-211.3610175,-1.0,0.03125,-1.0,-1.0
matpower/case118,WARM_LPSCREEN_T030,heuristic,6,29.957178,8.061067,21.0,7.431382499999998,28.064949,39.950035,0.0,0.0,0.0,0.0,,,,,45876.27318841846,14505.502125902349,26482.67703862112,49720.91330786849,46008.0,46008.0,1.0,1.0,1.0,0.04514316,49068.0,0.0,8.106332996385708,7.228096417012784,RAW,8.106332996385708,0.03125,-208.8289265,-1.0,0.03125,-1.0,-1.0
matpower/case118,WARM_LPSCREEN_T050,heuristic,6,105.7107105,6.836037499999996,99.5,60.12110399999999,56.268197,159.94624599999997,0.0,0.0,0.0,0.0,,,,,51052.04217407262,1059.4806381191374,50147.65101620725,52054.6186985721,76860.0,76860.0,1.0,1.0,1.0,0.04896226,49068.0,0.0,2.2972398856405376,8.52338353907509,RAW,2.2972398856405376,0.03125,-138.823907,-1.0,0.03125,-1.0,-1.0
matpower/case118,WARM_LPSCREEN_T080,heuristic,6,195.620496,14.969735,181.0,4.947978750000004,168.318965,200.132634,1.0,0.0,0.5,1.0,,,,,10408.40688070095,22792.508882804785,0.0,37593.10634425656,397728.0,397728.0,1.0,1.0,1.0,0.010255355,49068.0,0.0,1.241397836451657,3.8922645925261863,RAW,1.241397836451657,0.03125,-52.2558155,-1.0,1.0,0.0,-1.0
matpower/case118,WARM_PRUNE_LAZY_T010,heuristic,6,79.72524200000001,3.380079000000002,77.0,28.50344425,55.989446,92.5898915,0.0,0.0,0.0,0.0,,,,,131.6735167097516,6368.5576465280665,2.556023240213564,29501.909564726324,45828.0,45828.0,1.0,1.0,1.0,0.00025497000000000003,49068.0,0.0,3.0459971573369446,17.238108783847938,RAW,3.0459971573369446,0.03125,-166.8419955,-1.0,0.03125,-1.0,-1.0
matpower/case118,WARM_PRUNE_LAZY_T020,heuristic,6,82.26185050000001,3.494996499999999,80.0,37.58359825,41.998690999999994,91.14688799999999,0.0,0.0,0.0,0.0,,,,,131.6735167097516,6372.391681246612,0.0,30095.33347989319,45828.0,45828.0,1.0,1.0,1.0,0.00025497000000000003,49068.0,0.0,2.952071452610952,16.671309828207267,RAW,2.952071452610952,0.03125,-166.314572,-1.0,0.03125,-1.0,-1.0
matpower/case118,WARM_PRUNE_LAZY_T030,heuristic,6,70.0760375,4.2236270000000005,64.5,36.12884,46.00402,89.9461315,0.0,0.0,0.0,0.0,,,,,131.6735167097516,6372.391681246612,0.0,29087.506654040753,45828.0,45828.0,1.0,1.0,1.0,0.00025497000000000003,49068.0,0.0,3.465419409594899,13.79529241100125,RAW,3.465419409594899,0.03125,-178.4502385,-1.0,0.03125,-1.0,-1.0
matpower/case118,WARM_PRUNE_LAZY_T050,heuristic,6,62.471751499999996,3.3846934999999974,58.0,14.986905499999992,43.344294000000005,70.48010199999999,0.0,0.0,0.0,0.0,,,,,6.779059798586246,190.73121526604115,-0.3231682041081717,4333.783778704714,45828.0,45828.0,1.0,1.0,1.0,6.701e-05,49068.0,0.0,3.8872427084103767,17.214607319687893,RAW,3.8872427084103767,0.03125,-183.794418,-1.0,0.03125,-1.0,-1.0
matpower/case118,WARM_PRUNE_LAZY_T080,heuristic,6,69.62582,4.934580500000003,64.0,17.96819950000001,57.6291305,83.9037775,0.0,0.0,0.0,0.0,,,,,6.779059798586246,6316.723512589615,-0.3231682041081717,28561.708699191066,45828.0,45828.0,1.0,1.0,1.0,6.701e-05,49068.0,0.0,3.4878276550279765,11.80772499303638,RAW,3.4878276550279765,0.03125,-173.79735449999998,-1.0,0.03125,-1.0,-1.0
matpower/case118,WARM_PRUNE_T010,heuristic,6,26.0448855,4.0562404999999995,21.0,3.5614070000000027,25.0562405,34.799763999999996,0.0,0.0,0.0,0.0,,,,,46590.41115152788,15932.127886922368,26586.082886503624,50334.608298001156,45828.0,45828.0,1.0,0.6666666666666666,0.6666666666666666,0.04469097,49068.0,0.0,9.324013365311204,14.364574659712607,RAW,9.324013365311204,0.03125,-213.773373,-1.0,0.03125,-1.0,-1.0
matpower/case118,WARM_PRUNE_T020,heuristic,6,28.511186,5.5994305,23.5,5.669587249999999,25.6279275,35.7033055,0.0,0.0,0.0,0.0,,,,,46749.91107562348,8987.083542428954,36594.129911234595,51818.48256846159,45936.0,45936.0,1.0,0.8333333333333334,0.8333333333333334,0.044800465,49068.0,0.0,8.517459094826853,10.405731350715039,RAW,8.517459094826853,0.03125,-214.03436699999997,-1.0,0.03125,-1.0,-1.0
matpower/case118,WARM_PRUNE_T030,heuristic,6,29.735598000000003,3.7533294999999995,27.0,6.762592250000001,25.764415999999997,43.2877505,0.0,0.0,0.0,0.0,,,,,43925.57352926642,8476.684156679941,35210.72147610502,49803.926790257145,46188.0,46188.0,1.0,0.8333333333333334,0.8333333333333334,0.045393395,49068.0,0.0,8.166738751983397,15.523862080320951,RAW,8.166738751983397,0.03125,-215.23405400000001,-1.0,0.03125,-1.0,-1.0
matpower/case118,WARM_PRUNE_T050,heuristic,6,114.6320595,5.132059499999997,109.5,49.974752249999995,48.4093615,145.3852585,0.0,0.0,0.0,0.0,,,,,51168.71782834543,933.9701875461324,49739.84551798003,51777.401221363514,84060.0,84060.0,1.0,1.0,1.0,0.048731135,49068.0,0.0,2.1184550077807858,11.353369831351337,RAW,2.1184550077807858,0.03125,-132.4756805,-1.0,0.03125,-1.0,-1.0
matpower/case118,WARM_PRUNE_T080,heuristic,6,194.5450525,13.045052499999997,182.0,3.505224750000025,192.0331325,198.3931135,1.0,0.0,1.0,1.0,,,,,85.89303474337827,15655.556838423114,0.0,22133.943842337154,342324.0,342324.0,1.0,1.0,1.0,0.00016956,49068.0,0.0,1.2482602737995612,4.466533921576782,RAW,1.2482602737995612,0.03125,-46.62774,-1.0,1.0,0.0,0.0
matpower/case118,WARM_SR_LAZY,exact,6,253.601221,65.601221,188.0,38.844032250000026,230.1213085,288.03380100000004,1.0,0.0,1.0,1.0,,,,,7.925136378699031,15616.572889240775,-1.6735702672902284,22093.46873877613,1125180.0,1125180.0,1.0,1.0,1.0,4.884e-05,49068.0,0.0,0.9575776470729216,0.8881872716972752,RAW,0.9575776470729216,0.3125,5.981057500000006,0.5238095238095238,1.0,0.0,0.0
matpower/case1354pegase,ACTIVESET_LAZY,exact,6,,,,,,,,,,,,,,,,,,,,,,0.0,0.0,,,,,,LAZY_ALL,,,,,,,
matpower/case1354pegase,LAZY_ALL,exact,6,1805.377414,1225.8914515000001,579.5,0.30290274999993017,1805.1391165,1805.8210865,1.0,6.0,1.0,10.5,,,,,,,,,366264.0,366264.0,1.0,1.0,1.0,0.680300945,0.0,0.0,,,LAZY_ALL,1.0,,,,,,
matpower/case1354pegase,LAZY_BANDIT,exact,6,902.5989480000001,360.098948,543.0,186.0372155,701.4430875,1372.7619610000002,135.0,1320.25,1.0,5140.5,,,,,,,,,366264.0,366264.0,1.0,0.0,0.0,0.043418395,0.0,0.0,,,LAZY_ALL,2.000198890105509,,,,,,
matpower/case1354pegase,LAZY_COMMIT_HINTS,exact,6,1805.291162,1229.6979230000002,575.5,11.060817000000043,1805.1620555,1873.1357535,1.0,0.0,1.0,46.0,,,,,,,,,366264.0,366264.0,1.0,1.0,1.0,0.76207512,0.0,0.0,,,LAZY_ALL,1.000047777334657,,,,,,
matpower/case1354pegase,LAZY_GNN_T080,heuristic,6,1807.927979,1258.7940495,549.0,0.22732974999985345,1807.6456725,1808.2631635,145.0,126.75,51.5,335.0,,,,,,,,,366264.0,366264.0,1.0,0.0,0.0,0.19695526,0.0,0.0,,,LAZY_ALL,0.9985892330725415,,,,,,
matpower/case1354pegase,STREDUCE_LAZY_GRU,heuristic,6,1846.4710755,1296.8625445,549.5,0.2666527500000484,1846.271078,1847.5087565,1.0,0.0,1.0,1.0,,,,,,,,,2165851.0,2165851.0,1.0,1.0,1.0,0.215908805,432720.0,0.0,,,LAZY_ALL,0.9777447575295094,,,,,,
matpower/case1354pegase,WARM_LAZY_GRU,exact,6,1835.6368590000002,1269.1368590000002,581.0,6.333228749999989,1832.894908,2097.9209435000002,20.0,71.0,1.0,116.5,,,,,,,,,366264.0,366264.0,1.0,1.0,1.0,0.41328286000000003,432720.0,0.0,,,LAZY_ALL,0.9835155603617131,,,,,,
matpower/case1354pegase,WARM_LPSCREEN_T020,heuristic,6,,,,,,,,,,,,,,,,,,,52584480.0,52584480.0,1.0,0.0,0.0,,,,,,LAZY_ALL,,,,,,,
matpower/case1354pegase,WARM_PRUNE_LAZY_T030,heuristic,6,1840.723179,1290.349908,551.0,0.8585767500001111,1840.226893,1841.783044,1.0,22.5,1.0,92.0,,,,,,,,,366264.0,366264.0,1.0,0.3333333333333333,0.3333333333333333,0.521842015,432720.0,0.0,,,LAZY_ALL,0.9807978921527993,,,,,,
matpower/case1354pegase,WARM_SR_LAZY,exact,6,,,,,,,,,,,,,,,,,,,,,,0.0,0.0,,,,,,LAZY_ALL,,,,,,,
matpower/case14,ACTIVESET,exact,6,0.35717849999999995,0.35717849999999995,0.0,0.18324225,0.2337295,0.535967,0.0,0.0,0.0,0.0,,,,,0.0,0.0,-9313.831720731792,0.0,4752.0,4752.0,1.0,1.0,1.0,0.008106945,0.0,0.0,9.684671669767358,9.684671669767358,RAW,9.684671669767358,0.03125,-3.100635,-1.0,1.0,0.0,0.0
matpower/case14,ACTIVESET_B500,exact,6,0.33302200000000004,0.33302200000000004,0.0,0.22840275,0.23370000000000002,0.5694705,0.0,0.0,0.0,0.0,,,,,0.0,0.0,-9313.831720731792,0.0,4752.0,4752.0,1.0,1.0,1.0,0.008106945,0.0,0.0,10.387171117824046,10.387171117824046,RAW,10.387171117824046,0.03125,-3.1122455,-1.0,1.0,0.0,0.0
matpower/case14,ACTIVESET_B5000,exact,6,0.3497395,0.3497395,0.0,0.21294824999999995,0.23223950000000002,0.530354,0.0,0.0,0.0,0.0,,,,,0.0,0.0,-9313.831720731792,0.0,4752.0,4752.0,1.0,1.0,1.0,0.008106945,0.0,0.0,9.8906657669494,9.8906657669494,RAW,9.8906657669494,0.03125,-3.124199,-1.0,1.0,0.0,0.0
matpower/case14,ACTIVESET_LAZY,exact,6,0.3367825,0.3367825,0.0,0.11364250000000004,0.299794,0.44509600000000005,0.0,0.0,0.0,0.0,,,,,0.0,3291.610578146686,-11508.2387011466,0.0,4752.0,4752.0,1.0,1.0,1.0,0.007038715000000001,0.0,0.0,10.271188378255996,10.271188378255996,RAW,10.271188378255996,0.03125,-3.119454,-1.0,1.0,0.0,0.0
matpower/case14,ACTIVESET_LAZY_TOPK128,exact,6,0.339389,0.339389,0.0,0.11112925000000001,0.3045995,0.472434,0.0,0.0,0.0,0.0,,,,,0.0,3291.610578146686,-11508.2387011466,0.0,4752.0,4752.0,1.0,1.0,1.0,0.007038715000000001,0.0,0.0,10.192305879094489,10.192305879094489,RAW,10.192305879094489,0.03125,-3.139525,-1.0,1.0,0.0,0.0
matpower/case14,ACTIVESET_NOCLEAN,exact,6,0.3534595,0.3534595,0.0,0.16753599999999996,0.2585045,0.520359,0.0,0.0,0.0,0.0,,,,,0.0,0.0,-9313.831720731792,0.0,4752.0,4752.0,1.0,1.0,1.0,0.008106945,0.0,0.0,9.7865710215739,9.7865710215739,RAW,9.7865710215739,0.03125,-3.1045930000000004,-1.0,1.0,0.0,0.0
matpower/case14,LAZY_ALL,exact,6,0.2950505,0.2950505,0.0,0.11312575000000002,0.287559,0.4380175,0.0,0.0,0.0,0.0,,,,,0.0,3291.610578146686,-11508.2387011466,0.0,4752.0,4752.0,1.0,1.0,1.0,0.007038715000000001,0.0,0.0,11.723947256486602,11.723947256486602,RAW,11.723947256486602,0.03125,-3.1550640000000003,-1.0,1.0,0.0,0.0
matpower/case14,LAZY_BANDIT,exact,6,0.3186065,0.3186065,0.0,0.11306824999999998,0.2831395,0.434942,0.0,0.0,0.0,0.0,,,,,0.0,3291.610578146686,-11508.2387011466,0.0,4752.0,4752.0,1.0,1.0,1.0,0.007038715000000001,0.0,0.0,10.857143529714552,10.857143529714552,RAW,10.857143529714552,0.03125,-3.160985,-1.0,1.0,0.0,0.0
matpower/case14,LAZY_COMMIT_GNN_T060,heuristic,6,0.532166,0.532166,0.0,0.27874399999999994,0.311643,0.671826,0.0,0.0,0.0,0.0,,,,,0.0,3291.610578146686,-11508.2387011466,0.0,4752.0,4752.0,1.0,1.0,1.0,0.007038715000000001,0.0,0.0,6.5001456312503985,6.5001456312503985,RAW,6.5001456312503985,0.03125,-2.978707,-1.0,1.0,0.0,0.0
matpower/case14,LAZY_COMMIT_HINTS,exact,6,0.5409455000000001,0.5409455000000001,0.0,0.2475425,0.3191105,0.64749,0.0,0.0,0.0,0.0,,,,,0.0,3291.610578146686,-11508.2387011466,0.0,4752.0,4752.0,1.0,1.0,1.0,0.007038715000000001,0.0,0.0,6.394648813974789,6.394648813974789,RAW,6.394648813974789,0.03125,-2.977701,-1.0,1.0,0.0,0.0
matpower/case14,LAZY_GNN_T060,heuristic,6,0.324623,0.324623,0.0,0.11536524999999997,0.28679699999999997,0.4348495,0.0,0.0,0.0,0.0,,,,,0.0,3291.610578146686,-11508.2387011466,0.0,4752.0,4752.0,1.0,1.0,1.0,0.007038715000000001,0.0,0.0,10.655919327958893,10.655919327958893,RAW,10.655919327958893,0.03125,-3.132174,-1.0,1.0,0.0,0.0
matpower/case14,LAZY_GNN_T080,heuristic,6,0.29969049999999997,0.29969049999999997,0.0,0.107842,0.2833925,0.4272315,0.0,0.0,0.0,0.0,,,,,0.0,3291.610578146686,-11508.2387011466,0.0,4752.0,4752.0,1.0,1.0,1.0,0.007038715000000001,0.0,0.0,11.542429606544085,11.542429606544085,RAW,11.542429606544085,0.03125,-3.1545005,-1.0,1.0,0.0,0.0
matpower/case14,LAZY_TOPK128,exact,6,0.318988,0.318988,0.0,0.11302599999999996,0.285258,0.43232349999999997,0.0,0.0,0.0,0.0,,,,,0.0,3291.610578146686,-11508.2387011466,0.0,4752.0,4752.0,1.0,1.0,1.0,0.007038715000000001,0.0,0.0,10.844158714434398,10.844158714434398,RAW,10.844158714434398,0.03125,-3.1341254999999997,-1.0,1.0,0.0,0.0
matpower/case14,RAW,exact,6,3.4591564999999997,3.4591564999999997,0.0,0.11865475000000014,2.5404755,3.609787,0.0,0.0,0.0,0.0,,,,,0.0,0.0,0.0,0.0,29376.0,29376.0,1.0,1.0,1.0,0.010411975,0.0,0.0,1.0,1.0,RAW,1.0,,,,,,
matpower/case14,RAW_COMMIT_HINTS,exact,6,2.523484,2.523484,0.0,1.6245012500000002,1.7771295,4.2487455,0.0,0.0,0.0,0.0,,,,,0.0,3291.610578146686,-9496.690831135209,9656.440466513004,29376.0,29376.0,1.0,1.0,1.0,0.018592030000000002,0.0,0.0,1.3707859847734323,1.3707859847734323,RAW,1.3707859847734323,0.5625,-0.13865700000000003,-0.3333333333333333,1.0,0.0,0.0
matpower/case14,RAW_GNN,heuristic,6,0.320548,0.320548,0.0,0.19544899999999998,0.22653600000000002,0.5201075,0.0,0.0,0.0,0.0,,,,,0.0,0.0,-9313.831720731792,0.0,4752.0,4752.0,1.0,1.0,1.0,0.008106945,0.0,0.0,10.791383817712168,10.791383817712168,RAW,10.791383817712168,0.03125,-3.138063,-1.0,1.0,0.0,0.0
matpower/case14,SHRINK_LAZY,heuristic,6,0.3471435,,,0.010712000000000055,0.33432700000000004,0.38208949999999997,0.0,0.0,0.0,0.0,,,,,0.0,3291.610578146686,-5527.189855162936,6340.148050577259,1056.0,1056.0,1.0,1.0,1.0,0.022010765,0.0,0.0,9.96462990089113,,RAW,9.96462990089113,0.03125,-3.0915195000000004,-1.0,1.0,0.0,0.0
matpower/case14,STREDUCE,heuristic,6,0.7924685,0.7924685,0.0,1.2592842499999999,0.3060035,10.0425115,0.0,0.0,0.0,0.5,,,,,0.0,602.2639881071467,-3751.5605241387807,2014.9684490765821,29550.0,29550.0,1.0,0.8333333333333334,0.8333333333333334,0.00090076,5076.0,0.0,4.365039746059306,4.365039746059306,RAW,4.365039746059306,0.5625,-2.6666879999999997,-0.3333333333333333,1.0,0.0,1.0
matpower/case14,STREDUCE_AGGRESSIVE,heuristic,6,0.7992600000000001,0.7992600000000001,0.0,0.9325032500000001,0.2881855,9.822201,0.0,0.0,0.0,0.5,,,,,0.0,2014.9684490765821,-4133.9126717184845,2947.9489801584073,29552.0,29552.0,1.0,0.8333333333333334,0.8333333333333334,0.00090076,5076.0,0.0,4.327948977804469,4.327948977804469,RAW,4.327948977804469,0.4375,-2.6874719999999996,-0.42857142857142855,1.0,0.0,1.0
matpower/case14,STREDUCE_CONSERVATIVE,heuristic,6,1.8379975,1.8379975,0.0,13.528391000000001,0.3613355,18.369449,0.0,0.75,0.0,1.0,,,,,0.0,324.6984345300633,-7302.283779037419,812.214912365306,29543.5,29543.5,1.0,1.0,1.0,0.00071477,5076.0,0.0,1.8820245947015706,1.8820245947015706,RAW,1.8820245947015706,0.84375,-0.71751,0.14285714285714285,0.5,0.0,1.0
matpower/case14,STREDUCE_GRU,heuristic,6,0.811912,0.811912,0.0,1.2760990000000003,0.2952415,10.0332245,0.0,0.0,0.0,0.5,,,,,0.0,602.2639881071467,-3751.5605241387807,2014.9684490765821,29550.0,29550.0,1.0,0.8333333333333334,0.8333333333333334,0.00090076,5076.0,0.0,4.260506680526953,4.260506680526953,RAW,4.260506680526953,0.5625,-2.664545,-0.3333333333333333,1.0,0.0,1.0
matpower/case14,STREDUCE_LAZY,heuristic,6,0.42821750000000003,0.42821750000000003,0.0,1.936491,0.312963,10.6003895,0.0,0.0,0.0,0.5,,,,,2014.9684490765821,3697.4166838020064,-3751.5605241387807,8724.105787958459,29550.0,29550.0,1.0,0.8333333333333334,0.8333333333333334,0.00120081,5076.0,0.0,8.078036278293157,8.078036278293157,RAW,8.078036278293157,0.4375,-2.1354474999999997,-0.42857142857142855,1.0,0.0,1.0
matpower/case14,STREDUCE_LAZY_AGGRESSIVE,heuristic,6,0.388336,0.388336,0.0,1.8354822499999999,0.291683,10.540055500000001,0.0,0.0,0.0,0.5,,,,,0.0,2014.9684490765821,-349.1913596329858,3697.4166838020064,29552.0,29552.0,1.0,0.8333333333333334,0.8333333333333334,0.00090082,5076.0,0.0,8.90763797330147,8.90763797330147,RAW,8.90763797330147,0.4375,-2.199051,-0.42857142857142855,1.0,0.0,1.0
matpower/case14,STREDUCE_LAZY_CONSERVATIVE,heuristic,6,2.2058765,2.2058765,0.0,13.958167750000001,0.333463,18.372873,0.0,0.75,0.0,1.0,,,,,216.4656230200422,1318.4377191947729,-7302.283779037419,12501.370088287977,29543.5,29543.5,1.0,1.0,1.0,0.00071477,5076.0,0.0,1.5681551075048852,1.5681551075048852,RAW,1.5681551075048852,1.0,-0.349631,0.047619047619047616,0.5,0.0,1.0
matpower/case14,STREDUCE_LAZY_GRU,heuristic,6,0.39578349999999995,0.39578349999999995,0.0,1.9548602500000003,0.294907,10.622909,0.0,0.0,0.0,0.5,,,,,2014.9684490765821,3697.4166838020064,-3751.5605241387807,8724.105787958459,29550.0,29550.0,1.0,0.8333333333333334,0.8333333333333334,0.00120081,5076.0,0.0,8.74002200698109,8.74002200698109,RAW,8.74002200698109,0.4375,-2.1864425,-0.42857142857142855,1.0,0.0,1.0
matpower/case14,WARM,exact,6,3.493977,3.493977,0.0,0.217692,2.5475244999999997,3.6469455,0.0,0.0,0.0,0.0,,,,,0.0,0.0,0.0,0.0,29376.0,29376.0,1.0,1.0,1.0,0.010411975,5076.0,0.0,0.99003413588584,0.99003413588584,RAW,0.99003413588584,0.5625,0.058009999999999895,0.3333333333333333,1.0,0.0,0.0
matpower/case14,WARM_ACTIVESET,exact,6,0.37167700000000004,0.37167700000000004,0.0,0.23288550000000002,0.263748,0.6002815,0.0,0.0,0.0,0.0,,,,,0.0,0.0,-9313.831720731792,0.0,4752.0,4752.0,1.0,1.0,1.0,0.008106945,5076.0,180.0,9.306888777083326,9.306888777083326,RAW,9.306888777083326,0.03125,-3.075164,-1.0,1.0,0.0,0.0
matpower/case14,WARM_ACTIVESET_LAZY,exact,6,0.3618825,0.3618825,0.0,0.11306125,0.323465,0.469593,0.0,0.0,0.0,0.0,,,,,0.0,3291.610578146686,-11508.2387011466,0.0,4752.0,4752.0,1.0,1.0,1.0,0.007038715000000001,5076.0,180.0,9.55878358306909,9.55878358306909,RAW,9.55878358306909,0.03125,-3.094681,-1.0,1.0,0.0,0.0
matpower/case14,WARM_BRANCH_HINTS,exact,6,3.5536965,3.5536965,0.0,0.14888049999999975,2.5800140000000003,3.6561362624999987,0.0,0.0,0.0,0.0,,,,,0.0,0.0,0.0,0.0,29376.0,29376.0,1.0,1.0,1.0,0.010411975,5076.0,180.0,0.9733967152231485,0.9733967152231485,RAW,0.9733967152231485,0.03125,0.056083500000000064,1.0,1.0,0.0,0.0
matpower/case14,WARM_COMMIT_HINTS,exact,6,3.5415455,3.5415455,0.0,0.12516024999999997,2.5904785,3.6769885,0.0,0.0,0.0,0.0,,,,,0.0,0.0,0.0,0.0,29376.0,29376.0,1.0,1.0,1.0,0.010411975,5076.0,0.0,0.976736427641548,0.976736427641548,RAW,0.976736427641548,0.03125,0.06871950000000004,1.0,1.0,0.0,0.0
matpower/case14,WARM_GRU,exact,6,3.6117055,3.6117055,0.0,0.22000699999999984,2.6345145,3.7429885,0.0,0.0,0.0,0.0,,,,,0.0,0.0,0.0,0.0,29376.0,29376.0,1.0,1.0,1.0,0.010411975,5076.0,0.0,0.957762613812228,0.957762613812228,RAW,0.957762613812228,0.03125,0.13589849999999992,1.0,1.0,0.0,0.0
matpower/case14,WARM_LAZY,exact,6,0.34271050000000003,0.34271050000000003,0.0,0.11891724999999997,0.305525,0.449627,0.0,0.0,0.0,0.0,,,,,0.0,3291.610578146686,-11508.2387011466,0.0,4752.0,4752.0,1.0,1.0,1.0,0.007038715000000001,5076.0,0.0,10.09352354246514,10.09352354246514,RAW,10.09352354246514,0.03125,-3.136244,-1.0,1.0,0.0,0.0
matpower/case14,WARM_LAZY_BANDIT,exact,6,0.323857,0.323857,0.0,0.11241774999999998,0.30276250000000005,0.4711785,0.0,0.0,0.0,0.0,,,,,0.0,3291.610578146686,-11508.2387011466,0.0,4752.0,4752.0,1.0,1.0,1.0,0.007038715000000001,5076.0,0.0,10.681123150032267,10.681123150032267,RAW,10.681123150032267,0.03125,-3.137979,-1.0,1.0,0.0,0.0
matpower/case14,WARM_LAZY_BRANCH_HINTS,exact,6,0.3384905,0.3384905,0.0,0.10486899999999999,0.3079375,0.449015,0.0,0.0,0.0,0.0,,,,,0.0,3291.610578146686,-11508.2387011466,0.0,4752.0,4752.0,1.0,1.0,1.0,0.007038715000000001,5076.0,180.0,10.219360661525211,10.219360661525211,RAW,10.219360661525211,0.03125,-3.1201255,-1.0,1.0,0.0,0.0
matpower/case14,WARM_LAZY_COMMIT_GNN_T060,heuristic,6,0.3294745,0.3294745,0.0,0.098796,0.318928,0.465388,0.0,0.0,0.0,0.0,,,,,0.0,3291.610578146686,-11508.2387011466,0.0,4752.0,4752.0,1.0,1.0,1.0,0.007038715000000001,5076.0,0.0,10.49901130436498,10.49901130436498,RAW,10.49901130436498,0.03125,-3.1244475,-1.0,1.0,0.0,0.0
matpower/case14,WARM_LAZY_COMMIT_GRU,exact,6,0.3503095,0.3503095,0.0,0.09934325,0.324297,0.458755,0.0,0.0,0.0,0.0,,,,,0.0,3291.610578146686,-11508.2387011466,0.0,4752.0,4752.0,1.0,1.0,1.0,0.007038715000000001,5076.0,0.0,9.874572342457169,9.874572342457169,RAW,9.874572342457169,0.03125,-3.093815,-1.0,1.0,0.0,0.0
matpower/case14,WARM_LAZY_COMMIT_HINTS,exact,6,0.34600200000000003,0.34600200000000003,0.0,0.11189725,0.3067665,0.4510415,0.0,0.0,0.0,0.0,,,,,0.0,3291.610578146686,-11508.2387011466,0.0,4752.0,4752.0,1.0,1.0,1.0,0.007038715000000001,5076.0,0.0,9.997504349685839,9.997504349685839,RAW,9.997504349685839,0.03125,-3.1363545000000004,-1.0,1.0,0.0,0.0
matpower/case14,WARM_LAZY_GNN_T060,heuristic,6,0.348349,0.348349,0.0,0.11685475000000001,0.3042665,0.45616,0.0,0.0,0.0,0.0,,,,,0.0,3291.610578146686,-11508.2387011466,0.0,4752.0,4752.0,1.0,1.0,1.0,0.007038715000000001,5076.0,0.0,9.930146203950635,9.930146203950635,RAW,9.930146203950635,0.03125,-3.1398580000000003,-1.0,1.0,0.0,0.0
matpower/case14,WARM_LAZY_GRU,exact,6,0.31674199999999997,0.31674199999999997,0.0,0.11194474999999993,0.30370050000000004,0.45091000000000003,0.0,0.0,0.0,0.0,,,,,0.0,3291.610578146686,-11508.2387011466,0.0,4752.0,4752.0,1.0,1.0,1.0,0.007038715000000001,5076.0,0.0,10.921054043985325,10.921054043985325,RAW,10.921054043985325,0.03125,-3.1397120000000003,-1.0,1.0,0.0,0.0
matpower/case14,WARM_LAZY_ML_STACK,heuristic,6,0.3594175,0.3594175,0.0,0.11860124999999999,0.3224305,0.4680645,0.0,0.0,0.0,0.0,,,,,0.0,3291.610578146686,-11508.2387011466,0.0,4752.0,4752.0,1.0,1.0,1.0,0.007038715000000001,5076.0,180.0,9.62434077361286,9.62434077361286,RAW,9.62434077361286,0.03125,-3.117309,-1.0,1.0,0.0,0.0
matpower/case14,WARM_LAZY_TOPK128,exact,6,0.32057800000000003,0.32057800000000003,0.0,0.10715150000000001,0.307926,0.451213,0.0,0.0,0.0,0.0,,,,,0.0,3291.610578146686,-11508.2387011466,0.0,4752.0,4752.0,1.0,1.0,1.0,0.007038715000000001,5076.0,0.0,10.790373949553617,10.790373949553617,RAW,10.790373949553617,0.03125,-3.13146,-1.0,1.0,0.0,0.0
matpower/case14,WARM_LPSCREEN_LAZY_T010,heuristic,6,0.4640105,0.4640105,0.0,0.10000399999999998,0.42370450000000004,0.5664015,0.0,0.0,0.0,0.0,,,,,0.0,3291.610578146686,-11508.2387011466,0.0,4752.0,4752.0,1.0,1.0,1.0,0.007038715000000001,5076.0,0.0,7.454909964321928,7.454909964321928,RAW,7.454909964321928,0.03125,-2.9917295,-1.0,1.0,0.0,0.0
matpower/case14,WARM_LPSCREEN_LAZY_T020,heuristic,6,0.435778,0.435778,0.0,0.11300600000000005,0.4176775,0.585909,0.0,0.0,0.0,0.0,,,,,0.0,3291.610578146686,-11508.2387011466,0.0,4752.0,4752.0,1.0,1.0,1.0,0.007038715000000001,5076.0,0.0,7.937886951612977,7.937886951612977,RAW,7.937886951612977,0.03125,-3.026447,-1.0,1.0,0.0,0.0
matpower/case14,WARM_LPSCREEN_LAZY_T030,heuristic,6,0.463264,0.463264,0.0,0.12492000000000009,0.41225900000000004,0.5896705,0.0,0.0,0.0,0.0,,,,,0.0,3291.610578146686,-11508.2387011466,0.0,4752.0,4752.0,1.0,1.0,1.0,0.007038715000000001,5076.0,0.0,7.466922748152241,7.466922748152241,RAW,7.466922748152241,0.03125,-3.013602,-1.0,1.0,0.0,0.0
matpower/case14,WARM_LPSCREEN_LAZY_T050,heuristic,6,0.4590995,0.4590995,0.0,0.13079724999999992,0.406718,0.5778955,0.0,0.0,0.0,0.0,,,,,0.0,3291.610578146686,-11508.2387011466,0.0,4752.0,4752.0,1.0,1.0,1.0,0.007038715000000001,5076.0,0.0,7.534655341598063,7.534655341598063,RAW,7.534655341598063,0.03125,-3.0069285,-1.0,1.0,0.0,0.0
matpower/case14,WARM_LPSCREEN_LAZY_T080,heuristic,6,0.447472,0.447472,0.0,0.11491574999999998,0.414592,0.574844,0.0,0.0,0.0,0.0,,,,,0.0,3291.610578146686,-11508.2387011466,0.0,4752.0,4752.0,1.0,1.0,1.0,0.007038715000000001,5076.0,0.0,7.730442351700218,7.730442351700218,RAW,7.730442351700218,0.03125,-3.0046885,-1.0,1.0,0.0,0.0
matpower/case14,WARM_LPSCREEN_T010,heuristic,6,0.468682,0.468682,0.0,0.20333025,0.36696850000000003,0.6838839999999999,0.0,0.0,0.0,0.0,,,,,0.0,0.0,-9313.831720731792,0.0,4752.0,4752.0,1.0,1.0,1.0,0.008106945,5076.0,0.0,7.380604546366192,7.380604546366192,RAW,7.380604546366192,0.03125,-2.9972065,-1.0,1.0,0.0,0.0
matpower/case14,WARM_LPSCREEN_T020,heuristic,6,0.402401,0.402401,0.0,0.19809699999999997,0.3715035,0.6971235,0.0,0.0,0.0,0.0,,,,,0.0,0.0,-9313.831720731792,0.0,4752.0,4752.0,1.0,1.0,1.0,0.008106945,5076.0,0.0,8.596292007226621,8.596292007226621,RAW,8.596292007226621,0.03125,-3.0488795,-1.0,1.0,0.0,0.0
matpower/case14,WARM_LPSCREEN_T030,heuristic,6,0.405933,0.405933,0.0,0.07772400000000002,0.339618,0.5925325,0.0,0.0,0.0,0.0,,,,,0.0,0.0,-9313.831720731792,0.0,4896.0,4896.0,1.0,1.0,1.0,0.010921835,5076.0,0.0,8.521496158233008,8.521496158233008,RAW,8.521496158233008,0.03125,-3.062817,-1.0,1.0,0.0,0.0
matpower/case14,WARM_LPSCREEN_T050,heuristic,6,0.41306849999999995,0.41306849999999995,0.0,0.020795249999999987,0.4061515,0.570719,0.0,0.0,0.0,0.0,,,,,-0.00045071139578379714,3215.8236508558457,-11457.714004398556,0.0,6012.0,6012.0,1.0,1.0,1.0,0.007038715000000001,5076.0,0.0,8.374292641535241,8.374292641535241,RAW,8.374292641535241,0.03125,-3.033428,-1.0,1.0,0.0,0.0
matpower/case14,WARM_LPSCREEN_T080,heuristic,6,0.7460804999999999,0.7460804999999999,0.0,0.6513925,0.4553235,1.2273595,0.0,0.0,0.0,0.0,,,,,295.8590801847223,4216.611200418069,-9313.831649048809,5448.405717546568,8964.0,8964.0,1.0,1.0,1.0,0.01407946,5076.0,0.0,4.636438695288243,4.636438695288243,RAW,4.636438695288243,0.03125,-2.3641110000000003,-1.0,1.0,0.0,0.0
matpower/case14,WARM_PRUNE_LAZY_T010,heuristic,6,0.330822,0.330822,0.0,0.10855750000000003,0.318288,0.4651965,0.0,0.0,0.0,0.0,,,,,0.0,3291.610578146686,-11508.2387011466,0.0,4752.0,4752.0,1.0,1.0,1.0,0.007038715000000001,5076.0,0.0,10.456246863872414,10.456246863872414,RAW,10.456246863872414,0.03125,-3.1258365,-1.0,1.0,0.0,0.0
matpower/case14,WARM_PRUNE_LAZY_T020,heuristic,6,0.31659899999999996,0.31659899999999996,0.0,0.10792324999999997,0.3100915,0.47989250000000006,0.0,0.0,0.0,0.0,,,,,0.0,3291.610578146686,-11508.2387011466,0.0,4752.0,4752.0,1.0,1.0,1.0,0.007038715000000001,5076.0,0.0,10.925986816130184,10.925986816130184,RAW,10.925986816130184,0.03125,-3.1308205,-1.0,1.0,0.0,0.0
matpower/case14,WARM_PRUNE_LAZY_T030,heuristic,6,0.3422085,0.3422085,0.0,0.11764874999999997,0.3119305,0.45646149999999996,0.0,0.0,0.0,0.0,,,,,0.0,3291.610578146686,-11508.2387011466,0.0,4752.0,4752.0,1.0,1.0,1.0,0.007038715000000001,5076.0,0.0,10.108330155446167,10.108330155446167,RAW,10.108330155446167,0.03125,-3.1067805,-1.0,1.0,0.0,0.0
matpower/case14,WARM_PRUNE_LAZY_T050,heuristic,6,0.32288,0.32288,0.0,0.10368000000000005,0.3071875,0.451755,0.0,0.0,0.0,0.0,,,,,0.0,3291.610578146686,-11508.2387011466,0.0,4752.0,4752.0,1.0,1.0,1.0,0.007038715000000001,5076.0,0.0,10.71344307482656,10.71344307482656,RAW,10.71344307482656,0.03125,-3.136937,-1.0,1.0,0.0,0.0
matpower/case14,WARM_PRUNE_LAZY_T080,heuristic,6,0.31275149999999996,0.31275149999999996,0.0,0.11045750000000004,0.308197,0.481781,0.0,0.0,0.0,0.0,,,,,0.0,3291.610578146686,-11508.2387011466,0.0,4752.0,4752.0,1.0,1.0,1.0,0.007038715000000001,5076.0,0.0,11.060399390570469,11.060399390570469,RAW,11.060399390570469,0.03125,-3.1351705,-1.0,1.0,0.0,0.0
matpower/case14,WARM_PRUNE_T010,heuristic,6,0.35716349999999997,0.35716349999999997,0.0,0.20680949999999998,0.2610845,0.5602275,0.0,0.0,0.0,0.0,,,,,0.0,0.0,-9313.831720731792,0.0,4752.0,4752.0,1.0,1.0,1.0,0.008106945,5076.0,0.0,9.685078402468337,9.685078402468337,RAW,9.685078402468337,0.03125,-3.0895035,-1.0,1.0,0.0,0.0
matpower/case14,WARM_PRUNE_T020,heuristic,6,0.31062999999999996,0.31062999999999996,0.0,0.16769774999999998,0.28444749999999996,0.5590995,0.0,0.0,0.0,0.0,,,,,0.0,0.0,-9313.831720731792,0.0,4752.0,4752.0,1.0,1.0,1.0,0.008106945,5076.0,0.0,11.135938254515018,11.135938254515018,RAW,11.135938254515018,0.03125,-3.1480295,-1.0,1.0,0.0,0.0
matpower/case14,WARM_PRUNE_T030,heuristic,6,0.3272885,0.3272885,0.0,0.2071695,0.2666535,0.5687,0.0,0.0,0.0,0.0,,,,,0.0,0.0,-9313.831720731792,0.0,4752.0,4752.0,1.0,1.0,1.0,0.008106945,5076.0,0.0,10.569135487498032,10.569135487498032,RAW,10.569135487498032,0.03125,-3.1514854999999997,-1.0,1.0,0.0,0.0
matpower/case14,WARM_PRUNE_T050,heuristic,6,0.3239005,0.3239005,0.0,0.07163250000000004,0.280594,0.4540995,0.0,0.0,0.0,0.0,,,,,-0.00045071139578379714,3215.8236508558457,-11457.713932715575,0.0,4968.0,4968.0,1.0,1.0,1.0,0.007038715000000001,5076.0,0.0,10.679688669822985,10.679688669822985,RAW,10.679688669822985,0.03125,-3.0916825,-1.0,1.0,0.0,0.0
matpower/case14,WARM_PRUNE_T080,heuristic,6,0.3874035,0.3874035,0.0,0.037003999999999926,0.2973725,0.6244365000000001,0.0,0.0,0.0,0.0,,,,,1257.5264150625806,4697.444867856998,-9313.831649048809,17530.14764213018,8028.0,8028.0,1.0,1.0,1.0,0.031256835000000004,5076.0,0.0,8.929079112604816,8.929079112604816,RAW,8.929079112604816,0.03125,-3.0579975,-1.0,1.0,0.0,0.0
matpower/case14,WARM_SR_LAZY,exact,6,0.5123925,0.5123925,0.0,0.021114500000000036,0.4978115,0.550597,0.0,0.0,0.0,0.0,,,,,0.0,0.0,-9313.831649048809,295.8590801847223,12528.0,12528.0,1.0,1.0,1.0,0.0084003,5076.0,0.0,6.750989719794883,6.750989719794883,RAW,6.750989719794883,0.03125,-2.9474934999999998,-1.0,1.0,0.0,0.0
matpower/case2383wp,LAZY_ALL,exact,6,1070.096802,140.11240750000002,933.5,17.328025249999882,1060.2299841625,1105.2340414999999,1.0,0.0,1.0,1.0,,,,,,,,,499500.0,499500.0,1.0,1.0,1.0,0.00040381,0.0,0.0,,,LAZY_ALL,1.0,,,,,,
matpower/case2383wp,LAZY_BANDIT,exact,6,1067.1577275,151.9647245000001,911.0,105.52531750000003,1051.5713150000001,1198.8064985,1.0,0.0,1.0,1.0,,,,,,,,,499500.0,499500.0,1.0,1.0,1.0,0.00052454,0.0,0.0,,,LAZY_ALL,1.0027541144333794,,,,,,
matpower/case2383wp,LAZY_COMMIT_HINTS,exact,6,1070.412791,139.27607350000005,924.5,33.209205999999995,1055.814617,1115.6036884999999,1.0,0.0,1.0,1.0,,,,,,,,,499500.0,499500.0,1.0,1.0,1.0,0.027831494999999998,0.0,0.0,,,LAZY_ALL,0.999704797062725,,,,,,
matpower/case2383wp,LAZY_GNN_T080,heuristic,6,1078.6946619999999,145.3006385,924.5,13.815249999999878,1055.424378,1112.68715,1.0,0.0,1.0,1.0,,,,,,,,,499500.0,499500.0,1.0,1.0,1.0,0.00020548,0.0,0.0,,,LAZY_ALL,0.9920293848640553,,,,,,
matpower/case2383wp,STREDUCE_LAZY_GRU,heuristic,6,,,,,,,,,,,,,,,,,,,204667610.0,204667610.0,1.0,0.0,0.0,,,,,,LAZY_ALL,,,,,,,
matpower/case2383wp,WARM_LAZY_GRU,exact,6,1145.291092,195.3613375,934.0,102.52931599999965,1092.201033,1248.7206445,1.0,0.0,1.0,1.0,,,,,,,,,499500.0,499500.0,1.0,1.0,1.0,0.017757165,587268.0,0.0,,,LAZY_ALL,0.9343448224427472,,,,,,
matpower/case2383wp,WARM_PRUNE_LAZY_T030,heuristic,6,1106.6914645,161.93450500000006,974.0,73.1423057500001,1074.88239,1425.6217310000002,1.0,0.75,0.0,1.0,,,,,,,,,499500.0,499500.0,1.0,0.16666666666666666,0.16666666666666666,0.0001288,587268.0,0.0,,,LAZY_ALL,0.9669332748341624,,,,,,
matpower/case30,ACTIVESET,exact,6,0.546241,0.546241,0.0,0.07547924999999994,0.479094,0.5859289999999999,0.0,0.0,0.0,0.0,,,,,0.0,2742.6687926014656,-4633.573003345482,7962.54692282301,7992.0,7992.0,1.0,1.0,1.0,0.00236289,0.0,0.0,20.920445371182318,3.165567029937336,RAW,20.920445371182318,0.03125,-10.8589855,-1.0,1.0,0.0,0.0
matpower/case30,ACTIVESET_B500,exact,6,0.5141205,0.5141205,0.0,0.05479800000000001,0.4777035,0.5745055,0.0,0.0,0.0,0.0,,,,,0.0,2742.6687926014656,-4633.573003345482,7962.54692282301,7992.0,7992.0,1.0,1.0,1.0,0.00236289,0.0,0.0,22.227483634673195,3.3633408899275565,RAW,22.227483634673195,0.03125,-10.8944905,-1.0,1.0,0.0,0.0
matpower/case30,ACTIVESET_B5000,exact,6,0.533577,0.533577,0.0,0.042158250000000064,0.493537,0.561005,0.0,0.0,0.0,0.0,,,,,0.0,2742.6687926014656,-4633.573003345482,7962.54692282301,7992.0,7992.0,1.0,1.0,1.0,0.00236289,0.0,0.0,21.416974494777698,3.24069909310184,RAW,21.416974494777698,0.03125,-10.8666,-1.0,1.0,0.0,0.0
matpower/case30,ACTIVESET_LAZY,exact,6,0.7266495,0.7266495,0.0,0.03193349999999995,0.7085315,0.7706025,0.0,0.0,0.0,0.0,,,,,0.0,2294.906097503931,-4633.573003345482,0.0,7992.0,7992.0,1.0,1.0,1.0,0.001164935,0.0,0.0,15.726433445560756,2.3796376382286097,RAW,15.726433445560756,0.03125,-10.6895795,-1.0,1.0,0.0,0.0
matpower/case30,ACTIVESET_LAZY_TOPK128,exact,6,0.721946,0.721946,0.0,0.012140249999999964,0.6671165,0.7590365,0.0,0.0,0.0,0.0,,,,,0.0,2294.906097503931,-4633.573003345482,0.0,7992.0,7992.0,1.0,1.0,1.0,0.001164935,0.0,0.0,15.828891634554385,2.39514104933056,RAW,15.828891634554385,0.03125,-10.675249,-1.0,1.0,0.0,0.0
matpower/case30,ACTIVESET_NOCLEAN,exact,6,0.541194,0.541194,0.0,0.039985499999999896,0.4873725,0.576207,0.0,0.0,0.0,0.0,,,,,0.0,2742.6687926014656,-4633.573003345482,7962.54692282301,7992.0,7992.0,1.0,1.0,1.0,0.00236289,0.0,0.0,21.115542670465675,3.195088083016442,RAW,21.115542670465675,0.03125,-10.851398,-1.0,1.0,0.0,0.0
matpower/case30,LAZY_ALL,exact,6,0.524626,0.524626,0.0,0.049275999999999986,0.49354,0.5835365,0.0,0.0,0.0,0.0,,,,,0.0,2294.906097503931,-4633.573003345482,0.0,7992.0,7992.0,1.0,1.0,1.0,0.001164935,0.0,0.0,21.782384022141486,3.295990858249496,RAW,21.782384022141486,0.03125,-10.8742885,-1.0,1.0,0.0,0.0
matpower/case30,LAZY_BANDIT,exact,6,0.525187,0.525187,0.0,0.0476525000000001,0.499488,0.5621484999999999,0.0,0.0,0.0,0.0,,,,,0.0,2294.906097503931,-4633.573003345482,0.0,7992.0,7992.0,1.0,1.0,1.0,0.001164935,0.0,0.0,21.759116276678593,3.2924701106463035,RAW,21.759116276678593,0.03125,-10.8654565,-1.0,1.0,0.0,0.0
matpower/case30,LAZY_COMMIT_GNN_T060,heuristic,6,0.5358825,0.5358825,0.0,0.03606900000000002,0.4874605,0.5703075,0.0,0.0,0.0,0.0,,,,,0.0,2294.906097503931,-4633.573003345482,0.0,7992.0,7992.0,1.0,1.0,1.0,0.001164935,0.0,0.0,21.324833335665932,3.2267567983653134,RAW,21.324833335665932,0.03125,-10.860206000000002,-1.0,1.0,0.0,0.0
matpower/case30,LAZY_COMMIT_HINTS,exact,6,0.5188815,0.5188815,0.0,0.018468749999999923,0.49775100000000005,0.5618380000000001,0.0,0.0,0.0,0.0,,,,,0.0,2294.906097503931,-4633.573003345482,0.0,7992.0,7992.0,1.0,1.0,1.0,0.001164935,0.0,0.0,22.023535238778024,3.3324805374637565,RAW,22.023535238778024,0.03125,-10.883076500000001,-1.0,1.0,0.0,0.0
matpower/case30,LAZY_GNN_T060,heuristic,6,0.524868,0.524868,0.0,0.036782749999999975,0.5133285000000001,0.5650665,0.0,0.0,0.0,0.0,,,,,0.0,2294.906097503931,-4633.573003345482,0.0,7992.0,7992.0,1.0,1.0,1.0,0.001164935,0.0,0.0,21.772340855224552,3.2944711813255907,RAW,21.772340855224552,0.03125,-10.8812855,-1.0,1.0,0.0,0.0
matpower/case30,LAZY_GNN_T080,heuristic,6,0.5284709999999999,0.5284709999999999,0.0,0.04159550000000001,0.5036325,0.5741974999999999,0.0,0.0,0.0,0.0,,,,,0.0,2294.906097503931,-4633.573003345482,0.0,7992.0,7992.0,1.0,1.0,1.0,0.001164935,0.0,0.0,21.623901784582316,3.27201019545065,RAW,21.623901784582316,0.03125,-10.8737895,-1.0,1.0,0.0,0.0
matpower/case30,LAZY_TOPK128,exact,6,0.5192835,0.5192835,0.0,0.04043849999999993,0.4899535,0.578344,0.0,0.0,0.0,0.0,,,,,0.0,2294.906097503931,-4633.573003345482,0.0,7992.0,7992.0,1.0,1.0,1.0,0.001164935,0.0,0.0,22.00648585984342,3.3299007189714294,RAW,22.00648585984342,0.03125,-10.894490000000001,-1.0,1.0,0.0,0.0
matpower/case30,RAW,exact,6,11.427605,1.7291625000000002,10.0,3.39144825,7.117369,12.229162500000001,0.0,0.0,0.0,0.0,,,,,0.0,0.0,0.0,0.0,94104.0,94104.0,1.0,1.0,1.0,0.01013371,0.0,0.0,1.0,1.0,RAW,1.0,,,,,,
matpower/case30,RAW_COMMIT_HINTS,exact,6,12.035138,2.073371,10.5,4.287633,7.369808,13.2432835,0.0,0.0,0.0,0.0,,,,,0.0,0.0,-1529.9373983359542,0.0,94104.0,94104.0,1.0,1.0,1.0,0.01013371,0.0,0.0,0.949520063666906,0.8339860545941852,RAW,0.949520063666906,0.03125,0.5053279999999996,1.0,1.0,0.0,0.0
matpower/case30,RAW_GNN,heuristic,6,0.3647395,0.3647395,0.0,0.030034000000000005,0.332326,0.387399,0.0,0.0,0.0,0.0,,,,,0.0,2742.6687926014656,-4633.573003345482,7962.54692282301,7992.0,7992.0,1.0,1.0,1.0,0.00236289,0.0,0.0,31.330867646635475,4.740815020034847,RAW,31.330867646635475,0.03125,-11.040206000000001,-1.0,1.0,0.0,0.0
matpower/case30,SHRINK_LAZY,heuristic,6,0.6151625000000001,,,0.20476000000000005,0.344169,0.694142,0.0,0.0,0.0,0.0,,,,,1331.327309237885,2584.0348601182923,-311.7170601815917,4328.23766085591,1776.0,1776.0,1.0,1.0,1.0,0.016412235,0.0,0.0,18.576563103245075,,RAW,18.576563103245075,0.03125,-10.9450075,-1.0,1.0,0.0,0.0
matpower/case30,STREDUCE,heuristic,6,7.1508565,3.05346,5.0,1.4709897499999993,5.9604479999999995,8.05346,0.0,0.0,0.0,0.0,,,,,1041.0397076246554,5968.034556191601,-4633.573003345482,5933.3424658048025,94272.5,94272.5,1.0,1.0,1.0,3.7065e-05,9144.0,0.0,1.598074999826944,0.5662961034367571,RAW,1.598074999826944,0.0625,-4.14214,-0.9047619047619048,1.0,0.0,0.0
matpower/case30,STREDUCE_AGGRESSIVE,heuristic,6,6.2193125,5.612911499999999,2.5,1.0643927499999997,5.6910495,22.280828999999997,0.0,0.0,0.0,0.5,,,,,2198.011895938923,6069.017932060988,-4633.573003345482,5953.782380460364,94303.0,94303.0,1.0,1.0,1.0,1.923e-05,9144.0,0.0,1.8374386236420825,0.30806872689868714,RAW,1.8374386236420825,0.5625,-5.208292500000001,-0.3333333333333333,1.0,0.0,1.0
matpower/case30,STREDUCE_CONSERVATIVE,heuristic,6,7.8669525,3.2146229999999996,5.0,0.9662534999999988,6.6669045,8.478254,0.0,0.0,0.0,0.0,,,,,1059.4759595649427,10019.166865205916,-4630.985261697639,10089.314206631512,94248.0,94248.0,1.0,1.0,1.0,0.004989255,9144.0,0.0,1.4526088723683026,0.5379052224786547,RAW,1.4526088723683026,0.15625,-3.2212855000000005,-0.7142857142857143,1.0,0.0,0.0
matpower/case30,STREDUCE_GRU,heuristic,6,6.958024999999999,3.0210564999999994,5.0,1.4899645000000001,5.927868999999999,8.0210565,0.0,0.0,0.0,0.0,,,,,1041.0397076246554,5968.034556191601,-4633.573003345482,5933.3424658048025,94272.5,94272.5,1.0,1.0,1.0,3.7065e-05,9144.0,0.0,1.64236331430255,0.5723701294563676,RAW,1.64236331430255,0.0625,-4.1823855000000005,-0.9047619047619048,1.0,0.0,0.0
matpower/case30,STREDUCE_LAZY,heuristic,6,1.225829,1.225829,0.0,0.040791249999999835,1.1734555,3.1111345000000004,0.0,0.0,0.0,0.0,,,,,10337.836781707649,26418.205991682207,-2361.104360783229,41502.01875778494,94272.5,94272.5,1.0,1.0,1.0,0.00886477,9144.0,0.0,9.322348386275737,1.410606618051947,RAW,9.322348386275737,0.03125,-8.8460935,-1.0,1.0,0.0,0.0
matpower/case30,STREDUCE_LAZY_AGGRESSIVE,heuristic,6,1.228716,1.228716,0.0,0.10204274999999985,1.1452775000000002,19.337577000000003,0.0,0.0,0.0,0.5,,,,,3043.2759564087646,8587.049271358668,-4633.573003345482,18267.54315525097,94303.0,94303.0,1.0,1.0,1.0,0.00031168499999999997,9144.0,0.0,9.300444529085647,1.407292246540291,RAW,9.300444529085647,0.4375,-10.167855,-0.42857142857142855,1.0,0.0,1.0
matpower/case30,STREDUCE_LAZY_CONSERVATIVE,heuristic,6,2.6437805,2.6437805,0.0,3.0312880000000004,1.1683005,4.767212000000001,0.0,0.0,0.0,0.0,,,,,2380.764312365927,5636.917071157788,0.0,9243.15491607742,94248.0,94248.0,1.0,1.0,1.0,0.005336695000000001,9144.0,0.0,4.322448478608568,0.6540491920566023,RAW,4.322448478608568,0.03125,-7.4619505,-1.0,1.0,0.0,0.0
matpower/case30,STREDUCE_LAZY_GRU,heuristic,6,1.1979514999999998,1.1979514999999998,0.0,0.07443700000000009,1.164893,3.095685,0.0,0.0,0.0,0.0,,,,,10337.836781707649,26418.205991682207,-2361.104360783229,41502.01875778494,94272.5,94272.5,1.0,1.0,1.0,0.00886477,9144.0,0.0,9.539288527123178,1.4434328100928964,RAW,9.539288527123178,0.03125,-8.898513000000001,-1.0,1.0,0.0,0.0
matpower/case30,WARM,exact,6,11.486347,1.8039804999999998,10.0,3.398686249999999,7.311337,12.244438500000001,0.0,0.0,0.0,0.0,,,,,0.0,0.0,0.0,0.0,94104.0,94104.0,1.0,1.0,1.0,0.01013371,9144.0,0.0,0.9948859284853574,0.9585261592350918,RAW,0.9948859284853574,0.15625,0.10444099999999956,0.7142857142857143,1.0,0.0,0.0
matpower/case30,WARM_ACTIVESET,exact,6,0.6042535,0.6042535,0.0,0.04366975000000006,0.5765775,0.6360295,0.0,0.0,0.0,0.0,,,,,0.0,2742.6687926014656,-4633.573003345482,7962.54692282301,7992.0,7992.0,1.0,1.0,1.0,0.00236289,9144.0,216.0,18.911938449673855,2.8616507806740055,RAW,18.911938449673855,0.03125,-10.815951,-1.0,1.0,0.0,0.0
matpower/case30,WARM_ACTIVESET_LAZY,exact,6,0.790563,0.790563,0.0,0.052063250000000005,0.726865,0.8161636374999995,0.0,0.0,0.0,0.0,,,,,0.0,2294.906097503931,-4633.573003345482,0.0,7992.0,7992.0,1.0,1.0,1.0,0.001164935,9144.0,216.0,14.45502129495056,2.1872545262047427,RAW,14.45502129495056,0.03125,-10.667665,-1.0,1.0,0.0,0.0
matpower/case30,WARM_BRANCH_HINTS,exact,6,11.5677325,1.7818135000000002,10.0,3.43437325,7.207808,12.2531045,0.0,0.0,0.0,0.0,,,,,0.0,0.0,0.0,0.0,94104.0,94104.0,1.0,1.0,1.0,0.01013371,9144.0,216.0,0.9878863467840391,0.9704508917459655,RAW,0.9878863467840391,0.21875,0.08227399999999996,0.6190476190476191,1.0,0.0,0.0
matpower/case30,WARM_COMMIT_HINTS,exact,6,11.672469,1.8704540000000005,10.0,3.4074500000000008,7.2571835,12.370454,0.0,0.0,0.0,0.0,,,,,0.0,0.0,0.0,0.0,94104.0,94104.0,1.0,1.0,1.0,0.01013371,9144.0,0.0,0.9790220903563762,0.9244613874492501,RAW,0.9790220903563762,0.03125,0.158601,1.0,1.0,0.0,0.0
matpower/case30,WARM_GRU,exact,6,11.5158165,1.7403065,10.0,3.3316929999999996,7.2807525,12.132327,0.0,0.0,0.0,0.0,,,,,0.0,0.0,0.0,0.0,94104.0,94104.0,1.0,1.0,1.0,0.01013371,9144.0,0.0,0.9923399699882332,0.9935965302663641,RAW,0.9923399699882332,0.5625,0.09065250000000002,0.3333333333333333,1.0,0.0,0.0
matpower/case30,WARM_LAZY,exact,6,0.600646,0.600646,0.0,0.04628224999999997,0.5641385,0.6261639999999999,0.0,0.0,0.0,0.0,,,,,0.0,2294.906097503931,-4633.573003345482,0.0,7992.0,7992.0,1.0,1.0,1.0,0.001164935,9144.0,0.0,19.025524185626807,2.8788379511392734,RAW,19.025524185626807,0.03125,-10.821616,-1.0,1.0,0.0,0.0
matpower/case30,WARM_LAZY_BANDIT,exact,6,0.5989985,0.5989985,0.0,0.04828600000000005,0.5595330000000001,0.6414225,0.0,0.0,0.0,0.0,,,,,0.0,2294.906097503931,-4633.573003345482,0.0,7992.0,7992.0,1.0,1.0,1.0,0.001164935,9144.0,0.0,19.07785244871231,2.8867559768513615,RAW,19.07785244871231,0.03125,-10.824251,-1.0,1.0,0.0,0.0
matpower/case30,WARM_LAZY_BRANCH_HINTS,exact,6,0.598555,0.598555,0.0,0.012095250000000002,0.5825575000000001,0.6146655,0.0,0.0,0.0,0.0,,,,,0.0,2294.906097503931,-4633.573003345482,0.0,7992.0,7992.0,1.0,1.0,1.0,0.001164935,9144.0,216.0,19.091988204926867,2.888894921936999,RAW,19.091988204926867,0.03125,-10.824814,-1.0,1.0,0.0,0.0
matpower/case30,WARM_LAZY_COMMIT_GNN_T060,heuristic,6,0.6163114999999999,0.6163114999999999,0.0,0.06188399999999994,0.560958,0.651948,0.0,0.0,0.0,0.0,,,,,0.0,2294.906097503931,-4633.573003345482,0.0,7992.0,7992.0,1.0,1.0,1.0,0.001164935,9144.0,0.0,18.541930501053447,2.805663207647432,RAW,18.541930501053447,0.03125,-10.775657,-1.0,1.0,0.0,0.0
matpower/case30,WARM_LAZY_COMMIT_GRU,exact,6,0.6094930000000001,0.6094930000000001,0.0,0.055884000000000045,0.5716209999999999,0.6350095,0.0,0.0,0.0,0.0,,,,,0.0,2294.906097503931,-4633.573003345482,0.0,7992.0,7992.0,1.0,1.0,1.0,0.001164935,9144.0,0.0,18.749362174791177,2.837050630606094,RAW,18.749362174791177,0.03125,-10.814291,-1.0,1.0,0.0,0.0
matpower/case30,WARM_LAZY_COMMIT_HINTS,exact,6,0.5991555,0.5991555,0.0,0.031472500000000014,0.5677185,0.6227255,0.0,0.0,0.0,0.0,,,,,0.0,2294.906097503931,-4633.573003345482,0.0,7992.0,7992.0,1.0,1.0,1.0,0.001164935,9144.0,0.0,19.072853374457885,2.885999544358685,RAW,19.072853374457885,0.03125,-10.814739500000002,-1.0,1.0,0.0,0.0
matpower/case30,WARM_LAZY_GNN_T060,heuristic,6,0.6118935,0.6118935,0.0,0.03401949999999987,0.5657885,0.645594,0.0,0.0,0.0,0.0,,,,,0.0,2294.906097503931,-4633.573003345482,0.0,7992.0,7992.0,1.0,1.0,1.0,0.001164935,9144.0,0.0,18.675807146178215,2.8259206871784066,RAW,18.675807146178215,0.03125,-10.804085500000001,-1.0,1.0,0.0,0.0
matpower/case30,WARM_LAZY_GRU,exact,6,0.601274,0.601274,0.0,0.05055199999999993,0.5588025000000001,0.6283894999999999,0.0,0.0,0.0,0.0,,,,,0.0,2294.906097503931,-4633.573003345482,0.0,7992.0,7992.0,1.0,1.0,1.0,0.001164935,9144.0,0.0,19.005652996803455,2.87583115185423,RAW,19.005652996803455,0.03125,-10.819550500000002,-1.0,1.0,0.0,0.0
matpower/case30,WARM_LAZY_ML_STACK,heuristic,6,0.6356394999999999,0.6356394999999999,0.0,0.033363249999999955,0.603594,0.6757115,0.0,0.0,0.0,0.0,,,,,0.0,2294.906097503931,-4633.573003345482,0.0,7992.0,7992.0,1.0,1.0,1.0,0.001164935,9144.0,216.0,17.978122819617095,2.7203509221815203,RAW,17.978122819617095,0.03125,-10.771313500000002,-1.0,1.0,0.0,0.0
matpower/case30,WARM_LAZY_TOPK128,exact,6,0.5847104999999999,0.5847104999999999,0.0,0.023821750000000086,0.57544,0.6165735,0.0,0.0,0.0,0.0,,,,,0.0,2294.906097503931,-4633.573003345482,0.0,7992.0,7992.0,1.0,1.0,1.0,0.001164935,9144.0,0.0,19.544039315182474,2.957296816116694,RAW,19.544039315182474,0.03125,-10.823409000000002,-1.0,1.0,0.0,0.0
matpower/case30,WARM_LPSCREEN_LAZY_T010,heuristic,6,0.816478,0.816478,0.0,0.10958625,0.730656,0.9434994999999999,0.0,0.0,0.0,0.0,,,,,0.0,2294.906097503931,-4633.573003345482,0.0,7992.0,7992.0,1.0,1.0,1.0,0.001164935,9144.0,0.0,13.99621912654107,2.117831098939592,RAW,13.99621912654107,0.03125,-10.5874515,-1.0,1.0,0.0,0.0
matpower/case30,WARM_LPSCREEN_LAZY_T020,heuristic,6,0.791891,0.791891,0.0,0.14434599999999997,0.7054355,0.9669365,0.0,0.0,0.0,0.0,,,,,0.0,2294.906097503931,-4633.573003345482,0.0,7992.0,7992.0,1.0,1.0,1.0,0.001164935,9144.0,0.0,14.430780246271267,2.18358650369811,RAW,14.430780246271267,0.03125,-10.626036500000001,-1.0,1.0,0.0,0.0
matpower/case30,WARM_LPSCREEN_LAZY_T030,heuristic,6,0.7881125,0.7881125,0.0,0.08435974999999996,0.729069,0.948446,0.0,0.0,0.0,0.0,,,,,0.0,2294.906097503931,-4633.573003345482,0.0,7992.0,7992.0,1.0,1.0,1.0,0.001164935,9144.0,0.0,14.499966692572443,2.194055417215182,RAW,14.499966692572443,0.03125,-10.639492500000001,-1.0,1.0,0.0,0.0
matpower/case30,WARM_LPSCREEN_LAZY_T050,heuristic,6,0.8128249999999999,0.8128249999999999,0.0,0.07999024999999993,0.7267975,0.9251255,0.0,0.0,0.0,0.0,,,,,0.0,2294.906097503931,-4633.573003345482,0.0,7992.0,7992.0,1.0,1.0,1.0,0.001164935,9144.0,0.0,14.059120966997817,2.1273490603758503,RAW,14.059120966997817,0.03125,-10.613624000000002,-1.0,1.0,0.0,0.0
matpower/case30,WARM_LPSCREEN_LAZY_T080,heuristic,6,0.7918455,0.7918455,0.0,0.12531775,0.7110955,0.8996850000000001,0.0,0.0,0.0,0.0,,,,,0.0,2294.906097503931,-4633.573003345482,0.0,7992.0,7992.0,1.0,1.0,1.0,0.001164935,9144.0,0.0,14.431609449065506,2.183711974116163,RAW,14.431609449065506,0.03125,-10.62933,-1.0,1.0,0.0,0.0
matpower/case30,WARM_LPSCREEN_T010,heuristic,6,0.6441075,0.6441075,0.0,0.15624499999999997,0.5347055000000001,0.8179985000000001,0.0,0.0,0.0,0.0,,,,,0.0,2742.6687926014656,-4633.573003345482,7962.54692282301,7992.0,7992.0,1.0,1.0,1.0,0.00236289,9144.0,0.0,17.741766708196998,2.6845868119840244,RAW,17.741766708196998,0.03125,-10.7443185,-1.0,1.0,0.0,0.0
matpower/case30,WARM_LPSCREEN_T020,heuristic,6,0.660614,0.660614,0.0,0.09641949999999999,0.5754185,0.7879050000000001,0.0,0.0,0.0,0.0,,,,,0.0,2742.6687926014656,-4633.573003345482,7962.54692282301,7992.0,7992.0,1.0,1.0,1.0,0.00236289,9144.0,0.0,17.29846022034047,2.6175081060952388,RAW,17.29846022034047,0.03125,-10.739396,-1.0,1.0,0.0,0.0
matpower/case30,WARM_LPSCREEN_T030,heuristic,6,0.6881955,0.6881955,0.0,0.09441224999999998,0.5563705,0.781102,0.0,0.0,0.0,0.0,,,,,0.0,2742.6687926014656,-4633.573003345482,7962.54692282301,7992.0,7992.0,1.0,1.0,1.0,0.00236289,9144.0,0.0,16.605172512752553,2.512603613362773,RAW,16.605172512752553,0.03125,-10.731759,-1.0,1.0,0.0,0.0
matpower/case30,WARM_LPSCREEN_T050,heuristic,6,0.663721,0.663721,0.0,0.15390899999999996,0.5316295,0.7920149999999999,0.0,0.0,0.0,0.0,,,,,0.0,2742.6687926014656,-4633.573003345482,7962.54692282301,7992.0,7992.0,1.0,1.0,1.0,0.00236289,9144.0,0.0,17.21748294840754,2.605255069524695,RAW,17.21748294840754,0.03125,-10.7458235,-1.0,1.0,0.0,0.0
matpower/case30,WARM_LPSCREEN_T080,heuristic,6,0.6737805,0.6737805,0.0,0.14174925000000005,0.5882345,0.848414,0.0,0.0,0.0,0.0,,,,,0.0,2742.6687926014656,-4633.573003345482,7962.54692282301,8208.0,8208.0,1.0,1.0,1.0,0.002346285,9144.0,0.0,16.96042702334069,2.5663587770794796,RAW,16.96042702334069,0.03125,-10.771134,-1.0,1.0,0.0,0.0
matpower/case30,WARM_PRUNE_LAZY_T010,heuristic,6,0.6094225,0.6094225,0.0,0.016709500000000044,0.5917874999999999,0.6275725,0.0,0.0,0.0,0.0,,,,,0.0,2294.906097503931,-4633.573003345482,0.0,7992.0,7992.0,1.0,1.0,1.0,0.001164935,9144.0,0.0,18.751531162699113,2.83737882995787,RAW,18.751531162699113,0.03125,-10.809492,-1.0,1.0,0.0,0.0
matpower/case30,WARM_PRUNE_LAZY_T020,heuristic,6,0.6203829999999999,0.6203829999999999,0.0,0.023505999999999916,0.5822890000000001,0.6479405,0.0,0.0,0.0,0.0,,,,,0.0,2294.906097503931,-4633.573003345482,0.0,7992.0,7992.0,1.0,1.0,1.0,0.001164935,9144.0,0.0,18.420242011789494,2.7872499730005504,RAW,18.420242011789494,0.03125,-10.786673500000001,-1.0,1.0,0.0,0.0
matpower/case30,WARM_PRUNE_LAZY_T030,heuristic,6,0.6045309999999999,0.6045309999999999,0.0,0.042106999999999895,0.573569,0.661133,0.0,0.0,0.0,0.0,,,,,0.0,2294.906097503931,-4633.573003345482,0.0,7992.0,7992.0,1.0,1.0,1.0,0.001164935,9144.0,0.0,18.90325723577451,2.8603371870094345,RAW,18.90325723577451,0.03125,-10.810056500000002,-1.0,1.0,0.0,0.0
matpower/case30,WARM_PRUNE_LAZY_T050,heuristic,6,0.6083069999999999,0.6083069999999999,0.0,0.06136700000000006,0.5622635,0.6411519999999999,0.0,0.0,0.0,0.0,,,,,0.0,2294.906097503931,-4633.573003345482,0.0,7992.0,7992.0,1.0,1.0,1.0,0.001164935,9144.0,0.0,18.785917308201288,2.8425819528626177,RAW,18.785917308201288,0.03125,-10.786453000000002,-1.0,1.0,0.0,0.0
matpower/case30,WARM_PRUNE_LAZY_T080,heuristic,6,0.5893335,0.5893335,0.0,0.05532999999999999,0.556234,0.633772,0.0,0.0,0.0,0.0,,,,,0.0,2294.906097503931,-4633.573003345482,0.0,7992.0,7992.0,1.0,1.0,1.0,0.001164935,9144.0,0.0,19.39072698226047,2.9340984349269137,RAW,19.39072698226047,0.03125,-10.8100755,-1.0,1.0,0.0,0.0
matpower/case30,WARM_PRUNE_T010,heuristic,6,0.442155,0.442155,0.0,0.06312224999999999,0.40688250000000004,0.508671,0.0,0.0,0.0,0.0,,,,,0.0,2742.6687926014656,-4633.573003345482,7962.54692282301,7992.0,7992.0,1.0,1.0,1.0,0.00236289,9144.0,0.0,25.845246576426817,3.9107609322522645,RAW,25.845246576426817,0.03125,-10.962487000000001,-1.0,1.0,0.0,0.0
matpower/case30,WARM_PRUNE_T020,heuristic,6,0.44896400000000003,0.44896400000000003,0.0,0.04815900000000001,0.4074635,0.5091205,0.0,0.0,0.0,0.0,,,,,0.0,2742.6687926014656,-4633.573003345482,7962.54692282301,7992.0,7992.0,1.0,1.0,1.0,0.00236289,9144.0,0.0,25.453276877433378,3.851450227635178,RAW,25.453276877433378,0.03125,-10.932395,-1.0,1.0,0.0,0.0
matpower/case30,WARM_PRUNE_T030,heuristic,6,0.4517105,0.4517105,0.0,0.06520625000000002,0.4131545,0.497974,0.0,0.0,0.0,0.0,,,,,0.0,2742.6687926014656,-4633.573003345482,7962.54692282301,7992.0,7992.0,1.0,1.0,1.0,0.00236289,9144.0,0.0,25.298515310137798,3.828032556250076,RAW,25.298515310137798,0.03125,-10.9469405,-1.0,1.0,0.0,0.0
matpower/case30,WARM_PRUNE_T050,heuristic,6,0.44461300000000004,0.44461300000000004,0.0,0.021420999999999968,0.42261400000000005,0.478091,0.0,0.0,0.0,0.0,,,,,0.0,2742.6687926014656,-4633.573003345482,7962.54692282301,7992.0,7992.0,1.0,1.0,1.0,0.00236289,9144.0,0.0,25.702363628593854,3.8891406684015086,RAW,25.702363628593854,0.03125,-10.963102000000001,-1.0,1.0,0.0,0.0
matpower/case30,WARM_PRUNE_T080,heuristic,6,0.45932150000000005,0.45932150000000005,0.0,0.048132999999999926,0.4382275,0.584461,0.0,0.0,0.0,0.0,,,,,0.0,3065.1692240417424,-4633.573003345482,8177.547210449861,8136.0,8136.0,1.0,1.0,1.0,0.002346285,9144.0,0.0,24.87931655713917,3.764601700551792,RAW,24.87931655713917,0.03125,-10.944508,-1.0,1.0,0.0,0.0
matpower/case30,WARM_SR_LAZY,exact,6,3.1801690000000002,3.1801690000000002,0.0,0.0989637499999998,3.1065579999999997,3.2737255000000003,0.0,0.0,0.0,0.0,,,,,0.0,9733.24316442202,-4633.573003345482,10484.95676831248,60768.0,60768.0,1.0,1.0,1.0,0.001164935,9144.0,0.0,3.5933955082261346,0.5437328959561583,RAW,3.5933955082261346,0.03125,-8.3110855,-1.0,1.0,0.0,0.0
matpower/case300,ACTIVESET,exact,6,213.88189849999998,65.034416,150.0,7.6425000000000125,202.396885,234.7094195,1.0,0.0,1.0,1.0,,,,,-606908.3612904779,141666.19097410166,-774315.0056335401,-336994.77905171027,82620.0,83958.0,1.0161946259985475,0.0,0.0,0.003406325,0.0,0.0,2.7217204755642284,2.664256760605031,RAW,2.7217204755642284,0.03125,-351.7295295,-1.0,1.0,0.0,-1.0
matpower/case300,ACTIVESET_B500,exact,6,221.584733,68.7809155,150.5,6.669885749999992,204.1481635,239.23466150000002,1.0,0.0,1.0,1.0,,,,,-606908.3612903352,141675.33103470597,-774315.5183954661,-336989.198439899,82620.0,83557.0,1.0113410796417333,0.0,0.0,0.003365195,0.0,0.0,2.6271067262562715,2.519134577381424,RAW,2.6271067262562715,0.03125,-346.94793749999997,-1.0,1.0,0.0,-1.0
matpower/case300,ACTIVESET_B5000,exact,6,212.1166785,61.676488500000005,150.0,3.2871640000000184,201.6477675,235.19329,1.0,0.0,1.0,1.0,,,,,-606908.3612904779,141672.8963535634,-774319.4758865146,-336994.77905171027,82620.0,83958.0,1.0161946259985475,0.0,0.0,0.003349155,0.0,0.0,2.7443704409127827,2.8093101068813273,RAW,2.7443704409127827,0.03125,-349.103348,-1.0,1.0,0.0,-1.0
matpower/case300,ACTIVESET_LAZY,exact,6,804.3257935,419.418246,380.5,43.69776249999995,690.3403335,1038.0257505,1.0,195.0,1.0,263.5,,,,,19997.574732458088,9465.079718749086,8433.228432777929,51928.89528549468,82620.0,82687.5,1.0008169934640523,1.0,1.0,0.01864534,0.0,0.0,0.7237449640485761,0.41311598661351506,RAW,0.7237449640485761,0.0625,188.90615550000007,0.9047619047619048,0.5,0.0,1.0
matpower/case300,ACTIVESET_LAZY_TOPK128,exact,6,484.4079495,89.4079495,380.5,69.08096624999996,436.802571,539.4571825,1.0,0.0,1.0,28.0,,,,,-2828.963621698266,20754.323546834945,-28819.395723921985,20126.347553821975,82620.0,84007.0,1.016787702735415,0.16666666666666666,0.16666666666666666,0.009930735,0.0,0.0,1.2017283017358904,1.9379527600059765,RAW,1.2017283017358904,0.09375,-71.38132299999998,-0.8095238095238095,1.0,0.0,-0.3333333333333333
matpower/case300,ACTIVESET_NOCLEAN,exact,6,214.5569825,62.3943015,150.5,6.911545749999988,201.9073125,233.7725075,1.0,0.0,1.0,1.0,,,,,-606908.3612904779,141666.19097410166,-774315.0056335401,-336994.77905171027,82620.0,83958.0,1.0161946259985475,0.0,0.0,0.003406325,0.0,0.0,2.713156830027659,2.7769904996852954,RAW,2.713156830027659,0.03125,-352.08462,-1.0,1.0,0.0,-1.0
matpower/case300,LAZY_ALL,exact,6,741.9243985,333.9243985,400.5,162.8060519999999,610.8211795,935.9435755,205.0,228.0,1.0,759.0,,,,,11718.201772381555,25606.246919536097,-346.65460105703266,29102.3689433439,82620.0,82620.0,1.0,1.0,1.0,0.01673906,0.0,0.0,0.7846173325434854,0.5188850628415521,RAW,0.7846173325434854,0.09375,148.84456250000005,0.8095238095238095,0.125,157.0,1.0
matpower/case300,LAZY_BANDIT,exact,6,391.7595125,13.74464549999999,377.5,21.72616149999999,378.3528705,402.485077,1.0,0.0,1.0,56.5,,,,,-236850.17760588613,350825.90670467186,-492012.4459021877,-23519.324991611527,82620.0,82620.0,1.0,0.16666666666666666,0.16666666666666666,0.000391765,0.0,0.0,1.4859288005163624,12.606246010491875,RAW,1.4859288005163624,0.03125,-190.59475899999995,-1.0,1.0,0.0,1.0
matpower/case300,LAZY_COMMIT_GNN_T060,heuristic,6,379.3507905,8.719794000000007,373.0,16.701205249999987,373.19841099999996,395.018791,1.0,0.0,1.0,87.0,,,,,-324283.20277937787,502213.59650977934,-585677.7002069058,-47812.794770033994,82620.0,82620.0,1.0,0.0,0.0,0.00233639,0.0,0.0,1.5345341490727695,19.870696773341184,RAW,1.5345341490727695,0.03125,-193.60333899999998,-1.0,1.0,0.0,0.3333333333333333
matpower/case300,LAZY_COMMIT_HINTS,exact,6,447.7875305,67.36948100000001,376.0,590.31797975,414.97756300000003,1211.15909,1.0,247.5,1.0,553.0,,,,,17056.28133264849,60103.27551812736,3125.287235199581,86047.14309037667,82620.0,82620.0,1.0,1.0,1.0,0.019214255,0.0,0.0,1.3000065943104684,2.571912087314432,RAW,1.3000065943104684,1.0,-120.74352949999997,0.047619047619047616,0.5,0.0,0.6666666666666666
matpower/case300,LAZY_GNN_T060,heuristic,6,384.828484,14.729849000000002,369.5,11.803641000000027,371.0409885,391.4964265,1.0,0.0,1.0,38.0,,,,,-325096.9069328893,501165.1088260053,-585354.6972561686,-48084.09050189734,82620.0,82620.0,1.0,0.0,0.0,0.000870205,0.0,0.0,1.5126914111170626,11.763079343175884,RAW,1.5126914111170626,0.03125,-204.978985,-1.0,1.0,0.0,-0.3333333333333333
matpower/case300,LAZY_GNN_T080,heuristic,6,146.12728299999998,3.361268999999993,142.5,192.47921875,116.012271,366.6439875,0.0,0.75,0.0,1.0,,,,,-757231.4789559131,145946.84487092053,-830374.9077773886,-375969.952004362,82620.0,82620.0,1.0,0.0,0.0,0.00584169,0.0,0.0,3.9836964771322005,51.54850221746618,RAW,3.9836964771322005,0.03125,-408.45563549999997,-1.0,0.125,-1.0,-1.0
matpower/case300,LAZY_TOPK128,exact,6,381.386203,12.918067500000006,368.5,32.185944500000005,372.9871285,421.76008,1.0,53.25,1.0,316.5,,,,,-172666.3317236141,385569.986857286,-456798.33050713304,12063.56121241837,82620.0,82620.0,1.0,0.16666666666666666,0.16666666666666666,0.001976795,0.0,0.0,1.5263445240571536,13.41287173952295,RAW,1.5263445240571536,0.03125,-177.74565549999997,-1.0,1.0,0.0,0.3333333333333333
matpower/case300,RAW,exact,6,582.1267425,173.26838249999997,379.5,73.91294749999997,509.28774699999997,716.3308079999999,1.0,0.0,1.0,48.0,,,,,0.0,0.0,0.0,0.0,4412340.0,4412340.0,1.0,1.0,1.0,0.00093879,0.0,0.0,1.0,1.0,RAW,1.0,,,,,,
matpower/case300,RAW_COMMIT_HINTS,exact,6,587.7017095,211.7017095,376.5,143.64911999999993,525.4744049999999,750.6153445,1.0,0.0,1.0,1.0,,,,,3228.6960986855656,1906.9777315831097,1068.4496443460664,9054.625731419233,4412340.0,4412340.0,1.0,1.0,1.0,0.005062885,0.0,0.0,0.9905139513636211,0.8184552827146631,RAW,0.9905139513636211,1.0,-10.664665500000012,-0.047619047619047616,1.0,0.0,-1.0
matpower/case300,RAW_GNN,heuristic,6,369.6951915,2.27185750000001,361.5,18.243003250000015,328.2718575,373.8144655,1.0,0.75,0.0,1.0,,,,,-310958.4546542312,499881.32003159204,-576147.0319287721,-26212.101543603516,134892.0,134892.0,1.0,0.0,0.0,0.02856015,0.0,0.0,1.5746126968492096,76.26727578644312,RAW,1.5746126968492096,0.03125,-208.31227699999997,-1.0,0.25,-0.5,-1.0
matpower/case300,SHRINK_LAZY,heuristic,6,464.3682325,,,105.65950624999994,404.949559,528.185931499999,64.0,86.0,13.0,158.0,,,,,5753.999757248001,18979.486404922747,2617.0073129587017,27156.36175422252,18365.5,18365.5,1.0,0.0,0.0,0.036101015,0.0,0.0,1.2535886431464711,,RAW,1.2535886431464711,0.15625,-126.31123749999998,-0.7142857142857143,0.03125,40.5,1.0
matpower/case300,STREDUCE,heuristic,6,168.5601595,4.391817499999995,163.0,45.189977999999996,130.704485,219.932561,0.0,0.0,0.0,0.0,,,,,-315711.92493302823,487962.7860755877,-577329.7897189253,-22925.5346550532,136829.5,136829.5,1.0,0.0,0.0,0.02421328,93888.0,0.0,3.4535251047861046,39.452546126973665,RAW,3.4535251047861046,0.03125,-429.45489649999996,-1.0,0.03125,-1.0,-1.0
matpower/case300,STREDUCE_AGGRESSIVE,heuristic,6,66.4449545,4.846875999999998,61.5,8.795160249999995,60.8003525,73.890142,0.0,0.0,0.0,0.0,,,,,-755311.6705405412,147554.78311001998,-826872.1581050853,-359447.56728484284,88075.5,88075.5,1.0,0.0,0.0,0.014111619999999998,93888.0,0.0,8.761037566817809,35.748466125397066,RAW,8.761037566817809,0.03125,-513.11322,-1.0,0.03125,-1.0,-1.0
matpower/case300,STREDUCE_CONSERVATIVE,heuristic,6,370.137813,10.951684,358.5,3.0357494999999517,368.951684,404.1680785,1.0,0.0,1.0,1.0,,,,,-308699.75295442506,500172.338594368,-581463.5623085443,-42350.185870057656,224773.0,224773.0,1.0,0.0,0.0,0.016718865,93888.0,0.0,1.5727297294534994,15.821163439339555,RAW,1.5727297294534994,0.03125,-213.17505849999998,-1.0,1.0,0.0,-1.0
matpower/case300,STREDUCE_GRU,heuristic,6,168.264658,4.676857500000011,162.5,44.53761,130.95675,220.219592,0.0,0.0,0.0,0.0,,,,,-315711.92493302823,487962.7860755877,-577329.7897189253,-22925.5346550532,136829.5,136829.5,1.0,0.0,0.0,0.02421328,93888.0,0.0,3.4595900851621497,37.04803545970763,RAW,3.4595900851621497,0.03125,-429.48132899999996,-1.0,0.03125,-1.0,-1.0
matpower/case300,STREDUCE_LAZY,heuristic,6,445.69960949999995,72.19960949999998,378.5,34.70195374999997,420.3573325,551.7838655,1.0,0.0,1.0,134.0,,,,,13614.789365969547,10117.701200664585,5490.973553730785,32694.409492871953,136829.5,136829.5,1.0,1.0,1.0,0.016317115,93888.0,0.0,1.3060965953123638,2.3998520726071244,RAW,1.3060965953123638,0.0625,-99.61351849999997,-0.9047619047619048,1.0,0.0,0.3333333333333333
matpower/case300,STREDUCE_LAZY_AGGRESSIVE,heuristic,6,442.21926099999996,64.71926099999999,369.0,62.494384249999996,396.996572,549.3369315,1.0,0.0,1.0,219.0,,,,,6284.003054331015,15184.03142444211,3827.391529765352,34430.034199033485,88075.5,88075.5,1.0,1.0,1.0,0.0062381699999999995,93888.0,0.0,1.3163758204100477,2.6772305465601653,RAW,1.3163758204100477,0.09375,-125.61725099999995,-0.8095238095238095,1.0,0.0,0.3333333333333333
matpower/case300,STREDUCE_LAZY_CONSERVATIVE,heuristic,6,473.17535399999997,103.04611650000001,367.0,45.17633175000003,434.396636,525.816423,1.0,0.0,1.0,1.0,,,,,16238.900691353105,24162.83524822152,8396.48524742441,38770.44303365809,224773.0,224773.0,1.0,1.0,1.0,0.018778925000000002,93888.0,0.0,1.2302558397832362,1.681464458682438,RAW,1.2302558397832362,0.03125,-67.44370699999996,-1.0,1.0,0.0,-1.0
matpower/case300,STREDUCE_LAZY_GRU,heuristic,6,435.68003699999997,29.908923999999985,385.5,60.365846499999975,410.90892399999996,568.37322,1.0,0.0,1.0,134.0,,,,,13614.789366103145,10117.70120045848,5403.310758881407,32694.409492871953,136829.5,136829.5,1.0,1.0,1.0,0.016317115,93888.0,0.0,1.336133614265186,5.793200133177645,RAW,1.336133614265186,0.0625,-100.19988300000003,-0.9047619047619048,1.0,0.0,0.3333333333333333
matpower/case300,WARM,exact,6,602.0997555,229.57025550000003,368.0,90.33437374999994,556.4673365,686.652488,1.0,0.0,1.0,1.0,,,,,3829.4306187897173,35393.14409666683,-285.26388700516424,45044.92855562297,4412340.0,4412340.0,1.0,1.0,1.0,0.005916695,93888.0,0.0,0.9668277344118602,0.7547510112868256,RAW,0.9668277344118602,0.5625,48.80187300000006,0.3333333333333333,1.0,0.0,-1.0
matpower/case300,WARM_ACTIVESET,exact,6,218.71863100000002,67.66521900000001,150.0,13.073768499999971,204.4900835,240.76721350000003,1.0,0.0,1.0,1.0,,,,,-605460.8754538212,141722.807674609,-772483.695986586,-336063.93802539783,82620.0,84039.0,1.0171750181554102,0.0,0.0,0.009354085,93888.0,2484.0,2.661532489657911,2.5606712733760597,RAW,2.661532489657911,0.03125,-349.30994599999997,-1.0,1.0,0.0,-1.0
matpower/case300,WARM_ACTIVESET_LAZY,exact,6,544.8013060000001,159.908613,388.0,66.2244905,513.4606425,628.6171375,1.0,0.0,1.0,1.0,,,,,7897.477053336865,2123.0441503779766,5124.539636105219,28838.103796034327,82620.0,82725.5,1.0012769305252966,1.0,1.0,0.01016342,93888.0,2484.0,1.0685120172968159,1.0835462783983998,RAW,1.0685120172968159,0.6875,-2.8586109999999962,-0.23809523809523808,1.0,0.0,-1.0
matpower/case300,WARM_BRANCH_HINTS,exact,6,571.578364,197.00548949999995,379.5,40.36857374999988,527.205451,655.416883,1.0,0.0,1.0,1.0,,,,,3986.17050546235,5149.72247247815,1073.5525726128244,26526.620921569152,4412340.0,4412340.0,1.0,1.0,1.0,0.006491245,93888.0,2484.0,1.0184548246826222,0.879510428566002,RAW,1.0184548246826222,1.0,32.75091699999999,0.047619047619047616,1.0,0.0,-1.0
matpower/case300,WARM_COMMIT_HINTS,exact,6,617.835971,202.83597099999997,370.0,171.81584974999998,513.6243784999999,737.6006179999999,1.0,0.0,1.0,1.0,,,,,3965.2935093291862,8074.026751024907,1421.9227337437444,13648.171329832623,4412340.0,4412340.0,1.0,1.0,1.0,0.005747245,93888.0,0.0,0.9422027363634999,0.8542290681764725,RAW,0.9422027363634999,0.84375,70.17605399999997,0.14285714285714285,1.0,0.0,-1.0
matpower/case300,WARM_GRU,exact,6,620.594154,251.094154,373.5,68.33298300000001,586.548419,764.3632485,1.0,0.0,1.0,1.0,,,,,3829.4306187897173,35393.14409666683,-285.26388700516424,45044.92855562297,4412340.0,4412340.0,1.0,1.0,1.0,0.005916695,93888.0,0.0,0.9380151887476529,0.6900534311125378,RAW,0.9380151887476529,0.4375,58.21238800000003,0.42857142857142855,1.0,0.0,-1.0
matpower/case300,WARM_LAZY,exact,6,671.9428875000001,273.44288750000004,394.0,376.42682725000003,454.2163465,1030.3257680000002,74.5,220.5,1.0,289.0,,,,,7007.072260850937,28345.704691866777,1923.4356461950651,43177.48150826471,82620.0,82620.0,1.0,1.0,1.0,0.008995514999999999,93888.0,0.0,0.866333662174525,0.6336547426196995,RAW,0.866333662174525,0.6875,75.97151700000006,0.23809523809523808,0.25,73.5,0.8
matpower/case300,WARM_LAZY_BANDIT,exact,6,377.649745,5.689561499999996,372.0,12.206262250000009,371.04636400000004,400.217195,1.0,0.0,1.0,1.0,,,,,-362477.14757757424,236629.41111343147,-492012.4459021877,-54029.16571844264,82620.0,82620.0,1.0,0.16666666666666666,0.16666666666666666,0.000253895,93888.0,0.0,1.5414461421124486,30.453732242809938,RAW,1.5414461421124486,0.03125,-187.94936399999997,-1.0,1.0,0.0,-1.0
matpower/case300,WARM_LAZY_BRANCH_HINTS,exact,6,502.5877815,102.0877815,394.0,71.07771149999996,451.2440545,561.8487225,1.0,0.0,1.0,1.0,,,,,3986.170505381947,5149.722472250225,1073.5525725810392,26526.620921035854,82620.0,82620.0,1.0,1.0,1.0,0.0070607050000000005,93888.0,2484.0,1.15825884338575,1.697248974893239,RAW,1.15825884338575,0.09375,-55.73956999999996,-0.8095238095238095,1.0,0.0,-1.0
matpower/case300,WARM_LAZY_COMMIT_GNN_T060,heuristic,6,383.4742305,7.742380499999996,371.5,12.636330500000042,368.866039,390.74238049999997,1.0,0.0,1.0,87.0,,,,,-324398.2259554736,502165.517213767,-587720.4838584776,-47806.506575343665,82620.0,82620.0,1.0,0.0,0.0,0.001501875,93888.0,0.0,1.5180335370671016,22.37921302111154,RAW,1.5180335370671016,0.03125,-207.10236549999996,-1.0,1.0,0.0,0.3333333333333333
matpower/case300,WARM_LAZY_COMMIT_GRU,exact,6,521.2854805,126.78548049999998,382.0,593.60355825,444.1852025,1210.5605845,1.0,297.75,1.0,1018.5,,,,,17056.28133248184,52104.62182635504,8028.034247353749,85604.59171221337,82620.0,82620.0,1.0,1.0,1.0,0.020423975,93888.0,0.0,1.116713901069416,1.3666263819538864,RAW,1.116713901069416,1.0,-50.43186399999999,0.047619047619047616,0.5,0.0,0.6666666666666666
matpower/case300,WARM_LAZY_COMMIT_HINTS,exact,6,521.956272,126.45627200000001,383.0,591.5002487500001,444.893893,1206.6897605,1.0,303.0,1.0,1015.0,,,,,17056.28133248184,52104.62182635504,8028.034247353749,85604.59171221337,82620.0,82620.0,1.0,1.0,1.0,0.020423975,93888.0,0.0,1.1152787574894778,1.370184173229462,RAW,1.1152787574894778,1.0,-49.81907549999997,0.047619047619047616,0.5,0.0,0.6666666666666666
matpower/case300,WARM_LAZY_GNN_T060,heuristic,6,381.80484850000005,7.859998999999988,370.5,11.469746999999984,371.29835549999996,389.359999,1.0,0.0,1.0,35.5,,,,,-316813.3015706783,505576.2756367823,-587720.4838584776,-48092.12995232569,82620.0,82620.0,1.0,0.0,0.0,0.001501875,93888.0,0.0,1.5246709013439883,22.044326277904137,RAW,1.5246709013439883,0.03125,-209.61904349999998,-1.0,1.0,0.0,-0.3333333333333333
matpower/case300,WARM_LAZY_GRU,exact,6,679.5911114999999,307.59111149999995,380.5,378.09863725,449.2747055,1013.536367,118.0,242.25,1.0,289.0,,,,,7007.072260850937,28602.64567996403,1923.4356461950651,43348.775500329546,82620.0,82620.0,1.0,1.0,1.0,0.008995514999999999,93888.0,0.0,0.8565838084831986,0.5633075079934486,RAW,0.8565838084831986,0.6875,83.61974099999998,0.23809523809523808,0.25,117.0,0.8
matpower/case300,WARM_LAZY_ML_STACK,heuristic,6,377.58456650000005,5.209156999999976,373.0,3.598976749999963,371.373229,382.72052907499983,1.0,0.0,1.0,1.0,,,,,-518774.62750805303,117626.78035505163,-593271.7302878825,-237768.397672015,82620.0,82620.0,1.0,0.0,0.0,0.0011130699999999999,93888.0,2484.0,1.5417122259418405,33.262269211697934,RAW,1.5417122259418405,0.03125,-209.64686849999998,-1.0,1.0,0.0,-1.0
matpower/case300,WARM_LAZY_TOPK128,exact,6,386.0018465,6.135264499999977,373.0,27.383669500000053,367.897322,410.931464,1.0,0.0,1.0,170.5,,,,,-152876.24576290688,336020.4725428312,-409291.7665689134,10475.82422707885,82620.0,82620.0,1.0,0.16666666666666666,0.16666666666666666,0.00201027,93888.0,0.0,1.5080931549377963,28.24138755549995,RAW,1.5080931549377963,0.03125,-171.19527849999997,-1.0,1.0,0.0,0.3333333333333333
matpower/case300,WARM_LPSCREEN_LAZY_T010,heuristic,6,380.647877,16.898938999999984,363.0,9.525114499999972,374.844896,399.42089,1.0,0.0,1.0,1.0,,,,,17376.373306714133,44514.90586066633,-22639.08688924406,44428.64402936305,82620.0,82620.0,1.0,0.3333333333333333,0.3333333333333333,0.02012785,93888.0,0.0,1.5293051076178732,10.253210719323866,RAW,1.5293051076178732,0.03125,-196.5504805,-1.0,1.0,0.0,-1.0
matpower/case300,WARM_LPSCREEN_LAZY_T020,heuristic,6,380.456764,17.617818999999997,363.5,20.893854499999975,372.560018,401.491635,1.0,0.0,1.0,1.0,,,,,-921.405308987953,2696.594806127594,-22626.781285779878,22624.070301232343,82620.0,82620.0,1.0,0.3333333333333333,0.3333333333333333,0.002937465,93888.0,0.0,1.5300733160312532,9.834837246312953,RAW,1.5300733160312532,0.03125,-191.58820099999994,-1.0,1.0,0.0,-1.0
matpower/case300,WARM_LPSCREEN_LAZY_T030,heuristic,6,451.35000349999996,72.864567,372.5,83.34350950000004,407.855674,536.8086635,48.5,175.25,1.0,219.0,,,,,35403.81046980263,32853.89847822665,5189.750693350115,48687.64282199448,82620.0,82620.0,1.0,0.6666666666666666,0.6666666666666666,0.036054964999999994,93888.0,0.0,1.2897457360936966,2.3779511720696838,RAW,1.2897457360936966,0.0625,-104.29535000000001,-0.9047619047619048,0.25,47.5,0.8
matpower/case300,WARM_LPSCREEN_LAZY_T050,heuristic,6,520.5591325,147.55913249999998,373.0,172.7932945,438.02572999999995,689.8342665,71.0,208.25,1.0,276.5,,,,,5702.619087812878,31038.082701826304,414.2240117029274,43287.03655100518,82620.0,82620.0,1.0,1.0,1.0,0.00858827,93888.0,0.0,1.118272077380181,1.1742301514275981,RAW,1.118272077380181,0.84375,-46.94672900000003,-0.14285714285714285,0.25,70.0,0.8
matpower/case300,WARM_LPSCREEN_LAZY_T080,heuristic,6,595.0070175000001,191.00701750000002,386.5,149.87459025000004,457.78391450000004,811.063431,115.0,286.5,1.0,337.5,,,,,5400.376093179515,30566.799535332753,815.1113853443344,43177.48150825002,82620.0,82620.0,1.0,0.8333333333333334,0.8333333333333334,0.008295205,93888.0,0.0,0.9783527343019949,0.9071309775307075,RAW,0.9783527343019949,0.84375,1.9271815000000743,0.14285714285714285,0.25,114.0,0.8
matpower/case300,WARM_LPSCREEN_T010,heuristic,6,156.69410249999999,16.440112999999997,140.0,60.08006124999997,127.385141,215.4514635,0.0,0.0,0.0,0.0,,,,,30280.195770084123,37100.703476609604,7811.218576869479,50544.68318701139,91800.0,91800.0,1.0,0.0,0.0,0.048807505,93888.0,0.0,3.7150520230970403,10.539366882697218,RAW,3.7150520230970403,0.03125,-414.83694849999995,-1.0,0.03125,-1.0,-1.0
matpower/case300,WARM_LPSCREEN_T020,heuristic,6,198.28366649999998,17.449020999999995,180.0,87.94591600000001,126.78529599999999,261.0332315,0.0,0.0,0.0,0.0,,,,,32732.59943058817,30861.586667628646,6565.962434428014,48858.28065478834,98676.0,98676.0,1.0,0.16666666666666666,0.16666666666666666,0.043927595,93888.0,0.0,2.93582801233908,9.929977303597722,RAW,2.93582801233908,0.03125,-356.85128799999995,-1.0,0.03125,-1.0,-1.0
matpower/case300,WARM_LPSCREEN_T030,heuristic,6,386.8081105,22.526437500000014,361.0,15.343250249999983,380.551605,407.643291,1.0,0.0,0.5,43.5,,,,,13865.177580521147,37096.532174241314,854.4972946297089,46112.76011338507,223668.0,223668.0,1.0,0.6666666666666666,0.6666666666666666,0.01456229,93888.0,0.0,1.5049496809865883,7.691779159487596,RAW,1.5049496809865883,0.03125,-190.097065,-1.0,1.0,0.0,-0.3333333333333333
matpower/case300,WARM_LPSCREEN_T050,heuristic,6,396.944157,34.63238100000001,362.0,20.485839250000026,393.6190745,433.45124799999996,1.0,0.0,1.0,96.5,,,,,5232.642155588627,34390.5085272185,-27.23921759768058,45044.928555732535,531108.0,531108.0,1.0,1.0,1.0,0.007494875,93888.0,0.0,1.4665204972396153,5.0030745070632,RAW,1.4665204972396153,0.03125,-162.18608349999997,-1.0,1.0,0.0,0.3333333333333333
matpower/case300,WARM_LPSCREEN_T080,heuristic,6,470.74735699999997,104.893666,367.5,17.53578399999998,445.704031,484.21581100000003,1.0,0.0,1.0,1.0,,,,,3829.430618810655,35384.943210279154,-279.79662955064026,45044.928555425824,1863216.0,1863216.0,1.0,1.0,1.0,0.00593849,93888.0,0.0,1.2366011913689832,1.6518479056685842,RAW,1.2366011913689832,0.03125,-97.91093149999998,-1.0,1.0,0.0,-1.0
matpower/case300,WARM_PRUNE_LAZY_T010,heuristic,6,376.3051015,6.786712499999993,367.0,6.843670250000002,371.1569195,385.499263,1.0,0.0,1.0,1.0,,,,,-951.8387173435087,34461.66863860664,-67876.59725221373,36121.2507416457,82620.0,82620.0,1.0,0.16666666666666666,0.16666666666666666,0.0028838600000000002,93888.0,0.0,1.54695416081145,25.530532271700054,RAW,1.54695416081145,0.03125,-208.27784549999998,-1.0,1.0,0.0,-1.0
matpower/case300,WARM_PRUNE_LAZY_T020,heuristic,6,375.3474145,10.310918500000014,366.0,9.431277000000023,366.236601,385.27390749999995,1.0,0.0,1.0,1.0,,,,,1564.1029940482397,24474.271016336104,-59019.46885148437,37651.52662013853,82620.0,82620.0,1.0,0.16666666666666666,0.16666666666666666,0.00693363,93888.0,0.0,1.5509011651923872,16.8043596213082,RAW,1.5509011651923872,0.03125,-203.0397075,-1.0,1.0,0.0,-1.0
matpower/case300,WARM_PRUNE_LAZY_T030,heuristic,6,400.73312799999997,19.233589999999992,382.5,33.306802000000005,392.509838,437.5498255,1.0,160.5,1.0,227.5,,,,,20668.550620596376,35939.64523847932,-429.4190184509803,43957.776909694876,82620.0,82620.0,1.0,0.3333333333333333,0.3333333333333333,0.022737300000000002,93888.0,0.0,1.4526544022085441,9.008634503491031,RAW,1.4526544022085441,0.03125,-144.57691699999998,-1.0,0.5,0.0,0.6666666666666666
matpower/case300,WARM_PRUNE_LAZY_T050,heuristic,6,451.967367,70.46736700000002,382.0,51.89089224999998,425.12094,632.9969625,1.0,168.0,1.0,267.5,,,,,10576.740290695958,28747.885059063694,299.34254142498526,43002.01699256333,82620.0,82620.0,1.0,0.5,0.5,0.01581589,93888.0,0.0,1.2879840116864012,2.458845702295077,RAW,1.2879840116864012,0.3125,-94.1026345,-0.5238095238095238,0.5,0.0,0.6666666666666666
matpower/case300,WARM_PRUNE_LAZY_T080,heuristic,6,515.9968114999999,147.49681149999998,372.0,130.55196575000008,423.674837,722.0566289999999,72.0,209.5,1.0,299.0,,,,,4888.999397086482,35168.56549417997,297.24542312106485,46353.0675252908,82620.0,82620.0,1.0,0.8333333333333334,0.8333333333333334,0.008278575,93888.0,0.0,1.1281595729395317,1.1747262923036137,RAW,1.1281595729395317,0.3125,-60.301210499999996,-0.5238095238095238,0.25,71.0,0.8
matpower/case300,WARM_PRUNE_T010,heuristic,6,133.669654,7.908599000000002,127.0,36.57644250000001,90.92432199999999,161.051381,0.0,0.0,0.0,0.0,,,,,46948.776076952796,16042.987148915458,-32045.659220539877,47922.311689767914,91296.0,91296.0,1.0,0.0,0.0,0.04698051,93888.0,0.0,4.35496558179166,21.908859268247124,RAW,4.35496558179166,0.03125,-448.45708849999994,-1.0,0.03125,-1.0,-1.0
matpower/case300,WARM_PRUNE_T020,heuristic,6,146.161176,9.320262500000005,138.5,44.07344499999999,102.0868045,178.8541315,0.0,0.0,0.0,0.0,,,,,44440.42757355394,17631.576514218632,-23415.959791004592,49831.01225552715,93240.0,93240.0,1.0,0.0,0.0,0.047794699999999996,93888.0,0.0,3.9827727063443983,18.59050455928681,RAW,3.9827727063443983,0.03125,-403.272611,-1.0,0.03125,-1.0,-1.0
matpower/case300,WARM_PRUNE_T030,heuristic,6,311.1465785,8.515438499999988,302.5,100.20629425000004,220.06587050000002,370.20217,0.0,0.0,0.0,0.5,,,,,19927.05003948486,26045.979200666403,4994.928914217622,40761.62286942075,160308.0,160308.0,1.0,0.16666666666666666,0.16666666666666666,0.034513245,93888.0,0.0,1.8709083844224244,20.347558437536744,RAW,1.8709083844224244,0.03125,-258.39405,-1.0,0.03125,-1.0,-1.0
matpower/case300,WARM_PRUNE_T050,heuristic,6,383.636616,22.325095000000005,361.5,4.053463500000021,379.3958725,387.76620049999997,1.0,0.0,1.0,1.0,,,,,3572.749069377497,35440.89310860721,-6951.985132923674,41988.543322981684,380124.0,380124.0,1.0,0.5,0.5,0.00591476,93888.0,0.0,1.5173909846499114,7.76114872075572,RAW,1.5173909846499114,0.03125,-196.60323499999998,-1.0,1.0,0.0,-1.0
matpower/case300,WARM_PRUNE_T080,heuristic,6,453.26518599999997,79.765186,365.5,34.741281249999986,427.97983650000003,477.2675765,1.0,0.0,1.0,1.0,,,,,3829.4306188741207,35477.13661975841,-871.1255288102923,45044.928555717954,1732068.0,1732068.0,1.0,0.8333333333333334,0.8333333333333334,0.0060196649999999996,93888.0,0.0,1.2842961702776794,2.1722306583726887,RAW,1.2842961702776794,0.03125,-110.77493849999996,-1.0,1.0,0.0,-1.0
matpower/case300,WARM_SR_LAZY,exact,6,694.3215005,321.3215005,373.0,173.49573299999997,569.9470455000001,917.9640885,1.0,0.0,1.0,1.0,,,,,37666.34458045958,31988.3096851738,3637.6252894166014,47288.76060219214,3392748.0,3392748.0,1.0,1.0,1.0,0.037745135,93888.0,0.0,0.8384109408693157,0.5392368149357624,RAW,0.8384109408693157,0.21875,150.56692800000005,0.6190476190476191,1.0,0.0,-1.0
matpower/case3375wp,LAZY_ALL,exact,6,3610.5235384999996,2512.396813,1098.0,4.413199500000246,3608.1673119999996,3634.1262965,253.0,531.0,29.0,727.5,,,,,,,,,796104.0,796104.0,1.0,0.5,0.5,0.86254041,0.0,0.0,,,LAZY_ALL,1.0,,,,,,
matpower/case3375wp,LAZY_BANDIT,exact,6,3612.807552,2515.807552,1108.0,190.75752299999976,3607.514534,5841.17893,653.5,288.75,440.0,939.5,,,,,,,,,796104.0,796104.0,1.0,0.0,0.0,0.63668553,0.0,0.0,,,LAZY_ALL,0.9993678009506107,,,,,,
matpower/case3375wp,LAZY_COMMIT_HINTS,exact,6,3612.7007089999997,2484.8504175,1127.5,4.698834499999975,3612.3504175,3626.4118344999997,199.0,747.5,1.0,1360.5,,,,,,,,,796104.0,796104.0,1.0,1.0,1.0,0.74432191,0.0,0.0,,,LAZY_ALL,0.9993973565276038,,,,,,
matpower/case3375wp,LAZY_GNN_T080,heuristic,6,3644.246593,2462.9780849999997,1158.5,43.28295150000031,3618.4224292999997,3862.4956755000003,60.5,320.5,7.5,597.0,,,,,,,,,796104.0,796104.0,1.0,0.5,0.5,0.86254041,0.0,0.0,,,LAZY_ALL,0.9907462204767437,,,,,,
matpower/case3375wp,STREDUCE_LAZY_GRU,heuristic,6,,,,,,,,,,,,,,,,,,,389451838.5,389451838.5,1.0,0.0,0.0,,,,,,LAZY_ALL,,,,,,,
matpower/case3375wp,WARM_LAZY_GRU,exact,6,3800.7272265,2671.0488905,1130.5,2.4565504999995937,3796.570264,3802.8721349999996,183.5,126.5,93.5,536.5,,,,,,,,,796104.0,796104.0,1.0,0.8333333333333334,0.8333333333333334,0.86254041,910440.0,0.0,,,LAZY_ALL,0.9499559750897582,,,,,,
matpower/case3375wp,WARM_PRUNE_LAZY_T030,heuristic,6,3853.8051815,2727.4930329999997,1124.0,1.6668705000001864,3850.785073,3854.9098425,301.0,143.25,226.0,632.5,,,,,,,,,796104.0,796104.0,1.0,0.16666666666666666,0.16666666666666666,0.81196365,910440.0,0.0,,,LAZY_ALL,0.9368723556219547,,,,,,
matpower/case57,ACTIVESET,exact,6,2.1560155,2.1560155,0.0,1.6955667500000002,0.6918770000000001,2.800572,0.0,0.0,0.0,0.0,,,,,0.0,424.37508756105063,-1690.382415608003,7.117934636199582,13572.0,13572.0,1.0,0.6666666666666666,0.6666666666666666,0.00187203,0.0,0.0,28.933014628141585,3.3631884835707364,RAW,28.933014628141585,0.03125,-60.187737,-1.0,0.125,-1.0,-1.0
matpower/case57,ACTIVESET_B500,exact,6,2.1663445,2.1663445,0.0,1.654378,0.6772355,2.7925389999999997,0.0,0.0,0.0,0.0,,,,,0.0,424.37508756105063,-1690.382415608003,7.117934636199582,13572.0,13572.0,1.0,0.6666666666666666,0.6666666666666666,0.00187203,0.0,0.0,28.795063758326524,3.347153003596613,RAW,28.795063758326524,0.03125,-60.1924665,-1.0,0.125,-1.0,-1.0
matpower/case57,ACTIVESET_B5000,exact,6,2.184038,2.184038,0.0,1.7206377499999999,0.669767,2.850103,0.0,0.0,0.0,0.0,,,,,0.0,424.37508756105063,-1690.382415608003,7.117934636199582,13572.0,13572.0,1.0,0.6666666666666666,0.6666666666666666,0.00187203,0.0,0.0,28.561786928615707,3.3200367850742536,RAW,28.561786928615707,0.03125,-60.176071,-1.0,0.125,-1.0,-1.0
matpower/case57,ACTIVESET_LAZY,exact,6,4.143264,2.9084250000000003,0.0,3.5732192499999993,0.709004,6.1078215,0.0,0.0,0.0,0.0,,,,,3.558967318099791,364.4919912795148,0.0,1436.6141612094605,13572.0,13572.0,1.0,0.6666666666666666,0.6666666666666666,0.002653415,0.0,0.0,15.05576955752759,2.4931316777981216,RAW,15.05576955752759,0.03125,-57.636531500000004,-1.0,0.125,-1.0,-1.0
matpower/case57,ACTIVESET_LAZY_TOPK128,exact,6,4.1282915,2.8618985,0.0,3.5200219999999995,0.7177205,6.0415665,0.0,0.0,0.0,0.0,,,,,3.558967318099791,364.4919912795148,0.0,1436.6141612094605,13572.0,13572.0,1.0,0.6666666666666666,0.6666666666666666,0.002653415,0.0,0.0,15.110373867736811,2.533663056184558,RAW,15.110373867736811,0.03125,-57.678385,-1.0,0.125,-1.0,-1.0
matpower/case57,ACTIVESET_NOCLEAN,exact,6,2.194454,2.194454,0.0,1.5982644999999995,0.7239935,2.784324,0.0,0.0,0.0,0.0,,,,,0.0,424.37508756105063,-1690.382415608003,7.117934636199582,13572.0,13572.0,1.0,0.6666666666666666,0.6666666666666666,0.00187203,0.0,0.0,28.426218093430073,3.3042781940291315,RAW,28.426218093430073,0.03125,-60.185574,-1.0,0.125,-1.0,-1.0
matpower/case57,LAZY_ALL,exact,6,3.3763025,2.155216,0.0,3.4609127500000003,0.14675850000000001,5.3743455,0.0,0.0,0.0,0.0,,,,,3.558967318099791,364.4919912795148,0.0,1436.6141612094605,13572.0,13572.0,1.0,0.6666666666666666,0.6666666666666666,0.002653415,0.0,0.0,18.475840953232122,3.3644360936444437,RAW,18.475840953232122,0.03125,-58.3744765,-1.0,0.125,-1.0,-1.0
matpower/case57,LAZY_BANDIT,exact,6,3.445454,2.2230939999999997,0.0,3.492362,0.125823,5.4008959999999995,0.0,0.0,0.0,0.0,,,,,3.558967318099791,364.4919912795148,0.0,1436.6141612094605,13572.0,13572.0,1.0,0.6666666666666666,0.6666666666666666,0.002653415,0.0,0.0,18.105024185491956,3.2617093564194786,RAW,18.105024185491956,0.03125,-58.312774000000005,-1.0,0.125,-1.0,-1.0
matpower/case57,LAZY_COMMIT_GNN_T060,heuristic,6,2.9607935,2.9607935,0.0,2.1966674999999998,0.16461599999999998,3.288583,0.0,0.0,0.0,0.0,,,,,932.5105596227548,6770.119418509795,0.0,21528.121924119845,13572.0,13572.0,1.0,0.6666666666666666,0.6666666666666666,0.004374805,0.0,0.0,21.068685810070846,2.449034861769321,RAW,21.068685810070846,0.03125,-59.4192345,-1.0,0.125,-1.0,-1.0
matpower/case57,LAZY_COMMIT_HINTS,exact,6,2.8980550000000003,2.8980550000000003,0.0,2.19686,0.13305050000000002,3.2734935,0.0,0.0,0.0,0.0,,,,,932.5105596227548,6770.119418509795,0.0,21528.121924119845,13572.0,13572.0,1.0,0.6666666666666666,0.6666666666666666,0.004374805,0.0,0.0,21.52479093737006,2.502052756072608,RAW,21.52479093737006,0.03125,-59.481972999999996,-1.0,0.125,-1.0,-1.0
matpower/case57,LAZY_GNN_T060,heuristic,6,3.4493194999999996,2.273386,0.0,3.3754314999999995,0.15827049999999998,5.3916085,0.0,0.0,0.0,0.0,,,,,3.558967318099791,364.4919912795148,0.0,1436.6141612094605,13572.0,13572.0,1.0,0.6666666666666666,0.6666666666666666,0.002653415,0.0,0.0,18.084734684624024,3.18955359978464,RAW,18.084734684624024,0.03125,-58.3212435,-1.0,0.125,-1.0,-1.0
matpower/case57,LAZY_GNN_T080,heuristic,6,3.431272,2.19367,0.0,3.4466155,0.1603905,5.3800585,0.0,0.0,0.0,0.0,,,,,3.558967318099791,364.4919912795148,0.0,1436.6141612094605,13572.0,13572.0,1.0,0.6666666666666666,0.6666666666666666,0.002653415,0.0,0.0,18.179855167413134,3.3054591164578095,RAW,18.179855167413134,0.03125,-58.33323849999999,-1.0,0.125,-1.0,-1.0
matpower/case57,LAZY_TOPK128,exact,6,3.4078014999999997,2.2097835,0.0,3.4649769999999993,0.1262725,5.3915285,0.0,0.0,0.0,0.0,,,,,3.558967318099791,364.4919912795148,0.0,1436.6141612094605,13572.0,13572.0,1.0,0.6666666666666666,0.6666666666666666,0.002653415,0.0,0.0,18.305065010388663,3.2813560694973076,RAW,18.305065010388663,0.03125,-58.364408,-1.0,0.125,-1.0,-1.0
matpower/case57,RAW,exact,6,62.380027999999996,7.251086500000003,53.5,50.787252,3.3801485,71.3252635,1.0,0.75,0.0,1.0,,,,,0.0,0.0,0.0,0.0,455508.0,455508.0,1.0,0.6666666666666666,0.6666666666666666,0.0,0.0,0.0,1.0,1.0,RAW,1.0,,,,,,
matpower/case57,RAW_COMMIT_HINTS,exact,6,62.6336135,0.0,355.0,45.52193175000001,4.684387,67.685186,0.5,1.0,0.0,1.0,,,,,7113.815566563286,6405.113549888624,469.9835386698243,21931.03455349683,455508.0,455508.0,1.0,0.6666666666666666,0.6666666666666666,0.01440314,0.0,0.0,0.9959512874025701,,RAW,0.9959512874025701,1.0,0.6149015000000033,0.047619047619047616,1.0,0.0,-1.0
matpower/case57,RAW_GNN,heuristic,6,1.5595534999999998,1.5595534999999998,0.0,1.6077942499999998,0.1906485,2.1807904999999996,0.0,0.0,0.0,0.0,,,,,0.0,424.37508756105063,-1690.382415608003,7.117934636199582,13572.0,13572.0,1.0,0.6666666666666666,0.6666666666666666,0.00187203,0.0,0.0,39.998645766240145,4.649463131595039,RAW,39.998645766240145,0.03125,-60.7687175,-1.0,0.125,-1.0,-1.0
matpower/case57,SHRINK_LAZY,heuristic,6,0.508287,,,0.30426475,0.1529335,0.620055,0.0,0.0,0.0,0.0,,,,,18698.630906979306,4989.3770002642705,9867.874259226715,23831.884233517674,3016.0,3016.0,1.0,0.6666666666666666,0.6666666666666666,0.027844255,0.0,0.0,122.72599535301904,,RAW,122.72599535301904,0.03125,-61.759973,-1.0,0.125,-1.0,-1.0
matpower/case57,STREDUCE,heuristic,6,61.2555455,8.132747500000004,52.0,43.798233499999995,3.7414905000000003,68.13274750000001,1.0,0.75,0.0,1.0,,,,,6199.524836281924,6155.966262882271,2775.823603510404,21931.03455349683,455724.5,455724.5,1.0,0.6666666666666666,0.6666666666666666,0.000191985,16452.0,0.0,1.018357235917522,0.8915912488368782,RAW,1.018357235917522,1.0,0.060254000000002916,-0.047619047619047616,1.0,0.0,0.0
matpower/case57,STREDUCE_AGGRESSIVE,heuristic,6,32.072221,6.187683,25.5,56.827028750000004,3.654552,60.791264999999996,0.5,1.0,0.0,1.0,,,,,6256.787003234096,8429.505351017404,5072.0238514620205,21931.03455349683,455747.0,455747.0,1.0,0.5,0.5,0.0,16452.0,0.0,1.944986223436163,1.1718581090854208,RAW,1.944986223436163,0.15625,-1.704225000000001,-0.7142857142857143,1.0,0.0,-1.0
matpower/case57,STREDUCE_CONSERVATIVE,heuristic,6,61.294352,6.990717,51.5,44.08305025,3.826895,65.490717,1.0,0.75,0.0,1.0,,,,,12692.425058300378,8730.22830133948,0.0,21931.03455349683,455687.5,455687.5,1.0,0.6666666666666666,0.6666666666666666,0.01321747,16452.0,0.0,1.0177124965771722,1.0372450350943978,RAW,1.0177124965771722,0.5625,-0.40964300000000153,-0.3333333333333333,1.0,0.0,0.0
matpower/case57,STREDUCE_GRU,heuristic,6,60.2943915,7.958451999999998,50.0,43.24945925,3.6093755,66.958452,1.0,0.75,0.0,1.0,,,,,6199.524836281924,6155.966262882271,2775.823603510404,21931.03455349683,455724.5,455724.5,1.0,0.6666666666666666,0.6666666666666666,0.000191985,16452.0,0.0,1.034590887280121,0.9111177022868273,RAW,1.034590887280121,0.5625,-0.4840399999999989,-0.3333333333333333,1.0,0.0,0.0
matpower/case57,STREDUCE_LAZY,heuristic,6,61.2066425,6.032273999999994,54.0,50.186713749999996,3.6079939999999997,72.532274,1.0,0.75,0.0,1.0,,,,,6199.524836281924,6155.966262882271,2775.823603510404,21931.03455349683,455724.5,455724.5,1.0,0.6666666666666666,0.6666666666666666,0.000191985,16452.0,0.0,1.0191708849247856,1.202048597261996,RAW,1.0191708849247856,1.0,-0.026175000000002058,-0.047619047619047616,1.0,0.0,0.0
matpower/case57,STREDUCE_LAZY_AGGRESSIVE,heuristic,6,31.7728605,4.852250499999999,26.5,59.397412499999994,3.596405,66.29741,0.5,1.0,0.0,1.0,,,,,6256.787003234096,8429.505351017404,5072.0238514620205,21931.03455349683,455747.0,455747.0,1.0,0.5,0.5,0.0,16452.0,0.0,1.9633116760135587,1.4943759601858981,RAW,1.9633116760135587,0.5625,-1.1047479999999992,-0.3333333333333333,1.0,0.0,-1.0
matpower/case57,STREDUCE_LAZY_CONSERVATIVE,heuristic,6,60.387299,6.227540499999996,53.0,50.63100575,3.7221615,71.22279449999999,1.0,0.75,0.0,1.0,,,,,12692.425058300378,8730.22830133948,0.0,21931.03455349683,455687.5,455687.5,1.0,0.6666666666666666,0.6666666666666666,0.01321747,16452.0,0.0,1.0329991410942225,1.1643579837015925,RAW,1.0329991410942225,1.0,0.3420129999999999,-0.047619047619047616,1.0,0.0,0.0
matpower/case57,STREDUCE_LAZY_GRU,heuristic,6,60.177874,6.261944500000002,51.5,43.565821,3.5554449999999997,65.2619445,1.0,0.75,0.0,1.0,,,,,6199.524836281924,6155.966262882271,2775.823603510404,21931.03455349683,455724.5,455724.5,1.0,0.6666666666666666,0.6666666666666666,0.000191985,16452.0,0.0,1.0365940810737182,1.1579608378835042,RAW,1.0365940810737182,0.15625,-1.3983494999999984,-0.7142857142857143,1.0,0.0,0.0
matpower/case57,WARM,exact,6,61.351631,6.274933499999996,54.0,49.31703374999999,3.55865,70.161053,1.0,0.75,0.0,1.0,,,,,16229.239918243513,17070.483952418854,0.0,34071.16799815551,455508.0,455508.0,1.0,0.6666666666666666,0.6666666666666666,0.018615875,16452.0,0.0,1.01676234165641,1.1555638796809573,RAW,1.01676234165641,0.3125,-0.47615300000000715,-0.5238095238095238,1.0,0.0,0.0
matpower/case57,WARM_ACTIVESET,exact,6,2.382958,2.382958,0.0,1.6622985,0.9284055,3.070361,0.0,0.0,0.0,0.0,,,,,0.0,424.37508756105063,-1690.382415608003,7.117934636199582,13572.0,13572.0,1.0,0.6666666666666666,0.6666666666666666,0.00187203,16452.0,252.0,26.17756082985936,3.0428931185526573,RAW,26.17756082985936,0.03125,-59.9352825,-1.0,0.125,-1.0,-1.0
matpower/case57,WARM_ACTIVESET_LAZY,exact,6,4.402024,3.187753,0.0,3.4810974999999997,0.945649,6.285807999999999,0.0,0.0,0.0,0.0,,,,,3.558967318099791,364.4919912795148,0.0,1436.6141612094605,13572.0,13572.0,1.0,0.6666666666666666,0.6666666666666666,0.002653415,16452.0,252.0,14.170760541060202,2.2746701203010407,RAW,14.170760541060202,0.03125,-57.399262,-1.0,0.125,-1.0,-1.0
matpower/case57,WARM_BRANCH_HINTS,exact,6,61.534312,6.315122500000001,54.0,49.853924250000006,3.5684750000000003,70.95873,1.0,0.75,0.0,1.0,,,,,16229.239918243513,17070.483952418854,0.0,34071.16799815551,455508.0,455508.0,1.0,0.6666666666666666,0.6666666666666666,0.018615875,16452.0,252.0,1.013743811745226,1.1482099515884294,RAW,1.013743811745226,0.5625,-0.27826350000000066,-0.3333333333333333,1.0,0.0,0.0
matpower/case57,WARM_COMMIT_HINTS,exact,6,62.1353105,6.207590500000002,54.5,50.390780250000006,3.634728,71.70759050000001,1.0,0.75,0.0,1.0,,,,,5869.087638611847,8389.701326483239,0.0,21931.03455349683,455508.0,455508.0,1.0,0.6666666666666666,0.6666666666666666,0.009258465,16452.0,0.0,1.0039384610462354,1.1681000059523903,RAW,1.0039384610462354,1.0,0.04015250000000292,0.047619047619047616,1.0,0.0,0.0
matpower/case57,WARM_GRU,exact,6,61.440684000000005,6.159944499999998,54.0,49.705647,3.5977685,70.8675445,1.0,0.75,0.0,1.0,,,,,16229.239918243513,17070.483952418854,0.0,34071.16799815551,455508.0,455508.0,1.0,0.6666666666666666,0.6666666666666666,0.018615875,16452.0,0.0,1.0152886318778611,1.1771350374991212,RAW,1.0152886318778611,0.4375,-0.3845259999999997,-0.42857142857142855,1.0,0.0,0.0
matpower/case57,WARM_LAZY,exact,6,3.6772194999999996,2.4425405,0.0,3.44267875,0.3719765,5.605382,0.0,0.0,0.0,0.0,,,,,3.558967318099791,364.4919912795148,0.0,1436.6141612094605,13572.0,13572.0,1.0,0.6666666666666666,0.6666666666666666,0.002653415,16452.0,0.0,16.963911999270103,2.968665821508386,RAW,16.963911999270103,0.03125,-58.09258749999999,-1.0,0.125,-1.0,-1.0
matpower/case57,WARM_LAZY_BANDIT,exact,6,3.6562975,2.4333795,0.0,3.5171554999999994,0.3639385,5.651365,0.0,0.0,0.0,0.0,,,,,3.558967318099791,364.4919912795148,0.0,1436.6141612094605,13572.0,13572.0,1.0,0.6666666666666666,0.6666666666666666,0.002653415,16452.0,0.0,17.0609825923629,2.979842026284845,RAW,17.0609825923629,0.03125,-58.1004425,-1.0,0.125,-1.0,-1.0
matpower/case57,WARM_LAZY_BRANCH_HINTS,exact,6,3.6979385000000002,2.4315405,0.0,3.438995,0.377014,5.5900105,0.0,0.0,0.0,0.0,,,,,3.558967318099791,364.4919912795148,0.0,1436.6141612094605,13572.0,13572.0,1.0,0.6666666666666666,0.6666666666666666,0.002653415,16452.0,252.0,16.868865720725207,2.9820957125739844,RAW,16.868865720725207,0.03125,-58.103311000000005,-1.0,0.125,-1.0,-1.0
matpower/case57,WARM_LAZY_COMMIT_GNN_T060,heuristic,6,3.694148,2.397141,0.0,3.525652,0.362283,5.5989515,0.0,0.0,0.0,0.0,,,,,3.558967318099791,364.4919912795148,0.0,1436.6141612094605,13572.0,13572.0,1.0,0.6666666666666666,0.6666666666666666,0.002653415,16452.0,0.0,16.886174565826813,3.0248894412135137,RAW,16.886174565826813,0.03125,-58.0726045,-1.0,0.125,-1.0,-1.0
matpower/case57,WARM_LAZY_COMMIT_GRU,exact,6,3.6484615,2.4196884999999995,0.0,3.50537875,0.3856265,5.649648,0.0,0.0,0.0,0.0,,,,,3.558967318099791,364.4919912795148,0.0,1436.6141612094605,13572.0,13572.0,1.0,0.6666666666666666,0.6666666666666666,0.002653415,16452.0,0.0,17.09762539634857,2.9967024681069505,RAW,17.09762539634857,0.03125,-58.0790585,-1.0,0.125,-1.0,-1.0
matpower/case57,WARM_LAZY_COMMIT_HINTS,exact,6,3.6472595,2.4502335,0.0,3.453905,0.37886949999999997,5.6421335,0.0,0.0,0.0,0.0,,,,,3.558967318099791,364.4919912795148,0.0,1436.6141612094605,13572.0,13572.0,1.0,0.6666666666666666,0.6666666666666666,0.002653415,16452.0,0.0,17.1032601327106,2.959345099150756,RAW,17.1032601327106,0.03125,-58.112379,-1.0,0.125,-1.0,-1.0
matpower/case57,WARM_LAZY_GNN_T060,heuristic,6,3.6883235,2.4058295000000003,0.0,3.4736725,0.3790215,5.600218,0.0,0.0,0.0,0.0,,,,,3.558967318099791,364.4919912795148,0.0,1436.6141612094605,13572.0,13572.0,1.0,0.6666666666666666,0.6666666666666666,0.002653415,16452.0,0.0,16.91284075271597,3.013965245666828,RAW,16.91284075271597,0.03125,-58.1268865,-1.0,0.125,-1.0,-1.0
matpower/case57,WARM_LAZY_GRU,exact,6,3.6644360000000002,2.4388949999999996,0.0,3.4005122500000002,0.37864,5.57544,0.0,0.0,0.0,0.0,,,,,3.558967318099791,364.4919912795148,0.0,1436.6141612094605,13572.0,13572.0,1.0,0.6666666666666666,0.6666666666666666,0.002653415,16452.0,0.0,17.023091138718208,2.973103188124132,RAW,17.023091138718208,0.03125,-58.088691,-1.0,0.125,-1.0,-1.0
matpower/case57,WARM_LAZY_ML_STACK,heuristic,6,3.6701135000000003,2.4591085,0.0,3.4639759999999997,0.387435,5.644666,0.0,0.0,0.0,0.0,,,,,3.558967318099791,364.4919912795148,0.0,1436.6141612094605,13572.0,13572.0,1.0,0.6666666666666666,0.6666666666666666,0.002653415,16452.0,252.0,16.996757184757364,2.9486647295147828,RAW,16.996757184757364,0.03125,-58.0604375,-1.0,0.125,-1.0,-1.0
matpower/case57,WARM_LAZY_TOPK128,exact,6,3.6481775,2.389508,0.0,3.418769,0.3764505,5.5557745,0.0,0.0,0.0,0.0,,,,,3.558967318099791,364.4919912795148,0.0,1436.6141612094605,13572.0,13572.0,1.0,0.6666666666666666,0.6666666666666666,0.002653415,16452.0,0.0,17.098956396721377,3.034552091895069,RAW,17.098956396721377,0.03125,-58.1502105,-1.0,0.125,-1.0,-1.0
matpower/case57,WARM_LPSCREEN_LAZY_T010,heuristic,6,4.122958,2.827668,0.0,3.8409122500000006,0.5465975000000001,6.107474,0.0,0.0,0.0,0.0,,,,,3.558967318099791,364.4919912795148,0.0,1436.6141612094605,13572.0,13572.0,1.0,0.6666666666666666,0.6666666666666666,0.002653415,16452.0,0.0,15.12992079958127,2.564334462178729,RAW,15.12992079958127,0.03125,-57.516761,-1.0,0.125,-1.0,-1.0
matpower/case57,WARM_LPSCREEN_LAZY_T020,heuristic,6,4.0149925,2.8109135,0.0,3.6628712500000002,0.49555499999999997,6.016159999999999,0.0,0.0,0.0,0.0,,,,,3.558967318099791,364.4919912795148,0.0,1436.6141612094605,13572.0,13572.0,1.0,0.6666666666666666,0.6666666666666666,0.002653415,16452.0,0.0,15.536773231830445,2.579619223430391,RAW,15.536773231830445,0.03125,-57.7294795,-1.0,0.125,-1.0,-1.0
matpower/case57,WARM_LPSCREEN_LAZY_T030,heuristic,6,4.1832985,2.8002405,0.0,3.7415572500000005,0.4939555,5.9914395,0.0,0.0,0.0,0.0,,,,,3.558967318099791,364.4919912795148,0.0,1436.6141612094605,13572.0,13572.0,1.0,0.6666666666666666,0.6666666666666666,0.002653415,16452.0,0.0,14.91168464311117,2.5894513346264376,RAW,14.91168464311117,0.03125,-57.688795999999996,-1.0,0.125,-1.0,-1.0
matpower/case57,WARM_LPSCREEN_LAZY_T050,heuristic,6,4.1740205,2.900148,0.0,3.7061757500000003,0.517852,6.070918000000001,0.0,0.0,0.0,0.0,,,,,3.558967318099791,364.4919912795148,0.0,1436.6141612094605,13572.0,13572.0,1.0,0.6666666666666666,0.6666666666666666,0.002653415,16452.0,0.0,14.944830290124353,2.5002470563571246,RAW,14.944830290124353,0.03125,-57.619804,-1.0,0.125,-1.0,-1.0
matpower/case57,WARM_LPSCREEN_LAZY_T080,heuristic,6,4.2716315,3.19368,0.0,4.05953975,0.6004105,6.586964999999999,0.0,0.0,0.0,0.0,,,,,3.558967318099791,364.4919912795148,0.0,1436.6141612094605,13572.0,13572.0,1.0,0.6666666666666666,0.6666666666666666,0.002653415,16452.0,0.0,14.60332615301671,2.270448667368053,RAW,14.60332615301671,0.03125,-57.215111500000006,-1.0,0.125,-1.0,-1.0
matpower/case57,WARM_LPSCREEN_T010,heuristic,6,2.916811,2.916811,0.0,0.8153347499999999,2.2672015,3.723764,0.0,0.0,0.0,0.0,,,,,0.0,424.37508756105063,-1690.382415608003,7.117934636199582,13572.0,13572.0,1.0,0.6666666666666666,0.6666666666666666,0.00187203,16452.0,0.0,21.38637985114565,2.485963780306644,RAW,21.38637985114565,0.15625,-60.036305999999996,-0.7142857142857143,0.125,-1.0,-1.0
matpower/case57,WARM_LPSCREEN_T020,heuristic,6,2.920941,2.920941,0.0,0.9086050000000001,2.2212975,3.785582,0.0,0.0,0.0,0.0,,,,,0.0,424.37508756105063,-1690.382415608003,7.117934636199582,13572.0,13572.0,1.0,0.6666666666666666,0.6666666666666666,0.00187203,16452.0,0.0,21.35614105180488,2.482448806737282,RAW,21.35614105180488,0.15625,-60.056463,-0.7142857142857143,0.125,-1.0,-1.0
matpower/case57,WARM_LPSCREEN_T030,heuristic,6,2.9117735,2.9117735,0.0,0.837466,2.244591,3.7663475,0.0,0.0,0.0,0.0,,,,,0.0,424.37508756105063,-1690.382415608003,7.117934636199582,13572.0,13572.0,1.0,0.6666666666666666,0.6666666666666666,0.00187203,16452.0,0.0,21.42337925666265,2.490264610210926,RAW,21.42337925666265,0.15625,-60.018463499999996,-0.7142857142857143,0.125,-1.0,-1.0
matpower/case57,WARM_LPSCREEN_T050,heuristic,6,2.938085,2.938085,0.0,0.8860225000000002,2.196694,3.7318365,0.0,0.0,0.0,0.0,,,,,0.0,424.37508756105063,-1690.382415608003,7.117934636199582,13572.0,13572.0,1.0,0.6666666666666666,0.6666666666666666,0.00187203,16452.0,0.0,21.231525976954376,2.4679634864205777,RAW,21.231525976954376,0.15625,-60.0669365,-0.7142857142857143,0.125,-1.0,-1.0
matpower/case57,WARM_LPSCREEN_T080,heuristic,6,4.596253,3.7590624999999998,0.0,2.5165170000000003,3.7590624999999998,7.15453,0.0,0.0,0.0,0.0,,,,,0.0,424.37508756105063,-1690.382415608003,7.117934636199582,31824.0,31824.0,1.0,0.6666666666666666,0.6666666666666666,0.00187203,16452.0,0.0,13.571930874997525,1.928961409926013,RAW,13.571930874997525,0.15625,-55.225498,-0.7142857142857143,0.125,-1.0,-1.0
matpower/case57,WARM_PRUNE_LAZY_T010,heuristic,6,3.7475585000000002,2.517668,0.0,3.425177,0.43948,5.6668140000000005,0.0,0.0,0.0,0.0,,,,,3.558967318099791,364.4919912795148,0.0,1436.6141612094605,13572.0,13572.0,1.0,0.6666666666666666,0.6666666666666666,0.002653415,16452.0,0.0,16.64551147100172,2.880080495124855,RAW,16.64551147100172,0.03125,-58.026238,-1.0,0.125,-1.0,-1.0
matpower/case57,WARM_PRUNE_LAZY_T020,heuristic,6,3.7008520000000003,2.4933500000000004,0.0,3.425550500000001,0.44276499999999996,5.667429,0.0,0.0,0.0,0.0,,,,,3.558967318099791,364.4919912795148,0.0,1436.6141612094605,13572.0,13572.0,1.0,0.6666666666666666,0.6666666666666666,0.002653415,16452.0,0.0,16.855585686755372,2.9081703330860096,RAW,16.855585686755372,0.03125,-58.052561,-1.0,0.125,-1.0,-1.0
matpower/case57,WARM_PRUNE_LAZY_T030,heuristic,6,3.7593294999999998,2.465961,0.0,3.4723605,0.45312149999999995,5.6497755000000005,0.0,0.0,0.0,0.0,,,,,3.558967318099791,364.4919912795148,0.0,1436.6141612094605,13572.0,13572.0,1.0,0.6666666666666666,0.6666666666666666,0.002653415,16452.0,0.0,16.59339198652313,2.940470875249042,RAW,16.59339198652313,0.03125,-58.0099775,-1.0,0.125,-1.0,-1.0
matpower/case57,WARM_PRUNE_LAZY_T050,heuristic,6,3.706642,2.4971985,0.0,3.4640275,0.4199945,5.6733135,0.0,0.0,0.0,0.0,,,,,3.558967318099791,364.4919912795148,0.0,1436.6141612094605,13572.0,13572.0,1.0,0.6666666666666666,0.6666666666666666,0.002653415,16452.0,0.0,16.829256237856256,2.9036884733031845,RAW,16.829256237856256,0.03125,-58.057497999999995,-1.0,0.125,-1.0,-1.0
matpower/case57,WARM_PRUNE_LAZY_T080,heuristic,6,3.3297325,2.1436995000000003,0.0,3.174075,0.442488,5.33672,0.0,0.0,0.0,0.0,,,,,3.558967318099791,364.4919912795148,0.0,1436.6141612094605,13572.0,13572.0,1.0,0.6666666666666666,0.6666666666666666,0.002653415,16452.0,0.0,18.734246069316377,3.3825107017098257,RAW,18.734246069316377,0.03125,-58.3989435,-1.0,0.125,-1.0,-1.0
matpower/case57,WARM_PRUNE_T010,heuristic,6,1.9405765000000001,1.9405765000000001,0.0,1.5720639999999997,0.586231,2.5743609999999997,0.0,0.0,0.0,0.0,,,,,0.0,424.37508756105063,-1690.382415608003,7.117934636199582,13572.0,13572.0,1.0,0.6666666666666666,0.6666666666666666,0.00187203,16452.0,0.0,32.14510121090304,3.7365630780337713,RAW,32.14510121090304,0.03125,-60.415929000000006,-1.0,0.125,-1.0,-1.0
matpower/case57,WARM_PRUNE_T020,heuristic,6,1.9256479999999998,1.9256479999999998,0.0,1.65210025,0.5559594999999999,2.58596,0.0,0.0,0.0,0.0,,,,,0.0,424.37508756105063,-1690.382415608003,7.117934636199582,13572.0,13572.0,1.0,0.6666666666666666,0.6666666666666666,0.00187203,16452.0,0.0,32.39430467042783,3.7655306161873843,RAW,32.39430467042783,0.03125,-60.386171,-1.0,0.125,-1.0,-1.0
matpower/case57,WARM_PRUNE_T030,heuristic,6,1.9604285,1.9604285,0.0,1.6210677500000001,0.5777875,2.5556105000000002,0.0,0.0,0.0,0.0,,,,,0.0,424.37508756105063,-1690.382415608003,7.117934636199582,13572.0,13572.0,1.0,0.6666666666666666,0.6666666666666666,0.00187203,16452.0,0.0,31.819588421612927,3.698725304187326,RAW,31.819588421612927,0.03125,-60.3880115,-1.0,0.125,-1.0,-1.0
matpower/case57,WARM_PRUNE_T050,heuristic,6,1.9567705,1.9567705,0.0,1.5497877500000001,0.5914495,2.5617675,0.0,0.0,0.0,0.0,,,,,0.0,424.37508756105063,-1690.382415608003,7.117934636199582,13572.0,13572.0,1.0,0.6666666666666666,0.6666666666666666,0.00187203,16452.0,0.0,31.879072175301086,3.7056397262734713,RAW,31.879072175301086,0.03125,-60.387004000000005,-1.0,0.125,-1.0,-1.0
matpower/case57,WARM_PRUNE_T080,heuristic,6,5.2411805000000005,1.5481425,2.5,5.478191750000001,0.6634275000000001,7.235668,0.0,0.0,0.0,0.0,,,,,0.0,424.37508756105063,-1690.382415608003,7.117934636199582,25416.0,25416.0,1.0,0.6666666666666666,0.6666666666666666,0.0019788,16452.0,0.0,11.90190416071341,4.683733248069866,RAW,11.90190416071341,0.03125,-55.5265625,-1.0,0.125,-1.0,-1.0
matpower/case57,WARM_SR_LAZY,exact,6,58.742523500000004,4.308786999999999,53.5,45.44140025,2.4280904999999997,66.0325295,1.0,0.75,0.0,1.0,,,,,16229.239918243513,17070.483952418854,0.0,34071.16799815551,293004.0,293004.0,1.0,0.6666666666666666,0.6666666666666666,0.018615875,16452.0,0.0,1.0619228504883689,1.6828602806311859,RAW,1.0619228504883689,0.21875,-2.524162999999998,-0.6190476190476191,1.0,0.0,0.0
matpower/case6515rte,LAZY_ALL,exact,6,4199.507162,1985.007162,2214.5,2295.7746520000005,3525.915833,6444.6670395,1.0,0.0,1.0,187.5,,,,,,,,,1750356.0,1750356.0,1.0,1.0,1.0,0.022406565,0.0,0.0,,,LAZY_ALL,1.0,,,,,,
matpower/case6515rte,LAZY_BANDIT,exact,4,6121.867303999999,3912.367304,2234.5,1171.3931764999998,4666.526512,7248.494604,1008.0,2042.25,1.0,2128.0,,,,,,,,,1750356.0,1750356.0,1.0,0.25,0.25,0.00423938,0.0,0.0,,,LAZY_ALL,0.6859846764819717,,,,,,
matpower/case6515rte,LAZY_COMMIT_HINTS,exact,6,4342.3959005,2116.3959005,2250.5,2085.2277382499997,2932.168605,5671.166605,1.0,0.0,1.0,1.0,,,,,,,,,1750356.0,1750356.0,1.0,1.0,1.0,0.037907220000000005,0.0,0.0,,,LAZY_ALL,0.9670944930462128,,,,,,
matpower/case6515rte,LAZY_GNN_T080,heuristic,6,2941.5664875,700.5664875,2214.0,885.9169579999998,2428.978746,3593.5308665000002,1.0,0.0,1.0,1.0,,,,,,,,,1750356.0,1750356.0,1.0,0.0,0.0,0.00498709,0.0,0.0,,,LAZY_ALL,1.427643121393155,,,,,,
matpower/case6515rte,STREDUCE_LAZY_GRU,heuristic,6,4167.2344765,1966.2344764999998,2220.0,543.5118137500003,4049.806985,4902.505405,1.0,0.0,1.0,1.0,,,,,,,,,2600141.0,2600141.0,1.0,1.0,1.0,0.01276474,2018664.0,0.0,,,LAZY_ALL,1.007744389158324,,,,,,
matpower/case6515rte,WARM_LAZY_GRU,exact,6,4860.443562500001,2628.9435625,2261.5,1861.2978957500004,3537.485426,6386.665848000001,1.0,0.0,1.0,1.0,,,,,,,,,1750356.0,1750356.0,1.0,1.0,1.0,0.012524460000000001,2018664.0,0.0,,,LAZY_ALL,0.8640172667368564,,,,,,
matpower/case6515rte,WARM_PRUNE_LAZY_T030,heuristic,6,3888.0970125,1662.5061425,2246.5,1538.55971375,3183.523605,5677.3404085,1.0,0.0,1.0,1.0,,,,,,,,,1750356.0,1750356.0,1.0,0.3333333333333333,0.3333333333333333,0.017967675000000002,2018664.0,0.0,,,LAZY_ALL,1.0800932045931042,,,,,,
matpower/case89pegase,ACTIVESET,exact,6,38.2475935,6.830402499999998,32.0,8.2732155,37.2317413625,48.8304025,1.0,0.0,1.0,1.0,,,,,-26709.560191203436,19427.803642439998,-32758.758974759843,5602.378887359807,30744.0,30960.5,1.0070420244600573,0.0,0.0,0.026288155,0.0,0.0,5.01156885857407,13.7152164166021,RAW,5.01156885857407,0.03125,-149.24497200000002,-1.0,1.0,0.0,-1.0
matpower/case89pegase,ACTIVESET_B500,exact,6,38.377896,7.921851499999999,31.5,8.315892500000004,37.225357,48.761297,1.0,0.0,1.0,1.0,,,,,-26709.560191203436,19427.803642439998,-32758.758974759843,5602.378887359807,30744.0,30960.5,1.0070420244600573,0.0,0.0,0.026288155,0.0,0.0,4.99455333611827,11.82557493030512,RAW,4.99455333611827,0.03125,-149.2116845,-1.0,1.0,0.0,-1.0
matpower/case89pegase,ACTIVESET_B5000,exact,6,38.479292,7.2251249999999985,32.5,8.486557499999996,37.270662,48.8304165,1.0,0.0,1.0,1.0,,,,,-26709.560191203436,19427.803642439998,-32758.758974759843,5602.378887359807,30744.0,30960.5,1.0070420244600573,0.0,0.0,0.026288155,0.0,0.0,4.981392290169996,12.96592771751354,RAW,4.981392290169996,0.03125,-148.9877165,-1.0,1.0,0.0,-1.0
matpower/case89pegase,ACTIVESET_LAZY,exact,6,95.293061,5.774331000000004,90.5,2.531657250000009,93.9009117625,103.6937345,1.0,0.0,1.0,41.5,,,,,-689.5953477140952,1858.2013641051544,-5932.649849731869,1948.6585842005986,30744.0,30744.0,1.0,1.0,1.0,0.028480605,0.0,0.0,2.011483800483647,16.223602093471943,RAW,2.011483800483647,0.03125,-89.51064699999999,-1.0,1.0,0.0,1.0
matpower/case89pegase,ACTIVESET_LAZY_TOPK128,exact,6,95.623388,7.212437000000001,89.0,3.482712250000006,94.082207,108.3116715,1.0,0.0,1.0,37.0,,,,,-689.5976586492225,1416.0538980678798,-5932.649849731869,1198.6687940684346,30744.0,30744.0,1.0,1.0,1.0,0.028480600000000002,0.0,0.0,2.0045352137073413,12.988737163319414,RAW,2.0045352137073413,0.03125,-85.3002285,-1.0,1.0,0.0,1.0
matpower/case89pegase,ACTIVESET_NOCLEAN,exact,6,38.262315,6.953355500000001,32.5,8.393575499999997,37.1517315,48.496463,1.0,0.0,1.0,1.0,,,,,-26709.560191203436,19427.803642439998,-32758.758974759843,5602.378887359807,30744.0,30960.5,1.0070420244600573,0.0,0.0,0.026288155,0.0,0.0,5.009640647723485,13.472696527597357,RAW,5.009640647723485,0.03125,-149.2253055,-1.0,1.0,0.0,-1.0
matpower/case89pegase,LAZY_ALL,exact,6,93.15211550000001,1.1907840000000007,92.0,1.2405012499999941,92.71477300000001,94.7438605,1.0,0.0,1.0,8.0,,,,,-1184.4452206853175,1416.3348260810117,-6597.288489517665,-689.5955632987367,30744.0,30744.0,1.0,1.0,1.0,0.029537225,0.0,0.0,2.057714389749957,78.67123550534768,RAW,2.057714389749957,0.03125,-98.53312199999999,-1.0,1.0,0.0,-1.0
matpower/case89pegase,LAZY_BANDIT,exact,6,91.600454,2.600453999999999,89.0,1.1687720000000184,90.8911,92.8783685,1.0,0.0,1.0,1.0,,,,,-1184.4459279767552,3768.874562502625,-8165.650446276617,-689.5998208792976,30744.0,30744.0,1.0,1.0,1.0,0.02865343,0.0,0.0,2.0925709440261073,36.02465127243167,RAW,2.0925709440261073,0.03125,-99.845389,-1.0,1.0,0.0,-1.0
matpower/case89pegase,LAZY_COMMIT_GNN_T060,heuristic,6,92.769799,2.580251500000003,90.5,0.6326990000000023,91.9288755,94.031682,1.0,0.0,1.0,1.0,,,,,-1156.5250695347656,1805.6868587483393,-6597.288489517665,5658.381002103708,30744.0,30744.0,1.0,1.0,1.0,0.030841,0.0,0.0,2.0661945004321933,36.306712155772374,RAW,2.0661945004321933,0.03125,-99.406304,-1.0,1.0,0.0,-1.0
matpower/case89pegase,LAZY_COMMIT_HINTS,exact,6,93.108259,2.4976250000000064,91.0,0.7112672499999917,92.763801,94.043868,1.0,0.0,1.0,1.0,,,,,-1156.525285119407,1805.6867509560186,-6597.288489517665,5658.381002103708,30744.0,30744.0,1.0,1.0,1.0,0.030841,0.0,0.0,2.0586836286993617,37.50781182123007,RAW,2.0586836286993617,0.03125,-98.5721895,-1.0,1.0,0.0,-1.0
matpower/case89pegase,LAZY_GNN_T060,heuristic,6,92.3506835,2.5725809999999996,90.0,2.5252357500000073,90.9633635,94.7326055,1.0,0.0,1.0,8.0,,,,,-967.77658800804,502.7319965935254,-5932.649849731869,-580.4160330458728,30744.0,30744.0,1.0,1.0,1.0,0.029537225,0.0,0.0,2.0755715197278426,36.41496555404864,RAW,2.0755715197278426,0.03125,-100.717085,-1.0,1.0,0.0,-1.0
matpower/case89pegase,LAZY_GNN_T080,heuristic,6,92.05201199999999,3.0856844999999993,90.0,1.8777392500000047,91.0856845,94.3857285,1.0,0.0,1.0,8.0,,,,,-1184.4452206853175,1416.335149457974,-6597.288489517665,-689.5953477140952,30744.0,30744.0,1.0,1.0,1.0,0.029537225,0.0,0.0,2.082305908750805,30.35969766189642,RAW,2.082305908750805,0.03125,-99.48402999999999,-1.0,1.0,0.0,-1.0
matpower/case89pegase,LAZY_TOPK128,exact,6,93.007208,2.562203000000004,91.5,2.7798712499999993,91.16779550000001,96.1720305,1.0,0.0,1.0,40.5,,,,,-1156.5250695347656,4158.228132203535,-8165.651649422923,5445.899090597782,30744.0,30744.0,1.0,1.0,1.0,0.02865343,0.0,0.0,2.0609203589898106,36.56246148334065,RAW,2.0609203589898106,0.03125,-99.21105,-1.0,1.0,0.0,1.0
matpower/case89pegase,RAW,exact,6,191.6804485,93.6804485,96.5,67.53940800000001,158.3122875,281.9800335,1.0,0.0,1.0,15.0,,,,,0.0,0.0,0.0,0.0,2490696.0,2490696.0,1.0,1.0,1.0,0.008877485,0.0,0.0,1.0,1.0,RAW,1.0,,,,,,
matpower/case89pegase,RAW_COMMIT_HINTS,exact,6,182.5298805,88.6232395,91.5,33.48171074999999,157.021772,207.70281799999998,1.0,0.0,1.0,1.0,,,,,-38.070309261915895,6163.698600679294,-6895.631677981609,8060.770877630182,2490696.0,2490696.0,1.0,1.0,1.0,0.020032905,0.0,0.0,1.0501318905974961,1.057064140608401,RAW,1.0501318905974961,0.5625,-15.251639999999995,-0.3333333333333333,1.0,0.0,-1.0
matpower/case89pegase,RAW_GNN,heuristic,6,36.516292,3.8701495,33.0,9.605754499999996,34.023114,46.12347,0.0,0.0,0.0,0.0,,,,,-91784.46313651509,39204.17431828228,-130912.96645729168,-65672.80872473083,30744.0,30744.0,1.0,0.0,0.0,0.018963445000000002,0.0,0.0,5.249176134860572,24.205899151957823,RAW,5.249176134860572,0.03125,-151.3583485,-1.0,0.03125,-1.0,-1.0
matpower/case89pegase,SHRINK_LAZY,heuristic,6,300.159169,,,0.05975699999999051,300.114005,300.1971155,3.0,0.0,3.0,3.0,,,,,,,,,6832.0,6832.0,1.0,0.0,0.0,,0.0,0.0,0.6385960127041796,,RAW,0.6385960127041796,0.0625,108.46942550000001,0.9047619047619048,0.4375,2.0,0.42857142857142855
matpower/case89pegase,STREDUCE,heuristic,6,198.7157015,100.56523399999999,95.0,24.266890250000017,167.8755655,222.7999725,1.0,0.0,1.0,1.0,,,,,5487.910711087711,3402.000850389794,1575.9775530838806,9517.131381349087,2491030.0,2491030.0,1.0,1.0,1.0,0.00980414,41292.0,0.0,0.9645963909902712,0.9315391092313274,RAW,0.9645963909902712,0.84375,-4.564571000000001,-0.14285714285714285,1.0,0.0,-1.0
matpower/case89pegase,STREDUCE_AGGRESSIVE,heuristic,6,181.45556549999998,87.95556549999999,95.0,62.82651000000001,143.41355399999998,237.37343700000002,1.0,0.0,1.0,1.0,,,,,5529.645725877917,9355.641468357306,590.3676889503685,26997.575549120145,2491064.5,2491064.5,1.0,1.0,1.0,0.00239211,41292.0,0.0,1.0563492388443718,1.065088354187206,RAW,1.0563492388443718,0.84375,-3.976006499999997,-0.14285714285714285,1.0,0.0,-1.0
matpower/case89pegase,STREDUCE_CONSERVATIVE,heuristic,6,168.4723585,71.97235850000001,93.0,58.59710325,147.3491645,250.4400425,1.0,0.0,1.0,1.0,,,,,70.28827868397777,8372.428922519715,-3091.786050703999,11143.213151060558,2490985.0,2490985.0,1.0,1.0,1.0,0.008279415,41292.0,0.0,1.1377560699371345,1.30161704371547,RAW,1.1377560699371345,0.03125,-20.297978999999998,-1.0,1.0,0.0,-1.0
matpower/case89pegase,STREDUCE_GRU,heuristic,6,202.42512599999998,104.3521265,98.0,41.209355500000015,166.6872535,241.415428,1.0,0.0,1.0,1.0,,,,,5487.910711087711,3402.000850389794,1575.9775530838806,9517.131381349087,2491030.0,2491030.0,1.0,1.0,1.0,0.00980414,41292.0,0.0,0.9469202380538473,0.8977339671175747,RAW,0.9469202380538473,0.84375,-2.9388045000000034,-0.14285714285714285,1.0,0.0,-1.0
matpower/case89pegase,STREDUCE_LAZY,heuristic,6,185.77349550000002,88.8294535,100.5,59.141452499999986,159.35333500000002,231.123457,1.0,0.0,1.0,1.0,,,,,6579.121933670349,13166.36333260044,1575.9775530838806,29870.99326415459,2491030.0,2491030.0,1.0,1.0,1.0,0.01723413,41292.0,0.0,1.0317965325683394,1.0546102087636957,RAW,1.0317965325683394,0.6875,-6.971801999999997,-0.23809523809523808,1.0,0.0,-1.0
matpower/case89pegase,STREDUCE_LAZY_AGGRESSIVE,heuristic,6,183.370655,76.37065500000001,99.0,37.53986099999997,158.984374,215.08979649999998,1.0,0.0,1.0,1.0,,,,,5529.645725877917,9324.614203068242,1926.7368410007439,26976.890705730715,2491064.5,2491064.5,1.0,1.0,1.0,0.002009485,41292.0,0.0,1.0453169210744218,1.2266550352357195,RAW,1.0453169210744218,0.5625,-2.0863009999999917,-0.3333333333333333,1.0,0.0,-1.0
matpower/case89pegase,STREDUCE_LAZY_CONSERVATIVE,heuristic,6,204.15616599999998,98.870705,100.0,47.609226250000006,162.8876605,269.4923265,1.0,0.0,1.0,1.0,,,,,-265.27176263517606,9868.078392044892,-3091.786050703999,5858598.275026179,2490985.0,2490985.0,1.0,1.0,1.0,0.01148111,41292.0,0.0,0.938891301965379,0.9475046071533524,RAW,0.938891301965379,0.6875,15.751520000000014,0.23809523809523808,1.0,0.0,-1.0
matpower/case89pegase,STREDUCE_LAZY_GRU,heuristic,6,202.60513450000002,98.6051345,98.5,46.689246500000024,158.97448550000001,220.8129815,1.0,0.0,1.0,1.0,,,,,6579.121933670349,13166.36333260044,1575.9775530838806,29870.99326415459,2491030.0,2491030.0,1.0,1.0,1.0,0.01723413,41292.0,0.0,0.9460789282218314,0.9500564952832146,RAW,0.9460789282218314,0.84375,0.6621980000000036,-0.14285714285714285,1.0,0.0,-1.0
matpower/case89pegase,WARM,exact,6,228.1217585,136.8300395,92.5,103.17639250000002,157.17145499999998,284.888339,1.0,0.0,1.0,1.0,,,,,180.17846387037696,986.6254971258172,-5680.33461554077,421.6774525933207,2490696.0,2490696.0,1.0,1.0,1.0,0.0077577900000000005,41292.0,0.0,0.8402550013658605,0.6846482602966726,RAW,0.8402550013658605,0.5625,15.321423499999995,0.3333333333333333,1.0,0.0,-1.0
matpower/case89pegase,WARM_ACTIVESET,exact,6,39.720482000000004,8.220482,32.0,8.690626000000002,37.535979499999996,49.715308,1.0,0.0,1.0,1.0,,,,,-27380.373542788817,1564.2905367252679,-30859.889611208117,-16944.69551893862,30744.0,30951.0,1.0067330210772834,0.0,0.0,0.028715955,41292.0,432.0,4.825733194778452,11.395980004578806,RAW,4.825733194778452,0.03125,-148.37897850000002,-1.0,1.0,0.0,-1.0
matpower/case89pegase,WARM_ACTIVESET_LAZY,exact,6,96.6126465,6.077732499999996,90.5,1.7277672500000136,95.5198185,100.821504,1.0,0.0,1.0,49.0,,,,,-1156.5250695347656,1562.8577109742325,-6435.402391001594,5449.94317499263,30744.0,30744.0,1.0,1.0,1.0,0.028480605,41292.0,432.0,1.98400991427142,15.413716957763452,RAW,1.98400991427142,0.03125,-95.3162935,-1.0,1.0,0.0,1.0
matpower/case89pegase,WARM_BRANCH_HINTS,exact,6,200.202964,102.20296400000001,97.0,90.26202249999997,156.912276,296.783684,1.0,0.0,1.0,1.0,,,,,-371.6061192882212,3593.9183764992235,-7080.134903660797,30613.35699560242,2490696.0,2490696.0,1.0,1.0,1.0,0.018961685,41292.0,432.0,0.9574306227554154,0.9166118557970587,RAW,0.9574306227554154,0.6875,2.776806499999992,0.23809523809523808,1.0,0.0,-1.0
matpower/case89pegase,WARM_COMMIT_HINTS,exact,6,175.853866,79.447981,97.0,36.77669075,156.13626299999999,195.0887985,1.0,0.0,1.0,1.0,,,,,-371.6061192882212,3317.1635377839666,-6895.631677981609,6274.259439042065,2490696.0,2490696.0,1.0,1.0,1.0,0.020032905,41292.0,0.0,1.0899984905648876,1.1791419658606554,RAW,1.0899984905648876,0.4375,-15.897988499999983,-0.42857142857142855,1.0,0.0,-1.0
matpower/case89pegase,WARM_GRU,exact,6,229.49452200000002,130.99452200000002,97.0,99.9845345,155.53025350000001,283.03776700000003,1.0,0.0,1.0,1.0,,,,,180.17846387037696,986.6254971258172,-5680.33461554077,421.6774525933207,2490696.0,2490696.0,1.0,1.0,1.0,0.0077577900000000005,41292.0,0.0,0.8352288622383762,0.7151478326704378,RAW,0.8352288622383762,0.5625,14.735326500000014,0.3333333333333333,1.0,0.0,-1.0
matpower/case89pegase,WARM_LAZY,exact,6,94.103276,4.353909999999999,90.0,1.2714335000000005,92.9177835,95.644121,1.0,0.0,1.0,8.0,,,,,-1184.4452206853175,1416.335149457974,-6597.288489517665,-689.5953477140952,30744.0,30744.0,1.0,1.0,1.0,0.029537225,41292.0,0.0,2.0369157870763184,21.516395263108336,RAW,2.0369157870763184,0.03125,-98.3265385,-1.0,1.0,0.0,-1.0
matpower/case89pegase,WARM_LAZY_BANDIT,exact,6,92.381406,2.3379859999999937,90.0,0.6981909999999942,91.9130845,93.523338,1.0,0.0,1.0,1.0,,,,,-1184.4459279767552,3768.874562502625,-8165.650446276617,-689.5974280611749,30744.0,30744.0,1.0,1.0,1.0,0.02865343,41292.0,0.0,2.074881264526327,40.06886632340837,RAW,2.074881264526327,0.03125,-99.11369049999999,-1.0,1.0,0.0,-1.0
matpower/case89pegase,WARM_LAZY_BRANCH_HINTS,exact,6,93.878507,3.2143590000000017,90.5,1.208625999999981,93.1719855,95.595135,1.0,0.0,1.0,41.5,,,,,-1156.525285119407,1805.6867509560186,-6597.288489517665,-400.8846986150627,30744.0,30744.0,1.0,1.0,1.0,0.029537225,41292.0,432.0,2.0417926810446616,29.144363930724584,RAW,2.0417926810446616,0.03125,-97.8019415,-1.0,1.0,0.0,1.0
matpower/case89pegase,WARM_LAZY_COMMIT_GNN_T060,heuristic,6,94.161239,2.2255619999999965,91.5,0.13438424999999654,93.7005245,94.63882050000001,1.0,0.0,1.0,1.0,,,,,-1156.525285119407,1805.6867509560186,-6597.288489517665,5658.381002103708,30744.0,30744.0,1.0,1.0,1.0,0.030841,41292.0,0.0,2.035661919231968,42.09294034495563,RAW,2.035661919231968,0.03125,-97.49567499999999,-1.0,1.0,0.0,-1.0
matpower/case89pegase,WARM_LAZY_COMMIT_GRU,exact,6,93.355237,3.116840500000002,90.5,1.1640584999999959,92.6274065,94.37337500000001,1.0,0.0,1.0,1.0,,,,,-1156.525285119407,1805.6867509560186,-6597.288489517665,5658.381002103708,30744.0,30744.0,1.0,1.0,1.0,0.030841,41292.0,0.0,2.053237232957804,30.056221516628757,RAW,2.053237232957804,0.03125,-97.568677,-1.0,1.0,0.0,-1.0
matpower/case89pegase,WARM_LAZY_COMMIT_HINTS,exact,6,93.916725,3.0999274999999997,90.5,0.7469492500000001,93.023406,94.283015,1.0,0.0,1.0,1.0,,,,,-1156.525285119407,1805.6867509560186,-6597.288489517665,5658.381002103708,30744.0,30744.0,1.0,1.0,1.0,0.030841,41292.0,0.0,2.040961804194088,30.220206279017816,RAW,2.040961804194088,0.03125,-97.6123905,-1.0,1.0,0.0,-1.0
matpower/case89pegase,WARM_LAZY_GNN_T060,heuristic,6,94.267724,3.3040730000000025,90.5,1.6296257499999882,92.76947150000001,96.04343,1.0,0.0,1.0,8.0,,,,,-1184.4452206853175,1416.335149457974,-6597.288489517665,-689.5953477140952,30744.0,30744.0,1.0,1.0,1.0,0.029537225,41292.0,0.0,2.033362431663249,28.353020196587643,RAW,2.033362431663249,0.03125,-98.401923,-1.0,1.0,0.0,-1.0
matpower/case89pegase,WARM_LAZY_GRU,exact,6,93.955732,3.1096409999999963,91.0,1.1184314999999998,92.852283,95.92473100000001,1.0,0.0,1.0,8.0,,,,,-1184.4452206853175,1416.335149457974,-6597.288489517665,-689.5953477140952,30744.0,30744.0,1.0,1.0,1.0,0.029537225,41292.0,0.0,2.0401144711426444,30.125808252463905,RAW,2.0401144711426444,0.03125,-98.7262915,-1.0,1.0,0.0,-1.0
matpower/case89pegase,WARM_LAZY_ML_STACK,heuristic,6,92.953595,4.453595,88.5,0.8416442499999874,92.0255185,93.75791849999999,1.0,0.0,1.0,1.0,,,,,-1184.4459279767552,3768.874562502625,-8165.650446276617,-689.5974280611749,30744.0,30744.0,1.0,1.0,1.0,0.02865343,41292.0,432.0,2.06210903946211,21.034792903261298,RAW,2.06210903946211,0.03125,-98.60434599999999,-1.0,1.0,0.0,-1.0
matpower/case89pegase,WARM_LAZY_TOPK128,exact,6,94.8112705,2.2021574999999984,91.5,1.6418754999999834,92.84994830000001,95.05487600000001,1.0,0.0,1.0,37.0,,,,,-1156.5250695347656,4158.228132203535,-8165.6517122051755,804.9798656448132,30744.0,30744.0,1.0,1.0,1.0,0.02865343,41292.0,0.0,2.0217053045397173,42.5403035432298,RAW,2.0217053045397173,0.03125,-97.978291,-1.0,1.0,0.0,1.0
matpower/case89pegase,WARM_LPSCREEN_LAZY_T010,heuristic,6,95.3056225,3.7945515000000043,91.5,1.3872775000000104,94.41287650000001,97.937178,1.0,0.0,1.0,1.0,,,,,-3812.245392406512,8328.049945129522,-18635.886734002437,-689.5984549519062,30744.0,30744.0,1.0,0.3333333333333333,0.3333333333333333,0.028512545,41292.0,0.0,2.011218682297574,24.68814786147978,RAW,2.011218682297574,0.03125,-96.7984815,-1.0,1.0,0.0,-1.0
matpower/case89pegase,WARM_LPSCREEN_LAZY_T020,heuristic,6,94.475751,6.720529500000005,88.5,0.5300997500000051,94.0843995,95.48858050000001,1.0,0.0,1.0,1.0,,,,,-3661.8528643076575,8252.853725371684,-18635.88693306412,-689.5995046266204,30744.0,30744.0,1.0,0.3333333333333333,0.3333333333333333,0.028599295,41292.0,0.0,2.028885152762639,13.939444577990459,RAW,2.028885152762639,0.03125,-96.191868,-1.0,1.0,0.0,-1.0
matpower/case89pegase,WARM_LPSCREEN_LAZY_T030,heuristic,6,94.465262,6.769176000000002,89.0,1.196677749999992,93.94044550000001,96.9620275,1.0,0.0,1.0,1.0,,,,,-3661.8527362741434,8252.85664464651,-18635.889912644405,-689.5995296782046,30744.0,30744.0,1.0,0.6666666666666666,0.6666666666666666,0.028599295,41292.0,0.0,2.02911043109159,13.839269137041196,RAW,2.02911043109159,0.03125,-96.653027,-1.0,1.0,0.0,-1.0
matpower/case89pegase,WARM_LPSCREEN_LAZY_T050,heuristic,6,95.022287,4.912886999999998,89.5,1.3882607500000006,93.79020299999999,96.27837199999999,1.0,0.0,1.0,1.0,,,,,-3661.8528314163086,8252.856239101666,-18635.88971842094,-689.6007943958069,30744.0,30744.0,1.0,0.6666666666666666,0.6666666666666666,0.028599295,41292.0,0.0,2.017215692777422,19.06830922429114,RAW,2.017215692777422,0.03125,-97.425374,-1.0,1.0,0.0,-1.0
matpower/case89pegase,WARM_LPSCREEN_LAZY_T080,heuristic,6,95.0067865,6.550235000000001,88.5,1.2505854999999997,94.050235,96.4959855,1.0,0.0,1.0,1.0,,,,,-3661.8526802423667,8252.857229848796,-18635.886627858497,-689.5959935331365,30744.0,30744.0,1.0,0.6666666666666666,0.6666666666666666,0.028599295,41292.0,0.0,2.0175448045493045,14.30184542997312,RAW,2.0175448045493045,0.03125,-95.711524,-1.0,1.0,0.0,-1.0
matpower/case89pegase,WARM_LPSCREEN_T010,heuristic,6,61.278437999999994,6.779359499999998,56.5,31.653267750000005,43.0422715,90.37927350000001,0.0,0.0,0.0,0.5,,,,,3950.677893247447,7977.15612092131,-988.720354037611,12959.919299787205,38556.0,38556.0,1.0,0.5,0.5,0.040406495,41292.0,0.0,3.1280243876320744,13.81848071340663,RAW,3.1280243876320744,0.03125,-135.5290935,-1.0,0.0625,-1.0,-1.0
matpower/case89pegase,WARM_LPSCREEN_T020,heuristic,6,95.985118,7.631371999999999,88.5,0.4276667500000002,95.636775,96.909779,1.0,0.0,1.0,1.0,,,,,-1096.4819695483043,4421.269997941658,-15798.965913099477,87.04064402702055,59868.0,59868.0,1.0,0.6666666666666666,0.6666666666666666,0.028927305,41292.0,0.0,1.9969809121868247,12.275701996967257,RAW,1.9969809121868247,0.03125,-95.4688425,-1.0,1.0,0.0,-1.0
matpower/case89pegase,WARM_LPSCREEN_T030,heuristic,6,96.9708485,6.450762499999996,91.0,1.2216352499999914,96.3655095,98.4507625,1.0,0.0,1.0,1.0,,,,,-1096.4819722812285,6727.561659857735,-17336.493686799222,87.04064402702055,63216.0,63216.0,1.0,0.6666666666666666,0.6666666666666666,0.018599125,41292.0,0.0,1.9766811517587164,14.52238374920795,RAW,1.9766811517587164,0.03125,-94.012604,-1.0,1.0,0.0,-1.0
matpower/case89pegase,WARM_LPSCREEN_T050,heuristic,6,104.61430250000001,12.493809499999998,87.5,6.189778249999989,99.4938095,117.2113675,1.0,0.0,1.0,1.0,,,,,-1336.8631334789716,6876.848709491276,-17336.49368663176,267.8683893876493,212724.0,212724.0,1.0,0.6666666666666666,0.6666666666666666,0.0077328250000000005,41292.0,0.0,1.8322585336742077,7.498149263441228,RAW,1.8322585336742077,0.03125,-74.469081,-1.0,1.0,0.0,-1.0
matpower/case89pegase,WARM_LPSCREEN_T080,heuristic,6,130.9901875,40.9818495,96.5,41.826562499999994,115.8592425,174.425833,1.0,0.0,1.0,1.0,,,,,-427.2646841133828,8351.13128712159,-18635.88663053723,1358.9895970169348,810036.0,810036.0,1.0,0.6666666666666666,0.6666666666666666,0.00992442,41292.0,0.0,1.4633191398401504,2.2859009450024943,RAW,1.4633191398401504,0.03125,-54.57255599999999,-1.0,1.0,0.0,-1.0
matpower/case89pegase,WARM_PRUNE_LAZY_T010,heuristic,6,93.92227199999999,4.074846999999998,89.5,0.927715500000005,93.074847,95.58809149999999,1.0,0.0,1.0,1.0,,,,,-3834.262255529092,8389.58059102849,-18635.886956335402,-693.0228518208066,30744.0,30744.0,1.0,0.5,0.5,0.028579794999999998,41292.0,0.0,2.04084126606307,22.989930296769433,RAW,2.04084126606307,0.03125,-98.14863349999999,-1.0,1.0,0.0,-1.0
matpower/case89pegase,WARM_PRUNE_LAZY_T020,heuristic,6,93.3514165,3.8913275000000027,89.5,1.1071519999999992,92.7514315,94.965404,1.0,0.0,1.0,1.0,,,,,-3606.1945829643737,8280.68678018342,-18635.887235758393,-689.5989680630679,30744.0,30744.0,1.0,0.6666666666666666,0.6666666666666666,0.02865343,41292.0,0.0,2.0533212637432237,24.074161966578227,RAW,2.0533212637432237,0.03125,-98.468928,-1.0,1.0,0.0,-1.0
matpower/case89pegase,WARM_PRUNE_LAZY_T030,heuristic,6,93.3596965,2.4760655000000042,91.0,1.6390995000000004,92.494833,94.8097815,1.0,0.0,1.0,1.0,,,,,-3606.20103543533,8280.683833253357,-18635.88663053723,-689.597287457181,30744.0,30744.0,1.0,0.8333333333333334,0.8333333333333334,0.02865342,41292.0,0.0,2.053139156252506,37.83439836304809,RAW,2.053139156252506,0.03125,-98.0009635,-1.0,1.0,0.0,-1.0
matpower/case89pegase,WARM_PRUNE_LAZY_T050,heuristic,6,93.81126699999999,4.311266999999994,89.5,0.8181464999999974,92.694244,95.066407,1.0,0.0,1.0,1.0,,,,,-3606.200653271898,7706.556420392202,-18253.135090398177,-689.5957034738067,30744.0,30744.0,1.0,0.8333333333333334,0.8333333333333334,0.02865342,41292.0,0.0,2.0432561528030533,21.729215216779693,RAW,2.0432561528030533,0.03125,-97.769661,-1.0,1.0,0.0,-1.0
matpower/case89pegase,WARM_PRUNE_LAZY_T080,heuristic,6,94.372829,3.5893639999999962,90.0,3.1085825000000114,92.77247349999999,97.4908705,1.0,0.0,1.0,1.0,,,,,-3606.194114975707,8280.683587666972,-18635.887100728687,-689.597946088636,30744.0,30744.0,1.0,0.8333333333333334,0.8333333333333334,0.02865343,41292.0,0.0,2.0310978332545275,26.09945619892552,RAW,2.0310978332545275,0.03125,-97.1554685,-1.0,1.0,0.0,-1.0
matpower/case89pegase,WARM_PRUNE_T010,heuristic,6,46.7609445,4.688008,42.0,6.671746249999998,38.952877,54.188007999999996,0.0,0.0,0.0,0.0,,,,,2384.4912988338933,8437.739089996816,-3465.9575141246614,12114.699548352342,30960.0,30960.0,1.0,0.3333333333333333,0.3333333333333333,0.038426605,41292.0,0.0,4.09915690432643,19.982996722701838,RAW,4.09915690432643,0.03125,-143.0082115,-1.0,0.03125,-1.0,-1.0
matpower/case89pegase,WARM_PRUNE_T020,heuristic,6,47.317035,5.104738999999999,43.0,15.244428000000006,41.627386,67.078221,0.0,0.0,0.0,0.0,,,,,-1889.9292282841834,4867.109389553174,-15403.298878715024,2183.804692530296,31572.0,31572.0,1.0,0.8333333333333334,0.8333333333333334,0.029660159999999998,41292.0,0.0,4.050981818704406,18.351662739270317,RAW,4.050981818704406,0.03125,-129.279287,-1.0,0.03125,-1.0,-1.0
matpower/case89pegase,WARM_PRUNE_T030,heuristic,6,55.247496999999996,4.784134000000002,50.5,20.132676000000004,46.8144735,83.5783335,0.0,0.0,0.0,0.5,,,,,-844.2689329442279,5212.4584577595,-15819.70729439577,2190.927272466646,33876.0,33876.0,1.0,0.8333333333333334,0.8333333333333334,0.031339935,41292.0,0.0,3.469486563346029,19.58148507127935,RAW,3.469486563346029,0.03125,-129.948039,-1.0,0.0625,-1.0,-1.0
matpower/case89pegase,WARM_PRUNE_T050,heuristic,6,97.54245449999999,6.122955500000003,89.0,1.899996999999999,95.11399800000001,97.843682,1.0,0.0,1.0,1.0,,,,,-1871.7016200349208,4893.634857295987,-15798.965913099477,173.98360782416177,108828.0,108828.0,1.0,0.8333333333333334,0.8333333333333334,0.026073635,41292.0,0.0,1.9650976539656384,15.299874137579465,RAW,1.9650976539656384,0.03125,-94.127066,-1.0,1.0,0.0,-1.0
matpower/case89pegase,WARM_PRUNE_T080,heuristic,6,132.03665999999998,36.53666,102.0,5.223432500000001,125.0725645,167.40641950000003,1.0,0.0,1.0,1.0,,,,,-371.6061192882212,8397.805823446783,-18617.52558426775,9804.13580166783,734544.0,734544.0,1.0,0.8333333333333334,0.8333333333333334,0.0162003,41292.0,0.0,1.4517214272157448,2.5640123782524182,RAW,1.4517214272157448,0.0625,-47.367571999999996,-0.9047619047619048,1.0,0.0,-1.0
matpower/case89pegase,WARM_SR_LAZY,exact,6,122.259886,30.259886,88.0,15.271532500000006,102.97559749999999,131.76960300000002,1.0,0.0,1.0,1.0,,,,,382.56943317483524,9753.330640934866,-5661.973569271289,13632.121293295997,345492.0,345492.0,1.0,1.0,1.0,0.0191005,41292.0,0.0,1.5678114447121276,3.0958625719872175,RAW,1.5678114447121276,0.03125,-69.464539,-1.0,1.0,0.0,-1.0
